115316,115,H2,ESCONDIDO 45' LOT,1192 WANDERING BROOK STREET (M),2022-08-19,2022-08-26,2022-08-30,2022-09-12,2022-09-27,2022-09-28,2022-10-27,2022-11-22,2022-12-12,NULL,2022-08-31,2022-09-10,2022-09-02,2022-09-22,2022-10-08,2022-10-20,2022-11-13,2022-12-12,2026-04-26,7,4,13,15,1,29,26,20,NULL,12,9,15,17,3,3,10,12,NULL,11,22,17,17,16,12,25,29,54,Complete,Final,2022-12-12
131079,131,H5,MARVIDA 55' LOT,21014 ARENA COVE DRIVE,2025-07-31,2025-08-11,2025-08-27,2025-09-04,2025-09-15,2025-09-23,2025-10-03,2025-10-21,2025-11-11,NULL,2025-08-09,2025-08-26,2025-09-01,2025-09-20,2025-09-27,2025-10-10,2025-10-17,2025-11-11,2026-04-26,11,16,8,11,8,10,18,21,NULL,NULL,9,NULL,15,NULL,5,NULL,16,NULL,12,NULL,17,14,18,15,10,53,76,Complete,Final,2025-11-11
20007.0101,20007.50,A1,LARIAT 50' LOT,1000 LARIAT LOOP (C),2024-07-09,2024-07-18,2024-07-29,2024-07-31,2024-08-15,2024-08-23,NULL,NULL,NULL,NULL,2024-07-26,2024-07-29,2024-08-04,2024-08-17,2024-08-31,2026-04-26,2026-05-25,2026-06-03,2026-08-06,9,11,2,15,8,NULL,NULL,NULL,NULL,17,15,11,9,6,6,17,15,16,13,NULL,17,29,39,9,11,64,96,Trim,Sheetrock,2024-08-23
20007.0111,20007.50,A1,LARIAT 50' LOT,1116 LARIAT LOOP,2025-11-12,2025-11-24,2025-12-05,2025-12-09,2026-01-06,2026-01-20,NULL,NULL,NULL,NULL,2025-11-29,2025-12-05,2025-12-11,2025-12-26,2026-01-22,2026-04-26,2026-05-25,2026-06-03,2026-08-06,12,11,4,28,14,NULL,NULL,NULL,NULL,17,15,11,9,6,6,17,15,16,13,NULL,17,29,39,9,11,64,96,Trim,Sheetrock,2026-01-20
20007.0225,20007.60,A1,LARIAT 60' LOT,124 RIGHTFIELD DRIVE,2025-11-07,2025-11-24,2025-12-04,2025-12-09,2025-12-18,2026-01-08,2026-01-27,NULL,NULL,NULL,2025-11-22,2025-12-03,2025-12-12,2025-12-19,2026-01-08,2026-01-26,2026-04-26,2026-05-07,2026-08-27,17,10,5,9,21,19,NULL,NULL,NULL,NULL,15,NULL,9,8,6,10,15,21,13,18,17,43,39,NULL,11,112,96,Interior,Trim,2026-01-27
20010.0364,784,A2,PARKSIDE ON THE RIVER 60' LOT,1434 SCARLET SAGE DRIVE,2025-10-14,2025-11-02,2025-11-11,2025-11-20,2025-12-18,2025-12-30,2026-01-12,NULL,NULL,NULL,2025-11-10,2025-11-16,2025-11-17,2025-12-19,2025-12-30,2026-01-12,2026-04-26,2026-05-12,2026-09-09,19,9,9,28,12,13,NULL,NULL,NULL,NULL,27,14,11,6,6,29,18,12,10,13,16,35,33,NULL,16,NULL,120,Interior,Trim,2026-01-12
20013.0506,687,A1,SANTA RITA RANCH 50' LOT,180 LA VENTA LOOP,2025-09-30,2025-10-07,2025-10-16,2025-10-21,2025-11-06,2025-11-19,2025-12-05,2025-12-29,2026-01-12,NULL,2025-10-17,2025-10-15,2025-10-22,2025-11-05,2025-11-17,2025-12-10,2025-12-29,2026-01-12,2026-06-27,7,9,5,16,13,16,24,14,NULL,17,15,8,9,NULL,6,NULL,15,11,13,21,17,24,39,14,11,166,96,Complete,Final,2026-01-12
20013.0624,687,A1,SANTA RITA RANCH 50' LOT,1012 CARILLON COURT,2025-12-29,2026-01-14,2026-01-22,NULL,NULL,NULL,NULL,NULL,NULL,NULL,2026-01-15,2026-01-22,2026-04-26,2026-05-11,2026-05-22,2026-06-12,2026-07-06,2026-07-20,2027-01-02,16,8,NULL,NULL,NULL,NULL,NULL,NULL,NULL,17,15,8,9,NULL,6,NULL,15,11,13,21,17,24,39,14,11,166,96,Cornice,Frame,2026-01-22
20013.0632,687,A1,SANTA RITA RANCH 50' LOT,109 MONZA BEND,2026-01-14,NULL,NULL,NULL,NULL,NULL,NULL,NULL,NULL,NULL,2026-04-26,2026-05-04,2026-05-10,2026-05-25,2026-06-05,2026-06-26,2026-07-20,2026-08-03,2027-01-16,NULL,NULL,NULL,NULL,NULL,NULL,NULL,NULL,NULL,17,15,8,9,NULL,6,NULL,15,11,13,21,17,24,39,14,11,166,96,Foundation,Released,2026-01-14
20013.0649,687,A1,SANTA RITA RANCH 50' LOT,232 MONTECIDO DRIVE,2025-12-31,2026-01-21,NULL,NULL,NULL,NULL,NULL,NULL,NULL,NULL,2026-01-17,2026-04-26,2026-05-02,2026-05-17,2026-05-28,2026-06-18,2026-07-12,2026-07-26,2027-01-08,21,NULL,NULL,NULL,NULL,NULL,NULL,NULL,NULL,17,15,8,9,NULL,6,NULL,15,11,13,21,17,24,39,14,11,166,96,Frame,Foundation,2026-01-21
20016.0315,689,A2,WOLF RANCH 51' LOT,509 SUMMER PLACE LANE,2025-12-03,2026-01-16,2026-01-28,NULL,NULL,NULL,NULL,NULL,NULL,NULL,2026-01-03,2026-01-26,2026-04-26,2026-05-20,2026-05-31,2026-06-15,2026-07-09,2026-07-16,2026-09-28,44,12,NULL,NULL,NULL,NULL,NULL,NULL,NULL,31,27,10,11,4,6,24,18,11,10,15,16,24,33,7,16,74,120,Cornice,Frame,2026-01-28
20016.0333,689,A2,WOLF RANCH 51' LOT,508 SUMMER PLACE LANE,2025-11-10,2025-12-03,2025-12-11,2025-12-19,2026-01-23,NULL,NULL,NULL,NULL,NULL,2025-12-11,2025-12-13,2025-12-15,2026-01-12,2026-04-26,2026-05-11,2026-06-04,2026-06-11,2026-08-24,23,8,8,35,NULL,NULL,NULL,NULL,NULL,31,27,10,11,4,6,24,18,11,10,15,16,24,33,7,16,74,120,Sheetrock,Mechanical,2026-01-23
20020.0260,20020.60,A2,THE COLONY 60' LOT,162 PINYON PINE DRIVE,2025-10-14,2025-10-27,2025-10-31,2025-11-05,2025-11-18,2025-11-25,2025-12-15,2026-01-16,NULL,NULL,2025-10-31,2025-10-31,2025-11-05,2025-11-16,2025-11-28,2025-12-12,2026-01-17,2026-04-26,2026-10-20,13,4,5,13,7,20,32,NULL,NULL,17,27,4,11,5,6,11,18,10,10,17,16,33,33,11,16,177,120,Final,Interior,2026-01-16
20024.0262,767,A3,EASTON PARK 60' LOT,9504 WIGGY WAY,2025-11-06,2025-11-24,2025-12-08,2025-12-12,2026-01-09,2026-01-21,NULL,NULL,NULL,NULL,2025-11-27,2025-12-04,2025-12-17,2026-01-06,2026-01-22,2026-04-26,2026-06-02,2026-06-14,2026-08-09,18,14,4,28,12,NULL,NULL,NULL,NULL,21,17,10,9,9,5,25,21,13,13,NULL,14,NULL,37,NULL,12,56,64,Trim,Sheetrock,2026-01-21
20024.0281,20024.40,A3,EASTON PARK 40' LOT,7308 STITZEL WELLER DRIVE,2025-03-04,2025-03-19,2025-03-26,2025-03-28,2025-04-25,2025-05-07,2025-05-27,2025-06-27,2025-07-02,NULL,2025-03-14,2025-03-27,2025-03-31,2025-04-22,2025-05-09,2025-05-18,2025-06-11,2025-07-02,2026-04-26,15,7,2,28,12,20,31,5,NULL,10,17,8,9,5,5,25,21,14,13,11,14,15,37,13,12,69,64,Complete,Final,2025-07-02
20024.0340,767,A3,EASTON PARK 60' LOT,9217 CALVERT WAY,2025-11-06,2025-11-17,2025-11-26,2025-12-03,2026-01-08,2026-01-23,NULL,NULL,NULL,NULL,2025-11-27,2025-11-27,2025-12-05,2025-12-28,2026-01-21,2026-04-26,2026-06-02,2026-06-14,2026-08-09,11,9,7,36,15,NULL,NULL,NULL,NULL,21,17,10,9,9,5,25,21,13,13,NULL,14,NULL,37,NULL,12,56,64,Trim,Sheetrock,2026-01-23
20034.0262,725,D4,VENTANA 50' LOT,10432 TERRAPIN ROAD,2025-10-24,2025-11-10,2025-11-17,2025-11-20,2025-12-08,2025-12-15,2026-01-13,NULL,NULL,NULL,2025-11-12,2025-11-23,2025-11-20,2025-12-04,2025-12-17,2026-01-13,2026-04-26,2026-05-25,2026-05-29,17,7,3,18,7,29,NULL,NULL,NULL,19,14,13,13,3,5,14,17,9,13,29,12,38,24,29,40,4,39,Interior,Trim,2026-01-13
20066.0535,665,D2,DEVONSHIRE 45' LOT,2931 SOARING HILLS DRIVE,2025-12-26,2026-01-09,2026-01-15,2026-01-20,NULL,NULL,NULL,NULL,NULL,NULL,2026-01-06,2026-01-17,2026-01-20,2026-04-26,2026-05-10,2026-05-22,2026-06-09,2026-06-19,2026-09-01,14,6,5,NULL,NULL,NULL,NULL,NULL,NULL,11,12,8,10,5,4,NULL,14,14,12,12,11,18,17,10,18,74,88,Mechanicals,Cornice,2026-01-20
20096.0006,285,F1,SOUTHERN HILLS 80' LOT,4951 SUMMIT VIEW DRIVE (M),2024-04-29,2024-05-14,2024-07-01,2024-07-09,2024-07-22,2024-08-07,2024-09-20,2024-11-11,2024-12-20,NULL,2024-05-23,2024-06-11,NULL,2024-08-01,2024-08-20,2024-09-11,2024-12-04,2024-12-20,2026-04-26,15,48,NULL,21,16,44,52,39,NULL,24,15,NULL,28,NULL,NULL,NULL,31,29,15,35,22,75,46,30,47,7,17,Complete,Final,2024-12-20
20096.0074,20096.65,F1,SOUTHERN HILLS 65' LOT,4612 SOUTHERN VALLEY LOOP (C),2025-05-16,2025-06-09,2025-07-22,NULL,2025-12-10,2025-12-12,NULL,NULL,NULL,NULL,2025-05-31,2025-07-07,NULL,2025-10-03,2025-12-25,2026-04-26,2026-06-11,2026-08-08,2026-09-19,24,43,NULL,141,2,NULL,NULL,NULL,NULL,NULL,15,NULL,28,NULL,NULL,73,31,NULL,15,NULL,22,NULL,46,58,47,42,17,Trim,Sheetrock,2025-12-12
20108.0954,188,H6,SIENNA 65' LOT,10119 REGAL MIST DRIVE,2026-01-16,NULL,NULL,NULL,NULL,NULL,NULL,NULL,NULL,NULL,2026-04-26,2026-05-10,2026-05-14,2026-05-27,2026-06-07,2026-06-28,2026-07-17,2026-07-29,2026-10-31,NULL,NULL,NULL,NULL,NULL,NULL,NULL,NULL,NULL,7,10,NULL,14,NULL,4,NULL,13,11,9,21,16,19,20,NULL,12,94,58,Foundation,Released,2026-01-16
20124.0120,587,H1,RICELAND 70' LOT,12226 JACOB LANE,2025-07-28,2025-08-04,2025-09-05,2025-09-15,2025-10-06,2025-10-16,2025-10-28,NULL,NULL,NULL,2025-08-10,2025-08-26,2025-09-16,2025-10-03,2025-10-20,2025-11-04,2026-04-26,2026-05-06,2026-08-02,7,32,10,21,10,12,NULL,NULL,NULL,13,11,22,19,11,8,18,11,14,12,NULL,19,NULL,41,NULL,10,NULL,88,Interior,Trim,2025-10-28
20132.0982,20132.601,H1,MERIDIANA SERENITY 60' LOT,5619 BOBWHITE TRAIL,2025-12-18,2026-01-05,2026-01-14,2026-01-20,2026-01-27,NULL,NULL,NULL,NULL,NULL,2026-01-05,2026-01-14,2026-01-20,2026-01-27,2026-04-26,2026-05-15,2026-06-25,2026-07-05,2026-10-01,18,9,6,7,NULL,NULL,NULL,NULL,NULL,18,11,9,19,6,8,7,11,NULL,12,NULL,19,NULL,41,NULL,10,NULL,88,Sheetrock,Mechanical,2026-01-27
20132.1140,611,H1,MERIDIANA 55' LOT,6614 STONE TERRACE DRIVE,2025-12-17,2025-12-31,2026-01-13,2026-01-21,NULL,NULL,NULL,NULL,NULL,NULL,2025-12-31,2026-01-16,2026-01-18,2026-04-26,2026-05-11,2026-05-28,2026-06-14,2026-06-24,2026-08-17,14,13,8,NULL,NULL,NULL,NULL,NULL,NULL,14,11,16,19,5,8,NULL,11,15,12,17,19,17,41,10,10,54,88,Mechanicals,Cornice,2026-01-21
20165.0226,281,H1,VALENCIA 70' LOT,6502 SEVILLE STREET (M),2024-12-17,2025-01-14,2025-01-14,2025-01-23,2025-01-29,2025-02-13,2025-03-06,2025-03-25,2025-04-04,NULL,2024-12-25,2025-02-08,2025-01-16,2025-02-03,2025-02-10,2025-03-04,2025-04-16,2025-04-04,2026-04-26,28,0,9,6,15,21,19,10,NULL,8,11,25,19,2,8,NULL,11,NULL,12,NULL,19,NULL,41,NULL,10,107,88,Complete,Final,2025-04-04
20181.1024,582,H5,BRIDGELAND 55' LOT,10726 YELLOW WILD INDIGO LANE,2025-10-02,2025-10-10,2025-10-20,2025-10-29,2025-11-06,2025-11-13,2025-12-01,2025-12-26,2026-01-07,NULL,2025-10-10,2025-10-29,2025-10-25,2025-11-07,2025-11-18,2025-11-27,2025-12-27,2026-01-07,2026-04-23,8,10,9,8,7,18,25,12,NULL,8,9,19,15,NULL,5,9,16,12,12,14,17,26,18,13,10,106,76,Complete,Final,2026-01-07
20181.1068,203,H5,BRIDGELAND 50' LOT,21206 STEPHENS COUNTY DRIVE,2025-09-11,2025-09-18,2025-10-02,2025-10-07,2025-10-22,2025-10-30,2025-11-17,2025-11-26,2025-12-12,NULL,2025-09-20,2025-10-02,2025-10-04,2025-10-21,2025-11-04,2025-11-16,2025-12-05,2025-12-12,2026-04-26,7,14,5,15,8,18,9,16,NULL,9,9,14,15,2,5,14,16,13,12,NULL,17,NULL,18,13,10,65,76,Complete,Final,2025-12-12
20182.0799,715,H2,AMIRA 45' LOT,20510 BRONCO RIDGE DRIVE,2024-09-24,2024-10-02,2024-10-07,2024-10-09,2024-10-15,2024-10-21,2024-10-30,2024-11-14,2024-11-22,NULL,2024-10-03,2024-10-19,2024-10-10,2024-10-21,2024-10-26,2024-11-07,2024-11-15,2024-11-22,2026-04-26,8,5,2,6,6,9,15,8,NULL,NULL,9,NULL,17,NULL,3,NULL,12,NULL,11,NULL,17,NULL,16,NULL,25,69,54,Complete,Final,2024-11-22
20183.0239,220,H2,AUDUBON PARK 45' LOT,306 PRAIRIE WARBLER STREET,2025-12-17,2026-01-02,2026-01-14,2026-01-16,2026-01-27,NULL,NULL,NULL,NULL,NULL,2025-12-30,2026-01-14,2026-01-16,2026-01-28,2026-04-26,2026-05-09,2026-05-25,2026-06-09,2026-07-15,16,12,2,11,NULL,NULL,NULL,NULL,NULL,13,9,12,17,2,3,12,12,19,11,13,17,16,16,15,25,36,54,Sheetrock,Mechanical,2026-01-27
20183.0245,220,H2,AUDUBON PARK 45' LOT,342 PRAIRIE WARBLER STREET,2025-09-23,2025-09-30,2025-10-13,2025-10-16,2025-10-29,2025-11-05,2025-11-18,2025-12-09,2025-12-24,NULL,2025-10-06,2025-10-12,2025-10-15,2025-10-28,2025-11-17,2025-11-18,2025-12-04,2025-12-24,2026-04-26,7,13,3,13,7,13,21,15,NULL,13,9,12,17,2,3,12,12,19,11,13,17,16,16,15,25,36,54,Complete,Final,2025-12-24
20183.0273,799,H2,AUDUBON PARK 60' LOT,39110 DANGLING CREST COURT,2025-12-18,2025-12-30,2026-01-14,2026-01-19,NULL,NULL,NULL,NULL,NULL,NULL,2025-12-30,2026-01-14,2026-01-19,2026-04-26,2026-05-07,2026-05-24,2026-06-09,2026-07-04,2026-08-27,12,15,5,NULL,NULL,NULL,NULL,NULL,NULL,12,9,15,17,5,3,11,12,11,11,NULL,17,NULL,16,NULL,25,NULL,54,Mechanicals,Cornice,2026-01-19
20195.0120,333,H5,THE GRAND PRAIRIE 50' LOT,27418 PRAIRIE RUSH DRIVE,2025-09-29,2025-10-09,2025-10-20,2025-10-26,2025-11-04,2025-11-13,2025-11-20,2025-12-17,2026-01-05,NULL,2025-10-08,2025-10-23,2025-10-26,2025-11-20,2025-11-17,2025-11-28,2025-12-11,2026-01-05,2026-04-26,10,11,6,9,9,7,27,19,NULL,NULL,9,14,15,6,5,25,16,13,12,15,17,21,18,17,10,NULL,76,Complete,Final,2026-01-05
20195.0174,339,H5,THE GRAND PRAIRIE 40' LOT,27330 SCARLET PAINT BRUSH DRIVE,2026-01-20,2026-01-28,NULL,NULL,NULL,NULL,NULL,NULL,NULL,NULL,2026-01-30,2026-04-26,2026-05-01,2026-05-17,2026-05-29,2026-06-15,2026-07-03,2026-07-13,2026-11-01,8,NULL,NULL,NULL,NULL,NULL,NULL,NULL,NULL,10,9,NULL,15,NULL,5,NULL,16,NULL,12,NULL,17,NULL,18,NULL,10,111,76,Frame,Foundation,2026-01-28
20195.0175,339,H5,THE GRAND PRAIRIE 40' LOT,27326 SCARLET PAINT BRUSH DRIVE,2026-01-21,NULL,NULL,NULL,NULL,NULL,NULL,NULL,NULL,NULL,2026-04-26,2026-05-11,2026-05-16,2026-06-01,2026-06-13,2026-06-30,2026-07-18,2026-07-28,2026-11-16,NULL,NULL,NULL,NULL,NULL,NULL,NULL,NULL,NULL,10,9,NULL,15,NULL,5,NULL,16,NULL,12,NULL,17,NULL,18,NULL,10,111,76,Foundation,Released,2026-01-21
20205.0162,792,H4,THE HIGHLANDS 65' LOT,21939 GATEWAY ARCH DRIVE,2025-08-04,2025-08-11,2025-08-25,2025-08-28,2025-09-06,2025-09-15,2025-10-01,2025-10-14,2025-10-24,NULL,2025-08-16,2025-08-25,2025-08-28,2025-09-07,2025-09-17,2025-10-10,2025-10-30,2025-10-24,2026-04-26,7,14,3,9,9,16,13,10,NULL,12,9,14,12,3,3,10,9,11,10,25,15,29,17,15,13,10,97,Complete,Final,2025-10-24
20205.0208,792,H4,THE HIGHLANDS 65' LOT,22045 BOCA CHITA WAY,2025-12-01,2025-12-13,2026-01-02,2026-01-05,2026-01-12,NULL,NULL,NULL,NULL,NULL,2025-12-13,2025-12-27,2026-01-05,2026-01-15,2026-04-26,2026-05-21,2026-06-19,2026-07-04,2026-07-14,12,20,3,7,NULL,NULL,NULL,NULL,NULL,12,9,14,12,3,3,10,9,11,10,25,15,29,17,15,13,10,97,Sheetrock,Mechanical,2026-01-12
20205.0230,20205.60,H4,THE HIGHLANDS 60' LOT,7926 COASTAL PRAIRIE DRIVE,2026-01-29,NULL,NULL,NULL,NULL,NULL,NULL,NULL,NULL,NULL,2026-04-26,2026-05-08,2026-05-11,2026-05-20,2026-05-30,2026-06-14,2026-07-01,2026-07-14,2026-10-19,NULL,NULL,NULL,NULL,NULL,NULL,NULL,NULL,NULL,NULL,9,NULL,12,NULL,3,NULL,9,NULL,10,NULL,15,NULL,17,NULL,13,NULL,97,Foundation,Released,2026-01-29
20209.0145,300,H4,THE WOODLANDS HILLS 40' LOT,668 CRESTED DUCK COURT,2025-11-06,2025-11-13,2025-11-21,2025-11-24,2025-12-05,2025-12-12,2025-12-26,2026-01-06,2026-01-09,NULL,2025-11-20,2025-11-24,2025-11-24,2025-12-06,2025-12-16,2025-12-23,2026-01-04,2026-01-09,2026-04-26,7,8,3,11,7,14,11,3,NULL,14,9,11,12,3,3,12,9,11,10,11,15,9,17,4,13,96,97,Complete,Final,2026-01-09
20215.0311,194,H4,ARTAVIA 45' LOT,15211 OSIE LIMESTONE LANE,2026-01-15,2026-01-23,NULL,NULL,NULL,NULL,NULL,NULL,NULL,NULL,2026-01-22,2026-04-26,2026-05-01,2026-05-10,2026-05-20,2026-06-04,2026-06-21,2026-07-04,2026-12-03,8,NULL,NULL,NULL,NULL,NULL,NULL,NULL,NULL,7,9,4,12,5,3,NULL,9,NULL,10,NULL,15,NULL,17,NULL,13,152,97,Frame,Foundation,2026-01-23
20218.0066,233,H4,EVERGREEN 50' LOT,15958 MAHOGANY MIST DRIVE,2026-01-12,2026-01-19,2026-01-25,NULL,NULL,NULL,NULL,NULL,NULL,NULL,2026-01-18,2026-01-30,2026-04-26,2026-05-04,2026-05-10,2026-05-25,2026-06-11,2026-06-24,2026-08-26,7,6,NULL,NULL,NULL,NULL,NULL,NULL,NULL,6,9,11,12,4,3,8,9,6,10,NULL,15,NULL,17,NULL,13,63,97,Cornice,Frame,2026-01-25
20233.0551,657,H3,JORDAN RANCH 65' LOT,31719 BLUEBELL AVENUE,2025-12-29,2026-01-12,2026-01-28,NULL,NULL,NULL,NULL,NULL,NULL,NULL,2026-01-12,2026-01-27,2026-04-26,2026-05-06,2026-05-23,2026-06-05,2026-06-24,2026-07-09,2026-07-23,14,16,NULL,NULL,NULL,NULL,NULL,NULL,NULL,14,9,15,15,8,5,10,12,17,9,13,16,19,23,15,12,14,81,Cornice,Frame,2026-01-28
20237.0065,225,H5,KATY COURT 70' LOT,25219 BAMBURGH DRIVE,2025-07-29,2025-08-13,2025-08-26,2025-08-29,2025-09-11,2025-09-23,2025-10-02,2025-10-24,2025-10-29,NULL,2025-08-08,2025-08-29,2025-08-31,2025-09-08,2025-09-22,2025-10-21,2025-10-15,2025-10-29,2026-04-26,15,13,3,13,12,9,22,5,NULL,10,9,16,15,5,5,10,16,11,12,28,17,13,18,NULL,10,151,76,Complete,Final,2025-10-29
20237.0116,20237.65,H5,KATY COURT 65' LOT,25431 SCHMIDT DRIVE,2025-11-11,2025-11-20,2025-12-05,2025-12-11,2025-12-18,2026-01-06,NULL,NULL,NULL,NULL,2025-11-20,2025-12-05,2025-12-10,2025-12-27,2025-12-29,2026-04-26,2026-05-14,2026-05-24,2026-08-08,9,15,6,7,19,NULL,NULL,NULL,NULL,NULL,9,NULL,15,NULL,5,NULL,16,11,12,29,17,NULL,18,NULL,10,NULL,76,Trim,Sheetrock,2026-01-06
20238.0777,625,H5,ELYSON 55' LOT,25018 WILDERNESS HAVEN LANE,2025-09-18,2025-09-29,2025-10-27,2025-10-29,2025-11-12,2025-11-24,2025-12-05,2025-12-17,2025-12-22,NULL,2025-09-25,2025-10-12,2025-11-03,2025-11-07,2025-11-21,2025-12-11,2025-12-23,2025-12-22,2026-04-26,11,28,2,14,12,11,12,5,NULL,7,9,13,15,7,5,9,16,9,12,NULL,17,NULL,18,5,10,78,76,Complete,Final,2025-12-22
20238.0783,625,H5,ELYSON 55' LOT,7206 PRAIRIE RYE DRIVE,2025-08-22,2025-08-29,2025-09-19,2025-09-23,2025-10-08,2025-10-20,2025-10-31,2025-11-19,2025-12-01,NULL,2025-08-29,2025-09-11,2025-09-26,2025-10-02,2025-10-17,2025-11-06,2025-11-18,2025-12-01,2026-04-26,7,21,4,15,12,11,19,12,NULL,7,9,13,15,7,5,9,16,9,12,NULL,17,NULL,18,5,10,78,76,Complete,Final,2025-12-01
20252.0474,290,H6,STONECREEK ESTATES 50' LOT,5218 MOMO LANE,2025-11-20,2025-12-02,2025-12-15,2025-12-17,2026-01-05,2026-01-14,2026-01-28,NULL,NULL,NULL,2025-12-02,2025-12-17,2025-12-20,2025-12-30,2026-01-15,2026-01-30,2026-04-26,2026-05-09,2026-06-10,12,13,2,19,9,14,NULL,NULL,NULL,12,10,15,14,5,4,13,13,10,9,16,16,22,20,13,12,32,58,Interior,Trim,2026-01-28
20252.0516,20252.601,H6,STONECREEK ESTATES 60' LOT (B),5627 VIOLET RIDGE DRIVE,2025-12-10,2025-12-19,2026-01-13,2026-01-20,2026-01-29,NULL,NULL,NULL,NULL,NULL,2025-12-20,2026-01-09,2026-01-17,2026-02-05,2026-04-26,2026-05-13,2026-05-26,2026-06-09,2026-06-23,9,25,7,9,NULL,NULL,NULL,NULL,NULL,10,10,21,14,4,4,16,13,9,9,17,16,13,20,14,12,14,58,Sheetrock,Mechanical,2026-01-29
20265.0181,226,H3,CROSS CREEK WEST 45' LOT,4430 NOAH GROVE LANE,2025-12-26,2026-01-05,2026-01-13,2026-01-16,2026-01-23,NULL,NULL,NULL,NULL,NULL,2026-01-03,2026-01-12,2026-01-18,2026-01-24,2026-04-26,2026-05-18,2026-05-31,2026-06-09,2026-07-12,10,8,3,7,NULL,NULL,NULL,NULL,NULL,8,9,7,15,5,5,8,12,7,9,22,16,13,23,9,12,33,81,Sheetrock,Mechanical,2026-01-23
20265.0215,133,H3,CROSS CREEK WEST 55' LOT,4615 VALERIA COTTAGE DRIVE,2025-05-28,2025-06-04,2025-06-18,2025-06-20,2025-07-09,2025-07-16,2025-07-28,2025-08-15,2025-08-29,NULL,2025-06-05,2025-06-20,2025-06-22,2025-07-04,2025-07-20,2025-07-30,2025-08-20,2025-08-29,2026-04-26,7,14,2,19,7,12,18,14,NULL,8,9,16,15,4,5,14,12,11,9,14,16,NULL,23,NULL,12,35,81,Complete,Final,2025-08-29
20267.0593,774,H3,CANDELA 60' LOT,10614 SHINING ORION DRIVE,2026-01-09,2026-01-14,NULL,NULL,NULL,NULL,NULL,NULL,NULL,NULL,2026-01-14,2026-04-26,2026-05-03,2026-05-12,2026-05-24,2026-06-08,2026-06-24,2026-07-02,2026-09-21,5,NULL,NULL,NULL,NULL,NULL,NULL,NULL,NULL,5,9,17,15,7,5,9,12,12,9,15,16,16,23,8,12,NULL,81,Frame,Foundation,2026-01-14
20272.0505,705,H6,HARVEST GREEN 45' LOT,3234 KEY LIME DRIVE,2025-12-17,2025-12-29,2026-01-08,2026-01-13,2026-01-21,2026-01-28,NULL,NULL,NULL,NULL,2025-12-30,2026-01-04,2026-01-11,2026-01-21,2026-01-27,2026-04-26,2026-05-12,2026-05-21,2026-06-29,12,10,5,8,7,NULL,NULL,NULL,NULL,13,10,6,14,3,4,8,13,6,9,15,16,16,20,9,12,39,58,Trim,Sheetrock,2026-01-28
20288.1331,605,S1,KALLISON RANCH 50' LOT (A),10203 REDDING BEND,2025-09-26,2025-10-09,2025-10-23,2025-10-28,2025-11-13,2025-12-01,2025-12-12,2026-01-20,NULL,NULL,2025-10-08,2025-10-17,2025-11-01,2025-11-08,2025-11-26,2025-12-15,2026-01-15,2026-04-26,2026-06-05,13,14,5,16,18,11,39,NULL,NULL,12,16,8,11,9,7,11,15,13,18,14,17,34,28,10,15,40,110,Final,Interior,2026-01-20
20290.0056,20290.60,S1,ALSATIAN OAKS 60' LOT,129 LACEY OAK,2025-07-17,2025-07-29,2025-08-07,2025-08-18,2025-09-09,2025-09-24,2025-09-30,2025-10-29,2025-11-07,NULL,2025-08-02,2025-08-10,2025-08-15,2025-08-31,2025-09-27,2025-10-11,2025-10-28,2025-11-07,2026-04-26,12,9,11,22,15,6,29,9,NULL,NULL,16,12,11,8,7,13,15,NULL,18,NULL,17,NULL,28,18,15,NULL,110,Complete,Final,2025-11-07
20290.0095,152,S1,ALSATIAN OAKS 50' LOT,172 MOUNTAIN OAK,2025-11-20,2025-12-04,2025-12-10,2025-12-16,2025-12-30,2025-12-29,NULL,NULL,NULL,NULL,2025-12-02,2025-12-13,2025-12-16,2025-12-30,2026-01-17,2026-04-26,2026-05-23,2026-05-28,2026-10-31,14,6,6,14,-1,NULL,NULL,NULL,NULL,12,16,9,11,6,7,14,15,NULL,18,NULL,17,27,28,5,15,156,110,Trim,Sheetrock,2025-12-30
20298.0182,550,S2,STILLWATER RANCH 40' LOT,12620 COTORRA SPRINGS,2025-09-11,2025-09-17,2025-09-26,2025-10-06,2025-10-23,2025-11-09,2025-11-21,2026-01-13,NULL,NULL,2025-10-01,2025-09-27,2025-10-03,2025-10-23,2025-11-04,2025-12-02,2025-12-29,2026-04-26,2026-06-19,6,9,10,17,17,12,53,NULL,NULL,NULL,20,NULL,10,NULL,7,NULL,17,NULL,12,23,17,38,30,17,16,54,96,Final,Interior,2026-01-13
20301.0229,606,S2,RANCHES AT CREEKSIDE 55' LOT,313 SANDERS CREEK,2025-10-23,2025-11-04,2025-11-13,2025-11-17,2025-12-02,2025-12-12,2025-12-26,2026-01-16,2026-01-23,NULL,2025-11-11,2025-11-10,2025-11-20,2025-11-30,2025-12-17,2025-12-26,2026-01-21,2026-01-23,2026-04-26,12,9,4,15,10,14,21,7,NULL,19,20,6,10,7,7,13,17,15,12,14,17,26,30,13,16,68,96,Complete,Final,2026-01-23
20313.0048,160,S2,CORLEY FARMS 50' LOT,132 MERRY CALF LANE,2025-10-30,2025-11-12,2025-11-19,2025-11-24,2025-12-08,2025-12-18,2026-01-06,2026-01-21,NULL,NULL,2025-11-19,2025-11-22,2025-11-24,2025-12-11,2025-12-21,2026-01-03,2026-01-27,2026-04-26,2026-07-23,13,7,5,14,10,19,15,NULL,NULL,NULL,20,10,10,5,7,17,17,13,12,16,17,21,30,14,16,88,96,Final,Interior,2026-01-21
20315.0092,740,S2,JOHNSON RANCH 55' LOT,31231 STERLING STREET,2025-09-11,2025-09-22,2025-09-26,2025-10-01,2025-10-10,2025-10-27,2025-11-07,2025-12-04,2025-12-23,NULL,2025-09-25,2025-10-04,2025-10-03,2025-10-16,2025-10-17,2025-11-16,2025-12-10,2025-12-23,2026-04-26,11,4,5,9,17,11,27,19,NULL,14,20,12,10,7,7,15,17,7,12,20,17,33,30,15,16,75,96,Complete,Final,2025-12-23
20315.0117,740,S2,JOHNSON RANCH 55' LOT,3633 AGARITA PASS,2025-10-30,2025-11-10,2025-11-17,2025-11-21,2025-12-05,2025-12-18,2026-01-07,NULL,NULL,NULL,2025-11-13,2025-11-22,2025-11-24,2025-12-06,2025-12-12,2026-01-07,2026-04-26,2026-05-11,2026-07-25,11,7,4,14,13,20,NULL,NULL,NULL,14,20,12,10,7,7,15,17,7,12,20,17,33,30,15,16,75,96,Interior,Trim,2026-01-07
20315.0124,740,S2,JOHNSON RANCH 55' LOT,3553 AGARITA PASS (C),2025-01-28,2025-02-17,2025-02-25,2025-03-03,2025-03-14,2025-03-26,NULL,NULL,NULL,NULL,2025-02-11,2025-03-01,2025-03-04,2025-03-18,2025-03-21,2026-04-26,2026-05-29,2026-06-13,2026-08-27,20,8,6,11,12,NULL,NULL,NULL,NULL,14,20,12,10,7,7,15,17,7,12,20,17,33,30,15,16,75,96,Trim,Sheetrock,2025-03-26
20333.0131,20333.50,A3,LA CIMA 50' LOT,426 FOUNTAIN GRASS DRIVE,2025-07-24,2025-09-26,2025-10-07,2025-10-09,2025-10-21,2025-11-14,2025-11-25,2025-12-12,2025-12-23,NULL,2025-08-14,2025-10-05,2025-10-12,2025-10-30,2025-11-03,2025-11-28,2026-01-01,2025-12-23,2026-04-26,64,11,2,12,24,11,17,11,NULL,21,17,NULL,9,NULL,5,NULL,21,NULL,13,NULL,14,NULL,37,11,12,NULL,64,Complete,Final,2025-12-23
20344.0156,289,S3,MEADOWS OF MILL CREEK 60' LOT,2957 HARVEST MOON,2025-05-09,2025-05-21,2025-06-13,2025-06-18,2025-07-04,2025-07-21,2025-08-01,2025-09-08,2025-09-25,NULL,2025-05-18,2025-06-05,2025-06-22,2025-06-27,2025-07-14,2025-08-03,2025-08-22,2025-09-25,2026-04-26,12,23,5,16,17,11,38,17,NULL,9,14,15,12,9,7,9,15,10,12,13,15,21,23,19,12,78,98,Complete,Final,2025-09-25
20352.0023,20352.40,H6,BROOKEWATER 40' LOT,5047 CEDAR SAGE DRIVE,2025-11-06,2025-11-12,2025-12-01,2025-12-05,2025-12-18,2025-12-26,2026-01-13,NULL,NULL,NULL,2025-11-18,2025-11-28,2025-12-04,2025-12-23,2025-12-30,2026-01-13,2026-04-26,2026-05-05,2026-08-14,6,19,4,13,8,18,NULL,NULL,NULL,12,10,16,14,3,4,18,13,12,9,18,16,20,20,9,12,101,58,Interior,Trim,2026-01-13
20353.0036,20353.50,A1,PARMER RANCH 50' LOT,521 ESTACADO LANE,2025-11-20,2025-12-10,2025-12-17,2025-12-22,2026-01-09,2026-01-23,NULL,NULL,NULL,NULL,2025-12-08,2025-12-18,2025-12-22,2026-01-10,2026-01-21,2026-04-26,2026-05-13,2026-05-25,2026-11-06,20,7,5,18,14,NULL,NULL,NULL,NULL,18,15,8,9,5,6,19,15,12,13,14,17,17,39,12,11,165,96,Trim,Sheetrock,2026-01-23
20358.0055,20358.50,H2,TWO STEP FARM 50' LOT,9049 BABBLING BROOK DRIVE,2025-11-04,2025-11-13,2025-12-01,2025-12-03,2025-12-11,2025-12-22,2026-01-08,NULL,NULL,NULL,2025-11-22,2025-12-02,2025-12-09,2025-12-12,2025-12-21,2026-01-06,2026-04-26,2026-05-21,2026-07-14,9,18,2,8,11,17,NULL,NULL,NULL,18,9,19,17,8,3,9,12,10,11,15,17,NULL,16,NULL,25,NULL,54,Interior,Trim,2026-01-08
20359.0039,20359.50,H3,GRANGE 50' LOT,420 SPRIGTAIL DRIVE,2025-03-19,2025-04-01,2025-04-21,2025-04-23,2025-05-05,2025-05-14,2025-06-04,2025-07-31,2025-08-20,NULL,2025-03-27,2025-04-18,2025-04-26,2025-05-08,2025-05-14,2025-05-26,2025-06-27,2025-08-20,2026-04-26,13,20,2,12,9,21,57,20,NULL,8,9,17,15,5,5,15,12,9,9,12,16,NULL,23,6,12,84,81,Complete,Final,2025-08-20
20359.0045,20359.50,H3,GRANGE 50' LOT,470 DARLING CREEK LANE,2026-01-05,2026-01-13,2026-01-27,NULL,NULL,NULL,NULL,NULL,NULL,NULL,2026-01-13,2026-01-30,2026-04-26,2026-05-11,2026-05-20,2026-06-01,2026-06-24,2026-06-30,2026-09-22,8,14,NULL,NULL,NULL,NULL,NULL,NULL,NULL,8,9,17,15,5,5,15,12,9,9,12,16,NULL,23,6,12,84,81,Cornice,Frame,2026-01-27
20359.0049,20359.50,H3,GRANGE 50' LOT,472 DOVE MEADOW LANE,2025-11-20,2025-12-02,2025-12-19,2025-12-26,2026-01-07,2026-01-16,NULL,NULL,NULL,NULL,2025-11-28,2025-12-19,2025-12-24,2026-01-10,2026-01-16,2026-04-26,2026-05-19,2026-05-25,2026-08-17,12,17,7,12,9,NULL,NULL,NULL,NULL,8,9,17,15,5,5,15,12,9,9,12,16,NULL,23,6,12,84,81,Trim,Sheetrock,2026-01-16
20359.0076,20359.60,H3,GRANGE 60' LOT,449 SOARING SPARROW TRAIL,2025-12-04,2025-12-12,2025-12-31,2026-01-05,2026-01-16,2026-01-27,NULL,NULL,NULL,NULL,2025-12-14,2025-12-31,2026-01-03,2026-01-20,2026-01-27,2026-04-26,2026-05-18,2026-05-30,2026-10-23,8,19,5,11,11,NULL,NULL,NULL,NULL,10,9,19,15,3,5,15,12,11,9,10,16,22,23,NULL,12,146,81,Trim,Sheetrock,2026-01-27
20359.0084,20359.60,H3,GRANGE 60' LOT,412 STARLIGHT GROVE COURT,2025-12-09,2025-12-16,2026-01-05,2026-01-07,2026-01-23,NULL,NULL,NULL,NULL,NULL,2025-12-19,2026-01-04,2026-01-08,2026-01-22,2026-04-26,2026-05-06,2026-05-28,2026-06-09,2026-11-02,7,20,2,16,NULL,NULL,NULL,NULL,NULL,10,9,19,15,3,5,15,12,11,9,10,16,22,23,NULL,12,146,81,Sheetrock,Mechanical,2026-01-23
20360.0008,20360.65,A3,PARTEN 65' LOT,214 LEANING ROCK RIDGE,2025-10-22,2025-11-03,2025-11-12,2025-11-17,2025-12-05,2025-12-19,2026-01-05,NULL,NULL,NULL,2025-11-13,2025-11-15,2025-11-16,2025-12-13,2025-12-23,2026-01-04,2026-04-26,2026-05-03,2026-07-08,12,9,5,18,14,17,NULL,NULL,NULL,22,17,12,9,4,5,26,21,18,13,16,14,42,37,7,12,66,64,Interior,Trim,2026-01-05
20362.0075,20362.60,D3,HILLSTEAD 60' LOT,848 STONEY BRIDGE WAY,2025-11-14,2025-12-01,2025-12-08,2025-12-11,2025-12-19,2025-12-30,2026-01-20,NULL,NULL,NULL,2025-11-25,2025-12-12,2025-12-11,2025-12-25,2025-12-30,2026-01-17,2026-04-26,2026-05-18,2026-09-08,17,7,3,8,11,21,NULL,NULL,NULL,11,12,11,10,3,3,14,13,11,13,18,20,NULL,29,22,21,113,92,Interior,Trim,2026-01-20
20363.0015,20363.45,S3,SOLMS LANDING 45' LOT,1918 FRIEDRICH WAY,2025-12-26,2026-01-08,2026-01-16,2026-01-20,NULL,NULL,NULL,NULL,NULL,NULL,2026-01-08,2026-01-16,2026-01-20,2026-04-26,2026-05-08,2026-05-25,2026-06-17,2026-06-29,2026-09-25,13,8,4,NULL,NULL,NULL,NULL,NULL,NULL,13,14,8,12,4,7,11,15,12,12,17,15,NULL,23,NULL,12,88,98,Mechanicals,Cornice,2026-01-20
20363.0028,20363.45,S3,SOLMS LANDING 45' LOT,441 CONSTANCE DRIVE,2025-07-24,2025-08-04,2025-08-11,2025-08-15,2025-08-29,2025-09-05,2025-09-22,2025-10-20,2025-10-27,NULL,2025-08-06,2025-08-12,2025-08-15,2025-08-26,2025-09-10,2025-09-22,2025-10-15,2025-10-27,2026-04-26,11,7,4,14,7,17,28,7,NULL,13,14,8,12,4,7,11,15,12,12,17,15,NULL,23,NULL,12,88,98,Complete,Final,2025-10-27
20364.0069,20364.65,H2,KRESSTON 65' LOT,26636 BOOTS DRIVE (M),2024-10-31,2024-11-12,2024-12-02,2024-12-02,2024-12-13,2024-12-20,2024-12-30,2025-01-23,2025-02-24,NULL,2024-11-10,2024-12-12,2024-12-07,2024-12-22,2024-12-26,2025-01-01,2025-01-15,2025-02-24,2026-04-26,12,20,0,11,7,10,24,32,NULL,10,9,30,17,5,3,20,12,13,11,12,17,NULL,16,NULL,25,74,54,Complete,Final,2025-02-24
20366.0035,20366.62,D1,TERRACES 62' LOT,1912 TERRACES BOULEVARD,2025-12-08,2025-12-11,2025-12-23,2026-01-05,NULL,NULL,NULL,NULL,NULL,NULL,2025-12-25,2025-12-23,2026-01-05,2026-04-26,2026-05-10,2026-05-29,2026-06-13,2026-06-26,2026-07-24,3,12,13,NULL,NULL,NULL,NULL,NULL,NULL,17,14,12,13,13,6,13,16,14,12,19,18,15,17,13,17,28,60,Mechanicals,Cornice,2026-01-05
20366.0043,20366.72,D1,TERRACES 72' LOT,919 CANYON DRIVE (M),2025-02-28,2025-03-12,2025-03-20,2025-03-26,2025-04-03,2025-04-07,2025-04-25,2025-05-05,2025-06-03,NULL,2025-03-14,2025-03-27,2025-03-22,2025-04-06,2025-04-09,2025-04-25,2025-05-12,2025-06-03,2026-04-26,12,8,6,8,4,18,10,29,NULL,14,14,15,13,2,6,11,16,6,12,NULL,18,NULL,17,NULL,17,123,60,Complete,Final,2025-06-03
20366.0049,20366.72,D1,TERRACES 72' LOT,920 LOOKOUT DRIVE,2025-07-24,2025-08-07,2025-08-18,2025-08-20,2025-09-08,2025-09-22,2025-10-02,2025-10-30,2025-11-18,NULL,2025-08-07,2025-08-22,2025-08-20,2025-08-31,2025-09-14,2025-10-10,2025-10-19,2025-11-18,2026-04-26,14,11,2,19,14,10,28,19,NULL,14,14,15,13,2,6,11,16,6,12,NULL,18,NULL,17,NULL,17,123,60,Complete,Final,2025-11-18
20366.0106,20366.82,D1,TERRACES 82'/100' LOT,1947 FOOTHILL ROAD,2025-03-25,2025-04-09,2025-04-22,2025-04-30,2025-05-29,2025-06-12,2025-06-26,2025-07-10,2025-08-11,NULL,2025-04-08,2025-04-22,2025-04-28,2025-05-16,2025-06-15,2025-06-28,2025-07-13,2025-08-11,2026-04-26,15,13,8,29,14,14,14,32,NULL,NULL,14,NULL,13,NULL,6,NULL,16,17,12,16,18,NULL,17,28,17,NULL,60,Complete,Final,2025-08-11
20367.0020,20367.55,F1,MANDARIN GROVE 55' LOT,3731 109TH STREET EAST,2025-12-08,2025-12-17,2026-01-22,NULL,NULL,NULL,NULL,NULL,NULL,NULL,2025-12-22,2026-01-16,NULL,2026-04-26,2026-05-11,2026-06-02,2026-06-28,2026-08-14,2026-08-31,9,36,NULL,NULL,NULL,NULL,NULL,NULL,NULL,14,15,30,28,NULL,NULL,21,31,NULL,15,NULL,22,26,46,NULL,47,NULL,17,Mechanicals,Frame,2026-01-22
20367.0036,20367.55,F1,MANDARIN GROVE 55' LOT,10908 38TH TERRACE EAST,2025-11-10,2025-12-03,2025-12-31,NULL,2026-01-21,NULL,NULL,NULL,NULL,NULL,2025-11-24,2026-01-02,NULL,2026-01-21,2026-04-26,2026-05-18,2026-06-13,2026-07-30,2026-08-16,23,28,NULL,21,NULL,NULL,NULL,NULL,NULL,14,15,30,28,NULL,NULL,21,31,NULL,15,NULL,22,26,46,NULL,47,NULL,17,Sheetrock,Mechanical,2026-01-21
20369.0020,20369.50,S1,HABY HILL 50' LOT,277 HABY HOLLOW,2025-11-06,2025-11-18,2025-11-25,2025-12-03,2025-12-17,2025-12-29,2026-01-16,NULL,NULL,NULL,2025-11-21,2025-11-26,2025-12-03,2025-12-17,2026-01-07,2026-01-14,2026-04-26,2026-05-07,2026-07-07,12,7,8,14,12,18,NULL,NULL,NULL,15,16,8,11,8,7,14,15,21,18,16,17,NULL,28,11,15,61,110,Interior,Trim,2026-01-16
20370.0020,20370.50,A2,FLORA 50' LOT,120 HADLEIGH DRIVE,2025-10-30,2025-11-12,2025-11-17,2025-11-21,2025-12-08,2025-12-16,2026-01-06,NULL,NULL,NULL,2025-11-18,2025-11-21,2025-11-23,2025-12-10,2025-12-18,2026-01-11,2026-04-26,2026-05-07,2026-09-15,13,5,4,17,8,21,NULL,NULL,NULL,19,27,9,11,6,6,19,18,10,10,26,16,26,33,11,16,131,120,Interior,Trim,2026-01-06
20370.0023,20370.50,A2,FLORA 50' LOT,135 HADLEIGH DRIVE,2026-01-23,NULL,NULL,NULL,NULL,NULL,NULL,NULL,NULL,NULL,2026-04-26,2026-05-05,2026-05-11,2026-05-30,2026-06-09,2026-07-05,2026-07-31,2026-08-11,2026-12-20,NULL,NULL,NULL,NULL,NULL,NULL,NULL,NULL,NULL,19,27,9,11,6,6,19,18,10,10,26,16,26,33,11,16,131,120,Foundation,Released,2026-01-23
20370.0032,20370.50,A2,FLORA 50' LOT,300 ROYAL FERN ROAD (C),2024-11-14,2024-11-22,2024-12-05,2024-12-09,2024-12-24,2025-01-03,NULL,NULL,NULL,NULL,2024-12-03,2024-12-01,2024-12-11,2024-12-28,2025-01-03,2026-04-26,2026-05-22,2026-06-02,2026-10-11,8,13,4,15,10,NULL,NULL,NULL,NULL,19,27,9,11,6,6,19,18,10,10,26,16,26,33,11,16,131,120,Trim,Sheetrock,2025-01-03
20373.0109,20373.70,A2,PARKSIDE ON THE RIVER WEST 70'/80' LOT,1108 SUNSET HILL WAY,2026-01-14,NULL,NULL,NULL,NULL,NULL,NULL,NULL,NULL,NULL,2026-04-26,2026-05-11,2026-05-18,2026-06-05,2026-06-15,2026-07-01,2026-08-13,2026-09-11,2026-09-19,NULL,NULL,NULL,NULL,NULL,NULL,NULL,NULL,NULL,38,27,15,11,7,6,NULL,18,NULL,10,NULL,16,43,33,29,16,8,120,Foundation,Released,2026-01-14
20373.0131,20373.70,A2,PARKSIDE ON THE RIVER WEST 70'/80' LOT,1309 SUNSET HILL WAY,2025-09-16,2025-09-27,2025-10-14,2025-10-21,2025-11-12,2025-11-24,2025-12-10,NULL,NULL,NULL,2025-10-24,2025-10-12,2025-10-21,2025-11-08,2025-11-22,2025-12-10,2026-04-26,2026-05-25,2026-06-02,11,17,7,22,12,16,NULL,NULL,NULL,38,27,15,11,7,6,NULL,18,NULL,10,NULL,16,43,33,29,16,8,120,Interior,Trim,2025-12-10
20374.0040,20374.50,F1,MAGNOLIA BAY 50' LOT,419 SUN CHASER DRIVE,2025-01-22,2025-01-29,2025-02-13,NULL,2025-03-07,2025-03-19,2025-04-14,2025-06-18,2025-07-18,NULL,2025-02-07,2025-03-02,NULL,2025-03-07,2025-03-21,2025-03-31,2025-05-30,2025-07-18,2026-04-26,7,15,NULL,22,12,26,65,30,NULL,16,15,32,28,NULL,NULL,22,31,14,15,12,22,NULL,46,NULL,47,20,17,Complete,Final,2025-07-18
20378.0053,20378.47,A2,WOODSIDE 47' LOT,108 BRIGHT LIGHT WAY,2025-10-21,2025-11-06,2025-11-11,2025-11-14,2025-11-26,2025-12-12,2025-12-23,NULL,NULL,NULL,2025-11-17,2025-11-17,2025-11-17,2025-12-05,2025-12-04,2025-12-23,2026-04-26,2026-05-12,2026-10-06,16,5,3,12,16,11,NULL,NULL,NULL,NULL,27,NULL,11,NULL,6,21,18,8,10,11,16,NULL,33,NULL,16,147,120,Interior,Trim,2025-12-23
20382.0044,20382.71,D1,MYRTLE CREEK 71' LOT,240 ROSEMALLOW LANE,2025-06-03,2025-06-30,2025-07-08,2025-07-15,2025-07-29,2025-08-05,2025-08-25,2025-09-23,2025-10-17,NULL,2025-06-17,2025-07-13,2025-07-14,2025-07-31,2025-08-10,2025-08-23,2025-09-11,2025-10-17,2026-04-26,27,8,7,14,7,20,29,24,NULL,NULL,14,NULL,13,NULL,6,NULL,16,NULL,12,NULL,18,NULL,17,NULL,17,NULL,60,Complete,Final,2025-10-17
20383.0019,20383.45,D3,THE HEIGHTS AT UPTOWN CELINA 40'/45' LOT,518 CALLUM PARKWAY,2025-05-27,2025-06-10,2025-06-18,2025-06-27,2025-07-22,2025-07-30,2025-08-05,2025-08-27,2025-09-12,NULL,2025-06-08,2025-06-20,2025-06-21,2025-07-10,2025-08-04,2025-08-19,2025-09-03,2025-09-12,2026-04-26,14,8,9,25,8,6,22,16,NULL,NULL,12,NULL,10,NULL,3,NULL,13,NULL,13,NULL,20,NULL,29,NULL,21,133,92,Complete,Final,2025-09-12
20383.0057,20383.45,D3,THE HEIGHTS AT UPTOWN CELINA 40'/45' LOT,514 COOPER STREET (M),2025-04-29,2025-05-14,2025-05-22,2025-06-02,2025-06-12,2025-06-18,NULL,2025-07-16,2025-07-25,NULL,2025-05-11,2025-05-24,2025-05-25,2025-06-15,2025-06-25,2025-07-08,2025-08-06,2025-07-25,2026-04-26,15,8,11,10,6,NULL,NULL,9,NULL,NULL,12,NULL,10,NULL,3,NULL,13,NULL,13,NULL,20,NULL,29,NULL,21,133,92,Complete,Final,2025-07-25
20383.0071,20383.50,D3,THE HEIGHTS AT UPTOWN CELINA 50' LOT,721 ARDEN LANE,2025-05-12,2025-06-02,2025-06-16,2025-06-20,2025-07-15,2025-07-16,2025-07-18,2025-08-07,2025-09-05,NULL,2025-05-24,2025-06-12,2025-06-19,2025-07-03,2025-07-28,2025-08-05,2025-08-16,2025-09-05,2026-04-26,21,14,4,25,1,2,20,29,NULL,NULL,12,NULL,10,NULL,3,NULL,13,NULL,13,NULL,20,NULL,29,NULL,21,135,92,Complete,Final,2025-09-05
20384.0006,20384.70,S2,DOMINION 70' LOT,23 ENIA CIRCLE,2025-05-30,2025-06-17,2025-06-26,2025-07-02,2025-07-23,2025-08-06,2025-08-14,2025-09-12,2025-10-06,NULL,2025-06-11,2025-06-27,2025-07-13,2025-07-25,2025-08-04,2025-08-23,2025-09-12,2025-10-06,2026-04-26,18,9,6,21,14,8,29,24,NULL,12,20,NULL,10,17,7,23,17,NULL,12,NULL,17,29,30,20,16,NULL,96,Complete,Final,2025-10-06
20384.0033,20384.70,S2,DOMINION 70' LOT,66 ENIA CIRCLE,2025-09-10,2025-09-24,2025-10-07,2025-10-21,2025-11-11,2025-11-28,NULL,NULL,NULL,NULL,2025-09-22,2025-10-04,2025-10-24,2025-11-13,2025-11-23,2026-04-26,2026-05-25,2026-06-14,2026-09-18,14,13,14,21,17,NULL,NULL,NULL,NULL,12,20,NULL,10,17,7,23,17,NULL,12,NULL,17,29,30,20,16,NULL,96,Trim,Sheetrock,2025-11-28
20387.0015,20387.60,H6,AUSTIN POINT 60' LOT,10707 AVANTI DRIVE,2025-05-23,2025-05-30,2025-06-13,2025-06-18,2025-07-01,2025-07-14,2025-07-30,2025-10-20,2025-12-17,NULL,2025-05-28,2025-06-11,2025-06-17,2025-06-29,2025-07-10,2025-07-30,2025-08-19,2025-12-17,2026-04-26,7,14,5,13,13,16,82,58,NULL,5,10,12,14,4,4,11,13,NULL,9,NULL,16,NULL,20,NULL,12,20,58,Complete,Final,2025-12-17
20387.0062,20387.40,H6,AUSTIN POINT 40' LOT,4638 NORTH STAR TRAIL,2025-06-24,2025-07-09,2025-07-15,2025-07-17,2025-07-28,2025-08-11,2025-09-08,2025-10-20,NULL,NULL,2025-07-05,2025-07-21,2025-07-18,2025-07-27,2025-08-06,2025-08-27,2025-09-28,2026-04-26,2026-06-23,15,6,2,11,14,28,42,NULL,NULL,11,10,12,14,3,4,10,13,NULL,9,NULL,16,NULL,20,NULL,12,NULL,58,Final,Interior,2025-10-20
20388.0026,20388.60,H4,BRIARLEY 60' LOT,469 LONE RANGER DRIVE,2025-09-12,2025-09-19,2025-09-30,2025-10-08,2025-10-14,2025-10-27,2025-11-10,2025-11-21,2025-12-17,NULL,2025-09-24,2025-10-03,2025-10-05,2025-10-18,2025-10-28,2025-11-11,2025-11-30,2025-12-17,2026-04-26,7,11,8,6,13,14,11,26,NULL,12,9,14,12,5,3,10,9,14,10,15,15,20,17,17,13,10,97,Complete,Final,2025-12-17
20388.0046,20388.70,H4,BRIARLEY 70' LOT,1194 BASSET HOUND DRIVE,2025-08-28,2025-09-09,2025-09-24,2025-09-29,2025-10-09,2025-10-28,2025-11-10,2025-12-01,2025-12-21,NULL,2025-09-09,2025-10-01,2025-09-30,2025-10-08,2025-10-21,2025-11-09,2025-12-06,2025-12-21,2026-04-26,12,15,5,10,19,13,21,20,NULL,12,9,22,12,6,3,NULL,9,12,10,12,15,26,17,18,13,10,97,Complete,Final,2025-12-21
20389.0006,20389.55,S2,HIDDEN CANYON 55' LOT,431 CANYON PATH,2025-11-11,2026-01-08,2026-01-16,2026-01-20,NULL,NULL,NULL,NULL,NULL,NULL,2026-01-08,2026-01-18,2026-01-19,2026-04-26,2026-05-08,2026-05-27,2026-06-20,2026-07-02,2026-10-06,58,8,4,NULL,NULL,NULL,NULL,NULL,NULL,58,20,10,10,3,7,26,17,NULL,12,19,17,24,30,12,16,NULL,96,Mechanicals,Cornice,2026-01-20
20389.0023,20389.55,S2,HIDDEN CANYON 55' LOT,227 CANYON PATH,2025-08-14,2025-09-12,2025-09-24,2025-09-30,2025-11-04,2025-11-13,2025-12-10,2026-01-05,2026-01-20,NULL,2025-10-11,2025-09-22,2025-09-27,2025-10-26,2025-11-16,2025-12-02,2026-01-03,2026-01-20,2026-04-26,29,12,6,35,9,27,26,15,NULL,58,20,10,10,3,7,26,17,NULL,12,19,17,24,30,12,16,NULL,96,Complete,Final,2026-01-20
20389.0052,20389.55,S2,HIDDEN CANYON 55' LOT,22019 RUSTIC HOLLOW (M),2025-08-12,2025-08-21,2025-08-25,2025-09-02,2025-09-16,2025-09-30,2025-10-09,2025-11-04,2026-01-20,NULL,2025-10-09,2025-08-31,2025-08-28,2025-09-28,2025-09-28,2025-10-19,2025-11-02,2026-01-20,2026-04-26,9,4,8,14,14,9,26,77,NULL,58,20,10,10,3,7,26,17,NULL,12,19,17,24,30,12,16,NULL,96,Complete,Final,2026-01-20
20391.0034,20391.50,H1,LEGACY 50' LOT,602 RIO GRANDE VALLEY DRIVE,2025-11-10,2025-11-25,2025-12-09,2025-12-16,2025-12-29,2026-01-09,NULL,NULL,NULL,NULL,2025-11-25,2025-12-14,2025-12-17,2025-12-26,2026-01-07,2026-04-26,2026-07-31,2026-08-10,2026-11-06,15,14,7,13,11,NULL,NULL,NULL,NULL,15,11,NULL,19,NULL,8,10,11,9,12,22,19,96,41,10,10,NULL,88,Trim,Sheetrock,2026-01-09
20395.0040,20395.60,F1,BERRY BAY 60' LOT,5575 VIBRANT VINE DRIVE,2026-01-28,NULL,NULL,NULL,NULL,NULL,NULL,NULL,NULL,NULL,2026-04-26,2026-05-24,NULL,2026-06-24,2026-07-09,2026-07-31,2026-09-15,2026-11-01,2026-11-18,NULL,NULL,NULL,NULL,NULL,NULL,NULL,NULL,NULL,12,15,NULL,28,NULL,NULL,NULL,31,NULL,15,NULL,22,NULL,46,NULL,47,NULL,17,Foundation,Released,2026-01-28
20396.0003,20396.1A,S2,THORNEBROOK 1 ACRE LOT,1006 RAPIDAN LANE,2025-09-25,2025-10-06,2025-10-22,2025-10-28,2025-11-19,2025-12-08,2025-12-18,NULL,NULL,NULL,2025-10-12,2025-10-19,2025-10-29,2025-11-14,2025-12-01,2025-12-24,2026-04-26,2026-05-12,2026-08-16,11,16,6,22,19,10,NULL,NULL,NULL,17,20,13,10,NULL,7,NULL,17,NULL,12,16,17,NULL,30,NULL,16,NULL,96,Interior,Trim,2025-12-18
20398.0040,20398.45,H2,EVERLY 45' LOT,18715 WILD RASPBERRY DRIVE,2025-08-25,2025-09-05,2025-09-10,2025-09-15,2025-09-23,2025-10-08,2025-10-24,2025-11-19,NULL,NULL,2025-08-31,2025-09-18,2025-09-12,2025-09-26,2025-10-04,2025-10-25,2025-11-09,2026-04-26,2026-06-19,11,5,5,8,15,16,26,NULL,NULL,6,9,13,17,2,3,11,12,11,11,NULL,17,NULL,16,43,25,NULL,54,Final,Interior,2025-11-19
20399.0081,20399.45,S1,BRIGGS RANCH 45' LOT,4108 MOUNTAIN ASH,2025-12-02,2025-12-11,2025-12-23,2025-12-30,2026-01-16,NULL,NULL,NULL,NULL,NULL,2025-12-15,2025-12-22,2025-12-30,2026-01-16,2026-04-26,2026-05-13,2026-06-10,2026-06-25,2026-10-13,9,12,7,17,NULL,NULL,NULL,NULL,NULL,13,16,11,11,7,7,17,15,NULL,18,NULL,17,NULL,28,NULL,15,NULL,110,Sheetrock,Mechanical,2026-01-16
20403.0110,20403.60,A3,JUNIPER SPRINGS 60' LOT,242 MELODY ROAD,2026-01-02,2026-01-17,2026-01-20,2026-01-27,NULL,NULL,NULL,NULL,NULL,NULL,2026-01-17,2026-01-20,2026-01-27,2026-04-26,2026-05-09,2026-05-23,2026-08-14,2026-08-24,2026-10-27,15,3,7,NULL,NULL,NULL,NULL,NULL,NULL,15,17,3,9,7,5,NULL,21,NULL,13,NULL,14,83,37,10,12,NULL,64,Mechanicals,Cornice,2026-01-27
20408.0106,20408.60,F1,SEAIRE 60' LOT,8030 ROLL TIDE TERRACE,2026-01-28,NULL,NULL,NULL,NULL,NULL,NULL,NULL,NULL,NULL,2026-04-26,2026-05-24,NULL,2026-06-24,2026-07-09,2026-07-31,2026-09-15,2026-11-01,2026-11-18,NULL,NULL,NULL,NULL,NULL,NULL,NULL,NULL,NULL,14,15,NULL,28,NULL,NULL,NULL,31,NULL,15,NULL,22,NULL,46,NULL,47,NULL,17,Foundation,Released,2026-01-28
20410.0028,20410.55,H1,MIDLINE 55' LOT,18039 DISCOVERY ELM STREET,2026-01-20,NULL,NULL,NULL,NULL,NULL,NULL,NULL,NULL,NULL,2026-04-26,2026-05-15,2026-05-23,2026-06-03,2026-06-15,2026-07-04,2026-08-14,2026-08-24,2026-11-20,NULL,NULL,NULL,NULL,NULL,NULL,NULL,NULL,NULL,9,11,NULL,19,NULL,8,NULL,11,NULL,12,NULL,19,NULL,41,NULL,10,NULL,88,Foundation,Released,2026-01-20
211115,211,D4,WALSH RANCH 55' LOT,13248 MEADOW CROSS DRIVE,2025-10-24,2025-11-25,2025-12-10,2025-12-15,2026-01-02,2026-01-13,2026-01-20,NULL,NULL,NULL,2025-11-28,2025-12-12,2025-12-15,2026-01-04,2026-01-12,2026-01-20,2026-04-26,2026-05-04,2026-05-16,32,15,5,18,11,7,NULL,NULL,NULL,35,14,17,13,5,5,20,17,10,13,7,12,42,24,8,40,12,39,Interior,Trim,2026-01-20
245015,245,A2,PATTERSON RANCH 47' LOT,320 MARVINS BEND,2025-03-14,NULL,NULL,NULL,NULL,NULL,NULL,NULL,NULL,NULL,2026-04-26,2026-05-07,2026-05-13,2026-05-31,2026-06-10,2026-06-26,2026-07-29,2026-08-14,2026-12-12,NULL,NULL,NULL,NULL,NULL,NULL,NULL,NULL,NULL,NULL,27,NULL,11,NULL,6,NULL,18,NULL,10,NULL,16,NULL,33,NULL,16,NULL,120,Foundation,Released,2025-03-14
260060,260,D2,THE PARKS AT WILSON CREEK 40' LOT,2620 GATEWAY PLACE (M),2023-05-22,2023-07-21,2023-08-01,2023-08-09,2023-09-26,2023-10-10,2023-10-18,2023-12-07,2024-01-16,NULL,2023-06-03,2023-07-31,2023-08-05,2023-08-23,2023-10-08,2023-10-21,2023-11-04,2024-01-16,2026-04-26,60,11,8,48,14,8,50,40,NULL,NULL,12,NULL,10,NULL,4,NULL,14,NULL,12,NULL,11,NULL,17,NULL,18,94,88,Complete,Final,2024-01-16
268121,268,D1,AVONDALE 45' LOT,3061 ELMWOOD STREET (M),2023-11-21,2023-12-01,2023-12-12,2023-12-20,2024-01-10,2024-01-22,2024-02-07,2024-03-01,2024-03-08,NULL,2023-12-05,2023-12-16,2023-12-18,2024-01-03,2024-01-22,2024-02-12,2024-02-22,2024-03-08,2026-04-26,10,11,8,21,12,16,23,7,NULL,NULL,14,15,13,NULL,6,14,16,12,12,21,18,15,17,7,17,26,60,Complete,Final,2024-03-08
274097,274,H1,VALENCIA 50' LOT,18802 WINDY ORCHARD COURT,2024-01-08,2024-01-19,2024-02-09,2024-02-14,2024-02-23,2024-02-29,NULL,NULL,NULL,NULL,2024-01-15,2024-02-08,2024-02-17,2024-02-25,2024-03-06,2026-04-26,2026-06-06,2026-06-16,2026-08-11,11,21,5,9,6,NULL,NULL,NULL,NULL,7,11,20,19,8,8,11,11,NULL,12,NULL,19,NULL,41,NULL,10,56,88,Trim,Sheetrock,2024-02-29
288072,288,S3,MEADOWS OF MILL CREEK 50' LOT,1836 FIELD BROOK,2025-11-20,2025-12-08,2025-12-19,2025-12-31,2026-01-15,NULL,NULL,NULL,NULL,NULL,2025-12-10,2026-01-01,2025-12-27,2026-01-15,2026-04-26,2026-05-17,2026-06-01,2026-06-13,2026-10-10,18,11,12,15,NULL,NULL,NULL,NULL,NULL,20,14,24,12,8,7,15,15,9,12,21,15,15,23,NULL,12,119,98,Sheetrock,Mechanical,2026-01-15
292136,292,S2,ARCADIA RIDGE 45' LOT,12920 MILMAR DRIVE,2025-12-04,NULL,NULL,NULL,NULL,NULL,NULL,NULL,NULL,NULL,2026-04-26,2026-05-09,2026-05-15,2026-05-21,2026-06-05,2026-06-22,2026-07-20,2026-08-06,2027-04-01,NULL,NULL,NULL,NULL,NULL,NULL,NULL,NULL,NULL,18,20,13,10,6,7,6,17,15,12,17,17,28,30,17,16,238,96,Foundation,Released,2025-12-04
306104,306,S2,VERANDA SA 40' LOT,13215 KLEIN PRAIRIE,2024-06-20,2024-06-25,2024-07-03,2024-07-15,2024-07-17,2024-07-24,2025-11-21,2025-12-08,2025-12-19,NULL,2024-07-10,2024-07-05,2024-07-10,2024-08-01,2024-07-29,2024-08-10,2026-01-29,2025-12-19,2026-04-26,5,8,12,2,7,485,17,11,NULL,NULL,20,NULL,10,NULL,7,NULL,17,NULL,12,NULL,17,69,30,14,16,NULL,96,Complete,Final,2025-12-19
313111,313,A1,NOLINA 60' LOT,216 MEADOW BEAUTY LANE,2025-04-10,2025-04-25,2025-05-02,2025-05-12,2025-06-06,2025-06-16,2025-06-25,2025-07-17,2025-08-04,NULL,2025-04-19,2025-05-06,2025-05-08,2025-05-28,2025-06-12,2025-07-11,2025-08-03,2025-08-04,2026-04-26,15,7,10,25,10,9,22,18,NULL,9,15,11,9,6,6,16,15,6,13,25,17,NULL,39,NULL,11,163,96,Complete,Final,2025-08-04
339066,339,H5,THE GRAND PRAIRIE 40' LOT,27155 BUTTERFLY MINT LANE (C),2024-03-14,2024-03-20,2024-04-02,2024-04-08,2024-04-20,2024-05-07,NULL,NULL,NULL,NULL,2024-03-24,2024-04-04,2024-04-07,2024-04-24,2024-05-02,2026-04-26,2026-05-14,2026-05-24,2026-09-12,6,13,6,12,17,NULL,NULL,NULL,NULL,10,9,NULL,15,NULL,5,NULL,16,NULL,12,NULL,17,NULL,18,NULL,10,111,76,Trim,Sheetrock,2024-05-07
341055,341,D1,AVONDALE 40' (B) LOT,3052 ELMWOOD STREET (M),2023-12-28,2024-01-12,2024-01-23,2024-01-26,2024-02-19,2024-03-01,2024-03-26,2024-04-09,2024-04-19,NULL,2024-01-11,2024-01-25,2024-01-29,2024-02-11,2024-03-02,2024-03-19,2024-04-12,2024-04-19,2026-04-26,15,11,3,24,11,25,14,10,NULL,NULL,14,NULL,13,NULL,6,NULL,16,NULL,12,NULL,18,NULL,17,NULL,17,NULL,60,Complete,Final,2024-04-19
344043,344,D1,SOMERSET PARK 80' LOT,4505 SYLVAN PARK DRIVE,2025-10-06,2025-10-16,2025-11-03,2025-11-06,2025-11-20,2025-12-09,2025-12-23,2026-01-08,2026-01-28,NULL,2025-10-20,2025-10-29,2025-11-09,2025-11-22,2025-12-02,2025-12-23,2026-01-08,2026-01-28,2026-07-29,10,18,3,14,19,14,16,20,NULL,NULL,14,NULL,13,NULL,6,NULL,16,NULL,12,14,18,16,17,20,17,182,60,Complete,Final,2026-01-28
606081,606,S2,RANCHES AT CREEKSIDE 55' LOT,208 PAINT CREEK (C),2024-05-09,2024-05-14,2024-05-20,2024-05-29,2024-06-11,2024-06-25,NULL,NULL,NULL,NULL,2024-05-28,2024-05-20,2024-05-27,2024-06-11,2024-06-26,2026-04-26,2026-05-22,2026-06-04,2026-08-11,5,6,9,13,14,NULL,NULL,NULL,NULL,19,20,6,10,7,7,13,17,15,12,14,17,26,30,13,16,68,96,Trim,Sheetrock,2024-06-25
612091,612,H1,MERIDIANA 70' LOT,5302 DREAM COURT,2022-03-15,2022-04-05,2022-05-02,2022-05-10,2022-05-23,2022-06-06,2022-07-11,2022-08-17,2022-08-31,NULL,2022-03-28,2022-04-30,2022-05-10,2022-05-23,2022-06-04,2022-06-25,2022-08-21,2022-08-31,2026-04-26,21,27,8,13,14,35,37,14,NULL,13,11,25,19,8,8,13,11,NULL,12,NULL,19,NULL,41,NULL,10,NULL,88,Complete,Final,2022-08-31
612110,612,H1,MERIDIANA 70' LOT,5211 DEER VALLEY COURT,2025-12-17,2025-12-30,NULL,NULL,NULL,NULL,NULL,NULL,NULL,NULL,2025-12-30,2026-04-26,2026-05-04,2026-05-17,2026-05-29,2026-06-17,2026-07-28,2026-08-07,2026-11-03,13,NULL,NULL,NULL,NULL,NULL,NULL,NULL,NULL,13,11,25,19,8,8,13,11,NULL,12,NULL,19,NULL,41,NULL,10,NULL,88,Frame,Foundation,2025-12-30
665078,665,D2,DEVONSHIRE 45' LOT,1479 KINGSWELL LANE (M),2023-08-31,2023-09-06,2023-09-12,2023-09-12,2023-09-19,2023-10-02,2023-10-09,2023-10-18,2023-11-06,NULL,2023-09-11,2023-09-14,2023-09-17,2023-09-26,2023-10-03,2023-10-14,2023-10-27,2023-11-06,2026-04-26,6,6,0,7,13,7,9,19,NULL,11,12,8,10,5,4,NULL,14,14,12,12,11,18,17,10,18,74,88,Complete,Final,2023-11-06
678315,678,S1,KALLISON RANCH 60' LOT,10030 FORELOCK CREEK,2025-05-15,2025-05-20,2025-05-28,2025-06-02,2025-06-18,2025-06-20,2025-07-15,NULL,2025-09-08,NULL,2025-05-26,2025-06-03,2025-06-01,2025-06-12,2025-07-08,2025-07-11,2025-08-27,2025-09-08,2026-04-26,5,8,5,16,2,25,NULL,NULL,NULL,11,16,14,11,4,7,10,15,20,18,21,17,43,28,5,15,189,110,Complete,Final,2025-09-08
684171,684,S1,LADERA 50' LOT,2942 EAGLE RISE,2025-07-07,2025-07-21,2025-07-29,2025-08-12,2025-08-26,2025-09-12,2025-10-01,2025-11-07,2025-11-26,NULL,2025-07-23,2025-08-01,2025-08-09,2025-09-04,2025-09-13,2025-09-26,2025-10-25,2025-11-26,2026-08-30,14,8,14,14,17,19,37,19,NULL,NULL,16,NULL,11,11,7,23,15,NULL,18,14,17,24,28,23,15,277,110,Complete,Final,2025-11-26
715075,715,H2,AMIRA 45' LOT,20123 WILD HORSE HOLLOW (C),2019-08-22,2019-08-28,2019-09-06,2019-09-09,2019-09-19,2019-09-28,NULL,NULL,NULL,NULL,2019-08-31,2019-09-14,2019-09-09,2019-09-21,2019-09-30,2026-04-26,2026-05-12,2026-06-06,2026-08-14,6,9,3,10,9,NULL,NULL,NULL,NULL,NULL,9,NULL,17,NULL,3,NULL,12,NULL,11,NULL,17,NULL,16,NULL,25,69,54,Trim,Sheetrock,2019-09-28
726223,726,H6,STONECREEK ESTATES 60' LOT (A),5314 GILDED ESTATES DRIVE (M),2024-02-13,2024-02-21,2024-03-08,2024-03-15,2024-03-29,2024-04-02,2024-04-15,2024-05-01,2024-05-10,NULL,2024-02-23,2024-03-06,2024-03-12,2024-03-28,2024-04-07,2024-04-18,2024-05-05,2024-05-10,2026-04-26,8,16,7,14,4,13,16,9,NULL,NULL,10,NULL,14,NULL,4,NULL,13,NULL,9,NULL,16,NULL,20,NULL,12,NULL,58,Complete,Final,2024-05-10
728080,728,H3,FULBROOK ON FULSHEAR CREEK 60' LOT,4522 HEATHER CROSSING ROAD,2025-05-28,2025-06-11,2025-06-23,2025-06-26,2025-07-09,2025-07-24,2025-08-12,2025-12-11,NULL,NULL,2025-06-06,2025-06-26,2025-06-28,2025-07-08,2025-07-18,2025-08-09,2025-09-04,2026-04-26,2026-07-01,14,12,3,13,15,19,121,NULL,NULL,NULL,9,NULL,15,NULL,5,NULL,12,NULL,9,NULL,16,NULL,23,NULL,12,66,81,Final,Interior,2025-12-11
755090,755,A3,6 CREEKS 60' LOT,124 BREWER STREET,2025-11-14,2025-12-03,2025-12-15,2025-12-18,NULL,NULL,NULL,NULL,NULL,NULL,2025-12-17,2025-12-13,2025-12-18,2026-04-26,2026-05-09,2026-05-23,2026-06-29,2026-07-11,2026-10-31,19,12,3,NULL,NULL,NULL,NULL,NULL,NULL,33,17,10,9,3,5,23,21,13,13,NULL,14,NULL,37,NULL,12,112,64,Mechanicals,Cornice,2025-12-18
783115,783,A2,PARKSIDE ON THE RIVER 50' LOT,132 AMBER OAK LANE,2026-01-14,NULL,NULL,NULL,NULL,NULL,NULL,NULL,NULL,NULL,2026-04-26,2026-05-07,2026-05-18,2026-06-02,2026-06-10,2026-06-23,2026-08-04,2026-08-18,2027-01-12,NULL,NULL,NULL,NULL,NULL,NULL,NULL,NULL,NULL,NULL,27,NULL,11,11,6,15,18,8,10,13,16,42,33,14,16,147,120,Foundation,Released,2026-01-14
20008.0051,313,A1,NOLINA 60' LOT,405 PRICKLY POPPY WAY,2025-11-20,2025-12-04,2025-12-16,2025-12-18,2026-01-02,2026-01-08,2026-01-27,NULL,NULL,NULL,2025-11-29,2025-12-15,2025-12-22,2026-01-03,2026-01-08,2026-02-02,2026-04-26,2026-05-07,2026-10-17,14,12,2,15,6,19,NULL,NULL,NULL,9,15,11,9,6,6,16,15,6,13,25,17,NULL,39,NULL,11,163,96,Interior,Trim,2026-01-27
20010.0341,783,A2,PARKSIDE ON THE RIVER 50' LOT,105 BEAUTIFUL WISDOM COURT,2025-11-17,2025-12-02,2025-12-11,2025-12-22,2026-01-06,2026-01-16,NULL,NULL,NULL,NULL,2025-12-14,2025-12-13,2025-12-22,2026-01-06,2026-01-14,2026-04-26,2026-06-07,2026-06-21,2026-11-15,15,9,11,15,10,NULL,NULL,NULL,NULL,NULL,27,NULL,11,11,6,15,18,8,10,13,16,42,33,14,16,147,120,Trim,Sheetrock,2026-01-16
20010.0360,784,A2,PARKSIDE ON THE RIVER 60' LOT,1308 SCARLET SAGE DRIVE,2025-07-10,2025-08-18,2025-08-27,2025-09-03,2025-09-17,2025-09-30,2025-10-16,2025-11-13,2025-12-17,NULL,2025-08-06,2025-09-01,2025-09-02,2025-10-02,2025-09-29,2025-10-13,2025-11-20,2025-12-17,2026-04-26,39,9,7,14,13,16,28,34,NULL,NULL,27,14,11,6,6,29,18,12,10,13,16,35,33,NULL,16,NULL,120,Complete,Final,2025-12-17
20013.0596,741,A1,SANTA RITA RANCH 40' LOT,324 COVERED BRIDGE TRAIL,2025-12-26,2026-01-12,2026-01-16,2026-01-22,NULL,NULL,NULL,NULL,NULL,NULL,2026-01-10,2026-01-18,2026-01-22,2026-04-26,2026-05-03,2026-05-20,2026-06-19,2026-07-07,2026-07-28,17,4,6,NULL,NULL,NULL,NULL,NULL,NULL,15,15,6,9,6,6,17,15,7,13,NULL,17,30,39,18,11,21,96,Mechanicals,Cornice,2026-01-22
20016.0264,20016.56,A2,WOLF RANCH 56' LOT,545 RIVER OVERLOOK ROAD,2026-01-15,NULL,NULL,NULL,NULL,NULL,NULL,NULL,NULL,NULL,2026-04-26,2026-05-05,2026-05-11,2026-06-03,2026-06-13,2026-06-29,2026-07-23,2026-08-02,2026-10-28,NULL,NULL,NULL,NULL,NULL,NULL,NULL,NULL,NULL,23,27,9,11,6,6,23,18,NULL,10,NULL,16,24,33,10,16,87,120,Foundation,Released,2026-01-15
20016.0281,20016.56,A2,WOLF RANCH 56' LOT,520 SUNDANCE RIDGE (C),2025-08-06,2025-09-04,2025-09-15,2025-09-20,2025-10-13,2025-10-29,NULL,NULL,NULL,NULL,2025-08-29,2025-09-13,2025-09-21,2025-10-13,2025-10-23,2026-04-26,2026-05-20,2026-05-30,2026-08-25,29,11,5,23,16,NULL,NULL,NULL,NULL,23,27,9,11,6,6,23,18,NULL,10,NULL,16,24,33,10,16,87,120,Trim,Sheetrock,2025-10-29
20016.0331,689,A2,WOLF RANCH 51' LOT,516 SUMMER PLACE LANE,2025-06-30,2025-07-30,2025-08-08,2025-08-12,2025-08-26,2025-09-04,2025-10-10,2025-11-03,2025-11-12,NULL,2025-07-31,2025-08-09,2025-08-12,2025-09-05,2025-09-06,2025-09-19,2025-11-03,2025-11-12,2026-04-26,30,9,4,14,9,36,24,9,NULL,31,27,10,11,4,6,24,18,11,10,15,16,24,33,7,16,74,120,Complete,Final,2025-11-12
20034.0261,725,D4,VENTANA 50' LOT,10436 TERRAPIN ROAD,2025-09-05,2025-09-18,2025-09-25,2025-09-29,2025-10-13,2025-10-21,2025-10-28,2025-12-01,2026-01-13,NULL,2025-09-24,2025-10-01,2025-09-28,2025-10-13,2025-10-22,2025-11-19,2025-12-05,2026-01-13,2026-04-26,13,7,4,14,8,7,34,43,NULL,19,14,13,13,3,5,14,17,9,13,29,12,38,24,29,40,4,39,Complete,Final,2026-01-13
20056.0139,648,D2,CAMBRIDGE CROSSING 50' LOT,2832 BUCKINGHAM LANE,2025-12-03,2025-12-17,2025-12-29,2026-01-05,2026-01-14,NULL,NULL,NULL,NULL,NULL,2025-12-15,2025-12-28,2026-01-03,2026-01-18,2026-04-26,2026-05-07,2026-05-24,2026-06-11,2026-09-27,14,12,7,9,NULL,NULL,NULL,NULL,NULL,12,12,11,10,5,4,13,14,12,12,NULL,11,NULL,17,NULL,18,108,88,Sheetrock,Mechanical,2026-01-14
20066.0638,20066.55,D2,DEVONSHIRE 55' LOT,2615 BECKFORD DRIVE,2025-12-30,2026-01-09,2026-01-20,2026-01-22,NULL,NULL,NULL,NULL,NULL,NULL,2026-01-13,2026-01-19,2026-01-23,2026-04-26,2026-05-08,2026-05-19,2026-06-05,2026-06-23,2026-07-19,10,11,2,NULL,NULL,NULL,NULL,NULL,NULL,14,12,10,10,3,4,NULL,14,NULL,12,NULL,11,NULL,17,NULL,18,26,88,Mechanicals,Cornice,2026-01-22
20085.0048,316,D3,MOSAIC 50' LOT,4340 DOUBLE DIAMOND DRIVE,2025-05-15,2025-06-02,2025-06-16,2025-06-17,2025-07-02,2025-07-16,2025-07-25,2025-08-20,2025-08-30,NULL,2025-06-03,2025-06-09,2025-06-19,2025-06-30,2025-07-15,2025-08-05,2025-08-23,2025-08-30,2026-04-26,18,14,1,15,14,9,26,10,NULL,19,12,7,10,NULL,3,NULL,13,NULL,13,NULL,20,NULL,29,NULL,21,126,92,Complete,Final,2025-08-30
20088.0106,148,D4,SWEETGRASS 50' LOT,741 RED CEDAR ROAD,2026-01-20,NULL,NULL,NULL,NULL,NULL,NULL,NULL,NULL,NULL,2026-04-26,2026-05-07,2026-05-10,2026-05-27,2026-06-09,2026-06-21,2026-07-15,2026-08-24,2026-10-02,NULL,NULL,NULL,NULL,NULL,NULL,NULL,NULL,NULL,7,14,11,13,3,5,NULL,17,NULL,13,NULL,12,NULL,24,NULL,40,NULL,39,Foundation,Released,2026-01-20
20096.0032,285,F1,SOUTHERN HILLS 80' LOT,5541 CREEK RIDGE ROAD,2025-12-17,2025-12-31,NULL,NULL,NULL,NULL,NULL,NULL,NULL,NULL,2026-01-10,2026-04-26,NULL,2026-05-27,2026-06-25,2026-07-30,2026-10-13,2026-11-12,2026-11-19,14,NULL,NULL,NULL,NULL,NULL,NULL,NULL,NULL,24,15,NULL,28,NULL,NULL,NULL,31,29,15,35,22,75,46,30,47,7,17,Frame,Foundation,2025-12-31
20096.0075,20096.65,F1,SOUTHERN HILLS 65' LOT,4590 SOUTHERN VALLEY LOOP,2025-05-16,2025-06-09,2025-07-18,NULL,2025-09-02,2025-09-15,2025-10-01,2025-11-26,2026-01-23,NULL,2025-05-31,2025-07-07,NULL,2025-09-29,2025-09-17,2025-10-07,2025-11-16,2026-01-23,2026-04-26,24,39,NULL,46,13,16,56,58,NULL,NULL,15,NULL,28,NULL,NULL,73,31,NULL,15,NULL,22,NULL,46,58,47,42,17,Complete,Final,2026-01-23
20108.1105,102,H6,SIENNA 55' LOT,2027 ORCHARD ROSE DRIVE,2025-12-01,2025-12-10,2025-12-26,2025-12-31,2026-01-12,2026-01-21,NULL,NULL,NULL,NULL,2025-12-10,2025-12-28,2025-12-30,2026-01-12,2026-01-22,2026-04-26,2026-05-21,2026-06-03,2026-07-31,9,16,5,12,9,NULL,NULL,NULL,NULL,9,10,18,14,4,4,12,13,10,9,12,16,25,20,13,12,58,58,Trim,Sheetrock,2026-01-21
20108.1118,188,H6,SIENNA 65' LOT,1911 CROWN WOOD DRIVE (M),2025-09-29,2025-10-03,2025-10-16,2025-10-21,2025-11-06,2025-11-18,2025-12-05,NULL,NULL,NULL,2025-10-06,2025-10-17,2025-10-20,2025-11-03,2025-11-17,2025-12-09,2026-04-26,2026-05-08,2026-08-10,4,13,5,16,12,17,NULL,NULL,NULL,7,10,NULL,14,NULL,4,NULL,13,11,9,21,16,19,20,NULL,12,94,58,Interior,Trim,2025-12-05
20124.0166,695,H1,RICELAND 50' LOT,12038 JACOB LANE,2025-10-15,2025-10-24,2025-11-13,2025-11-20,2025-12-03,2025-12-11,2026-01-02,NULL,NULL,NULL,2025-10-29,2025-11-09,2025-11-21,2025-12-01,2025-12-06,2026-01-04,2026-04-26,2026-05-08,2026-07-17,9,20,7,13,8,22,NULL,NULL,NULL,14,11,16,19,NULL,8,NULL,11,3,12,24,19,24,41,12,10,70,88,Interior,Trim,2026-01-02
20132.0831,164,H1,MERIDIANA 60' LOT,6515 YELLOW ROSE COURT,2025-11-12,2025-11-20,2025-12-03,2025-12-10,2025-12-22,2026-01-15,NULL,NULL,NULL,NULL,2025-11-20,2025-12-09,2025-12-10,2025-12-19,2026-01-06,2026-04-26,2026-05-13,2026-05-24,2026-08-20,8,13,7,12,24,NULL,NULL,NULL,NULL,8,11,19,19,7,8,9,11,15,12,19,19,17,41,11,10,NULL,88,Trim,Sheetrock,2026-01-15
20132.0906,272,H1,MERIDIANA 40'/45' LOT,8927 GRAY FOX TRAIL,2025-10-15,2025-10-22,2025-11-11,2025-11-18,2025-11-26,2025-12-05,2025-12-22,2026-01-13,NULL,NULL,2025-10-27,2025-11-07,2025-11-19,2025-11-28,2025-12-03,2025-12-23,2026-01-11,2026-04-26,2026-05-19,7,20,7,8,9,17,22,NULL,NULL,12,11,16,19,8,8,10,11,7,12,18,19,20,41,12,10,23,88,Final,Interior,2026-01-13
20132.0973,20132.601,H1,MERIDIANA SERENITY 60' LOT,5718 CARACARA STREET,2025-07-14,2025-07-22,2025-08-08,2025-08-14,2025-08-22,2025-09-02,2025-09-10,2025-09-19,2025-10-01,NULL,2025-08-01,2025-07-31,2025-08-14,2025-08-21,2025-09-03,2025-09-21,2025-10-21,2025-10-01,2026-04-26,8,17,6,8,11,8,9,12,NULL,18,11,9,19,6,8,7,11,NULL,12,NULL,19,NULL,41,NULL,10,NULL,88,Complete,Final,2025-10-01
20132.1111,611,H1,MERIDIANA 55' LOT,9103 CLEAR WATER TRAIL,2025-09-30,2025-10-09,2025-11-11,2025-11-19,2025-12-04,2025-12-17,2025-12-29,2026-01-12,2026-01-22,NULL,2025-10-14,2025-10-25,2025-11-16,2025-11-30,2025-12-19,2026-01-03,2026-01-15,2026-01-22,2026-04-26,9,33,8,15,13,12,14,10,NULL,14,11,16,19,5,8,NULL,11,15,12,17,19,17,41,10,10,54,88,Complete,Final,2026-01-22
20165.0198,281,H1,VALENCIA 70' LOT,19018 AUTUMN HAZELNUT LANE,2026-01-05,2026-01-15,NULL,NULL,NULL,NULL,NULL,NULL,NULL,NULL,2026-01-13,2026-04-26,2026-04-28,2026-05-09,2026-05-21,2026-06-09,2026-07-20,2026-07-30,2026-11-14,10,NULL,NULL,NULL,NULL,NULL,NULL,NULL,NULL,8,11,25,19,2,8,NULL,11,NULL,12,NULL,19,NULL,41,NULL,10,107,88,Frame,Foundation,2026-01-15
20165.0233,274,H1,VALENCIA 50' LOT,6719 BURGUNDY BLAZE TRAILS,2025-12-17,2025-12-23,2026-01-15,2026-01-26,NULL,NULL,NULL,NULL,NULL,NULL,2025-12-24,2026-01-12,2026-01-23,2026-04-26,2026-05-08,2026-05-27,2026-07-07,2026-07-17,2026-09-11,6,23,11,NULL,NULL,NULL,NULL,NULL,NULL,7,11,20,19,8,8,11,11,NULL,12,NULL,19,NULL,41,NULL,10,56,88,Mechanicals,Cornice,2026-01-26
20175.0030,363,H5,JUBILEE 60' LOT,26211 MEADOW BLISS WAY,2025-07-07,2025-07-15,2025-08-01,2025-08-06,2025-08-19,2025-08-29,2025-09-16,2025-10-09,2025-10-20,NULL,2025-07-15,2025-08-01,2025-08-08,2025-08-20,2025-08-30,2025-09-15,2025-10-04,2025-10-20,2026-04-26,8,17,5,13,10,18,23,11,NULL,8,9,17,15,7,5,14,16,11,12,NULL,17,NULL,18,NULL,10,50,76,Complete,Final,2025-10-20
20178.0210,20178.80,H2,ESCONDIDO 80' LOT,1433 SWAYZE STREET,2025-03-24,2025-04-10,2025-04-24,2025-04-28,2025-05-12,2025-05-28,2025-06-13,2025-09-15,2025-10-01,NULL,2025-04-02,2025-04-28,2025-04-25,2025-05-15,2025-05-23,2025-06-19,2025-06-29,2025-10-01,2026-04-26,17,14,4,14,16,16,94,16,NULL,NULL,9,18,17,1,3,17,12,11,11,22,17,NULL,16,NULL,25,113,54,Complete,Final,2025-10-01
20178.0218,20178.80,H2,ESCONDIDO 80' LOT,1424 SWAYZE STREET,2025-11-06,2025-11-18,2025-12-11,2025-12-16,2026-01-08,2026-01-20,NULL,NULL,NULL,NULL,2025-11-15,2025-12-06,2025-12-12,2026-01-02,2026-01-19,2026-04-26,2026-05-12,2026-06-06,2026-09-27,12,23,5,23,12,NULL,NULL,NULL,NULL,NULL,9,18,17,1,3,17,12,11,11,22,17,NULL,16,NULL,25,113,54,Trim,Sheetrock,2026-01-20
20181.1019,582,H5,BRIDGELAND 55' LOT,10715 SUNDIAL LUPINE COURT,2025-12-30,2026-01-07,2026-01-26,NULL,NULL,NULL,NULL,NULL,NULL,NULL,2026-01-07,2026-01-26,2026-04-26,2026-05-05,2026-05-17,2026-05-31,2026-06-26,2026-07-09,2026-10-23,8,19,NULL,NULL,NULL,NULL,NULL,NULL,NULL,8,9,19,15,NULL,5,9,16,12,12,14,17,26,18,13,10,106,76,Cornice,Frame,2026-01-26
20181.1044,619,H5,BRIDGELAND 45' LOT,11122 MIDLAND HAWTHORN PLACE,2025-12-29,2026-01-09,2026-01-22,2026-01-27,NULL,NULL,NULL,NULL,NULL,NULL,2026-01-09,2026-01-20,2026-01-27,2026-04-26,2026-05-12,2026-05-29,2026-06-21,2026-07-01,2026-08-06,11,13,5,NULL,NULL,NULL,NULL,NULL,NULL,11,9,11,15,5,5,NULL,16,16,12,17,17,23,18,NULL,10,36,76,Mechanicals,Cornice,2026-01-27
20181.1047,619,H5,BRIDGELAND 45' LOT,21902 WOODLAND HAWTHORN LANE,2025-12-29,2026-01-12,2026-01-22,NULL,NULL,NULL,NULL,NULL,NULL,NULL,2026-01-09,2026-01-23,2026-04-26,2026-05-12,2026-05-28,2026-06-14,2026-07-07,2026-07-17,2026-08-22,14,10,NULL,NULL,NULL,NULL,NULL,NULL,NULL,11,9,11,15,5,5,NULL,16,16,12,17,17,23,18,NULL,10,36,76,Cornice,Frame,2026-01-22
20182.0798,715,H2,AMIRA 45' LOT,20514 BRONCO RIDGE DRIVE,2026-01-27,NULL,NULL,NULL,NULL,NULL,NULL,NULL,NULL,NULL,2026-04-26,2026-05-13,2026-05-16,2026-05-28,2026-06-08,2026-06-25,2026-07-11,2026-08-05,2026-10-13,NULL,NULL,NULL,NULL,NULL,NULL,NULL,NULL,NULL,NULL,9,NULL,17,NULL,3,NULL,12,NULL,11,NULL,17,NULL,16,NULL,25,69,54,Foundation,Released,2026-01-27
20183.0265,799,H2,AUDUBON PARK 60' LOT,39230 GREAT HERON COURT,2025-12-26,2026-01-08,2026-01-28,NULL,NULL,NULL,NULL,NULL,NULL,NULL,2026-01-07,2026-01-23,2026-04-26,2026-05-07,2026-05-18,2026-06-04,2026-06-20,2026-07-15,2026-09-07,13,20,NULL,NULL,NULL,NULL,NULL,NULL,NULL,12,9,15,17,5,3,11,12,11,11,NULL,17,NULL,16,NULL,25,NULL,54,Cornice,Frame,2026-01-28
20183.0283,799,H2,AUDUBON PARK 60' LOT,39019 HERON RUN WAY,2026-01-26,NULL,NULL,NULL,NULL,NULL,NULL,NULL,NULL,NULL,2026-04-26,2026-05-11,2026-05-16,2026-05-27,2026-06-07,2026-06-24,2026-07-10,2026-08-04,2026-09-27,NULL,NULL,NULL,NULL,NULL,NULL,NULL,NULL,NULL,12,9,15,17,5,3,11,12,11,11,NULL,17,NULL,16,NULL,25,NULL,54,Foundation,Released,2026-01-26
20183.0289,799,H2,AUDUBON PARK 60' LOT,16551 BRANCHERS DRIVE,2025-11-20,2025-12-10,2025-12-18,2025-12-22,2026-01-05,2026-01-15,NULL,NULL,NULL,NULL,2025-12-02,2025-12-25,2025-12-23,2026-01-02,2026-01-16,2026-04-26,2026-05-12,2026-06-06,2026-07-30,20,8,4,14,10,NULL,NULL,NULL,NULL,12,9,15,17,5,3,11,12,11,11,NULL,17,NULL,16,NULL,25,NULL,54,Trim,Sheetrock,2026-01-15
20195.0145,333,H5,THE GRAND PRAIRIE 50' LOT,27422 ROLLING BLUESTEM LANE,2025-09-29,2025-10-08,2025-10-17,2025-10-22,2025-10-31,2025-11-11,2025-11-20,2025-12-18,2026-01-02,NULL,2025-10-08,2025-10-22,2025-10-23,2025-11-16,2025-11-13,2025-11-26,2025-12-11,2026-01-02,2026-04-26,9,9,5,9,11,9,28,15,NULL,NULL,9,14,15,6,5,25,16,13,12,15,17,21,18,17,10,NULL,76,Complete,Final,2026-01-02
20205.0192,791,H4,THE HIGHLANDS 45' LOT,9627 MOUNT BREWER LANE,2025-11-10,2025-11-18,2025-11-27,2025-12-04,2025-12-12,2025-12-23,2026-01-06,2026-01-20,NULL,NULL,2025-11-20,2025-11-30,2025-11-30,2025-12-13,2025-12-23,2026-01-07,2026-01-21,2026-04-26,2026-05-27,8,9,7,8,11,14,14,NULL,NULL,10,9,NULL,12,NULL,3,NULL,9,11,10,15,15,15,17,8,13,31,97,Final,Interior,2026-01-20
20215.0325,194,H4,ARTAVIA 45' LOT,15162 LONDON GAVROCHE LANE,2026-01-12,2026-01-19,2026-01-23,2026-01-28,NULL,NULL,NULL,NULL,NULL,NULL,2026-01-19,2026-01-23,2026-01-28,2026-04-26,2026-05-06,2026-05-21,2026-06-07,2026-06-20,2026-11-19,7,4,5,NULL,NULL,NULL,NULL,NULL,NULL,7,9,4,12,5,3,NULL,9,NULL,10,NULL,15,NULL,17,NULL,13,152,97,Mechanicals,Cornice,2026-01-28
20221.0298,750,H4,GRAND CENTRAL PARK 45' LOT,304 SILVER SAGE STREET,2025-10-21,2025-10-27,2025-11-10,2025-11-14,2025-11-24,2025-12-05,2025-12-19,2025-12-31,2026-01-09,NULL,2025-10-30,2025-11-08,2025-11-13,2025-11-23,2025-12-04,2025-12-20,2025-12-31,2026-01-09,2026-04-26,6,14,4,10,11,14,12,9,NULL,NULL,9,NULL,12,NULL,3,NULL,9,NULL,10,NULL,15,12,17,13,13,58,97,Complete,Final,2026-01-09
20221.0304,621,H4,GRAND CENTRAL PARK 50' LOT,208 SILVER SAGE COURT,2025-12-11,2025-12-18,2025-12-30,2026-01-05,2026-01-13,2026-01-21,NULL,NULL,NULL,NULL,2025-12-20,2025-12-28,2026-01-03,2026-01-12,2026-01-22,2026-04-26,2026-05-13,2026-05-26,2026-10-21,7,12,6,8,8,NULL,NULL,NULL,NULL,9,9,10,12,4,3,7,9,9,10,NULL,15,NULL,17,NULL,13,148,97,Trim,Sheetrock,2026-01-21
20233.0595,617,H3,JORDAN RANCH 50' LOT,31518 MEADOW PLACE LANE,2026-01-27,NULL,NULL,NULL,NULL,NULL,NULL,NULL,NULL,NULL,2026-04-26,2026-05-13,2026-05-18,2026-06-01,2026-06-11,2026-06-27,2026-07-20,2026-08-01,2026-10-21,NULL,NULL,NULL,NULL,NULL,NULL,NULL,NULL,NULL,11,9,17,15,5,5,14,12,10,9,NULL,16,NULL,23,NULL,12,NULL,81,Foundation,Released,2026-01-27
20237.0076,20237.65,H5,KATY COURT 65' LOT,3811 BLUE INDIGO WAY (M),2025-10-15,2025-10-22,2025-11-06,2025-11-10,2025-11-18,2025-12-05,2025-12-26,NULL,NULL,NULL,2025-10-24,2025-11-06,2025-11-11,2025-11-26,2025-11-29,2026-01-03,2026-04-26,2026-05-06,2026-07-21,7,15,4,8,17,21,NULL,NULL,NULL,NULL,9,NULL,15,NULL,5,NULL,16,11,12,29,17,NULL,18,NULL,10,NULL,76,Interior,Trim,2025-12-26
20238.0768,730,H5,ELYSON 45' LOT,25211 FORAGE MIST COURT,2026-01-05,2026-01-14,2026-01-22,2026-01-27,NULL,NULL,NULL,NULL,NULL,NULL,2026-01-14,2026-01-25,2026-01-25,2026-04-26,2026-05-07,2026-05-21,2026-06-07,2026-06-10,2026-06-29,9,8,5,NULL,NULL,NULL,NULL,NULL,NULL,9,9,11,15,3,5,16,16,11,12,14,17,17,18,3,10,19,76,Mechanicals,Cornice,2026-01-27
20238.0772,625,H5,ELYSON 55' LOT,25122 WILDERNESS HAVEN LANE,2026-01-12,2026-01-21,NULL,NULL,NULL,NULL,NULL,NULL,NULL,NULL,2026-01-19,2026-04-26,2026-05-03,2026-05-12,2026-05-21,2026-06-07,2026-06-25,2026-06-30,2026-09-16,9,NULL,NULL,NULL,NULL,NULL,NULL,NULL,NULL,7,9,13,15,7,5,9,16,9,12,NULL,17,NULL,18,5,10,78,76,Frame,Foundation,2026-01-21
20238.0817,159,H5,ELYSON 70' LOT,25111 NIGHT PINES COURT,2025-10-07,2025-10-15,2025-11-10,2025-11-13,2025-11-26,2025-12-08,2025-12-29,2026-01-12,NULL,NULL,2025-10-15,2025-10-28,2025-11-16,2025-12-03,2025-12-10,2025-12-25,2026-01-12,2026-04-26,2026-07-30,8,26,3,13,12,21,14,NULL,NULL,8,9,13,15,6,5,20,16,14,12,17,17,14,18,NULL,10,95,76,Final,Interior,2026-01-12
20243.0259,175,H5,MARVIDA 45' LOT,21363 MANATEE ROCK LANE,2025-12-16,2025-12-23,2026-01-09,2026-01-16,2026-01-29,NULL,NULL,NULL,NULL,NULL,2025-12-25,2026-01-06,2026-01-14,2026-01-30,2026-04-26,2026-05-12,2026-05-25,2026-06-02,2026-08-29,7,17,7,13,NULL,NULL,NULL,NULL,NULL,9,9,14,15,5,5,14,16,9,12,16,17,13,18,8,10,88,76,Sheetrock,Mechanical,2026-01-29
20252.0361,290,H6,STONECREEK ESTATES 50' LOT,2106 PINE ACRE DRIVE,2025-10-20,2025-10-30,2025-11-11,2025-11-14,2025-11-26,2025-12-03,2025-12-23,2026-01-20,NULL,NULL,2025-11-01,2025-11-14,2025-11-16,2025-11-27,2025-12-06,2025-12-19,2026-01-14,2026-04-26,2026-05-28,10,12,3,12,7,20,28,NULL,NULL,12,10,15,14,5,4,13,13,10,9,16,16,22,20,13,12,32,58,Final,Interior,2026-01-20
20252.0523,20252.601,H6,STONECREEK ESTATES 60' LOT (B),5543 VIOLET RIDGE DRIVE,2025-10-31,2025-11-11,2025-12-18,2025-12-22,2026-01-08,2026-01-16,NULL,NULL,NULL,NULL,2025-11-10,2025-12-02,2025-12-22,2026-01-07,2026-01-17,2026-04-26,2026-05-09,2026-05-23,2026-06-06,11,37,4,17,8,NULL,NULL,NULL,NULL,10,10,21,14,4,4,16,13,9,9,17,16,13,20,14,12,14,58,Trim,Sheetrock,2026-01-16
20265.0225,133,H3,CROSS CREEK WEST 55' LOT,31518 WILD YUKON COURT (M),2025-07-17,2025-07-15,2025-07-31,2025-08-04,2025-08-09,2025-08-15,2025-09-05,2025-09-11,2025-09-26,NULL,2025-07-25,2025-07-31,2025-08-04,2025-08-18,2025-08-20,2025-08-29,2025-09-28,2025-09-26,2026-04-26,-2,16,4,5,6,21,6,15,NULL,8,9,16,15,4,5,14,12,11,9,14,16,NULL,23,NULL,12,35,81,Complete,Final,2025-09-26
20267.0533,772,H3,CANDELA 40' LOT,10418 STARFIRE YELLOW DRIVE,2025-12-18,2025-12-30,2026-01-09,2026-01-12,2026-01-23,2026-01-28,NULL,NULL,NULL,NULL,2025-12-26,2026-01-13,2026-01-14,2026-01-25,2026-01-31,2026-04-26,2026-05-19,2026-05-31,2026-09-13,12,10,3,11,5,NULL,NULL,NULL,NULL,8,9,14,15,5,5,13,12,8,9,NULL,16,NULL,23,NULL,12,105,81,Trim,Sheetrock,2026-01-28
20272.0500,705,H6,HARVEST GREEN 45' LOT,210 MANDARIN MIST STREET,2025-11-05,2025-11-14,2025-11-24,2025-12-01,2025-12-04,2025-12-10,2025-12-23,2026-01-14,2026-01-28,NULL,2025-11-18,2025-11-20,2025-11-27,2025-12-09,2025-12-10,2025-12-25,2026-01-08,2026-01-28,2026-04-26,9,10,7,3,6,13,22,14,NULL,13,10,6,14,3,4,8,13,6,9,15,16,16,20,9,12,39,58,Complete,Final,2026-01-28
20286.0110,190,S1,VIDA 50' LOT,10814 SALEH CORNER,2026-01-21,NULL,NULL,NULL,NULL,NULL,NULL,NULL,NULL,NULL,2026-04-26,2026-05-12,2026-05-17,2026-05-31,2026-06-16,2026-07-04,2026-07-25,2026-08-26,2027-01-02,NULL,NULL,NULL,NULL,NULL,NULL,NULL,NULL,NULL,20,16,16,11,5,7,14,15,16,18,18,17,21,28,32,15,129,110,Foundation,Released,2026-01-21
20288.1221,685,S1,KALLISON RANCH 45' LOT (A),14423 CHAPARRAL RUN,2025-10-16,2025-10-28,2025-11-05,2025-11-06,2025-11-18,2025-12-03,2025-12-11,2026-01-05,2026-01-22,NULL,2025-10-27,2025-11-05,2025-11-11,2025-11-20,2025-12-12,2025-12-20,2026-01-06,2026-01-22,2026-04-26,12,8,1,12,15,8,25,17,NULL,11,16,8,11,6,7,14,15,24,18,NULL,17,26,28,18,15,32,110,Complete,Final,2026-01-22
20288.1301,685,S1,KALLISON RANCH 45' LOT (A),14521 CHAPARRAL RUN,2025-11-20,2025-12-05,2025-12-15,2025-12-15,2026-01-01,2026-01-22,NULL,NULL,NULL,NULL,2025-12-01,2025-12-13,2025-12-21,2025-12-29,2026-01-25,2026-04-26,2026-05-22,2026-06-09,2026-07-11,15,10,0,17,21,NULL,NULL,NULL,NULL,11,16,8,11,6,7,14,15,24,18,NULL,17,26,28,18,15,32,110,Trim,Sheetrock,2026-01-22
20313.0049,160,S2,CORLEY FARMS 50' LOT,128 MERRY CALF LANE,2025-10-30,2025-11-11,2025-11-21,2025-11-26,2025-12-09,2025-12-18,2026-01-06,2026-01-27,NULL,NULL,2025-11-19,2025-11-21,2025-11-26,2025-12-13,2025-12-22,2026-01-03,2026-01-27,2026-04-26,2026-07-23,12,10,5,13,9,19,21,NULL,NULL,NULL,20,10,10,5,7,17,17,13,12,16,17,21,30,14,16,88,96,Final,Interior,2026-01-27
20316.0166,20316.55,S3,HOMESTEAD 55' LOT,4793 TERREL POINT,2025-03-12,2025-03-23,2025-03-31,2025-04-07,2025-04-17,2025-04-22,2025-05-05,2025-05-29,2025-06-19,NULL,2025-03-31,2025-03-29,2025-04-07,2025-05-03,2025-04-30,2025-05-03,2025-05-29,2025-06-19,2026-04-26,11,8,7,10,5,13,24,21,NULL,19,14,6,12,7,7,26,15,13,12,11,15,24,23,1,12,158,98,Complete,Final,2025-06-19
20325.0239,788,S3,VERAMENDI 60' LOT,2228 SUR AVENUE,2025-07-08,2025-07-29,2025-08-20,2025-08-20,2025-08-28,2025-09-08,2025-09-29,2025-10-24,2025-11-14,NULL,2025-07-16,2025-08-10,2025-08-26,2025-08-31,2025-09-07,2025-09-23,2025-10-22,2025-11-14,2026-04-26,21,22,0,8,11,21,25,21,NULL,8,14,12,12,6,7,11,15,10,12,NULL,15,NULL,23,15,12,60,98,Complete,Final,2025-11-14
20344.0234,289,S3,MEADOWS OF MILL CREEK 60' LOT,2949 HARVEST MOON,2025-10-23,2025-10-27,2025-11-05,2025-11-10,2025-11-19,2025-12-01,2025-12-17,2026-01-07,2026-01-26,NULL,2025-11-01,2025-11-11,2025-11-14,2025-11-19,2025-11-29,2025-12-14,2026-01-07,2026-01-26,2026-04-26,4,9,5,9,12,16,21,19,NULL,9,14,15,12,9,7,9,15,10,12,13,15,21,23,19,12,78,98,Complete,Final,2026-01-26
20353.0070,20353.50,A1,PARMER RANCH 50' LOT,1124 GLEN HEATHER DRIVE,2026-01-27,NULL,NULL,NULL,NULL,NULL,NULL,NULL,NULL,NULL,2026-04-26,2026-05-04,2026-05-09,2026-05-28,2026-06-09,2026-06-23,2026-07-10,2026-07-22,2027-01-03,NULL,NULL,NULL,NULL,NULL,NULL,NULL,NULL,NULL,18,15,8,9,5,6,19,15,12,13,14,17,17,39,12,11,165,96,Foundation,Released,2026-01-27
20359.0078,20359.60,H3,GRANGE 60' LOT,433 SOARING SPARROW TRAIL,2025-03-11,2025-03-21,2025-04-03,2025-04-12,2025-04-30,2025-05-12,2025-05-23,2025-06-16,2025-07-30,NULL,2025-03-21,2025-04-09,2025-04-06,2025-04-27,2025-05-11,2025-05-22,2025-06-14,2025-07-30,2026-04-26,10,13,9,18,12,11,24,44,NULL,10,9,19,15,3,5,15,12,11,9,10,16,22,23,NULL,12,146,81,Complete,Final,2025-07-30
20360.0007,20360.65,A3,PARTEN 65' LOT,204 LEANING ROCK RIDGE,2025-12-26,2026-01-13,2026-01-23,NULL,NULL,NULL,NULL,NULL,NULL,NULL,2026-01-17,2026-01-25,2026-04-26,2026-05-22,2026-06-09,2026-06-25,2026-08-06,2026-08-13,2026-10-18,18,10,NULL,NULL,NULL,NULL,NULL,NULL,NULL,22,17,12,9,4,5,26,21,18,13,16,14,42,37,7,12,66,64,Cornice,Frame,2026-01-23
20360.0009,20360.65,A3,PARTEN 65' LOT,228 LEANING ROCK RIDGE,2025-11-26,2025-12-17,2025-12-30,2026-01-06,NULL,NULL,NULL,NULL,NULL,NULL,2025-12-18,2025-12-29,2026-01-03,2026-04-26,2026-05-14,2026-05-30,2026-07-11,2026-07-18,2026-09-22,21,13,7,NULL,NULL,NULL,NULL,NULL,NULL,22,17,12,9,4,5,26,21,18,13,16,14,42,37,7,12,66,64,Mechanicals,Cornice,2026-01-06
20360.0010,20360.65,A3,PARTEN 65' LOT,290 LEANING ROCK RIDGE,2025-11-26,2025-12-16,2025-12-30,2025-12-31,2026-01-21,NULL,NULL,NULL,NULL,NULL,2025-12-18,2025-12-28,2026-01-03,2026-01-26,2026-04-26,2026-05-12,2026-06-23,2026-06-30,2026-09-04,20,14,1,21,NULL,NULL,NULL,NULL,NULL,22,17,12,9,4,5,26,21,18,13,16,14,42,37,7,12,66,64,Sheetrock,Mechanical,2026-01-21
20360.0016,20360.65,A3,PARTEN 65' LOT,430 LEANING ROCK RIDGE,2025-09-23,2025-10-03,2025-10-14,2025-10-20,2025-10-31,2025-11-11,2025-11-25,2026-01-06,2026-01-13,NULL,2025-10-15,2025-10-15,2025-10-18,2025-11-15,2025-11-18,2025-11-27,2026-01-06,2026-01-13,2026-04-26,10,11,6,11,11,14,42,7,NULL,22,17,12,9,4,5,26,21,18,13,16,14,42,37,7,12,66,64,Complete,Final,2026-01-13
20360.0066,20360.75,A3,PARTEN 75'/85' LOT,260 BIRD HOLLOW,2025-11-12,2025-11-25,2025-12-09,2025-12-16,2026-01-07,NULL,NULL,NULL,NULL,NULL,2025-11-30,2025-12-04,2025-12-21,2026-01-08,2026-04-26,2026-05-19,2026-06-25,2026-07-22,2026-08-23,13,14,7,22,NULL,NULL,NULL,NULL,NULL,18,17,9,9,12,5,23,21,NULL,13,23,14,NULL,37,27,12,32,64,Sheetrock,Mechanical,2026-01-07
20362.0090,20362.60,D3,HILLSTEAD 60' LOT,912 RIVER SKY ROAD,2025-12-29,2026-01-09,2026-01-20,2026-01-22,NULL,NULL,NULL,NULL,NULL,NULL,2026-01-09,2026-01-20,2026-01-23,2026-04-26,2026-05-07,2026-05-25,2026-06-23,2026-07-15,2026-11-05,11,11,2,NULL,NULL,NULL,NULL,NULL,NULL,11,12,11,10,3,3,14,13,11,13,18,20,NULL,29,22,21,113,92,Mechanicals,Cornice,2026-01-22
20363.0029,20363.45,S3,SOLMS LANDING 45' LOT,449 CONSTANCE DRIVE (M),2024-09-18,2024-09-25,2024-10-03,2024-10-07,2024-10-12,2024-10-22,2024-10-29,2024-11-25,2024-12-12,NULL,2024-10-01,2024-10-03,2024-10-07,2024-10-18,2024-10-24,2024-11-08,2024-11-21,2024-12-12,2026-04-26,7,8,4,5,10,7,27,17,NULL,13,14,8,12,4,7,11,15,12,12,17,15,NULL,23,NULL,12,88,98,Complete,Final,2024-12-12
20364.0026,20364.50,H2,KRESSTON 50' LOT,26722 TRAILBLAZERS RUN,2026-01-21,NULL,NULL,NULL,NULL,NULL,NULL,NULL,NULL,NULL,2026-04-26,2026-05-18,2026-05-20,2026-06-01,2026-06-12,2026-06-29,2026-07-15,2026-08-09,2026-10-12,NULL,NULL,NULL,NULL,NULL,NULL,NULL,NULL,NULL,5,9,22,17,2,3,12,12,NULL,11,NULL,17,NULL,16,NULL,25,64,54,Foundation,Released,2026-01-21
20364.0053,20364.65,H2,KRESSTON 65' LOT,27012 WEST RANCH HOUSE ROAD,2025-11-05,2025-11-12,2025-12-09,2025-12-15,2026-01-08,2026-01-20,NULL,NULL,NULL,NULL,2025-11-15,2025-12-12,2025-12-14,2026-01-04,2026-01-21,2026-04-26,2026-05-12,2026-06-06,2026-08-19,7,27,6,24,12,NULL,NULL,NULL,NULL,10,9,30,17,5,3,20,12,13,11,12,17,NULL,16,NULL,25,74,54,Trim,Sheetrock,2026-01-20
20365.0015,20365.1A,S2,GEORGE'S RANCH 1 ACRE LOT,145 WESTERN JUSTICE,2025-02-14,2025-02-28,2025-03-10,2025-03-17,2025-04-16,2025-04-28,2025-05-13,2025-06-18,2025-06-23,NULL,2025-02-28,2025-03-16,2025-03-17,2025-04-22,2025-04-28,2025-05-15,2025-06-12,2025-06-23,2026-04-26,14,10,7,30,12,15,36,5,NULL,14,20,16,10,NULL,7,36,17,NULL,12,NULL,17,NULL,30,NULL,16,64,96,Complete,Final,2025-06-23
20367.0043,20367.55,F1,MANDARIN GROVE 55' LOT,3720 109TH STREET EAST,2026-01-08,2026-01-20,NULL,NULL,NULL,NULL,NULL,NULL,NULL,NULL,2026-01-22,2026-04-26,NULL,2026-05-17,2026-06-01,2026-06-23,2026-07-19,2026-09-04,2026-09-21,12,NULL,NULL,NULL,NULL,NULL,NULL,NULL,NULL,14,15,30,28,NULL,NULL,21,31,NULL,15,NULL,22,26,46,NULL,47,NULL,17,Frame,Foundation,2026-01-20
20369.0016,20369.50,S1,HABY HILL 50' LOT,241 HABY HOLLOW,2025-12-10,2025-12-18,2026-01-02,2026-01-05,2026-01-16,NULL,NULL,NULL,NULL,NULL,2025-12-25,2025-12-26,2026-01-10,2026-01-19,2026-04-26,2026-05-12,2026-06-09,2026-06-20,2026-08-20,8,15,3,11,NULL,NULL,NULL,NULL,NULL,15,16,8,11,8,7,14,15,21,18,16,17,NULL,28,11,15,61,110,Sheetrock,Mechanical,2026-01-16
20369.0025,20369.50,S1,HABY HILL 50' LOT,357 HABY HOLLOW,2025-11-06,2025-11-19,2025-12-09,2025-12-16,2025-12-30,2026-01-21,NULL,NULL,NULL,NULL,2025-11-21,2025-11-27,2025-12-17,2025-12-30,2026-01-20,2026-04-26,2026-05-24,2026-06-04,2026-08-04,13,20,7,14,22,NULL,NULL,NULL,NULL,15,16,8,11,8,7,14,15,21,18,16,17,NULL,28,11,15,61,110,Trim,Sheetrock,2026-01-21
20369.0086,20369.60,S1,HABY HILL 60' LOT,304 HABY HILL,2025-11-20,2025-12-08,2025-12-19,2025-12-30,2026-01-16,NULL,NULL,NULL,NULL,NULL,2025-12-01,2025-12-19,2025-12-30,2026-01-16,2026-04-26,2026-05-11,2026-06-08,2026-06-23,2026-11-14,18,11,11,17,NULL,NULL,NULL,NULL,NULL,11,16,11,11,11,7,17,15,NULL,18,15,17,NULL,28,NULL,15,144,110,Sheetrock,Mechanical,2026-01-16
20370.0015,20370.50,A2,FLORA 50' LOT,625 ROCK DAISY TRAIL,2025-05-01,2025-05-19,2025-05-29,2025-06-02,2025-06-24,2025-07-08,2025-07-29,2025-08-25,2025-09-08,NULL,2025-05-20,2025-05-28,2025-06-04,2025-06-21,2025-07-04,2025-08-03,2025-08-24,2025-09-08,2026-04-26,18,10,4,22,14,21,27,14,NULL,19,27,9,11,6,6,19,18,10,10,26,16,26,33,11,16,131,120,Complete,Final,2025-09-08
20371.0010,20371.40,H3,CANDELA SOUTH 40' LOT,8603 MAE JAMES TRAIL,2025-11-20,2025-11-25,2025-12-09,2025-12-12,2025-12-19,2025-12-29,2026-01-12,2026-01-27,NULL,NULL,2025-12-05,2025-12-06,2025-12-15,2025-12-17,2025-12-26,2026-01-11,2026-01-26,2026-04-26,2026-07-16,5,14,3,7,10,14,15,NULL,NULL,15,9,11,15,6,5,5,12,7,9,13,16,14,23,14,12,NULL,81,Final,Interior,2026-01-27
20372.0024,20372.60,D4,TALON HILLS 60'/70',7305 SAKER STREET,2026-01-20,NULL,NULL,NULL,NULL,NULL,NULL,NULL,NULL,NULL,2026-04-26,2026-05-09,2026-05-14,2026-05-31,2026-06-13,2026-07-02,2026-07-17,2026-08-10,2027-01-15,NULL,NULL,NULL,NULL,NULL,NULL,NULL,NULL,NULL,NULL,14,NULL,13,NULL,5,NULL,17,NULL,13,19,12,15,24,24,40,158,39,Foundation,Released,2026-01-20
20373.0003,20373.50,A2,PARKSIDE ON THE RIVER WEST 50' LOT,101 WILD LILY TRAIL,2025-12-19,2026-01-09,2026-01-27,NULL,NULL,NULL,NULL,NULL,NULL,NULL,2026-01-09,2026-01-27,2026-04-26,2026-05-19,2026-06-01,2026-06-17,2026-07-24,2026-08-27,2026-12-25,21,18,NULL,NULL,NULL,NULL,NULL,NULL,NULL,21,27,18,11,NULL,6,23,18,13,10,NULL,16,37,33,34,16,NULL,120,Cornice,Frame,2026-01-27
20373.0006,20373.50,A2,PARKSIDE ON THE RIVER WEST 50' LOT,229 WILD LILY TRAIL,2025-10-21,2025-11-04,2025-11-12,2025-11-13,2025-11-26,2025-12-08,2025-12-19,NULL,NULL,NULL,2025-11-11,2025-11-22,2025-11-18,2025-12-06,2025-12-09,2025-12-24,2026-04-26,2026-05-30,2026-09-27,14,8,1,13,12,11,NULL,NULL,NULL,21,27,18,11,NULL,6,23,18,13,10,NULL,16,37,33,34,16,NULL,120,Interior,Trim,2025-12-19
20373.0039,20373.60,A2,PARKSIDE ON THE RIVER WEST 60' LOT,1441 AMANDA PAIGE DRIVE,2025-11-24,2025-12-10,2025-12-28,2026-01-02,2026-01-20,NULL,NULL,NULL,NULL,NULL,2025-12-21,2025-12-28,2026-01-05,2026-01-21,2026-04-26,2026-05-12,2026-06-14,2026-06-30,2026-09-26,16,18,5,18,NULL,NULL,NULL,NULL,NULL,NULL,27,18,11,8,6,19,18,20,10,NULL,16,NULL,33,NULL,16,88,120,Sheetrock,Mechanical,2026-01-20
20373.0119,20373.70,A2,PARKSIDE ON THE RIVER WEST 70'/80' LOT,108 GREAT HOPE COVE,2025-08-26,2025-09-15,2025-09-30,2025-10-06,2025-10-22,2025-11-11,2025-11-19,2026-01-02,NULL,NULL,2025-10-03,2025-09-30,2025-10-07,2025-10-24,2025-11-01,2025-11-27,2026-01-01,2026-04-26,2026-05-04,20,15,6,16,20,8,44,NULL,NULL,38,27,15,11,7,6,NULL,18,NULL,10,NULL,16,43,33,29,16,8,120,Final,Interior,2026-01-02
20374.0006,20374.50,F1,MAGNOLIA BAY 50' LOT,422 SUN CHASER DRIVE,2026-01-14,NULL,NULL,NULL,NULL,NULL,NULL,NULL,NULL,NULL,2026-04-26,2026-05-28,NULL,2026-06-19,2026-07-03,2026-07-15,2026-08-30,2026-10-16,2026-11-05,NULL,NULL,NULL,NULL,NULL,NULL,NULL,NULL,NULL,16,15,32,28,NULL,NULL,22,31,14,15,12,22,NULL,46,NULL,47,20,17,Foundation,Released,2026-01-14
20376.0008,20376.40,H2,WOODHAVYN 40' LOT,30309 RUBY FOREST COURT,2025-02-24,2025-02-28,2025-03-10,2025-03-13,2025-03-25,2025-03-31,2025-04-15,2025-11-18,2025-11-26,NULL,2025-03-05,2025-03-09,2025-03-13,2025-03-22,2025-04-05,2025-04-17,2025-05-01,2025-11-26,2026-04-26,4,10,3,12,6,15,217,8,NULL,9,9,9,17,3,3,9,12,NULL,11,NULL,17,NULL,16,NULL,25,34,54,Complete,Final,2025-11-26
20376.0040,20376.50,H2,WOODHAVYN 50' LOT,29735 BRUSHY GABLES DRIVE,2025-12-18,2025-12-23,2026-01-08,2026-01-14,2026-01-24,NULL,NULL,NULL,NULL,NULL,2025-12-23,2026-01-08,2026-01-14,2026-01-24,2026-04-26,2026-05-13,2026-05-29,2026-06-23,2026-07-29,5,16,6,10,NULL,NULL,NULL,NULL,NULL,5,9,16,17,6,3,10,12,NULL,11,NULL,17,NULL,16,NULL,25,36,54,Sheetrock,Mechanical,2026-01-24
20376.0043,20376.50,H2,WOODHAVYN 50' LOT,29748 BRUSHY GABLES DRIVE,2025-03-11,2025-03-18,2025-03-29,2025-04-04,2025-04-12,2025-04-23,2025-05-08,2025-11-11,2025-11-19,NULL,2025-03-16,2025-04-03,2025-04-04,2025-04-14,2025-04-23,2025-05-10,2025-05-24,2025-11-19,2026-04-26,7,11,6,8,11,15,187,8,NULL,5,9,16,17,6,3,10,12,NULL,11,NULL,17,NULL,16,NULL,25,36,54,Complete,Final,2025-11-19
20376.0048,20376.50,H2,WOODHAVYN 50' LOT,29792 BRUSHY GABLES DRIVE,2025-03-25,2025-04-05,2025-04-16,2025-04-18,2025-05-01,2025-05-14,2025-06-09,2025-11-03,2025-11-25,NULL,2025-03-30,2025-04-21,2025-04-22,2025-04-28,2025-05-12,2025-05-31,2025-06-25,2025-11-25,2026-04-26,11,11,2,13,13,26,147,22,NULL,5,9,16,17,6,3,10,12,NULL,11,NULL,17,NULL,16,NULL,25,36,54,Complete,Final,2025-11-25
20377.0046,20377.55,H2,COLTON 55' LOT,1907 LANGFORD STREET,2026-01-13,2026-01-24,NULL,NULL,NULL,NULL,NULL,NULL,NULL,NULL,2026-01-24,2026-04-26,2026-04-29,2026-05-11,2026-05-18,2026-05-31,2026-06-15,2026-07-10,2027-01-26,11,NULL,NULL,NULL,NULL,NULL,NULL,NULL,NULL,11,9,NULL,17,NULL,3,NULL,12,7,11,13,17,15,16,NULL,25,200,54,Frame,Foundation,2026-01-24
20379.0020,20379.50,A1,ELDORADO 50' LOT,209 ENSBERG LANE,2026-01-22,NULL,NULL,NULL,NULL,NULL,NULL,NULL,NULL,NULL,2026-04-26,2026-05-03,2026-05-10,2026-05-21,2026-05-30,2026-06-14,2026-07-23,2026-08-03,2026-11-14,NULL,NULL,NULL,NULL,NULL,NULL,NULL,NULL,NULL,7,15,7,9,7,6,11,15,9,13,15,17,NULL,39,NULL,11,103,96,Foundation,Released,2026-01-22
20379.0034,20379.60,A1,ELDORADO 60' LOT,209 MATON WAY,2025-04-07,2025-04-11,2025-04-17,2025-04-23,2025-05-02,2025-05-12,2025-05-28,2025-09-08,2025-09-15,NULL,2025-04-22,2025-04-20,2025-04-23,2025-05-02,2025-05-14,2025-05-26,2025-07-06,2025-09-15,2026-04-26,4,6,6,9,10,16,103,7,NULL,NULL,15,NULL,9,NULL,6,9,15,12,13,14,17,NULL,39,4,11,NULL,96,Complete,Final,2025-09-15
20379.0035,20379.60,A1,ELDORADO 60' LOT,213 MATON WAY,2025-04-07,2025-04-11,2025-04-18,2025-04-24,2025-05-06,2025-05-20,2025-06-02,2025-09-09,2025-09-15,NULL,2025-04-22,2025-04-20,2025-04-24,2025-05-03,2025-05-18,2025-06-03,2025-07-11,2025-09-15,2026-04-26,4,7,6,12,14,13,99,6,NULL,NULL,15,NULL,9,NULL,6,9,15,12,13,14,17,NULL,39,4,11,NULL,96,Complete,Final,2025-09-15
20379.0038,20379.70,A1,ELDORADO 70' LOT,134 OSWALT WAY,2025-05-08,2025-05-14,2025-05-27,2025-05-27,2025-06-06,2025-06-18,2025-07-15,2025-09-17,2025-09-17,NULL,2025-05-29,2025-05-31,2025-05-31,2025-06-11,2025-06-27,2025-06-29,2025-08-15,2025-09-17,2026-04-26,6,13,0,10,12,27,64,0,NULL,21,15,17,9,4,6,NULL,15,21,13,11,17,31,39,NULL,11,NULL,96,Complete,Final,2025-09-17
20379.0070,20379.60,A1,ELDORADO 60' LOT,232 MATON WAY,2025-11-18,2025-12-01,2025-12-09,2025-12-17,2025-12-30,2026-01-09,2026-01-23,NULL,NULL,NULL,2025-12-03,2025-12-10,2025-12-15,2025-12-26,2026-01-11,2026-01-23,2026-04-26,2026-04-30,2026-08-04,13,8,8,13,10,14,NULL,NULL,NULL,NULL,15,NULL,9,NULL,6,9,15,12,13,14,17,NULL,39,4,11,NULL,96,Interior,Trim,2026-01-23
20380.0016,20380.50,F1,GLYNLEA COUNTRY CLUB 50' LOT,10820 NORTHWEST WILGROVE LANE,2026-01-28,NULL,NULL,NULL,NULL,NULL,NULL,NULL,NULL,NULL,2026-04-26,2026-05-15,NULL,2026-06-15,2026-06-30,2026-07-23,2026-09-07,2026-10-24,2026-11-10,NULL,NULL,NULL,NULL,NULL,NULL,NULL,NULL,NULL,13,15,19,28,NULL,NULL,NULL,31,NULL,15,23,22,NULL,46,NULL,47,NULL,17,Foundation,Released,2026-01-28
20381.0011,20381.65,S3,CIBOLO VALLEY HEIGHTS 65' LOT,104 KRUEGER WAY,2025-10-29,2025-11-11,2025-11-19,2025-12-01,2025-12-10,2025-12-17,2026-01-07,2026-01-28,NULL,NULL,2025-11-10,2025-11-23,2025-11-26,2025-12-13,2025-12-23,2026-01-04,2026-01-28,2026-04-26,2026-07-27,13,8,12,9,7,21,21,NULL,NULL,12,14,12,12,7,7,12,15,13,12,18,15,21,23,NULL,12,92,98,Final,Interior,2026-01-28
20381.0018,20381.65,S3,CIBOLO VALLEY HEIGHTS 65' LOT,132 KRUEGER WAY,2025-05-06,2025-06-23,2025-07-01,2025-07-09,2025-07-21,2025-07-30,2025-08-15,2025-09-08,2025-09-22,NULL,2025-05-18,2025-07-05,2025-07-08,2025-07-21,2025-08-03,2025-08-17,2025-09-05,2025-09-22,2026-04-26,48,8,8,12,9,16,24,14,NULL,12,14,12,12,7,7,12,15,13,12,18,15,21,23,NULL,12,92,98,Complete,Final,2025-09-22
20382.0043,20382.71,D1,MYRTLE CREEK 71' LOT,236 ROSEMALLOW LANE,2025-06-10,2025-07-09,2025-07-22,2025-07-25,2025-08-07,2025-08-18,2025-09-02,2025-10-01,2025-10-20,NULL,2025-06-24,2025-07-22,2025-07-28,2025-08-10,2025-08-19,2025-09-05,2025-09-19,2025-10-20,2026-04-26,29,13,3,13,11,15,29,19,NULL,NULL,14,NULL,13,NULL,6,NULL,16,NULL,12,NULL,18,NULL,17,NULL,17,NULL,60,Complete,Final,2025-10-20
20384.0024,20384.70,S2,DOMINION 70' LOT,30 ENIA CIRCLE,2025-06-06,2025-06-26,2025-07-06,2025-07-14,2025-07-28,2025-08-19,2025-09-02,2025-10-02,2025-10-16,NULL,2025-06-18,2025-07-06,2025-07-23,2025-08-06,2025-08-09,2025-09-05,2025-10-01,2025-10-16,2026-04-26,20,10,8,14,22,14,30,14,NULL,12,20,NULL,10,17,7,23,17,NULL,12,NULL,17,29,30,20,16,NULL,96,Complete,Final,2025-10-16
20384.0027,20384.70,S2,DOMINION 70' LOT,42 ENIA CIRCLE,2025-10-16,2025-10-26,2025-11-03,2025-11-11,2025-11-28,2025-12-11,2025-12-19,2026-01-20,NULL,NULL,2025-10-28,2025-11-05,2025-11-20,2025-12-04,2025-12-10,2025-12-28,2026-01-17,2026-04-26,2026-07-31,10,8,8,17,13,8,32,NULL,NULL,12,20,NULL,10,17,7,23,17,NULL,12,NULL,17,29,30,20,16,NULL,96,Final,Interior,2026-01-20
20388.0003,20388.60,H4,BRIARLEY 60' LOT,619 GUNNER DRIVE,2025-10-02,2025-10-10,2025-12-02,2025-12-08,2025-12-16,2025-12-30,2026-01-14,2026-01-28,NULL,NULL,2025-10-14,2025-10-24,2025-12-07,2025-12-18,2025-12-30,2026-01-14,2026-02-03,2026-04-26,2026-05-06,8,53,6,8,14,15,14,NULL,NULL,12,9,14,12,5,3,10,9,14,10,15,15,20,17,17,13,10,97,Final,Interior,2026-01-28
20389.0026,20389.55,S2,HIDDEN CANYON 55' LOT,215 CANYON PATH,2025-07-28,2025-08-14,2025-08-21,2025-08-28,2025-09-15,2025-09-26,2025-10-13,2025-10-28,2025-11-17,NULL,2025-09-24,2025-08-24,2025-08-24,2025-09-23,2025-09-27,2025-10-15,2025-11-06,2025-11-17,2026-04-26,17,7,7,18,11,17,15,20,NULL,58,20,10,10,3,7,26,17,NULL,12,19,17,24,30,12,16,NULL,96,Complete,Final,2025-11-17
20391.0013,20391.50,H1,LEGACY 50' LOT,6721 HILLSIDE VIEW LANE,2025-08-05,2025-08-18,2025-09-03,2025-09-10,2025-09-19,2025-09-26,2025-10-06,2026-01-06,2026-01-16,NULL,2025-08-20,2025-09-06,2025-09-11,2025-09-20,2025-09-28,2025-10-18,2026-01-10,2026-01-16,2026-04-26,13,16,7,9,7,10,92,10,NULL,15,11,NULL,19,NULL,8,10,11,9,12,22,19,96,41,10,10,NULL,88,Complete,Final,2026-01-16
20391.0029,20391.50,H1,LEGACY 50' LOT,6729 MOUNTAIN BROOK WAY,2025-08-08,2025-08-22,2025-09-02,2025-09-08,2025-09-15,2025-09-22,2025-10-03,2025-12-31,2026-01-13,NULL,2025-08-23,2025-09-10,2025-09-10,2025-09-18,2025-09-24,2025-10-14,2026-01-07,2026-01-13,2026-04-26,14,11,6,7,7,11,89,13,NULL,15,11,NULL,19,NULL,8,10,11,9,12,22,19,96,41,10,10,NULL,88,Complete,Final,2026-01-13
20391.0049,20391.50,H1,LEGACY 50' LOT,6831 HEIRLOOM DRIVE,2025-11-10,2025-11-25,2025-12-09,2025-12-16,2025-12-23,2025-12-30,2026-01-21,NULL,NULL,NULL,2025-11-25,2025-12-14,2025-12-17,2025-12-26,2026-01-01,2026-01-21,2026-04-27,2026-05-07,2026-08-03,15,14,7,7,7,22,NULL,NULL,NULL,15,11,NULL,19,NULL,8,10,11,9,12,22,19,96,41,10,10,NULL,88,Interior,Trim,2026-01-21
20394.0055,20394.70,D4,LAKEWOOD VILLAGE 70'/90' LOT,1604 FOREST GREEN DRIVE,2026-01-12,NULL,NULL,NULL,NULL,NULL,NULL,NULL,NULL,NULL,2026-04-26,2026-05-09,2026-05-14,2026-05-31,2026-06-13,2026-06-25,2026-07-19,2026-08-29,2026-09-04,NULL,NULL,NULL,NULL,NULL,NULL,NULL,NULL,NULL,NULL,14,NULL,13,NULL,5,NULL,17,NULL,13,NULL,12,NULL,24,41,40,6,39,Foundation,Released,2026-01-12
20398.0025,20398.45,H2,EVERLY 45' LOT,18722 BUTTERCUP FARMS LANE,2025-08-13,2025-08-20,2025-08-27,2025-09-03,2025-09-11,2025-09-22,2025-09-30,2025-11-24,2026-01-06,NULL,2025-08-19,2025-09-02,2025-08-29,2025-09-14,2025-09-22,2025-10-09,2025-10-16,2026-01-06,2026-04-26,7,7,7,8,11,8,55,43,NULL,6,9,13,17,2,3,11,12,11,11,NULL,17,NULL,16,43,25,NULL,54,Complete,Final,2026-01-06
20398.0028,20398.45,H2,EVERLY 45' LOT,18715 SWEET BASIL DRIVE,2025-12-17,2025-12-23,2026-01-05,2026-01-07,2026-01-19,NULL,NULL,NULL,NULL,NULL,2025-12-23,2026-01-05,2026-01-07,2026-01-18,2026-04-26,2026-05-13,2026-05-29,2026-07-11,2026-09-03,6,13,2,12,NULL,NULL,NULL,NULL,NULL,6,9,13,17,2,3,11,12,11,11,NULL,17,NULL,16,43,25,NULL,54,Sheetrock,Mechanical,2026-01-19
20398.0060,20398.50,H2,EVERLY 50' LOT,22310 LARKSPIR GATE DRIVE,2025-11-12,2025-11-20,2025-12-01,2025-12-05,2025-12-15,2025-12-19,2026-01-19,2026-01-21,NULL,NULL,2025-11-24,2025-12-01,2025-12-09,2025-12-15,2025-12-26,2026-01-19,2026-01-21,2026-04-26,2026-06-09,8,11,4,10,4,31,2,NULL,NULL,12,9,11,17,8,3,10,12,NULL,11,31,17,2,16,NULL,25,44,54,Final,Interior,2026-01-21
20398.0119,20398.60,H2,EVERLY 60' LOT,18815 CORNELIA FIELDS LANE,2025-12-17,2025-12-23,2026-01-05,2026-01-07,2026-01-17,NULL,NULL,NULL,NULL,NULL,2025-12-23,2026-01-06,2026-01-08,2026-01-17,2026-04-26,2026-05-13,2026-05-29,2026-06-23,2026-08-16,6,13,2,10,NULL,NULL,NULL,NULL,NULL,6,9,14,17,3,3,10,12,NULL,11,NULL,17,NULL,16,NULL,25,NULL,54,Sheetrock,Mechanical,2026-01-17
20398.0139,20398.60,H2,EVERLY 60' LOT,18818 CORNELIA FIELDS LANE,2025-06-27,2025-07-03,2025-07-18,2025-07-22,2025-08-01,2025-08-12,2025-09-09,NULL,NULL,NULL,2025-07-03,2025-07-17,2025-07-21,2025-08-01,2025-08-12,2025-08-29,2026-04-26,2026-05-21,2026-07-14,6,15,4,10,11,28,NULL,NULL,NULL,6,9,14,17,3,3,10,12,NULL,11,NULL,17,NULL,16,NULL,25,NULL,54,Interior,Trim,2025-09-09
20403.0074,20403.45,A3,JUNIPER SPRINGS 45' LOT,3916 MELODY ROAD,2025-12-11,2025-12-22,2026-01-07,2026-01-12,2026-01-27,NULL,NULL,NULL,NULL,NULL,2025-12-21,2025-12-30,2026-01-09,2026-01-28,2026-04-26,2026-05-10,2026-05-23,2026-06-10,2026-06-21,11,16,5,15,NULL,NULL,NULL,NULL,NULL,10,17,8,9,2,5,16,21,12,13,14,14,13,37,18,12,11,64,Sheetrock,Mechanical,2026-01-27
20406.0013,20406.100,S3,WINDBORNE 100' LOT,5156 LOTTCHEN LANE,2025-11-04,2025-11-24,2025-12-03,2025-12-10,2025-12-23,2026-01-07,NULL,NULL,NULL,NULL,2025-11-18,2025-12-06,2025-12-10,2025-12-24,2026-01-07,2026-04-26,2026-05-19,2026-05-31,2026-09-06,20,9,7,13,15,NULL,NULL,NULL,NULL,NULL,14,NULL,12,NULL,7,14,15,15,12,13,15,NULL,23,NULL,12,NULL,98,Trim,Sheetrock,2026-01-07
20408.0073,20408.50,F1,SEAIRE 50' LOT,7910 BON AIR WAY,2026-01-14,2026-01-28,NULL,NULL,NULL,NULL,NULL,NULL,NULL,NULL,2026-01-28,2026-04-26,NULL,2026-05-27,2026-06-11,2026-07-03,2026-08-18,2026-10-04,2026-10-21,14,NULL,NULL,NULL,NULL,NULL,NULL,NULL,NULL,14,15,NULL,28,NULL,NULL,NULL,31,NULL,15,NULL,22,NULL,46,NULL,47,NULL,17,Frame,Foundation,2026-01-28
20413.0023,20413.45,D1,MERAKI 45' LOT,2643 BROOKLYN STREET,2026-01-22,NULL,NULL,NULL,NULL,NULL,NULL,NULL,NULL,NULL,2026-04-26,2026-05-09,2026-05-15,2026-05-31,2026-06-12,2026-06-30,2026-07-17,2026-08-03,2026-10-02,NULL,NULL,NULL,NULL,NULL,NULL,NULL,NULL,NULL,NULL,14,NULL,13,NULL,6,NULL,16,NULL,12,NULL,18,NULL,17,NULL,17,NULL,60,Foundation,Released,2026-01-22
206099,206,A3,CROSSWINDS 40' LOT,148 BLACKBORROW DRIVE,2025-09-04,2025-09-19,2025-09-26,2025-10-03,2025-10-11,2025-10-21,2025-11-06,2025-11-17,2025-11-21,NULL,2025-10-08,2025-09-27,2025-10-01,2025-10-12,2025-10-24,2025-11-04,2025-12-13,2025-11-21,2026-05-08,15,7,7,8,10,16,11,4,NULL,34,17,8,9,5,5,9,21,NULL,13,NULL,14,NULL,37,NULL,12,168,64,Complete,Final,2025-11-21
283068,283,S3,MAYFAIR 50' LOT,342 CLEVELAND WAY (M),2024-03-11,2024-03-11,2024-03-13,2024-03-20,2024-03-20,2024-03-25,2024-04-08,2024-04-17,2024-05-09,NULL,2024-03-23,2024-03-18,2024-03-17,2024-04-04,2024-04-01,2024-04-09,2024-05-01,2024-05-09,2026-04-26,0,2,7,0,5,14,9,22,NULL,12,14,7,12,4,7,NULL,15,NULL,12,NULL,15,NULL,23,NULL,12,57,98,Complete,Final,2024-05-09
284026,284,D3,FIELDS 60' LOT,3836 GRAPESEED DRIVE (M),2023-07-28,2023-08-22,2023-09-19,2023-09-21,2023-10-11,2023-11-01,2023-12-06,2024-01-24,2024-04-04,NULL,2023-08-15,2023-09-01,2023-09-22,2023-10-04,2023-10-24,2023-11-28,2024-01-04,2024-04-04,2026-04-26,25,28,2,20,21,35,49,71,NULL,18,12,NULL,10,NULL,3,NULL,13,NULL,13,27,20,NULL,29,NULL,21,72,92,Complete,Final,2024-04-04
287036,287,S1,LADERA 45' LOT,2623 WILD SKIES,2025-07-10,2025-08-12,2025-08-18,2025-08-26,2025-09-15,2025-09-30,2025-10-13,2025-11-07,2025-11-21,NULL,2025-07-31,2025-08-19,2025-08-24,2025-09-15,2025-10-03,2025-10-13,2025-11-02,2025-11-21,2026-04-26,33,6,8,20,15,13,25,14,NULL,21,16,7,11,6,7,20,15,NULL,18,13,17,20,28,14,15,NULL,110,Complete,Final,2025-11-21
289028,289,S3,MEADOWS OF MILL CREEK 60' LOT,2809 PEARL BARLEY (M),2023-07-11,2023-07-14,2023-07-19,2023-07-19,2023-07-21,2023-07-31,2023-08-08,2023-08-18,2023-09-01,NULL,2023-07-20,2023-07-29,2023-07-28,2023-07-28,2023-07-31,2023-08-13,2023-08-29,2023-09-01,2026-04-26,3,5,0,2,10,8,10,14,NULL,9,14,15,12,9,7,9,15,10,12,13,15,21,23,19,12,78,98,Complete,Final,2023-09-01
292088,292,S2,ARCADIA RIDGE 45' LOT,13004 MACAR MANOR (C),2024-03-27,2024-04-01,2024-04-09,2024-04-15,2024-04-30,2024-04-29,2024-05-14,2024-05-14,2024-05-30,NULL,2024-04-14,2024-04-14,2024-04-15,2024-04-21,2024-05-15,2024-05-16,2024-06-11,2024-05-30,2026-04-26,5,8,6,15,-1,15,0,16,NULL,18,20,13,10,6,7,6,17,15,12,17,17,28,30,17,16,238,96,Complete,Final,2024-05-30
309047,309,S2,ARCADIA RIDGE 50' LOT,12724 MACAR MANOR,2025-10-09,2025-10-17,2025-10-28,2025-11-02,2025-11-18,2025-12-03,2025-12-16,2026-01-09,NULL,NULL,2025-10-29,2025-10-27,2025-11-04,2025-11-18,2025-12-04,2025-12-14,2026-01-09,2026-04-26,2026-07-31,8,11,5,16,15,13,24,NULL,NULL,NULL,20,NULL,10,NULL,7,16,17,16,12,11,17,24,30,50,16,NULL,96,Final,Interior,2026-01-09
324100,324,S3,LEGACY AT LAKE DUNLAP 40' LOT,205 ALPINE LAKES,2025-10-16,2025-10-28,2025-11-03,2025-11-05,2025-11-19,2025-12-01,2025-12-15,2026-01-14,NULL,NULL,2025-10-30,2025-11-09,2025-11-10,2025-11-20,2025-12-01,2025-12-16,2026-01-14,2026-04-26,2026-08-02,12,6,2,14,12,14,30,NULL,NULL,NULL,14,NULL,12,NULL,7,NULL,15,NULL,12,NULL,15,30,23,NULL,12,NULL,98,Final,Interior,2026-01-14
605491,605,S1,KALLISON RANCH 50' LOT (A),10214 RYDER BEND,2025-11-20,2025-12-09,2025-12-16,2025-12-23,2026-01-07,2026-01-20,NULL,NULL,NULL,NULL,2025-12-02,2025-12-17,2025-12-25,2026-01-03,2026-01-20,2026-04-26,2026-05-30,2026-06-09,2026-07-19,19,7,7,15,13,NULL,NULL,NULL,NULL,12,16,8,11,9,7,11,15,13,18,14,17,34,28,10,15,40,110,Trim,Sheetrock,2026-01-20
606128,606,S2,RANCHES AT CREEKSIDE 55' LOT,109 RAINWATER CREEK,2025-11-11,2025-12-01,2025-12-05,2025-12-15,2025-12-22,2026-01-20,NULL,NULL,NULL,NULL,2025-11-30,2025-12-07,2025-12-12,2025-12-28,2026-01-06,2026-04-26,2026-05-22,2026-06-04,2026-08-11,20,4,10,7,29,NULL,NULL,NULL,NULL,19,20,6,10,7,7,13,17,15,12,14,17,26,30,13,16,68,96,Trim,Sheetrock,2026-01-20
607059,607,S2,RANCHES AT CREEKSIDE 65' LOT,204 PAINT CREEK (M),2024-01-15,2024-01-12,2024-01-12,2024-01-18,2024-01-25,2024-01-31,2024-02-14,2024-03-14,2024-03-18,NULL,2024-02-04,2024-01-22,2024-01-19,2024-02-04,2024-02-06,2024-02-17,2024-03-15,2024-03-18,2026-04-26,-3,0,6,7,6,14,29,4,NULL,NULL,20,NULL,10,NULL,7,NULL,17,NULL,12,NULL,17,NULL,30,NULL,16,NULL,96,Complete,Final,2024-03-18
612104,612,H1,MERIDIANA 70' LOT,9018 SIERRA NEVADA DRIVE,2025-12-01,2025-12-17,2026-01-06,2026-01-14,2026-01-27,NULL,NULL,NULL,NULL,NULL,2025-12-14,2026-01-11,2026-01-14,2026-01-27,2026-04-26,2026-05-15,2026-06-25,2026-07-05,2026-10-01,16,20,8,13,NULL,NULL,NULL,NULL,NULL,13,11,25,19,8,8,13,11,NULL,12,NULL,19,NULL,41,NULL,10,NULL,88,Sheetrock,Mechanical,2026-01-27
694004,694,H1,RICELAND 60' LOT,12243 SWEET GUM DRIVE,2025-11-25,2025-12-11,2025-12-30,2026-01-09,2026-01-16,NULL,NULL,NULL,NULL,NULL,2025-12-08,2025-12-29,2026-01-08,2026-01-21,2026-04-26,2026-05-15,2026-06-03,2026-06-10,2026-09-08,16,19,10,7,NULL,NULL,NULL,NULL,NULL,13,11,18,19,9,8,12,11,13,12,NULL,19,19,41,7,10,90,88,Sheetrock,Mechanical,2026-01-16
694032,694,H1,RICELAND 60' LOT,11922 BUSH TAIL COURT,2025-05-20,2025-05-29,2025-06-13,2025-06-23,2025-06-27,2025-07-15,2025-08-13,2025-08-25,2025-09-05,NULL,2025-06-02,2025-06-16,2025-06-22,2025-07-05,2025-07-10,2025-08-03,2025-09-01,2025-09-05,2026-04-26,9,15,10,4,18,29,12,11,NULL,13,11,18,19,9,8,12,11,13,12,NULL,19,19,41,7,10,90,88,Complete,Final,2025-09-05
726022,726,H6,STONECREEK ESTATES 60' LOT (A),1803 BOULDER LAKE COURT (C),2019-07-15,2019-07-31,2019-08-08,2019-08-13,2019-08-29,2019-09-13,NULL,NULL,NULL,NULL,2019-07-25,2019-08-14,2019-08-12,2019-08-26,2019-09-07,2026-04-26,2026-05-16,2026-05-28,2026-07-25,16,8,5,16,15,NULL,NULL,NULL,NULL,NULL,10,NULL,14,NULL,4,NULL,13,NULL,9,NULL,16,NULL,20,NULL,12,NULL,58,Trim,Sheetrock,2019-09-13
737066,737,A3,LA CIMA 60' LOT,309 MISSOURI PRIMROSE LANE,2025-07-25,2025-08-14,2025-08-18,2025-08-26,2025-09-08,2025-09-23,2025-10-13,2025-11-04,2025-11-14,NULL,2025-08-23,2025-08-23,2025-08-23,2025-09-16,2025-09-21,2025-10-07,2025-11-09,2025-11-14,2026-04-26,20,4,8,13,15,20,22,10,NULL,29,17,NULL,9,NULL,5,NULL,21,NULL,13,NULL,14,27,37,25,12,NULL,64,Complete,Final,2025-11-14
755105,755,A3,6 CREEKS 60' LOT,150 LILY PAD LANE,2025-12-26,2026-01-08,2026-01-20,2026-01-23,NULL,NULL,NULL,NULL,NULL,NULL,2026-01-28,2026-01-18,2026-01-23,2026-04-26,2026-05-09,2026-05-23,2026-06-29,2026-07-11,2026-10-31,13,12,3,NULL,NULL,NULL,NULL,NULL,NULL,33,17,10,9,3,5,23,21,13,13,NULL,14,NULL,37,NULL,12,112,64,Mechanicals,Cornice,2026-01-23
779004,779,D4,M3 RANCH 50' LOT,1313 LIMESTONE RIDGE ROAD (M),2021-06-22,2021-07-13,2021-07-23,2021-07-26,2021-08-19,2021-10-01,2021-10-04,2021-10-08,2021-10-28,NULL,2021-07-05,2021-07-24,2021-07-30,2021-08-02,2021-09-06,2021-10-09,2021-10-18,2021-10-28,2026-04-26,21,10,3,24,43,3,4,20,NULL,13,14,11,13,7,5,7,17,18,13,8,12,14,24,9,40,19,39,Complete,Final,2021-10-28
194221,194,H4,ARTAVIA 45' LOT,15320 LE REVE LANE (M),2023-10-30,2023-11-07,2023-11-17,2023-11-21,2023-12-01,2023-12-08,2023-12-18,2023-12-22,2024-01-05,NULL,2023-11-06,2023-11-11,2023-11-22,2023-11-30,2023-12-11,2023-12-23,2024-01-04,2024-01-05,2026-04-26,8,10,4,10,7,10,4,14,NULL,7,9,4,12,5,3,NULL,9,NULL,10,NULL,15,NULL,17,NULL,13,152,97,Complete,Final,2024-01-05
20007.0175,722,A1,LARIAT 45' LOT,515 OUTRIDER COURT,2025-09-30,2025-10-16,2025-10-21,2025-10-24,2025-11-05,2025-11-18,2025-12-03,2026-01-12,NULL,NULL,2025-10-15,2025-10-25,2025-10-29,2025-11-14,2025-11-17,2025-12-05,2026-01-15,2026-04-26,2026-07-31,16,5,3,12,13,15,40,NULL,NULL,NULL,15,NULL,9,8,6,21,15,12,13,NULL,17,43,39,5,11,NULL,96,Final,Interior,2026-01-12
20009.0156,20009.70,A1,PALMERA RIDGE 70' LOT,1409 JOLIE ROSE BEND,2025-04-10,2025-05-21,2025-05-30,2025-06-05,2025-06-25,2025-07-08,2025-08-14,2025-10-01,2025-10-14,NULL,2025-04-25,2025-05-30,2025-06-05,2025-06-20,2025-07-08,2025-07-25,2025-09-22,2025-10-14,2026-04-26,41,9,6,20,13,37,48,13,NULL,NULL,15,NULL,9,NULL,6,NULL,15,NULL,13,NULL,17,NULL,39,NULL,11,66,96,Complete,Final,2025-10-14
20010.0339,783,A2,PARKSIDE ON THE RIVER 50' LOT,1508 PANSY TRAIL,2025-09-24,2025-10-09,2025-10-21,2025-10-27,2025-11-07,2025-11-17,2025-12-01,2026-01-08,2026-01-23,NULL,2025-10-21,2025-10-20,2025-11-01,2025-11-11,2025-11-15,2025-11-30,2026-01-12,2026-01-23,2026-06-19,15,12,6,11,10,14,38,15,NULL,NULL,27,NULL,11,11,6,15,18,8,10,13,16,42,33,14,16,147,120,Complete,Final,2026-01-23
20013.0646,687,A1,SANTA RITA RANCH 50' LOT,113 ARCILLA PASS,2026-01-02,2026-01-16,NULL,NULL,NULL,NULL,NULL,NULL,NULL,NULL,2026-01-19,2026-04-26,2026-05-02,2026-05-17,2026-05-28,2026-06-18,2026-07-12,2026-07-26,2027-01-08,14,NULL,NULL,NULL,NULL,NULL,NULL,NULL,NULL,17,15,8,9,NULL,6,NULL,15,11,13,21,17,24,39,14,11,166,96,Frame,Foundation,2026-01-16
20016.0263,20016.56,A2,WOLF RANCH 56' LOT,553 RIVER OVERLOOK ROAD,2025-11-24,2025-12-06,2025-12-17,2025-12-23,2026-01-15,NULL,NULL,NULL,NULL,NULL,2025-12-17,2025-12-15,2025-12-23,2026-01-15,2026-04-26,2026-05-12,2026-06-05,2026-06-15,2026-09-10,12,11,6,23,NULL,NULL,NULL,NULL,NULL,23,27,9,11,6,6,23,18,NULL,10,NULL,16,24,33,10,16,87,120,Sheetrock,Mechanical,2026-01-15
20016.0267,20016.56,A2,WOLF RANCH 56' LOT,513 RIVER OVERLOOK ROAD,2025-07-29,2025-08-26,2025-09-08,2025-09-12,2025-10-04,2025-10-21,2025-10-31,2025-12-04,2025-12-18,NULL,2025-08-21,2025-09-04,2025-09-14,2025-10-05,2025-10-14,2025-11-06,2025-11-24,2025-12-18,2026-04-26,28,13,4,22,17,10,34,14,NULL,23,27,9,11,6,6,23,18,NULL,10,NULL,16,24,33,10,16,87,120,Complete,Final,2025-12-18
20016.0314,689,A2,WOLF RANCH 51' LOT,504 ALAMEDA LANE,2025-12-01,2026-01-02,2026-01-12,2026-01-15,NULL,NULL,NULL,NULL,NULL,NULL,2026-01-01,2026-01-12,2026-01-16,2026-04-26,2026-05-07,2026-05-22,2026-06-15,2026-06-22,2026-09-04,32,10,3,NULL,NULL,NULL,NULL,NULL,NULL,31,27,10,11,4,6,24,18,11,10,15,16,24,33,7,16,74,120,Mechanicals,Cornice,2026-01-15
20016.0323,689,A2,WOLF RANCH 51' LOT,541 SUMMER PLACE LANE,2025-11-04,2025-11-22,2025-12-03,2025-12-09,2026-01-01,2026-01-12,NULL,NULL,NULL,NULL,2025-12-05,2025-12-02,2025-12-07,2026-01-02,2026-01-12,2026-04-26,2026-05-20,2026-05-27,2026-08-09,18,11,6,23,11,NULL,NULL,NULL,NULL,31,27,10,11,4,6,24,18,11,10,15,16,24,33,7,16,74,120,Trim,Sheetrock,2026-01-12
20020.0193,20020.60,A2,THE COLONY 60' LOT,113 PALO PINTO BEND,2025-10-14,2025-10-24,2025-10-30,2025-11-05,2025-11-14,2025-11-24,2025-12-05,2026-01-09,2026-01-20,NULL,2025-10-31,2025-10-28,2025-11-04,2025-11-16,2025-11-24,2025-12-11,2026-01-07,2026-01-20,2026-07-16,10,6,6,9,10,11,35,11,NULL,17,27,4,11,5,6,11,18,10,10,17,16,33,33,11,16,177,120,Complete,Final,2026-01-20
20020.0338,20020.60,A2,THE COLONY 60' LOT,165 MADDY WAY,2025-12-10,2025-12-18,2025-12-24,2025-12-30,2026-01-08,2026-01-17,NULL,NULL,NULL,NULL,2025-12-27,2025-12-22,2025-12-29,2026-01-10,2026-01-18,2026-04-26,2026-05-29,2026-06-09,2026-12-03,8,6,6,9,9,NULL,NULL,NULL,NULL,17,27,4,11,5,6,11,18,10,10,17,16,33,33,11,16,177,120,Trim,Sheetrock,2026-01-17
20024.0259,767,A3,EASTON PARK 60' LOT,9101 THE RAVINE WAY,2025-09-04,2025-09-17,2025-09-25,2025-09-29,2025-10-16,2025-10-30,2025-11-17,2025-12-11,2025-12-16,NULL,2025-09-25,2025-09-27,2025-10-04,2025-10-24,2025-10-29,2025-11-13,2025-12-24,2025-12-16,2026-04-26,13,8,4,17,14,18,24,5,NULL,21,17,10,9,9,5,25,21,13,13,NULL,14,NULL,37,NULL,12,56,64,Complete,Final,2025-12-16
20024.0269,767,A3,EASTON PARK 60' LOT,9512 DINGO DRIVE,2025-10-23,2025-11-04,2025-11-17,2025-11-24,2025-12-18,2025-12-31,NULL,NULL,NULL,NULL,2025-11-13,2025-11-14,2025-11-26,2025-12-19,2025-12-31,2026-04-26,2026-06-02,2026-06-14,2026-08-09,12,13,7,24,13,NULL,NULL,NULL,NULL,21,17,10,9,9,5,25,21,13,13,NULL,14,NULL,37,NULL,12,56,64,Trim,Sheetrock,2025-12-31
20041.0060,20041.70,D1,SONOMA VERDE 70' LOT,1918 BENEDETTO WAY,2025-09-15,2025-10-07,2025-10-20,2025-10-22,2025-11-05,2025-11-19,2025-12-03,2025-12-23,2026-01-26,NULL,2025-09-29,2025-10-19,2025-10-26,2025-11-09,2025-11-17,2025-12-07,2025-12-26,2026-01-26,2026-04-26,22,13,2,14,14,14,20,34,NULL,NULL,14,12,13,6,6,18,16,NULL,12,NULL,18,23,17,21,17,8,60,Complete,Final,2026-01-26
20043.0120,20043.401,D2,THE PARKS AT WILSON CREEK 40' LOT (B),2628 MUIRWOOD WAY,2025-06-06,2025-06-20,2025-07-08,2025-07-19,2025-08-06,2025-08-18,2025-08-29,2025-09-12,2025-10-06,NULL,2025-06-18,2025-06-30,2025-07-12,2025-08-02,2025-08-18,2025-08-29,2025-09-15,2025-10-06,2026-04-26,14,18,11,18,12,11,14,24,NULL,NULL,12,NULL,10,NULL,4,NULL,14,NULL,12,NULL,11,NULL,17,NULL,18,91,88,Complete,Final,2025-10-06
20066.0568,665,D2,DEVONSHIRE 45' LOT,2413 LYREBIRD LANE,2025-12-31,2026-01-09,2026-01-20,NULL,NULL,NULL,NULL,NULL,NULL,NULL,2026-01-11,2026-01-17,2026-04-26,2026-05-10,2026-05-24,2026-06-05,2026-06-23,2026-07-03,2026-09-15,9,11,NULL,NULL,NULL,NULL,NULL,NULL,NULL,11,12,8,10,5,4,NULL,14,14,12,12,11,18,17,10,18,74,88,Cornice,Frame,2026-01-20
20066.0634,20066.55,D2,DEVONSHIRE 55' LOT,2714 KIRKHILL LANE,2025-12-18,2026-01-05,2026-01-15,2026-01-20,NULL,NULL,NULL,NULL,NULL,NULL,2026-01-01,2026-01-15,2026-01-18,2026-04-26,2026-05-08,2026-05-19,2026-06-05,2026-06-23,2026-07-19,18,10,5,NULL,NULL,NULL,NULL,NULL,NULL,14,12,10,10,3,4,NULL,14,NULL,12,NULL,11,NULL,17,NULL,18,26,88,Mechanicals,Cornice,2026-01-20
20085.0042,316,D3,MOSAIC 50' LOT,4444 COTTON SEED WAY,2025-04-11,2025-04-15,2025-04-30,2025-05-06,2025-05-29,2025-06-04,2025-06-17,2025-07-23,2025-08-30,NULL,2025-04-30,2025-04-22,2025-05-03,2025-05-19,2025-06-11,2025-06-24,2025-07-16,2025-08-30,2026-04-26,4,15,6,23,6,13,36,38,NULL,19,12,7,10,NULL,3,NULL,13,NULL,13,NULL,20,NULL,29,NULL,21,126,92,Complete,Final,2025-08-30
20085.0055,316,D3,MOSAIC 50' LOT,4343 DOUBLE DIAMOND DRIVE,2026-01-26,NULL,NULL,NULL,NULL,NULL,NULL,NULL,NULL,NULL,2026-04-26,2026-05-03,2026-05-06,2026-05-19,2026-06-01,2026-06-21,2026-07-20,2026-08-10,2026-12-14,NULL,NULL,NULL,NULL,NULL,NULL,NULL,NULL,NULL,19,12,7,10,NULL,3,NULL,13,NULL,13,NULL,20,NULL,29,NULL,21,126,92,Foundation,Released,2026-01-26
20088.0151,20088.65,D4,SWEETGRASS 65' LOT,764 BROOKWOOD BOULEVARD,2025-12-31,2026-01-08,2026-01-16,2026-01-22,NULL,NULL,NULL,NULL,NULL,NULL,2026-01-08,2026-01-16,2026-01-22,2026-04-26,2026-05-09,2026-05-21,2026-06-14,2026-07-24,2026-09-01,8,8,6,NULL,NULL,NULL,NULL,NULL,NULL,8,14,8,13,6,5,NULL,17,NULL,13,NULL,12,NULL,24,NULL,40,NULL,39,Mechanicals,Cornice,2026-01-22
20096.0117,285,F1,SOUTHERN HILLS 80' LOT,4893 MAJESTIC HILLS LOOP,2025-12-30,NULL,NULL,NULL,NULL,NULL,NULL,NULL,NULL,NULL,2026-04-26,2026-05-24,NULL,2026-06-24,2026-07-23,2026-08-27,2026-11-10,2026-12-10,2026-12-17,NULL,NULL,NULL,NULL,NULL,NULL,NULL,NULL,NULL,24,15,NULL,28,NULL,NULL,NULL,31,29,15,35,22,75,46,30,47,7,17,Foundation,Released,2025-12-30
20132.0832,164,H1,MERIDIANA 60' LOT,6519 YELLOW ROSE COURT,2025-11-25,2025-12-11,2025-12-29,2026-01-05,2026-01-09,2026-01-27,NULL,NULL,NULL,NULL,2025-12-03,2025-12-30,2026-01-05,2026-01-14,2026-01-24,2026-04-26,2026-05-13,2026-05-24,2026-08-20,16,18,7,4,18,NULL,NULL,NULL,NULL,8,11,19,19,7,8,9,11,15,12,19,19,17,41,11,10,NULL,88,Trim,Sheetrock,2026-01-27
20132.0912,272,H1,MERIDIANA 40'/45' LOT,9031 GRAY FOX TRAIL,2025-12-18,2026-01-02,2026-01-23,NULL,NULL,NULL,NULL,NULL,NULL,NULL,2025-12-30,2026-01-18,2026-04-26,2026-05-06,2026-05-13,2026-05-31,2026-06-20,2026-07-02,2026-07-25,15,21,NULL,NULL,NULL,NULL,NULL,NULL,NULL,12,11,16,19,8,8,10,11,7,12,18,19,20,41,12,10,23,88,Cornice,Frame,2026-01-23
20132.0939,164,H1,MERIDIANA 60' LOT,5411 DREAM WAY (M),2025-06-24,2025-06-26,2025-07-11,2025-07-21,2025-07-26,2025-08-06,2025-09-11,2025-12-29,2026-01-23,NULL,2025-07-02,2025-07-15,2025-07-18,2025-07-30,2025-08-10,2025-08-25,2025-09-28,2026-01-23,2026-04-21,2,15,10,5,11,36,109,25,NULL,8,11,19,19,7,8,9,11,15,12,19,19,17,41,11,10,NULL,88,Complete,Final,2026-01-23
20132.1109,611,H1,MERIDIANA 55' LOT,9015 CLEAR WATER TRAIL,2025-09-24,2025-10-03,2025-11-03,2025-11-06,2025-11-14,2025-11-24,2025-12-08,2025-12-26,2026-01-06,NULL,2025-10-08,2025-10-19,2025-11-08,2025-11-17,2025-11-29,2025-12-11,2025-12-25,2026-01-06,2026-04-26,9,31,3,8,10,14,18,11,NULL,14,11,16,19,5,8,NULL,11,15,12,17,19,17,41,10,10,54,88,Complete,Final,2026-01-06
20165.0042,280,H1,VALENCIA 60' LOT,6507 SPARKLING CITRUS STREET (M),2024-04-22,2024-04-30,2024-05-07,2024-05-15,2024-05-23,2024-06-04,2024-06-14,2024-07-03,2024-07-15,NULL,2024-04-30,2024-05-19,2024-05-15,2024-05-26,2024-06-06,2024-06-21,2024-06-20,2024-07-15,2026-04-26,8,7,8,8,12,10,19,12,NULL,8,11,NULL,19,NULL,8,11,11,14,12,17,19,6,41,12,10,95,88,Complete,Final,2024-07-15
20165.0147,273,H1,VALENCIA 45' LOT,19130 SATSUMA RIDGE DRIVE,2025-10-01,2025-10-10,2025-11-20,2025-11-24,2025-12-05,2025-12-18,2026-01-06,2026-01-21,NULL,NULL,2025-10-12,2025-10-29,2025-12-01,2025-12-05,2025-12-17,2026-01-12,2026-01-22,2026-04-26,2026-07-23,9,41,4,11,13,19,15,NULL,NULL,NULL,11,NULL,19,11,8,11,11,NULL,12,25,19,16,41,NULL,10,NULL,88,Final,Interior,2026-01-21
20165.0192,281,H1,VALENCIA 70' LOT,19026 MANDARIN STREET,2026-01-14,NULL,NULL,NULL,NULL,NULL,NULL,NULL,NULL,NULL,2026-04-26,2026-05-21,2026-05-23,2026-06-03,2026-06-15,2026-07-04,2026-08-14,2026-08-24,2026-12-09,NULL,NULL,NULL,NULL,NULL,NULL,NULL,NULL,NULL,8,11,25,19,2,8,NULL,11,NULL,12,NULL,19,NULL,41,NULL,10,107,88,Foundation,Released,2026-01-14
20165.0288,273,H1,VALENCIA 45' LOT,19211 SATSUMA RIDGE DRIVE,2026-01-21,NULL,NULL,NULL,NULL,NULL,NULL,NULL,NULL,NULL,2026-04-26,2026-05-15,2026-05-26,2026-06-06,2026-06-18,2026-07-13,2026-07-29,2026-08-08,2026-11-04,NULL,NULL,NULL,NULL,NULL,NULL,NULL,NULL,NULL,NULL,11,NULL,19,11,8,11,11,NULL,12,25,19,16,41,NULL,10,NULL,88,Foundation,Released,2026-01-21
20178.0150,182,H2,ESCONDIDO 50' LOT,42656 REMINISCENT LANE,2025-12-17,2025-12-26,2026-01-21,2026-01-23,NULL,NULL,NULL,NULL,NULL,NULL,2025-12-26,2026-01-13,2026-01-23,2026-04-26,2026-05-07,2026-05-24,2026-06-09,2026-06-29,2026-09-05,9,26,2,NULL,NULL,NULL,NULL,NULL,NULL,9,9,18,17,2,3,10,12,11,11,NULL,17,NULL,16,20,25,68,54,Mechanicals,Cornice,2026-01-23
20178.0169,115,H2,ESCONDIDO 45' LOT,42548 EDMUND RUCKER LANE,2025-07-16,2025-07-23,2025-08-04,2025-08-06,2025-08-19,2025-08-26,2025-09-15,2025-10-15,2025-10-31,NULL,2025-07-28,2025-08-07,2025-08-07,2025-08-16,2025-08-30,2025-09-17,2025-10-02,2025-10-31,2026-04-26,7,12,2,13,7,20,30,16,NULL,12,9,15,17,3,3,10,12,NULL,11,22,17,17,16,12,25,29,54,Complete,Final,2025-10-31
20178.0204,20178.80,H2,ESCONDIDO 80' LOT,1405 SWAYZE STREET,2025-12-10,2025-12-18,2026-01-05,2026-01-06,2026-01-17,2026-01-28,NULL,NULL,NULL,NULL,2025-12-19,2026-01-05,2026-01-06,2026-01-23,2026-01-28,2026-04-26,2026-05-12,2026-06-06,2026-09-27,8,18,1,11,11,NULL,NULL,NULL,NULL,NULL,9,18,17,1,3,17,12,11,11,22,17,NULL,16,NULL,25,113,54,Trim,Sheetrock,2026-01-28
20181.1054,619,H5,BRIDGELAND 45' LOT,11127 MIDLAND HAWTHORN PLACE,2025-10-23,2025-10-31,2025-11-19,2025-11-24,2025-12-05,2025-12-12,2026-01-05,NULL,NULL,NULL,2025-11-03,2025-11-11,2025-11-24,2025-12-10,2025-12-21,2025-12-29,2026-04-26,2026-05-06,2026-06-11,8,19,5,11,7,24,NULL,NULL,NULL,11,9,11,15,5,5,NULL,16,16,12,17,17,23,18,NULL,10,36,76,Interior,Trim,2026-01-05
20195.0159,333,H5,THE GRAND PRAIRIE 50' LOT,27339 PRAIRIE RUSH DRIVE,2025-11-04,2025-11-11,2025-12-01,2025-12-08,2025-12-18,2026-01-05,2026-01-16,NULL,NULL,NULL,2025-11-13,2025-11-25,2025-12-07,2026-01-02,2025-12-31,2026-01-20,2026-04-26,2026-05-13,2026-07-28,7,20,7,10,18,11,NULL,NULL,NULL,NULL,9,14,15,6,5,25,16,13,12,15,17,21,18,17,10,NULL,76,Interior,Trim,2026-01-16
20205.0159,792,H4,THE HIGHLANDS 65' LOT,21927 GATEWAY ARCH DRIVE,2025-02-14,2025-02-27,2025-03-17,2025-03-21,2025-03-28,2025-05-01,2025-05-20,2025-06-03,2025-07-09,NULL,2025-02-26,2025-03-13,2025-03-20,2025-03-31,2025-04-08,2025-05-26,2025-06-18,2025-07-09,2026-04-26,13,18,4,7,34,19,14,36,NULL,12,9,14,12,3,3,10,9,11,10,25,15,29,17,15,13,10,97,Complete,Final,2025-07-09
20205.0232,792,H4,THE HIGHLANDS 65' LOT,22029 CANYON TRAIL WAY,2025-12-26,2026-01-07,2026-01-20,2026-01-26,NULL,NULL,NULL,NULL,NULL,NULL,2026-01-07,2026-01-21,2026-01-23,2026-04-26,2026-05-07,2026-06-01,2026-06-30,2026-07-15,2026-07-25,12,13,6,NULL,NULL,NULL,NULL,NULL,NULL,12,9,14,12,3,3,10,9,11,10,25,15,29,17,15,13,10,97,Mechanicals,Cornice,2026-01-26
20209.0159,300,H4,THE WOODLANDS HILLS 40' LOT,514 ABCOT RANGER COURT,2025-11-06,2025-11-13,2025-11-24,2025-12-01,2025-12-12,2025-12-22,2025-12-31,2026-01-08,2026-01-15,NULL,2025-11-20,2025-11-24,2025-11-27,2025-12-13,2025-12-23,2026-01-02,2026-01-09,2026-01-15,2026-04-21,7,11,7,11,10,9,8,7,NULL,14,9,11,12,3,3,12,9,11,10,11,15,9,17,4,13,96,97,Complete,Final,2026-01-15
20209.0169,300,H4,THE WOODLANDS HILLS 40' LOT,299 MALLARDS RIM DRIVE (C),2025-01-28,2025-02-06,2025-02-21,2025-02-27,2025-03-14,2025-03-28,NULL,NULL,NULL,NULL,2025-02-11,2025-02-17,2025-02-24,2025-03-11,2025-03-25,2026-04-26,2026-05-05,2026-05-09,2026-08-13,9,15,6,15,14,NULL,NULL,NULL,NULL,14,9,11,12,3,3,12,9,11,10,11,15,9,17,4,13,96,97,Trim,Sheetrock,2025-03-28
20215.0340,194,H4,ARTAVIA 45' LOT,18146 RAMSEY WAY LANE,2025-08-28,2025-09-03,2025-09-12,2025-09-16,2025-09-25,2025-10-06,2025-10-13,2025-10-27,2025-11-12,NULL,2025-09-04,2025-09-07,2025-09-17,2025-09-25,2025-10-05,2025-10-21,2025-10-30,2025-11-12,2026-04-26,6,9,4,9,11,7,14,16,NULL,7,9,4,12,5,3,NULL,9,NULL,10,NULL,15,NULL,17,NULL,13,152,97,Complete,Final,2025-11-12
20215.0394,253,H4,ARTAVIA 55' LOT,16206 DARLING LUCILLE LANE,2025-04-17,2025-04-23,2025-05-02,2025-05-06,2025-05-14,2025-05-28,2025-07-11,2025-08-25,2025-09-12,NULL,2025-04-28,2025-05-06,2025-05-03,2025-05-17,2025-05-24,2025-06-12,2025-08-02,2025-09-12,2026-04-26,6,9,4,8,14,44,45,18,NULL,11,9,13,12,1,3,11,9,NULL,10,NULL,15,22,17,8,13,17,97,Complete,Final,2025-09-12
20218.0094,242,H4,EVERGREEN 70' LOT,12592 ROSY PAINTBRUSH DRIVE,2025-02-28,2025-03-18,2025-03-21,2025-03-28,2025-04-11,2025-04-25,2025-05-12,2025-07-23,2025-09-04,NULL,2025-03-12,2025-03-31,2025-03-22,2025-04-06,2025-04-21,2025-05-10,2025-05-29,2025-09-04,2026-04-26,18,3,7,14,14,17,72,43,NULL,12,9,13,12,1,3,9,9,NULL,10,NULL,15,NULL,17,NULL,13,134,97,Complete,Final,2025-09-04
20218.0105,242,H4,EVERGREEN 70' LOT,15831 MOSSY JUNIPER LANE,2025-04-30,2025-05-13,2025-05-28,2025-06-10,2025-06-19,2025-07-10,2025-08-20,2025-09-22,2025-10-15,NULL,2025-05-12,2025-05-26,2025-05-29,2025-06-19,2025-06-29,2025-07-25,2025-09-06,2025-10-15,2026-04-26,13,15,13,9,21,41,33,23,NULL,12,9,13,12,1,3,9,9,NULL,10,NULL,15,NULL,17,NULL,13,134,97,Complete,Final,2025-10-15
20218.0132,233,H4,EVERGREEN 50' LOT,12727 COPPERBUSH DRIVE,2025-12-18,2025-12-23,2026-01-07,2026-01-08,2026-01-17,2026-01-23,NULL,NULL,NULL,NULL,2025-12-24,2026-01-03,2026-01-11,2026-01-16,2026-01-23,2026-04-26,2026-05-13,2026-05-26,2026-07-28,5,15,1,9,6,NULL,NULL,NULL,NULL,6,9,11,12,4,3,8,9,6,10,NULL,15,NULL,17,NULL,13,63,97,Trim,Sheetrock,2026-01-23
20233.0561,657,H3,JORDAN RANCH 65' LOT,31710 ROSEMARY ROAD,2025-09-24,2025-10-10,2025-11-19,2025-11-22,2025-12-09,2025-12-29,2026-01-12,2026-01-22,NULL,NULL,2025-10-08,2025-10-25,2025-11-27,2025-12-02,2025-12-26,2026-01-11,2026-01-31,2026-04-26,2026-05-10,16,40,3,17,20,14,10,NULL,NULL,14,9,15,15,8,5,10,12,17,9,13,16,19,23,15,12,14,81,Final,Interior,2026-01-22
20237.0066,225,H5,KATY COURT 70' LOT,25223 BAMBURGH DRIVE,2025-07-01,2025-07-16,2025-08-04,2025-08-08,2025-08-19,2025-08-29,2025-09-18,2025-09-29,2025-10-02,NULL,2025-07-11,2025-08-01,2025-08-09,2025-08-18,2025-08-30,2025-09-26,2025-10-01,2025-10-02,2026-04-26,15,19,4,11,10,20,11,3,NULL,10,9,16,15,5,5,10,16,11,12,28,17,13,18,NULL,10,151,76,Complete,Final,2025-10-02
20237.0075,225,H5,KATY COURT 70' LOT,25223 FRAMLINGHAM DRIVE,2025-04-28,2025-05-20,2025-06-11,2025-06-11,2025-06-27,2025-07-10,2025-07-23,2025-08-11,2025-08-18,NULL,2025-05-08,2025-06-05,2025-06-16,2025-06-21,2025-07-08,2025-08-07,2025-08-05,2025-08-18,2026-04-26,22,22,0,16,13,13,19,7,NULL,10,9,16,15,5,5,10,16,11,12,28,17,13,18,NULL,10,151,76,Complete,Final,2025-08-18
20237.0078,225,H5,KATY COURT 70' LOT,25634 HUGHES DRIVE,2026-01-28,NULL,NULL,NULL,NULL,NULL,NULL,NULL,NULL,NULL,2026-04-26,2026-05-12,2026-05-17,2026-05-27,2026-06-07,2026-07-05,2026-07-18,2026-07-28,2026-12-26,NULL,NULL,NULL,NULL,NULL,NULL,NULL,NULL,NULL,10,9,16,15,5,5,10,16,11,12,28,17,13,18,NULL,10,151,76,Foundation,Released,2026-01-28
20238.0707,626,H5,ELYSON 65' LOT,7147 RUSTIC FOREST DRIVE,2025-06-12,2025-06-25,2025-07-09,2025-07-14,2025-07-28,2025-08-13,2025-08-25,2025-09-04,2025-09-12,NULL,2025-06-23,2025-07-09,2025-07-16,2025-07-28,2025-08-10,2025-08-30,2025-09-10,2025-09-12,2026-04-26,13,14,5,14,16,12,10,8,NULL,11,9,14,15,7,5,14,16,13,12,NULL,17,16,18,9,10,77,76,Complete,Final,2025-09-12
20238.0746,730,H5,ELYSON 45' LOT,7438 FRASER PEAK DRIVE,2025-10-23,2025-11-03,2025-11-10,2025-11-13,2025-11-21,2025-12-03,2025-12-22,2026-01-07,2026-01-09,NULL,2025-11-01,2025-11-14,2025-11-13,2025-11-29,2025-12-02,2025-12-17,2026-01-08,2026-01-09,2026-04-26,11,7,3,8,12,19,16,2,NULL,9,9,11,15,3,5,16,16,11,12,14,17,17,18,3,10,19,76,Complete,Final,2026-01-09
20238.0751,730,H5,ELYSON 45' LOT,7415 BIRCH THISTLE LANE,2025-10-23,2025-11-03,2025-11-13,2025-11-18,2025-11-22,2025-12-03,2025-12-15,2026-01-07,2026-01-09,NULL,2025-11-01,2025-11-14,2025-11-16,2025-12-04,2025-12-03,2025-12-17,2026-01-01,2026-01-09,2026-04-26,11,10,5,4,11,12,23,2,NULL,9,9,11,15,3,5,16,16,11,12,14,17,17,18,3,10,19,76,Complete,Final,2026-01-09
20243.0258,175,H5,MARVIDA 45' LOT,21367 MANATEE ROCK LANE,2025-12-16,2025-12-29,2026-01-09,2026-01-14,2026-01-28,NULL,NULL,NULL,NULL,NULL,2025-12-25,2026-01-12,2026-01-14,2026-01-28,2026-04-26,2026-05-12,2026-05-25,2026-06-02,2026-08-29,13,11,5,14,NULL,NULL,NULL,NULL,NULL,9,9,14,15,5,5,14,16,9,12,16,17,13,18,8,10,88,76,Sheetrock,Mechanical,2026-01-28
20243.0274,175,H5,MARVIDA 45' LOT,21303 MANATEE ROCK LANE,2025-11-17,2025-11-26,2025-12-11,2025-12-16,2025-12-30,2026-01-06,2026-01-23,NULL,NULL,NULL,2025-11-26,2025-12-10,2025-12-16,2025-12-30,2026-01-08,2026-01-22,2026-04-26,2026-05-04,2026-07-31,9,15,5,14,7,17,NULL,NULL,NULL,9,9,14,15,5,5,14,16,9,12,16,17,13,18,8,10,88,76,Interior,Trim,2026-01-23
20243.0288,175,H5,MARVIDA 45' LOT,21343 PALM ARBOR DRIVE,2025-10-02,2025-10-13,2025-11-25,2025-12-01,2025-12-11,2025-12-22,2026-01-06,2026-01-13,2026-01-22,NULL,2025-10-11,2025-10-27,2025-11-30,2025-12-15,2025-12-20,2026-01-07,2026-01-19,2026-01-22,2026-04-26,11,43,6,10,11,15,7,9,NULL,9,9,14,15,5,5,14,16,9,12,16,17,13,18,8,10,88,76,Complete,Final,2026-01-22
20252.0369,290,H6,STONECREEK ESTATES 50' LOT,5102 OBSIDIAN FIELD DRIVE,2025-10-27,2025-11-06,2025-12-03,2025-12-10,2025-12-22,2026-01-07,2026-01-20,NULL,NULL,NULL,2025-11-08,2025-11-21,2025-12-08,2025-12-23,2026-01-01,2026-01-23,2026-04-26,2026-05-09,2026-06-10,10,27,7,12,16,13,NULL,NULL,NULL,12,10,15,14,5,4,13,13,10,9,16,16,22,20,13,12,32,58,Interior,Trim,2026-01-20
20265.0203,226,H3,CROSS CREEK WEST 45' LOT,31139 RILEY HEIGHTS DRIVE,2025-10-08,2025-10-14,2025-10-27,2025-10-30,2025-11-11,2025-11-18,2025-12-01,2025-12-15,2025-12-24,NULL,2025-10-16,2025-10-21,2025-11-01,2025-11-07,2025-11-18,2025-12-10,2025-12-14,2025-12-24,2026-04-26,6,13,3,12,7,13,14,9,NULL,8,9,7,15,5,5,8,12,7,9,22,16,13,23,9,12,33,81,Complete,Final,2025-12-24
20272.0461,705,H6,HARVEST GREEN 45' LOT,124 GINGER GARLIC LOOP,2025-11-05,2025-11-17,2025-11-26,2025-12-02,2025-12-10,2025-12-23,2026-01-08,2026-01-21,NULL,NULL,2025-11-18,2025-11-23,2025-11-29,2025-12-10,2025-12-16,2026-01-07,2026-01-24,2026-04-26,2026-06-04,12,9,6,8,13,16,13,NULL,NULL,13,10,6,14,3,4,8,13,6,9,15,16,16,20,9,12,39,58,Final,Interior,2026-01-21
20272.0499,705,H6,HARVEST GREEN 45' LOT,214 MANDARIN MIST STREET,2025-12-17,2025-12-29,2026-01-02,2026-01-06,2026-01-14,2026-01-16,NULL,NULL,NULL,NULL,2025-12-30,2026-01-04,2026-01-05,2026-01-14,2026-01-20,2026-04-26,2026-05-12,2026-05-21,2026-06-29,12,4,4,8,2,NULL,NULL,NULL,NULL,13,10,6,14,3,4,8,13,6,9,15,16,16,20,9,12,39,58,Trim,Sheetrock,2026-01-16
20286.0109,190,S1,VIDA 50' LOT,10806 SALEH CORNER,2026-01-29,NULL,NULL,NULL,NULL,NULL,NULL,NULL,NULL,NULL,2026-04-26,2026-05-12,2026-05-17,2026-05-31,2026-06-16,2026-07-04,2026-07-25,2026-08-26,2027-01-02,NULL,NULL,NULL,NULL,NULL,NULL,NULL,NULL,NULL,20,16,16,11,5,7,14,15,16,18,18,17,21,28,32,15,129,110,Foundation,Released,2026-01-29
20288.1223,685,S1,KALLISON RANCH 45' LOT (A),14415 CHAPARRAL RUN,2025-09-23,2025-10-07,2025-10-13,2025-10-16,2025-10-29,2025-11-12,2025-11-20,2025-12-05,2025-12-23,NULL,2025-10-04,2025-10-15,2025-10-19,2025-10-30,2025-11-22,2025-11-29,2025-12-16,2025-12-23,2026-04-26,14,6,3,13,14,8,15,18,NULL,11,16,8,11,6,7,14,15,24,18,NULL,17,26,28,18,15,32,110,Complete,Final,2025-12-23
20290.0042,20290.60,S1,ALSATIAN OAKS 60' LOT,297 POST OAK (M),2024-07-09,2024-07-09,2024-07-22,2024-07-30,2024-08-12,2024-08-14,2024-08-30,2024-10-04,2024-10-29,NULL,2024-07-25,2024-07-21,2024-07-30,2024-08-12,2024-08-30,2024-08-31,2024-09-27,2024-10-29,2026-04-26,0,13,8,13,2,16,35,25,NULL,NULL,16,12,11,8,7,13,15,NULL,18,NULL,17,NULL,28,18,15,NULL,110,Complete,Final,2024-10-29
20290.0094,152,S1,ALSATIAN OAKS 50' LOT,190 MOUNTAIN OAK,2026-01-29,NULL,NULL,NULL,NULL,NULL,NULL,NULL,NULL,NULL,2026-04-26,2026-05-05,2026-05-11,2026-05-25,2026-06-12,2026-06-29,2026-07-26,2026-07-31,2027-01-03,NULL,NULL,NULL,NULL,NULL,NULL,NULL,NULL,NULL,12,16,9,11,6,7,14,15,NULL,18,NULL,17,27,28,5,15,156,110,Foundation,Released,2026-01-29
20313.0056,160,S2,CORLEY FARMS 50' LOT,109 MERRY CALF LANE,2025-11-20,2025-12-05,2025-12-15,2025-12-19,2026-01-07,2026-01-20,NULL,NULL,NULL,NULL,2025-12-10,2025-12-15,2025-12-20,2026-01-05,2026-01-20,2026-04-26,2026-05-17,2026-05-31,2026-08-27,15,10,4,19,13,NULL,NULL,NULL,NULL,NULL,20,10,10,5,7,17,17,13,12,16,17,21,30,14,16,88,96,Trim,Sheetrock,2026-01-20
20315.0090,740,S2,JOHNSON RANCH 55' LOT,31239 STERLING STREET,2025-09-18,2025-09-23,2025-09-30,2025-10-09,2025-10-18,2025-10-28,2025-11-07,2025-12-09,2025-12-23,NULL,2025-10-02,2025-10-05,2025-10-07,2025-10-24,2025-10-25,2025-11-17,2025-12-10,2025-12-23,2026-04-26,5,7,9,9,10,10,32,14,NULL,14,20,12,10,7,7,15,17,7,12,20,17,33,30,15,16,75,96,Complete,Final,2025-12-23
20315.0094,740,S2,JOHNSON RANCH 55' LOT,31222 STERLING STREET,2025-12-08,2025-12-22,2026-01-07,2026-01-13,2026-01-28,NULL,NULL,NULL,NULL,NULL,2025-12-22,2026-01-03,2026-01-14,2026-01-28,2026-04-26,2026-05-16,2026-06-18,2026-07-03,2026-09-16,14,16,6,15,NULL,NULL,NULL,NULL,NULL,14,20,12,10,7,7,15,17,7,12,20,17,33,30,15,16,75,96,Sheetrock,Mechanical,2026-01-28
20315.0139,20315.70,S2,JOHNSON RANCH 70' LOT,31172 CLOVER PASS,2025-11-11,2025-11-20,2025-12-02,2025-12-10,2025-12-20,2025-12-30,2026-01-12,NULL,NULL,NULL,2025-11-30,2025-11-30,2025-12-09,2025-12-27,2025-12-31,2026-01-11,2026-04-26,2026-05-04,2026-07-10,9,12,8,10,10,13,NULL,NULL,NULL,19,20,NULL,10,NULL,7,NULL,17,11,12,12,17,27,30,8,16,67,96,Interior,Trim,2026-01-12
20316.0136,20316.55,S3,HOMESTEAD 55' LOT,4742 SHERMAN SQUARE,2025-12-10,2026-01-02,2026-01-09,2026-01-20,NULL,NULL,NULL,NULL,NULL,NULL,2025-12-29,2026-01-08,2026-01-16,2026-04-26,2026-05-09,2026-05-20,2026-06-13,2026-06-14,2026-11-19,23,7,11,NULL,NULL,NULL,NULL,NULL,NULL,19,14,6,12,7,7,26,15,13,12,11,15,24,23,1,12,158,98,Mechanicals,Cornice,2026-01-20
20320.0140,140,S2,ESPERANZA 50' LOT,277 SASPARILLA,2025-09-11,2025-09-22,2025-10-03,2025-10-08,2025-10-20,2025-10-29,2025-11-12,2025-12-15,2025-12-29,NULL,2025-09-16,2025-10-03,2025-10-10,2025-10-17,2025-10-31,2025-11-19,2025-12-12,2025-12-29,2026-04-26,11,11,5,12,9,14,33,14,NULL,5,20,11,10,7,7,9,17,11,12,21,17,NULL,30,14,16,104,96,Complete,Final,2025-12-29
20320.0151,140,S2,ESPERANZA 50' LOT,222 HIDALGO,2025-11-13,2025-11-25,2025-12-01,2025-12-09,2025-12-18,2025-12-29,2026-01-19,NULL,NULL,NULL,2025-11-18,2025-12-06,2025-12-08,2025-12-18,2025-12-29,2026-01-19,2026-04-26,2026-05-10,2026-08-22,12,6,8,9,11,21,NULL,NULL,NULL,5,20,11,10,7,7,9,17,11,12,21,17,NULL,30,14,16,104,96,Interior,Trim,2026-01-19
20320.0160,140,S2,ESPERANZA 50' LOT,217 HIDALGO,2025-09-25,2025-09-30,2025-10-10,2025-10-20,2025-10-30,2025-11-06,2025-11-25,2025-12-15,2025-12-29,NULL,2025-09-30,2025-10-11,2025-10-17,2025-10-29,2025-11-10,2025-11-27,2025-12-25,2025-12-29,2026-04-26,5,10,10,10,7,19,20,14,NULL,5,20,11,10,7,7,9,17,11,12,21,17,NULL,30,14,16,104,96,Complete,Final,2025-12-29
20345.0058,283,S3,MAYFAIR 50' LOT,480 GARLAND AVENUE,2025-12-29,2026-01-12,2026-01-16,2026-01-22,NULL,NULL,NULL,NULL,NULL,NULL,2026-01-10,2026-01-19,2026-01-20,2026-04-26,2026-05-08,2026-05-23,2026-06-15,2026-06-27,2026-08-23,14,4,6,NULL,NULL,NULL,NULL,NULL,NULL,12,14,7,12,4,7,NULL,15,NULL,12,NULL,15,NULL,23,NULL,12,57,98,Mechanicals,Cornice,2026-01-22
20356.0006,20356.80,H3,Fulshear Lakes 80' Lot,7715 RED DAMSEL PLACE,2026-01-29,NULL,NULL,NULL,NULL,NULL,NULL,NULL,NULL,NULL,2026-04-26,2026-05-28,2026-06-11,2026-06-25,2026-07-07,2026-07-23,2026-08-15,2026-08-27,2027-01-28,NULL,NULL,NULL,NULL,NULL,NULL,NULL,NULL,NULL,9,9,32,15,14,5,14,12,12,9,NULL,16,NULL,23,NULL,12,154,81,Foundation,Released,2026-01-29
20356.0030,20356.80,H3,Fulshear Lakes 80' Lot,32510 LAKESIDE PARK DRIVE (M),2024-11-25,2024-12-02,2024-12-11,2024-12-30,2024-12-31,2025-01-16,2025-02-04,2025-02-18,2025-03-14,NULL,2024-12-04,2025-01-03,2024-12-25,2025-01-13,2025-01-12,2025-02-01,2025-02-27,2025-03-14,2026-04-26,7,9,19,1,16,19,14,24,NULL,9,9,32,15,14,5,14,12,12,9,NULL,16,NULL,23,NULL,12,154,81,Complete,Final,2025-03-14
20357.0071,20357.60,S3,THE PARKLANDS 60' LOT,4015 PARCHMAN,2026-01-22,NULL,NULL,NULL,NULL,NULL,NULL,NULL,NULL,NULL,2026-04-26,2026-05-01,2026-05-05,2026-05-20,2026-06-01,2026-06-16,2026-07-09,2026-07-21,2026-10-27,NULL,NULL,NULL,NULL,NULL,NULL,NULL,NULL,NULL,19,14,5,12,4,7,NULL,15,NULL,12,NULL,15,NULL,23,NULL,12,NULL,98,Foundation,Released,2026-01-22
20362.0049,20362.50,D3,HILLSTEAD 50' LOT,1803 HILLSIDE STROLL DRIVE (M),2024-08-13,2024-08-16,2024-08-27,2024-08-30,2024-09-07,2024-09-17,2024-10-01,2024-10-25,2024-11-06,NULL,2024-08-22,2024-08-26,2024-08-30,2024-09-12,2024-09-20,2024-10-07,2024-10-15,2024-11-06,2026-04-26,3,11,3,8,10,14,24,12,NULL,9,12,10,10,3,3,NULL,13,NULL,13,NULL,20,14,29,18,21,87,92,Complete,Final,2024-11-06
20362.0092,20362.60,D3,HILLSTEAD 60' LOT,930 RIVER SKY ROAD,2025-12-01,2025-12-09,2025-12-15,2025-12-17,2025-12-31,2026-01-12,2026-01-28,NULL,NULL,NULL,2025-12-12,2025-12-20,2025-12-18,2025-12-31,2026-01-11,2026-01-30,2026-04-26,2026-05-18,2026-09-08,8,6,2,14,12,16,NULL,NULL,NULL,11,12,11,10,3,3,14,13,11,13,18,20,NULL,29,22,21,113,92,Interior,Trim,2026-01-28
20364.0018,20364.50,H2,KRESSTON 50' LOT,26463 NORTH WAYLAND CHASE,2025-12-17,2025-12-22,2026-01-21,2026-01-22,NULL,NULL,NULL,NULL,NULL,NULL,2025-12-22,2026-01-13,2026-01-23,2026-04-26,2026-05-07,2026-05-24,2026-06-09,2026-07-04,2026-09-06,5,30,1,NULL,NULL,NULL,NULL,NULL,NULL,5,9,22,17,2,3,12,12,NULL,11,NULL,17,NULL,16,NULL,25,64,54,Mechanicals,Cornice,2026-01-22
20364.0066,20364.65,H2,KRESSTON 65' LOT,26815 MUSTANG SPRINGS COURT,2025-10-22,2025-11-12,2025-11-25,2025-12-03,2025-12-19,2026-01-05,NULL,NULL,NULL,NULL,2025-11-01,2025-12-12,2025-11-30,2025-12-23,2026-01-01,2026-04-26,2026-05-12,2026-06-06,2026-08-19,21,13,8,16,17,NULL,NULL,NULL,NULL,10,9,30,17,5,3,20,12,13,11,12,17,NULL,16,NULL,25,74,54,Trim,Sheetrock,2026-01-05
20365.0006,20365.1A,S2,GEORGE'S RANCH 1 ACRE LOT,309 BRAVE COMPANY,2025-06-12,2025-06-27,2025-07-09,2025-07-14,2025-08-06,2025-08-18,2025-09-05,2025-10-13,2025-11-03,NULL,2025-06-26,2025-07-13,2025-07-16,2025-08-19,2025-08-18,2025-09-04,2025-10-05,2025-11-03,2026-04-26,15,12,5,23,12,18,38,21,NULL,14,20,16,10,NULL,7,36,17,NULL,12,NULL,17,NULL,30,NULL,16,64,96,Complete,Final,2025-11-03
20366.0050,20366.72,D1,TERRACES 72' LOT,1915 LOWLAND DRIVE,2025-08-04,2025-08-25,2025-09-05,2025-09-09,2025-09-22,2025-10-07,2025-10-21,2025-11-07,2025-11-27,NULL,2025-08-18,2025-09-09,2025-09-07,2025-09-20,2025-09-28,2025-10-25,2025-11-07,2025-11-27,2026-04-26,21,11,4,13,15,14,17,20,NULL,14,14,15,13,2,6,11,16,6,12,NULL,18,NULL,17,NULL,17,123,60,Complete,Final,2025-11-27
20366.0061,20366.72,D1,TERRACES 72' LOT,1930 FOOTHILL ROAD,2025-02-28,2025-03-26,2025-04-14,2025-04-21,2025-05-13,2025-06-09,2025-06-30,2025-08-01,2025-08-25,NULL,2025-03-14,2025-04-10,2025-04-16,2025-05-02,2025-05-19,2025-06-27,2025-07-17,2025-08-25,2026-04-26,26,19,7,22,27,21,32,24,NULL,14,14,15,13,2,6,11,16,6,12,NULL,18,NULL,17,NULL,17,123,60,Complete,Final,2025-08-25
20367.0009,20367.55,F1,MANDARIN GROVE 55' LOT,10919 37TH AVENUE EAST,2026-01-28,NULL,NULL,NULL,NULL,NULL,NULL,NULL,NULL,NULL,2026-04-26,2026-05-26,NULL,2026-06-16,2026-07-01,2026-07-23,2026-08-18,2026-10-04,2026-10-21,NULL,NULL,NULL,NULL,NULL,NULL,NULL,NULL,NULL,14,15,30,28,NULL,NULL,21,31,NULL,15,NULL,22,26,46,NULL,47,NULL,17,Foundation,Released,2026-01-28
20367.0016,20367.55,F1,MANDARIN GROVE 55' LOT,3715 109TH STREET EAST,2025-09-03,2025-09-12,2025-10-10,NULL,2025-11-15,2025-12-01,2025-12-19,2026-01-14,NULL,NULL,2025-09-17,2025-10-12,NULL,2025-10-31,2025-11-30,2025-12-23,2026-01-14,2026-04-26,2026-05-13,9,28,NULL,36,16,18,26,NULL,NULL,14,15,30,28,NULL,NULL,21,31,NULL,15,NULL,22,26,46,NULL,47,NULL,17,Final,Interior,2026-01-14
20369.0091,20369.60,S1,HABY HILL 60' LOT,109 HABYS COVE,2025-10-15,2025-10-27,2025-11-12,2025-11-12,2025-12-01,2025-12-15,2025-12-30,NULL,NULL,NULL,2025-10-26,2025-11-07,2025-11-23,2025-11-29,2025-12-19,2025-12-30,2026-04-26,2026-05-11,2026-10-02,12,16,0,19,14,15,NULL,NULL,NULL,11,16,11,11,11,7,17,15,NULL,18,15,17,NULL,28,NULL,15,144,110,Interior,Trim,2025-12-30
20369.0110,20369.60,S1,HABY HILL 60' LOT,265 HABY HILL,2025-05-08,2025-05-16,2025-05-28,2025-05-30,2025-06-19,2025-07-01,2025-07-10,2025-08-15,2025-09-04,NULL,2025-05-19,2025-05-27,2025-06-08,2025-06-16,2025-07-07,2025-07-16,2025-08-07,2025-09-04,2026-04-26,8,12,2,20,12,9,36,20,NULL,11,16,11,11,11,7,17,15,NULL,18,15,17,NULL,28,NULL,15,144,110,Complete,Final,2025-09-04
20370.0004,20370.50,A2,FLORA 50' LOT,329 ROCK DAISY TRAIL,2025-11-20,2025-12-08,2025-12-16,2025-12-22,2026-01-09,2026-01-19,NULL,NULL,NULL,NULL,2025-12-09,2025-12-17,2025-12-22,2026-01-10,2026-01-19,2026-04-26,2026-05-22,2026-06-02,2026-10-11,18,8,6,18,10,NULL,NULL,NULL,NULL,19,27,9,11,6,6,19,18,10,10,26,16,26,33,11,16,131,120,Trim,Sheetrock,2026-01-19
20371.0017,20371.40,H3,CANDELA SOUTH 40' LOT,223 BRIGHT VALLEY WAY,2025-12-10,2025-12-18,2025-12-30,2026-01-05,2026-01-10,2026-01-14,NULL,NULL,NULL,NULL,2025-12-25,2025-12-29,2026-01-05,2026-01-10,2026-01-17,2026-04-26,2026-05-10,2026-05-24,2026-08-13,8,12,6,5,4,NULL,NULL,NULL,NULL,15,9,11,15,6,5,5,12,7,9,13,16,14,23,14,12,NULL,81,Trim,Sheetrock,2026-01-14
20371.0026,20371.40,H3,CANDELA SOUTH 40' LOT,119 SHINING SUCCULENT DRIVE,2026-01-23,NULL,NULL,NULL,NULL,NULL,NULL,NULL,NULL,NULL,2026-04-26,2026-05-07,2026-05-13,2026-05-18,2026-05-25,2026-06-07,2026-06-21,2026-07-05,2026-09-24,NULL,NULL,NULL,NULL,NULL,NULL,NULL,NULL,NULL,15,9,11,15,6,5,5,12,7,9,13,16,14,23,14,12,NULL,81,Foundation,Released,2026-01-23
20373.0027,20373.50,A2,PARKSIDE ON THE RIVER WEST 50' LOT,1616 SNOWDROP DRIVE (CNS),2025-01-21,2025-02-19,2025-02-27,2025-03-04,2025-03-20,2025-03-28,NULL,NULL,NULL,NULL,2025-02-11,2025-03-09,2025-03-05,2025-03-27,2025-04-02,2026-04-26,2026-06-02,2026-07-06,2026-11-03,29,8,5,16,8,NULL,NULL,NULL,NULL,21,27,18,11,NULL,6,23,18,13,10,NULL,16,37,33,34,16,NULL,120,Trim,Sheetrock,2025-03-28
20373.0033,20373.50,A2,PARKSIDE ON THE RIVER WEST 50' LOT,1408 SNOWDROP DRIVE,2025-10-21,2025-11-05,2025-11-12,2025-11-13,2025-11-22,2025-12-03,2025-12-16,NULL,NULL,NULL,2025-11-11,2025-11-23,2025-11-18,2025-12-06,2025-12-05,2025-12-19,2026-04-26,2026-05-30,2026-09-27,15,7,1,9,11,13,NULL,NULL,NULL,21,27,18,11,NULL,6,23,18,13,10,NULL,16,37,33,34,16,NULL,120,Interior,Trim,2025-12-16
20373.0048,20373.60,A2,PARKSIDE ON THE RIVER WEST 60' LOT,1520 AMANDA PAIGE DRIVE,2025-11-17,2025-12-03,2025-12-17,2025-12-28,2026-01-16,NULL,NULL,NULL,NULL,NULL,2025-12-14,2025-12-21,2025-12-25,2026-01-16,2026-04-26,2026-05-12,2026-06-14,2026-06-30,2026-09-26,16,14,11,19,NULL,NULL,NULL,NULL,NULL,NULL,27,18,11,8,6,19,18,20,10,NULL,16,NULL,33,NULL,16,88,120,Sheetrock,Mechanical,2026-01-16
20373.0061,20373.60,A2,PARKSIDE ON THE RIVER WEST 60' LOT,1716 SNOWDROP DRIVE,2024-12-13,2025-01-11,2025-01-24,2025-01-28,2025-02-20,2025-03-04,2025-03-24,2025-04-30,2025-05-23,NULL,2025-01-09,2025-01-29,2025-02-01,2025-02-16,2025-03-12,2025-03-20,2025-04-26,2025-05-23,2026-04-26,29,13,4,23,12,20,37,23,NULL,NULL,27,18,11,8,6,19,18,20,10,NULL,16,NULL,33,NULL,16,88,120,Complete,Final,2025-05-23
20373.0126,20373.70,A2,PARKSIDE ON THE RIVER WEST 70'/80' LOT,1329 SUNSET HILL WAY,2025-12-23,NULL,NULL,NULL,NULL,NULL,NULL,NULL,NULL,NULL,2026-04-26,2026-05-11,2026-05-18,2026-06-05,2026-06-15,2026-07-01,2026-08-13,2026-09-11,2026-09-19,NULL,NULL,NULL,NULL,NULL,NULL,NULL,NULL,NULL,38,27,15,11,7,6,NULL,18,NULL,10,NULL,16,43,33,29,16,8,120,Foundation,Released,2025-12-23
20374.0009,20374.50,F1,MAGNOLIA BAY 50' LOT,410 SUN CHASER DRIVE,2025-11-03,2025-12-01,2025-12-29,NULL,2026-01-20,NULL,NULL,NULL,NULL,NULL,2025-11-19,2026-01-02,NULL,2026-01-20,2026-04-26,2026-05-08,2026-06-23,2026-08-09,2026-08-29,28,28,NULL,22,NULL,NULL,NULL,NULL,NULL,16,15,32,28,NULL,NULL,22,31,14,15,12,22,NULL,46,NULL,47,20,17,Sheetrock,Mechanical,2026-01-20
20375.0016,20375.50,F1,TURNLEAF 50' LOT,13040 MOONRISE LANE,2025-06-16,2025-06-24,2025-08-18,NULL,2025-09-23,2025-10-14,2025-11-10,NULL,NULL,NULL,2025-07-13,2025-07-22,NULL,2025-09-18,2025-10-08,2025-11-05,2026-04-26,2026-06-25,2026-07-12,8,55,NULL,36,21,27,NULL,NULL,NULL,27,15,NULL,28,NULL,NULL,NULL,31,NULL,15,NULL,22,NULL,46,60,47,NULL,17,Interior,Trim,2025-11-10
20375.0034,20375.50,F1,TURNLEAF 50' LOT,13056 CAMELOT LANE,2025-05-21,2025-05-29,2025-07-11,NULL,2025-08-20,2025-09-17,2025-10-20,2025-11-17,NULL,NULL,2025-06-17,2025-06-26,NULL,2025-08-11,2025-09-04,2025-10-09,2025-12-05,2026-04-26,2026-05-13,8,43,NULL,40,28,33,28,NULL,NULL,27,15,NULL,28,NULL,NULL,NULL,31,NULL,15,NULL,22,NULL,46,60,47,NULL,17,Final,Interior,2025-11-17
20376.0020,20376.40,H2,WOODHAVYN 40' LOT,29957 STONY FOREST DRIVE,2025-03-20,2025-04-02,2025-04-09,2025-04-19,2025-05-03,2025-05-12,2025-05-29,2025-11-06,2025-11-26,NULL,2025-03-29,2025-04-11,2025-04-12,2025-04-28,2025-05-14,2025-05-29,2025-06-14,2025-11-26,2026-04-26,13,7,10,14,9,17,161,20,NULL,9,9,9,17,3,3,9,12,NULL,11,NULL,17,NULL,16,NULL,25,34,54,Complete,Final,2025-11-26
20376.0024,20376.50,H2,WOODHAVYN 50' LOT,30710 LILA GROVE LANE (M),2025-02-14,2025-02-17,2025-02-25,2025-03-03,2025-03-13,2025-03-20,2025-03-28,2025-04-10,2025-04-29,NULL,2025-02-19,2025-03-05,2025-03-03,2025-03-13,2025-03-24,2025-04-06,2025-04-13,2025-04-29,2026-04-26,3,8,6,10,7,8,13,19,NULL,5,9,16,17,6,3,10,12,NULL,11,NULL,17,NULL,16,NULL,25,36,54,Complete,Final,2025-04-29
20378.0011,20378.47,A2,WOODSIDE 47' LOT,121 ADLAI AVENUE,2025-04-04,2025-04-28,2025-05-13,2025-05-19,2025-06-16,2025-06-30,2025-07-14,2025-08-08,2025-08-25,NULL,2025-05-01,2025-05-09,2025-05-19,2025-06-09,2025-06-24,2025-07-11,2025-08-16,2025-08-25,2026-04-26,24,15,6,28,14,14,25,17,NULL,NULL,27,NULL,11,NULL,6,21,18,8,10,11,16,NULL,33,NULL,16,147,120,Complete,Final,2025-08-25
20378.0039,20378.47,A2,WOODSIDE 47' LOT,217 BRIGHT LIGHT WAY,2025-12-31,NULL,NULL,NULL,NULL,NULL,NULL,NULL,NULL,NULL,2026-04-26,2026-05-07,2026-05-13,2026-06-03,2026-06-11,2026-06-22,2026-07-25,2026-08-10,2027-01-04,NULL,NULL,NULL,NULL,NULL,NULL,NULL,NULL,NULL,NULL,27,NULL,11,NULL,6,21,18,8,10,11,16,NULL,33,NULL,16,147,120,Foundation,Released,2025-12-31
20378.0054,20378.47,A2,WOODSIDE 47' LOT,104 BRIGHT LIGHT WAY,2026-01-15,NULL,NULL,NULL,NULL,NULL,NULL,NULL,NULL,NULL,2026-04-26,2026-05-07,2026-05-13,2026-06-03,2026-06-11,2026-06-22,2026-07-25,2026-08-10,2027-01-04,NULL,NULL,NULL,NULL,NULL,NULL,NULL,NULL,NULL,NULL,27,NULL,11,NULL,6,21,18,8,10,11,16,NULL,33,NULL,16,147,120,Foundation,Released,2026-01-15
20382.0042,20382.71,D1,MYRTLE CREEK 71' LOT,232 ROSEMALLOW LANE,2025-06-12,2025-06-30,2025-07-10,2025-07-15,2025-07-25,2025-08-05,2025-08-25,2025-09-10,2025-10-13,NULL,2025-06-26,2025-07-13,2025-07-16,2025-07-31,2025-08-06,2025-08-23,2025-09-11,2025-10-13,2026-04-26,18,10,5,10,11,20,16,33,NULL,NULL,14,NULL,13,NULL,6,NULL,16,NULL,12,NULL,18,NULL,17,NULL,17,NULL,60,Complete,Final,2025-10-13
20384.0003,20384.70,S2,DOMINION 70' LOT,11 ENIA CIRCLE (M),2025-05-28,2025-06-19,2025-06-30,2025-07-17,2025-07-24,2025-08-05,2025-08-20,2025-09-23,2025-10-14,NULL,2025-06-09,2025-06-29,2025-07-17,2025-08-09,2025-08-05,2025-08-22,2025-09-18,2025-10-14,2026-04-26,22,11,17,7,12,15,34,21,NULL,12,20,NULL,10,17,7,23,17,NULL,12,NULL,17,29,30,20,16,NULL,96,Complete,Final,2025-10-14
20387.0028,20387.60,H6,AUSTIN POINT 60' LOT,4914 CARINA STREET,2025-12-18,2025-12-22,2026-01-06,2026-01-09,2026-01-21,NULL,NULL,NULL,NULL,NULL,2025-12-23,2026-01-03,2026-01-10,2026-01-20,2026-04-26,2026-05-12,2026-06-01,2026-06-13,2026-07-03,4,15,3,12,NULL,NULL,NULL,NULL,NULL,5,10,12,14,4,4,11,13,NULL,9,NULL,16,NULL,20,NULL,12,20,58,Sheetrock,Mechanical,2026-01-21
20388.0012,20388.60,H4,BRIARLEY 60' LOT,803 VIZSLA COURT,2026-01-21,NULL,NULL,NULL,NULL,NULL,NULL,NULL,NULL,NULL,2026-04-26,2026-05-10,2026-05-15,2026-05-25,2026-06-08,2026-06-23,2026-07-13,2026-07-30,2026-08-09,NULL,NULL,NULL,NULL,NULL,NULL,NULL,NULL,NULL,12,9,14,12,5,3,10,9,14,10,15,15,20,17,17,13,10,97,Foundation,Released,2026-01-21
20389.0004,20389.55,S2,HIDDEN CANYON 55' LOT,447 CANYON PATH,2025-11-11,2026-01-08,2026-01-20,2026-01-23,NULL,NULL,NULL,NULL,NULL,NULL,2026-01-08,2026-01-18,2026-01-23,2026-04-26,2026-05-08,2026-05-27,2026-06-20,2026-07-02,2026-10-06,58,12,3,NULL,NULL,NULL,NULL,NULL,NULL,58,20,10,10,3,7,26,17,NULL,12,19,17,24,30,12,16,NULL,96,Mechanicals,Cornice,2026-01-23
20389.0025,20389.55,S2,HIDDEN CANYON 55' LOT,219 CANYON PATH,2025-07-21,2025-08-04,2025-08-19,2025-08-25,2025-09-22,2025-10-09,2025-10-21,2025-11-21,2025-11-26,NULL,2025-09-17,2025-08-14,2025-08-22,2025-09-20,2025-10-04,2025-10-28,2025-11-14,2025-11-26,2026-04-26,14,15,6,28,17,12,31,5,NULL,58,20,10,10,3,7,26,17,NULL,12,19,17,24,30,12,16,NULL,96,Complete,Final,2025-11-26
20391.0015,20391.50,H1,LEGACY 50' LOT,6726 MOUNTAIN BROOK WAY,2025-08-05,2025-08-18,2025-09-02,2025-09-08,2025-09-16,2025-09-25,2025-10-03,2025-12-31,2026-01-13,NULL,2025-08-20,2025-09-06,2025-09-10,2025-09-18,2025-09-25,2025-10-17,2026-01-07,2026-01-13,2026-04-26,13,15,6,8,9,8,89,13,NULL,15,11,NULL,19,NULL,8,10,11,9,12,22,19,96,41,10,10,NULL,88,Complete,Final,2026-01-13
20403.0004,20403.50,A3,JUNIPER SPRINGS 50' LOT,322 MELODY ROAD (M),2025-07-09,2025-08-05,2025-08-08,2025-08-11,2025-08-18,2025-08-27,2025-09-10,2025-09-24,2025-10-06,NULL,2025-07-16,2025-08-12,2025-08-13,2025-08-28,2025-08-27,2025-09-10,2025-11-30,2025-10-06,2026-04-26,27,3,3,7,9,14,14,12,NULL,7,17,7,9,5,5,17,21,9,13,NULL,14,81,37,9,12,15,64,Complete,Final,2025-10-06
20403.0043,20403.45,A3,JUNIPER SPRINGS 45' LOT,3907 WISHING WELL DRIVE,2025-12-09,2025-12-15,2025-12-19,2025-12-23,2026-01-10,2026-01-22,NULL,NULL,NULL,NULL,2025-12-19,2025-12-23,2025-12-21,2026-01-08,2026-01-22,2026-04-26,2026-05-09,2026-05-27,2026-06-07,6,4,4,18,12,NULL,NULL,NULL,NULL,10,17,8,9,2,5,16,21,12,13,14,14,13,37,18,12,11,64,Trim,Sheetrock,2026-01-22
210097,210,A3,CROSSWINDS 50' LOT,684 BAY BREEZE DRIVE,2025-08-07,2025-09-08,2025-09-16,2025-09-21,2025-10-10,2025-10-22,2025-11-06,2025-12-09,2025-12-15,NULL,2025-08-18,2025-09-15,2025-09-20,2025-10-01,2025-10-19,2025-11-05,2025-12-13,2025-12-15,2026-04-26,32,8,5,19,12,15,33,6,NULL,11,17,7,9,4,5,10,21,9,13,NULL,14,NULL,37,12,12,NULL,64,Complete,Final,2025-12-15
211138,211,D4,WALSH RANCH 55' LOT,13249 CEDAR SAGE TRAIL,2025-09-18,2025-10-06,2025-10-28,2025-10-28,2025-11-07,2025-11-18,2025-12-01,2026-01-12,2026-01-20,NULL,2025-10-23,2025-10-23,2025-11-02,2025-11-17,2025-11-17,2025-11-25,2026-01-12,2026-01-20,2026-04-26,18,22,0,10,11,13,42,8,NULL,35,14,17,13,5,5,20,17,10,13,7,12,42,24,8,40,12,39,Complete,Final,2026-01-20
225044,225,H5,KATY COURT 70' LOT,3810 HERMITAGE DRIVE (M),2023-08-07,2023-08-23,2023-09-07,2023-09-19,2023-09-30,2023-10-09,2023-11-01,2024-02-07,2024-05-06,NULL,2023-08-17,2023-09-08,2023-09-12,2023-09-29,2023-10-11,2023-11-06,2023-11-14,2024-05-06,2026-04-26,16,15,12,11,9,23,98,89,NULL,10,9,16,15,5,5,10,16,11,12,28,17,13,18,NULL,10,151,76,Complete,Final,2024-05-06
253042,253,H4,ARTAVIA 55' LOT,18411 CHAMELEON COURT,2025-01-28,2025-02-04,2025-02-18,2025-02-20,2025-03-04,2025-03-13,2025-03-25,2025-04-10,2025-04-16,NULL,2025-02-08,2025-02-17,2025-02-19,2025-03-03,2025-03-14,2025-03-28,2025-04-16,2025-04-16,2026-04-26,7,14,2,12,9,12,16,6,NULL,11,9,13,12,1,3,11,9,NULL,10,NULL,15,22,17,8,13,17,97,Complete,Final,2025-04-16
261030,261,S2,STILLWATER RANCH 50' LOT,9307 PIONEER JUNCTION (M),2023-07-05,2023-07-10,2023-07-12,2023-07-17,2023-07-21,2023-07-26,2023-08-14,2023-09-10,2023-09-11,NULL,2023-07-25,2023-07-20,2023-07-19,2023-08-03,2023-08-02,2023-08-12,2023-09-13,2023-09-11,2026-04-26,5,2,5,4,5,19,27,1,NULL,NULL,20,NULL,10,NULL,7,NULL,17,NULL,12,NULL,17,NULL,30,NULL,16,NULL,96,Complete,Final,2023-09-11
268096,268,D1,AVONDALE 45' LOT,2405 AUBURN STREET,2025-10-06,2025-10-20,2025-10-28,2025-10-31,2025-11-14,2025-11-28,2025-12-15,2026-01-06,2026-01-13,NULL,2025-10-20,2025-11-04,2025-11-03,2025-11-14,2025-11-26,2025-12-19,2025-12-30,2026-01-13,2026-04-26,14,8,3,14,14,17,22,7,NULL,NULL,14,15,13,NULL,6,14,16,12,12,21,18,15,17,7,17,26,60,Complete,Final,2026-01-13
277109,277,S3,LEGACY AT LAKE DUNLAP 50' LOT,104 LAKE COMO POINT (M),2023-10-19,2023-10-19,2023-10-23,2023-10-26,2023-11-04,2023-11-11,2023-11-27,2023-12-15,2023-12-15,NULL,2023-11-02,2023-10-31,2023-10-30,2023-11-10,2023-11-16,2023-11-26,2023-12-20,2023-12-15,2026-04-26,0,4,3,9,7,16,18,0,NULL,NULL,14,NULL,12,NULL,7,NULL,15,NULL,12,NULL,15,NULL,23,NULL,12,143,98,Complete,Final,2023-12-15
284070,284,D3,FIELDS 60' LOT,14047 BOHANNON DRIVE,2025-12-26,2026-01-13,NULL,NULL,NULL,NULL,NULL,NULL,NULL,NULL,2026-01-13,2026-04-26,2026-04-29,2026-05-12,2026-05-25,2026-06-21,2026-07-20,2026-08-10,2026-10-21,18,NULL,NULL,NULL,NULL,NULL,NULL,NULL,NULL,18,12,NULL,10,NULL,3,NULL,13,NULL,13,27,20,NULL,29,NULL,21,72,92,Frame,Foundation,2026-01-13
292116,292,S2,ARCADIA RIDGE 45' LOT,12905 GILMORE BEND,2025-10-09,2025-10-20,2025-10-22,2025-10-24,2025-11-05,2025-11-12,2025-12-01,2026-01-05,2026-01-22,NULL,2025-10-27,2025-11-02,2025-10-28,2025-10-30,2025-11-20,2025-11-29,2025-12-29,2026-01-22,2026-09-17,11,2,2,12,7,19,35,17,NULL,18,20,13,10,6,7,6,17,15,12,17,17,28,30,17,16,238,96,Complete,Final,2026-01-22
292121,292,S2,ARCADIA RIDGE 45' LOT,12914 GILMORE BEND,2025-11-20,NULL,NULL,NULL,NULL,NULL,NULL,NULL,NULL,NULL,2026-04-26,2026-05-09,2026-05-15,2026-05-21,2026-06-05,2026-06-22,2026-07-20,2026-08-06,2027-04-01,NULL,NULL,NULL,NULL,NULL,NULL,NULL,NULL,NULL,18,20,13,10,6,7,6,17,15,12,17,17,28,30,17,16,238,96,Foundation,Released,2025-11-20
300100,300,H4,THE WOODLANDS HILLS 40' LOT,126 ADORATION WOODS COURT (M),2024-04-09,2024-04-24,2024-05-08,2024-05-13,2024-05-25,2024-06-05,2024-06-21,2024-08-05,2024-08-14,NULL,2024-04-23,2024-05-05,2024-05-11,2024-05-25,2024-06-05,2024-06-16,2024-06-30,2024-08-14,2026-04-26,15,14,5,12,11,16,45,9,NULL,14,9,11,12,3,3,12,9,11,10,11,15,9,17,4,13,96,97,Complete,Final,2024-08-14
605512,605,S1,KALLISON RANCH 50' LOT (A),14306 SOZIN BRIDGE,2025-12-02,2025-12-15,2025-12-23,2026-01-05,2026-01-14,NULL,NULL,NULL,NULL,NULL,2025-12-14,2025-12-23,2026-01-01,2026-01-16,2026-04-26,2026-05-10,2026-06-13,2026-06-23,2026-08-02,13,8,13,9,NULL,NULL,NULL,NULL,NULL,12,16,8,11,9,7,11,15,13,18,14,17,34,28,10,15,40,110,Sheetrock,Mechanical,2026-01-14
633129,633,D2,MUSTANG LAKES 60' LOT,2313 SORRELWOOD COURT (M),2020-12-28,2021-01-13,2021-01-27,2021-01-29,2021-02-23,2021-03-03,2021-03-29,2021-04-02,2021-03-29,NULL,2021-01-09,2021-01-23,2021-01-31,2021-02-12,2021-03-07,2021-03-14,2021-04-15,2021-03-29,2026-04-26,16,14,2,25,8,26,4,-4,NULL,NULL,12,NULL,10,NULL,4,NULL,14,NULL,12,NULL,11,NULL,17,NULL,18,NULL,88,Complete,Final,2021-04-02
666182,666,D2,DEVONSHIRE 50' LOT,1102 BARNMEADOW LANE,2025-09-25,2025-10-10,2025-10-23,2025-10-28,2025-11-05,2025-11-14,2025-12-01,2025-12-11,2025-12-31,NULL,2025-10-07,2025-10-20,2025-10-27,2025-11-11,2025-11-17,2025-11-24,2025-12-18,2025-12-31,2026-04-26,15,13,5,8,9,17,10,20,NULL,NULL,12,NULL,10,NULL,4,NULL,14,12,12,10,11,17,17,20,18,49,88,Complete,Final,2025-12-31
678220,678,S1,KALLISON RANCH 60' LOT,10119 DAPPLE COLT,2025-12-17,2026-01-02,2026-01-13,2026-01-21,2026-01-28,NULL,NULL,NULL,NULL,NULL,2025-12-28,2026-01-16,2026-01-17,2026-01-31,2026-04-26,2026-05-17,2026-06-29,2026-07-04,2027-01-09,16,11,8,7,NULL,NULL,NULL,NULL,NULL,11,16,14,11,4,7,10,15,20,18,21,17,43,28,5,15,189,110,Sheetrock,Mechanical,2026-01-28
678311,678,S1,KALLISON RANCH 60' LOT,10050 FORELOCK CREEK,2025-11-06,2025-11-12,2025-12-01,2025-12-04,2025-12-17,2025-12-19,2026-01-22,NULL,NULL,NULL,2025-11-17,2025-11-26,2025-12-05,2025-12-14,2026-01-06,2026-01-09,2026-04-26,2026-05-01,2026-11-06,6,19,3,13,2,34,NULL,NULL,NULL,11,16,14,11,4,7,10,15,20,18,21,17,43,28,5,15,189,110,Interior,Trim,2026-01-22
684056,684,S1,LADERA 50' LOT,14703 COSTA LEON (C),2021-04-27,2021-07-30,2021-09-03,2021-09-16,2021-10-15,2021-11-30,2022-01-28,2022-04-23,2022-04-15,NULL,2021-05-13,2021-08-10,2021-09-14,2021-10-09,2021-11-02,2021-12-14,2022-02-21,2022-04-15,2026-04-26,94,35,13,29,46,59,85,-8,NULL,NULL,16,NULL,11,11,7,23,15,NULL,18,14,17,24,28,23,15,277,110,Complete,Final,2022-04-23
684160,684,S1,LADERA 50' LOT,3002 VISTABLUE LANE,2025-06-27,2025-07-16,2025-07-23,2025-07-29,2025-08-13,2025-08-29,2025-09-19,2025-10-13,2025-10-30,NULL,2025-07-13,2025-07-27,2025-08-03,2025-08-21,2025-08-31,2025-09-12,2025-10-13,2025-10-30,2026-08-03,19,7,6,15,16,21,24,17,NULL,NULL,16,NULL,11,11,7,23,15,NULL,18,14,17,24,28,23,15,277,110,Complete,Final,2025-10-30
685299,685,S1,KALLISON RANCH 45' LOT (A),14323 DECKER SADDLE (C),2022-11-17,2022-11-28,2022-12-05,2022-12-13,2022-12-29,2023-01-06,2023-02-06,2023-03-06,2023-03-10,NULL,2022-11-28,2022-12-06,2022-12-11,2022-12-27,2023-01-22,2023-01-23,2023-03-04,2023-03-10,2026-04-26,11,7,8,16,8,31,28,4,NULL,11,16,8,11,6,7,14,15,24,18,NULL,17,26,28,18,15,32,110,Complete,Final,2023-03-10
695001,695,H1,RICELAND 50' LOT,12026 GRASSY BEND DRIVE (M),2024-03-08,2024-03-20,2024-04-01,2024-04-08,2024-04-15,2024-04-18,2024-05-03,2024-05-13,2024-05-17,NULL,2024-03-22,2024-04-05,2024-04-09,2024-04-19,2024-04-18,2024-05-12,2024-05-27,2024-05-17,2026-04-26,12,12,7,7,3,15,10,4,NULL,14,11,16,19,NULL,8,NULL,11,3,12,24,19,24,41,12,10,70,88,Complete,Final,2024-05-17
695036,695,H1,RICELAND 50' LOT,12326 SWEET GUM DRIVE,2025-10-01,2025-10-16,2025-11-07,2025-11-13,2025-11-24,2025-12-04,2025-12-16,2026-01-09,2026-01-21,NULL,2025-10-15,2025-11-01,2025-11-15,2025-11-24,2025-11-27,2025-12-28,2026-01-09,2026-01-21,2026-04-26,15,22,6,11,10,12,24,12,NULL,14,11,16,19,NULL,8,NULL,11,3,12,24,19,24,41,12,10,70,88,Complete,Final,2026-01-21
754096,754,A3,6 CREEKS 50' LOT,284 PRICKLY POPPY LOOP,2025-06-26,2025-07-18,2025-07-29,2025-08-01,2025-08-20,2025-09-04,2025-09-22,2025-10-14,2025-10-27,NULL,2025-07-13,2025-07-27,2025-08-03,2025-08-22,2025-09-02,2025-09-18,2025-10-29,2025-10-27,2026-04-26,22,11,3,19,15,18,22,13,NULL,NULL,17,NULL,9,NULL,5,NULL,21,NULL,13,NULL,14,NULL,37,NULL,12,119,64,Complete,Final,2025-10-27
754121,754,A3,6 CREEKS 50' LOT,285 PRICKLY POPPY LOOP,2025-05-12,2025-06-06,2025-06-20,2025-06-27,2025-07-16,2025-07-27,2025-08-14,2025-09-09,2025-09-10,NULL,2025-05-29,2025-06-15,2025-06-25,2025-07-18,2025-07-29,2025-08-10,2025-09-20,2025-09-10,2026-04-26,25,14,7,19,11,18,26,1,NULL,NULL,17,NULL,9,NULL,5,NULL,21,NULL,13,NULL,14,NULL,37,NULL,12,119,64,Complete,Final,2025-09-10
783001,783,A2,PARKSIDE ON THE RIVER 50' LOT,200 BARTON OAK TRAIL (M),2021-11-30,2022-01-10,2022-01-25,2022-02-08,2022-03-02,2022-03-13,2022-04-04,2022-06-21,2022-07-22,NULL,2021-12-27,2022-01-21,2022-02-05,2022-02-23,2022-03-10,2022-03-26,2022-05-16,2022-07-22,2026-04-26,41,15,14,22,11,22,78,31,NULL,NULL,27,NULL,11,11,6,15,18,8,10,13,16,42,33,14,16,147,120,Complete,Final,2022-07-22
783141,783,A2,PARKSIDE ON THE RIVER 50' LOT,124 WHITE CREEK LANE,2025-10-21,2025-11-03,2025-11-10,2025-11-17,2025-11-28,2025-12-04,2025-12-18,NULL,NULL,NULL,2025-11-17,2025-11-14,2025-11-21,2025-12-02,2025-12-06,2025-12-17,2026-04-26,2026-05-10,2026-10-04,13,7,7,11,6,14,NULL,NULL,NULL,NULL,27,NULL,11,11,6,15,18,8,10,13,16,42,33,14,16,147,120,Interior,Trim,2025-12-18
148091,148,D4,SWEETGRASS 50' LOT,792 CEDARWOOD COURT (M),2023-06-23,2023-06-27,2023-07-05,2023-07-11,2023-07-24,2023-08-01,2023-08-22,2023-09-13,2023-11-13,NULL,2023-06-30,2023-07-08,2023-07-08,2023-07-28,2023-08-06,2023-08-13,2023-09-15,2023-11-13,2026-04-26,4,8,6,13,8,21,22,61,NULL,7,14,11,13,3,5,NULL,17,NULL,13,NULL,12,NULL,24,NULL,40,NULL,39,Complete,Final,2023-11-13
160024,160,S2,CORLEY FARMS 50' LOT,326 WHITE BARN COVE (M),2024-01-26,2024-01-24,2024-01-25,2024-01-30,2024-02-08,2024-02-15,2024-02-29,2024-03-11,2024-03-26,NULL,2024-02-15,2024-02-03,2024-01-30,2024-02-16,2024-02-21,2024-03-02,2024-03-21,2024-03-26,2026-04-26,-2,1,5,9,7,14,11,15,NULL,NULL,20,10,10,5,7,17,17,13,12,16,17,21,30,14,16,88,96,Complete,Final,2024-03-26
20007.0139,20007.50,A1,LARIAT 50' LOT,201 GARY WAYNE DRIVE,2025-12-12,2025-12-29,2026-01-09,2026-01-15,2026-01-26,NULL,NULL,NULL,NULL,NULL,2025-12-29,2026-01-09,2026-01-15,2026-02-01,2026-04-26,2026-05-13,2026-06-11,2026-06-20,2026-08-23,17,11,6,11,NULL,NULL,NULL,NULL,NULL,17,15,11,9,6,6,17,15,16,13,NULL,17,29,39,9,11,64,96,Sheetrock,Mechanical,2026-01-26
20007.0170,722,A1,LARIAT 45' LOT,712 LARIAT LOOP,2025-09-30,2025-10-08,2025-10-16,2025-10-21,2025-10-30,2025-11-10,2025-11-24,2026-01-06,2026-01-13,NULL,2025-10-15,2025-10-17,2025-10-24,2025-11-11,2025-11-11,2025-11-27,2026-01-06,2026-01-13,2026-04-26,8,8,5,9,11,14,43,7,NULL,NULL,15,NULL,9,8,6,21,15,12,13,NULL,17,43,39,5,11,NULL,96,Complete,Final,2026-01-13
20013.0502,687,A1,SANTA RITA RANCH 50' LOT,144 LA VENTA LOOP,2025-10-23,2025-11-10,2025-11-20,2025-11-24,2025-12-12,2025-12-23,2026-01-13,NULL,NULL,NULL,2025-11-09,2025-11-18,2025-11-26,2025-12-09,2025-12-23,2026-01-13,2026-04-26,2026-05-10,2026-10-23,18,10,4,18,11,21,NULL,NULL,NULL,17,15,8,9,NULL,6,NULL,15,11,13,21,17,24,39,14,11,166,96,Interior,Trim,2026-01-13
20013.0526,741,A1,SANTA RITA RANCH 40' LOT,506 MENLO CIRCLE,2025-03-03,2025-03-11,2025-03-17,2025-03-19,2025-03-28,2025-04-04,2025-04-21,2025-05-06,2025-05-09,NULL,2025-03-18,2025-03-17,2025-03-23,2025-04-05,2025-04-04,2025-04-21,2025-05-21,2025-05-09,2026-04-26,8,6,2,9,7,17,15,3,NULL,15,15,6,9,6,6,17,15,7,13,NULL,17,30,39,18,11,21,96,Complete,Final,2025-05-09
20016.0276,20016.56,A2,WOLF RANCH 56' LOT,312 RIVER OVERLOOK ROAD,2025-11-17,NULL,NULL,NULL,NULL,NULL,NULL,NULL,NULL,NULL,2026-04-26,2026-05-05,2026-05-11,2026-06-03,2026-06-13,2026-06-29,2026-07-23,2026-08-02,2026-10-28,NULL,NULL,NULL,NULL,NULL,NULL,NULL,NULL,NULL,23,27,9,11,6,6,23,18,NULL,10,NULL,16,24,33,10,16,87,120,Foundation,Released,2025-11-17
20020.0264,20020.60,A2,THE COLONY 60' LOT,178 PINYON PINE DRIVE (M),2024-12-26,2025-01-02,2025-01-07,2025-01-08,2025-01-21,2025-01-28,2025-02-15,2025-02-26,2025-03-07,NULL,2025-01-12,2025-01-06,2025-01-12,2025-01-19,2025-01-31,2025-02-14,2025-03-20,2025-03-07,2026-04-26,7,5,1,13,7,18,11,9,NULL,17,27,4,11,5,6,11,18,10,10,17,16,33,33,11,16,177,120,Complete,Final,2025-03-07
20020.0267,20020.60,A2,THE COLONY 60' LOT,110 PALO PINTO BEND,2025-11-20,2025-12-03,2025-12-08,2025-12-11,2025-12-22,2025-12-31,2026-01-21,NULL,NULL,NULL,2025-12-07,2025-12-07,2025-12-13,2025-12-22,2026-01-01,2026-01-17,2026-04-26,2026-05-07,2026-10-31,13,5,3,11,9,21,NULL,NULL,NULL,17,27,4,11,5,6,11,18,10,10,17,16,33,33,11,16,177,120,Interior,Trim,2026-01-21
20020.0323,796,A2,THE COLONY 45' LOT,316 MADDY WAY,2026-01-22,NULL,NULL,NULL,NULL,NULL,NULL,NULL,NULL,NULL,2026-04-26,2026-05-12,2026-05-17,2026-05-29,2026-06-07,2026-06-21,2026-07-12,2026-07-29,2026-10-30,NULL,NULL,NULL,NULL,NULL,NULL,NULL,NULL,NULL,NULL,27,16,11,5,6,12,18,9,10,14,16,21,33,17,16,93,120,Foundation,Released,2026-01-22
20024.0316,20024.40,A3,EASTON PARK 40' LOT,7004 STITZEL WELLER DRIVE,2025-10-15,2025-10-24,2025-11-01,2025-11-04,2025-11-25,2025-12-09,2025-12-29,2026-01-09,2026-01-22,NULL,2025-10-25,2025-11-01,2025-11-06,2025-11-29,2025-12-09,2025-12-20,2026-01-13,2026-01-22,2026-04-26,9,8,3,21,14,20,11,13,NULL,10,17,8,9,5,5,25,21,14,13,11,14,15,37,13,12,69,64,Complete,Final,2026-01-22
20031.0183,779,D4,M3 RANCH 50' LOT,2114 HEREFORD DRIVE,2026-01-23,NULL,NULL,NULL,NULL,NULL,NULL,NULL,NULL,NULL,2026-04-26,2026-05-07,2026-05-14,2026-05-21,2026-06-08,2026-06-16,2026-06-30,2026-07-09,2026-07-28,NULL,NULL,NULL,NULL,NULL,NULL,NULL,NULL,NULL,13,14,11,13,7,5,7,17,18,13,8,12,14,24,9,40,19,39,Foundation,Released,2026-01-23
20037.0394,659,D2,TRINITY FALLS 50' LOT,120 BEE BALM ROAD (M),2025-05-07,2025-05-15,2025-05-20,2025-05-21,2025-05-31,2025-06-05,2025-06-16,2025-06-25,2025-07-11,NULL,2025-05-19,2025-05-25,2025-05-24,2025-06-04,2025-06-12,2025-06-16,2025-07-03,2025-07-11,2026-04-26,8,5,1,10,5,11,9,16,NULL,NULL,12,NULL,10,NULL,4,NULL,14,NULL,12,NULL,11,NULL,17,NULL,18,NULL,88,Complete,Final,2025-07-11
20037.0397,659,D2,TRINITY FALLS 50' LOT,233 BAY LAUREL ROAD,2025-05-28,2025-06-18,2025-07-01,2025-07-10,2025-07-29,2025-08-11,2025-08-15,2025-09-11,2025-10-01,NULL,2025-06-09,2025-06-28,2025-07-05,2025-07-24,2025-08-10,2025-08-22,2025-09-01,2025-10-01,2026-04-26,21,13,9,19,13,4,27,20,NULL,NULL,12,NULL,10,NULL,4,NULL,14,NULL,12,NULL,11,NULL,17,NULL,18,NULL,88,Complete,Final,2025-10-01
20037.0485,20037.451,D2,TRINITY FALLS AT PROVINCE WOODS 45' LOT,7409 PINCHOT WAY (M),2026-01-28,NULL,NULL,NULL,NULL,NULL,NULL,NULL,NULL,NULL,2026-04-26,2026-05-06,2026-05-10,2026-05-24,2026-06-05,2026-06-16,2026-07-03,2026-07-21,2026-10-17,NULL,NULL,NULL,NULL,NULL,NULL,NULL,NULL,NULL,NULL,12,NULL,10,NULL,4,NULL,14,NULL,12,NULL,11,NULL,17,NULL,18,NULL,88,Foundation,Released,2026-01-28
20041.0073,20041.70,D1,SONOMA VERDE 70' LOT,1720 GRENACHE DRIVE,2025-09-16,2025-10-07,2025-10-17,2025-10-20,2025-11-04,2025-11-17,2025-12-01,2025-12-08,2026-01-05,NULL,2025-09-30,2025-10-19,2025-10-23,2025-11-07,2025-11-16,2025-12-05,2025-12-24,2026-01-05,2026-04-26,21,10,3,15,13,14,7,28,NULL,NULL,14,12,13,6,6,18,16,NULL,12,NULL,18,23,17,21,17,8,60,Complete,Final,2026-01-05
20059.0145,262,D1,AVONDALE 40' (A) LOT,2821 FARGO MEWS,2025-12-08,2025-12-15,2025-12-19,2025-12-23,2026-01-16,NULL,NULL,NULL,NULL,NULL,2025-12-22,2025-12-28,2025-12-23,2026-01-17,2026-04-26,2026-05-14,2026-05-31,2026-06-11,2026-08-10,7,4,4,24,NULL,NULL,NULL,NULL,NULL,NULL,14,NULL,13,4,6,25,16,13,12,18,18,17,17,11,17,NULL,60,Sheetrock,Mechanical,2026-01-16
20059.0146,262,D1,AVONDALE 40' (A) LOT,2825 FARGO MEWS,2025-11-14,2025-12-09,2025-12-16,2025-12-19,2026-01-14,2026-01-27,NULL,NULL,NULL,NULL,2025-11-28,2025-12-22,2025-12-20,2026-01-13,2026-01-27,2026-04-26,2026-05-13,2026-05-24,2026-07-23,25,7,3,26,13,NULL,NULL,NULL,NULL,NULL,14,NULL,13,4,6,25,16,13,12,18,18,17,17,11,17,NULL,60,Trim,Sheetrock,2026-01-27
20066.0520,665,D2,DEVONSHIRE 45' LOT,2019 BREWERS LANE,2026-01-20,NULL,NULL,NULL,NULL,NULL,NULL,NULL,NULL,NULL,2026-04-26,2026-05-04,2026-05-09,2026-05-23,2026-06-06,2026-06-18,2026-07-06,2026-07-16,2026-09-28,NULL,NULL,NULL,NULL,NULL,NULL,NULL,NULL,NULL,11,12,8,10,5,4,NULL,14,14,12,12,11,18,17,10,18,74,88,Foundation,Released,2026-01-20
20066.0533,665,D2,DEVONSHIRE 45' LOT,2935 SOARING HILLS DRIVE,2026-01-26,NULL,NULL,NULL,NULL,NULL,NULL,NULL,NULL,NULL,2026-04-26,2026-05-04,2026-05-09,2026-05-23,2026-06-06,2026-06-18,2026-07-06,2026-07-16,2026-09-28,NULL,NULL,NULL,NULL,NULL,NULL,NULL,NULL,NULL,11,12,8,10,5,4,NULL,14,14,12,12,11,18,17,10,18,74,88,Foundation,Released,2026-01-26
20085.0039,316,D3,MOSAIC 50' LOT,4413 COTTON SEED WAY,2025-12-26,2026-01-14,2026-01-21,NULL,NULL,NULL,NULL,NULL,NULL,NULL,2026-01-14,2026-01-21,2026-04-26,2026-05-09,2026-05-22,2026-06-11,2026-07-10,2026-07-31,2026-12-04,19,7,NULL,NULL,NULL,NULL,NULL,NULL,NULL,19,12,7,10,NULL,3,NULL,13,NULL,13,NULL,20,NULL,29,NULL,21,126,92,Cornice,Frame,2026-01-21
20088.0150,20088.65,D4,SWEETGRASS 65' LOT,1598 BARBERRY BOULEVARD,2026-01-27,NULL,NULL,NULL,NULL,NULL,NULL,NULL,NULL,NULL,2026-04-26,2026-05-04,2026-05-10,2026-05-27,2026-06-09,2026-06-21,2026-07-15,2026-08-24,2026-10-02,NULL,NULL,NULL,NULL,NULL,NULL,NULL,NULL,NULL,8,14,8,13,6,5,NULL,17,NULL,13,NULL,12,NULL,24,NULL,40,NULL,39,Foundation,Released,2026-01-27
20088.0192,20088.65,D4,SWEETGRASS 65' LOT,775 BROOKWOOD BOULEVARD,2026-01-21,NULL,NULL,NULL,NULL,NULL,NULL,NULL,NULL,NULL,2026-04-26,2026-05-04,2026-05-10,2026-05-27,2026-06-09,2026-06-21,2026-07-15,2026-08-24,2026-10-02,NULL,NULL,NULL,NULL,NULL,NULL,NULL,NULL,NULL,8,14,8,13,6,5,NULL,17,NULL,13,NULL,12,NULL,24,NULL,40,NULL,39,Foundation,Released,2026-01-21
20096.0019,285,F1,SOUTHERN HILLS 80' LOT,19937 ENGLISH WALNUT PLACE,2025-06-16,2025-07-23,2025-09-12,NULL,2025-10-14,2025-11-03,2025-11-19,2025-11-06,NULL,NULL,2025-07-10,2025-08-20,NULL,2025-10-13,2025-11-12,2025-12-08,2026-02-02,2026-04-26,2026-05-03,37,51,NULL,32,20,16,-13,NULL,NULL,24,15,NULL,28,NULL,NULL,NULL,31,29,15,35,22,75,46,30,47,7,17,Final,Interior,2025-11-19
20096.0039,285,F1,SOUTHERN HILLS 80' LOT,5023 CEDAR RIDGE DRIVE,2025-10-29,2025-12-09,2025-12-03,NULL,NULL,NULL,NULL,NULL,NULL,NULL,2025-11-22,2026-01-06,NULL,2026-04-26,2026-05-25,2026-06-29,2026-09-12,2026-10-12,2026-10-19,41,-6,NULL,NULL,NULL,NULL,NULL,NULL,NULL,24,15,NULL,28,NULL,NULL,NULL,31,29,15,35,22,75,46,30,47,7,17,Mechanicals,Frame,2025-12-09
20096.0094,20096.65,F1,SOUTHERN HILLS 65' LOT,19661 CYPRESS POND COURT,2025-09-25,2025-10-07,2025-11-10,NULL,2026-01-22,NULL,NULL,NULL,NULL,NULL,2025-10-10,2025-11-04,NULL,2026-01-22,2026-04-26,2026-05-18,2026-07-03,2026-08-30,2026-10-11,12,34,NULL,73,NULL,NULL,NULL,NULL,NULL,NULL,15,NULL,28,NULL,NULL,73,31,NULL,15,NULL,22,NULL,46,58,47,42,17,Sheetrock,Mechanical,2026-01-22
20108.1033,102,H6,SIENNA 55' LOT,2115 ORCHARD ROSE DRIVE,2025-11-25,2025-12-03,2025-12-19,2025-12-22,2026-01-08,2026-01-20,NULL,NULL,NULL,NULL,2025-12-04,2025-12-21,2025-12-23,2026-01-03,2026-01-18,2026-04-26,2026-05-21,2026-06-03,2026-07-31,8,16,3,17,12,NULL,NULL,NULL,NULL,9,10,18,14,4,4,12,13,10,9,12,16,25,20,13,12,58,58,Trim,Sheetrock,2026-01-20
20108.1135,20108.601,H6,SIENNA 60' LOT,2627 REGAL BLOOM DRIVE,2026-01-05,2026-01-14,2026-01-27,NULL,NULL,NULL,NULL,NULL,NULL,NULL,2026-01-15,2026-02-02,2026-04-26,2026-05-09,2026-05-18,2026-06-03,2026-06-23,2026-07-05,2026-09-01,9,13,NULL,NULL,NULL,NULL,NULL,NULL,NULL,10,10,19,14,5,4,NULL,13,NULL,9,NULL,16,NULL,20,NULL,12,NULL,58,Cornice,Frame,2026-01-27
20124.0128,694,H1,RICELAND 60' LOT,12203 LUKE DRIVE,2025-12-09,2025-12-22,2026-01-07,2026-01-09,2026-01-22,NULL,NULL,NULL,NULL,NULL,2025-12-22,2026-01-09,2026-01-16,2026-01-21,2026-04-26,2026-05-15,2026-06-03,2026-06-10,2026-09-08,13,16,2,13,NULL,NULL,NULL,NULL,NULL,13,11,18,19,9,8,12,11,13,12,NULL,19,19,41,7,10,90,88,Sheetrock,Mechanical,2026-01-22
20124.0167,695,H1,RICELAND 50' LOT,12034 JACOB LANE,2025-10-22,2025-10-30,2025-11-19,2025-11-21,2025-12-09,2025-12-17,2026-01-12,NULL,NULL,NULL,2025-11-05,2025-11-15,2025-11-27,2025-12-02,2025-12-12,2026-01-10,2026-04-26,2026-05-08,2026-07-17,8,20,2,18,8,26,NULL,NULL,NULL,14,11,16,19,NULL,8,NULL,11,3,12,24,19,24,41,12,10,70,88,Interior,Trim,2026-01-12
20132.0798,272,H1,MERIDIANA 40'/45' LOT,6019 COTTONTAIL LANE,2025-09-24,2025-10-01,2025-11-07,2025-11-17,2025-11-22,2025-12-02,2025-12-15,2025-12-31,2026-01-14,NULL,2025-10-06,2025-10-17,2025-11-15,2025-11-27,2025-11-29,2025-12-20,2026-01-04,2026-01-14,2026-04-26,7,37,10,5,10,13,16,14,NULL,12,11,16,19,8,8,10,11,7,12,18,19,20,41,12,10,23,88,Complete,Final,2026-01-14
20132.0830,164,H1,MERIDIANA 60' LOT,6511 YELLOW ROSE COURT,2025-10-09,2025-10-23,2025-11-12,2025-11-18,2025-12-08,2025-12-17,2025-12-30,2026-01-16,NULL,NULL,2025-10-17,2025-11-11,2025-11-19,2025-11-27,2025-12-23,2026-01-05,2026-01-16,2026-04-26,2026-07-23,14,20,6,20,9,13,17,NULL,NULL,8,11,19,19,7,8,9,11,15,12,19,19,17,41,11,10,NULL,88,Final,Interior,2026-01-16
20132.0910,272,H1,MERIDIANA 40'/45' LOT,9015 GRAY FOX TRAIL,2025-12-04,2025-12-12,2025-12-30,2026-01-07,2026-01-16,2026-01-16,NULL,NULL,NULL,NULL,2025-12-16,2025-12-28,2026-01-07,2026-01-17,2026-01-23,2026-04-26,2026-05-16,2026-05-28,2026-06-20,8,18,8,9,0,NULL,NULL,NULL,NULL,12,11,16,19,8,8,10,11,7,12,18,19,20,41,12,10,23,88,Trim,Sheetrock,2026-01-16
20132.0937,711,H1,MERIDIANA 50' LOT,5414 MAJESTIC DRIVE (M),2025-06-24,2025-07-01,2025-07-10,2025-07-18,2025-07-25,2025-08-04,2025-08-26,2026-01-08,2026-01-22,NULL,2025-07-08,2025-07-19,2025-07-15,2025-07-29,2025-08-06,2025-08-12,2025-10-06,2026-01-22,2026-04-26,7,9,8,7,10,22,135,14,NULL,14,11,18,19,5,8,NULL,11,12,12,8,19,NULL,41,NULL,10,NULL,88,Complete,Final,2026-01-22
20132.0938,611,H1,MERIDIANA 55' LOT,5418 MAJESTIC DRIVE (M),2025-07-01,2025-07-08,2025-07-11,2025-07-18,2025-07-24,2025-08-01,2025-08-29,2025-12-26,2026-01-23,NULL,2025-07-15,2025-07-24,2025-07-16,2025-07-29,2025-08-08,2025-08-18,2025-09-15,2026-01-23,2026-04-26,7,3,7,6,8,28,119,28,NULL,14,11,16,19,5,8,NULL,11,15,12,17,19,17,41,10,10,54,88,Complete,Final,2026-01-23
20132.0972,20132.601,H1,MERIDIANA SERENITY 60' LOT,5722 CARACARA STREET,2025-07-14,2025-07-22,2025-08-06,2025-08-14,2025-08-22,2025-08-29,2025-09-10,2025-09-23,2025-10-07,NULL,2025-08-01,2025-07-31,2025-08-12,2025-08-21,2025-09-03,2025-09-17,2025-10-21,2025-10-07,2026-04-26,8,15,8,8,7,12,13,14,NULL,18,11,9,19,6,8,7,11,NULL,12,NULL,19,NULL,41,NULL,10,NULL,88,Complete,Final,2025-10-07
20132.0986,20132.601,H1,MERIDIANA SERENITY 60' LOT,9414 TURNSTONE DRIVE,2026-01-28,NULL,NULL,NULL,NULL,NULL,NULL,NULL,NULL,NULL,2026-04-26,2026-05-05,2026-05-11,2026-05-18,2026-05-30,2026-06-18,2026-07-29,2026-08-08,2026-11-04,NULL,NULL,NULL,NULL,NULL,NULL,NULL,NULL,NULL,18,11,9,19,6,8,7,11,NULL,12,NULL,19,NULL,41,NULL,10,NULL,88,Foundation,Released,2026-01-28
20132.1091,612,H1,MERIDIANA 70' LOT,6327 GALWAY COURT,2025-08-11,2025-08-19,2025-09-05,2025-09-12,2025-09-20,2025-10-01,2025-10-14,NULL,NULL,NULL,2025-08-24,2025-09-13,2025-09-13,2025-09-25,2025-10-02,2025-10-20,2026-04-26,2026-05-06,2026-08-02,8,17,7,8,11,13,NULL,NULL,NULL,13,11,25,19,8,8,13,11,NULL,12,NULL,19,NULL,41,NULL,10,NULL,88,Interior,Trim,2025-10-14
20165.0139,273,H1,VALENCIA 45' LOT,19135 SATSUMA RIDGE DRIVE,2025-11-25,2025-12-08,2025-12-17,2025-12-29,2026-01-09,2026-01-09,NULL,NULL,NULL,NULL,2025-12-06,2025-12-27,2025-12-28,2026-01-09,2026-01-21,2026-04-26,2026-05-12,2026-05-22,2026-08-18,13,9,12,11,0,NULL,NULL,NULL,NULL,NULL,11,NULL,19,11,8,11,11,NULL,12,25,19,16,41,NULL,10,NULL,88,Trim,Sheetrock,2026-01-09
20165.0146,273,H1,VALENCIA 45' LOT,19134 SATSUMA RIDGE DRIVE,2025-10-08,2025-10-17,2025-11-20,2025-12-04,2025-12-10,2025-12-11,2026-01-10,2026-01-22,NULL,NULL,2025-10-19,2025-11-05,2025-12-01,2025-12-15,2025-12-22,2026-01-05,2026-01-26,2026-04-26,2026-07-23,9,34,14,6,1,30,12,NULL,NULL,NULL,11,NULL,19,11,8,11,11,NULL,12,25,19,16,41,NULL,10,NULL,88,Final,Interior,2026-01-22
20178.0135,182,H2,ESCONDIDO 50' LOT,1606 PERDIDO WAY,2025-12-17,2025-12-26,2026-01-09,2026-01-12,2026-01-22,NULL,NULL,NULL,NULL,NULL,2025-12-26,2026-01-13,2026-01-11,2026-01-22,2026-04-26,2026-05-13,2026-05-29,2026-06-18,2026-08-25,9,14,3,10,NULL,NULL,NULL,NULL,NULL,9,9,18,17,2,3,10,12,11,11,NULL,17,NULL,16,20,25,68,54,Sheetrock,Mechanical,2026-01-22
20178.0212,20178.80,H2,ESCONDIDO 80' LOT,1441 SWAYZE STREET,2025-03-26,2025-04-11,2025-04-29,2025-05-02,2025-05-17,2025-05-28,2025-06-16,2025-10-01,2025-10-28,NULL,2025-04-04,2025-04-29,2025-04-30,2025-05-19,2025-05-28,2025-06-19,2025-07-02,2025-10-28,2026-04-26,16,18,3,15,11,19,107,27,NULL,NULL,9,18,17,1,3,17,12,11,11,22,17,NULL,16,NULL,25,113,54,Complete,Final,2025-10-28
20181.1048,619,H5,BRIDGELAND 45' LOT,21903 WOODLAND HAWTHORN LANE,2026-01-28,NULL,NULL,NULL,NULL,NULL,NULL,NULL,NULL,NULL,2026-04-26,2026-05-07,2026-05-12,2026-05-28,2026-06-13,2026-06-30,2026-07-23,2026-08-02,2026-09-07,NULL,NULL,NULL,NULL,NULL,NULL,NULL,NULL,NULL,11,9,11,15,5,5,NULL,16,16,12,17,17,23,18,NULL,10,36,76,Foundation,Released,2026-01-28
20181.1208,243,H5,BRIDGELAND 80' LOT,10807 LINNAEUS LANE (M),2025-12-10,2025-12-22,2026-01-09,2026-01-13,NULL,NULL,NULL,NULL,NULL,NULL,2025-12-19,2026-01-31,2026-01-16,2026-04-26,2026-05-09,2026-05-26,2026-06-13,2026-06-23,2026-09-06,12,18,4,NULL,NULL,NULL,NULL,NULL,NULL,NULL,9,40,15,7,5,18,16,13,12,NULL,17,NULL,18,NULL,10,75,76,Mechanicals,Cornice,2026-01-13
20182.0851,716,H2,AMIRA 50' LOT,19815 EPONA CREEK DRIVE,2025-10-01,2025-10-08,2025-10-28,2025-11-03,2025-11-08,2025-11-17,2025-12-12,2026-01-06,2026-01-21,NULL,2025-10-10,2025-10-25,2025-10-31,2025-11-15,2025-11-19,2025-12-04,2026-01-01,2026-01-21,2026-04-26,7,20,6,5,9,25,25,15,NULL,NULL,9,NULL,17,NULL,3,NULL,12,NULL,11,NULL,17,20,16,15,25,15,54,Complete,Final,2026-01-21
20183.0236,220,H2,AUDUBON PARK 45' LOT,410 AUDUBONS SHEARWATER WAY,2025-12-17,2026-01-02,2026-01-14,2026-01-16,NULL,NULL,NULL,NULL,NULL,NULL,2025-12-30,2026-01-14,2026-01-16,2026-04-26,2026-05-15,2026-05-28,2026-06-13,2026-06-28,2026-08-03,16,12,2,NULL,NULL,NULL,NULL,NULL,NULL,13,9,12,17,2,3,12,12,19,11,13,17,16,16,15,25,36,54,Mechanicals,Cornice,2026-01-16
20183.0243,220,H2,AUDUBON PARK 45' LOT,334 PRAIRIE WARBLER STREET,2025-11-26,2025-12-11,2025-12-19,2025-12-23,2026-01-09,2026-01-09,NULL,NULL,NULL,NULL,2025-12-09,2025-12-23,2025-12-21,2026-01-04,2026-01-28,2026-04-26,2026-05-12,2026-05-27,2026-07-02,15,8,4,17,0,NULL,NULL,NULL,NULL,13,9,12,17,2,3,12,12,19,11,13,17,16,16,15,25,36,54,Trim,Sheetrock,2026-01-09
20183.0300,785,H2,AUDUBON PARK 70' LOT,39023 HERON BEAK COURT,2026-01-27,NULL,NULL,NULL,NULL,NULL,NULL,NULL,NULL,NULL,2026-04-26,2026-05-18,2026-05-23,2026-06-08,2026-06-19,2026-07-06,2026-07-22,2026-08-16,2026-10-09,NULL,NULL,NULL,NULL,NULL,NULL,NULL,NULL,NULL,7,9,22,17,5,3,16,12,NULL,11,NULL,17,NULL,16,NULL,25,NULL,54,Foundation,Released,2026-01-27
20195.0140,333,H5,THE GRAND PRAIRIE 50' LOT,27427 ROLLING BLUESTEM LANE,2025-10-27,2025-11-06,2025-11-19,2025-11-26,2026-01-06,2026-01-20,NULL,NULL,NULL,NULL,2025-11-05,2025-11-20,2025-11-25,2025-12-21,2026-01-19,2026-04-26,2026-05-17,2026-06-03,2026-08-18,10,13,7,41,14,NULL,NULL,NULL,NULL,NULL,9,14,15,6,5,25,16,13,12,15,17,21,18,17,10,NULL,76,Trim,Sheetrock,2026-01-20
20209.0165,300,H4,THE WOODLANDS HILLS 40' LOT,267 MALLARDS RIM DRIVE,2025-11-11,2025-11-19,2025-12-04,2025-12-08,2025-12-18,2025-12-30,2026-01-09,2026-01-19,2026-01-23,NULL,2025-11-25,2025-11-30,2025-12-07,2025-12-20,2025-12-29,2026-01-10,2026-01-18,2026-01-23,2026-04-29,8,15,4,10,12,10,10,4,NULL,14,9,11,12,3,3,12,9,11,10,11,15,9,17,4,13,96,97,Complete,Final,2026-01-23
20218.0096,242,H4,EVERGREEN 70' LOT,12584 ROSY PAINTBRUSH DRIVE,2025-03-05,2025-03-18,2025-03-21,2025-03-28,2025-04-05,2025-04-25,2025-05-23,2025-08-05,2025-08-08,NULL,2025-03-17,2025-03-31,2025-03-22,2025-04-06,2025-04-15,2025-05-10,2025-06-09,2025-08-08,2026-04-26,13,3,7,8,20,28,74,3,NULL,12,9,13,12,1,3,9,9,NULL,10,NULL,15,NULL,17,NULL,13,134,97,Complete,Final,2025-08-08
20218.0112,242,H4,EVERGREEN 70' LOT,15806 RED WILLOW COURT,2025-03-13,2025-03-27,2025-04-15,2025-04-15,2025-04-29,2025-05-12,2025-05-27,2025-08-15,2025-09-10,NULL,2025-03-25,2025-04-09,2025-04-16,2025-04-24,2025-05-09,2025-05-27,2025-06-13,2025-09-10,2026-04-26,14,19,0,14,13,15,80,26,NULL,12,9,13,12,1,3,9,9,NULL,10,NULL,15,NULL,17,NULL,13,134,97,Complete,Final,2025-09-10
20221.0305,621,H4,GRAND CENTRAL PARK 50' LOT,211 SILVER SAGE COURT,2025-12-11,2025-12-18,2025-12-30,2026-01-05,2026-01-13,2026-01-21,NULL,NULL,NULL,NULL,2025-12-20,2025-12-28,2026-01-03,2026-01-12,2026-01-22,2026-04-26,2026-05-13,2026-05-26,2026-10-21,7,12,6,8,8,NULL,NULL,NULL,NULL,9,9,10,12,4,3,7,9,9,10,NULL,15,NULL,17,NULL,13,148,97,Trim,Sheetrock,2026-01-21
20233.0506,179,H3,JORDAN RANCH 40' LOT,30906 EVENING SKYE DRIVE,2025-12-17,2025-12-26,2026-01-12,2026-01-14,2026-01-22,NULL,NULL,NULL,NULL,NULL,2025-12-26,2026-01-10,2026-01-16,2026-01-24,2026-04-26,2026-05-16,2026-05-24,2026-06-07,2026-06-25,9,17,2,8,NULL,NULL,NULL,NULL,NULL,9,9,15,15,4,5,10,12,6,9,20,16,8,23,14,12,18,81,Sheetrock,Mechanical,2026-01-22
20233.0535,179,H3,JORDAN RANCH 40' LOT,2807 SUNRISE FIELD LANE,2025-12-01,2025-12-09,2025-12-22,2025-12-30,2026-01-10,2026-01-15,NULL,NULL,NULL,NULL,2025-12-10,2025-12-24,2025-12-26,2026-01-09,2026-01-16,2026-04-26,2026-05-04,2026-05-18,2026-06-05,8,13,8,11,5,NULL,NULL,NULL,NULL,9,9,15,15,4,5,10,12,6,9,20,16,8,23,14,12,18,81,Trim,Sheetrock,2026-01-15
20237.0070,225,H5,KATY COURT 70' LOT,25206 FRAMLINGHAM DRIVE,2025-05-22,2025-06-09,2025-07-02,2025-07-02,2025-07-22,2025-07-29,2025-08-11,2025-09-03,2025-09-05,NULL,2025-06-01,2025-06-25,2025-07-07,2025-07-12,2025-08-02,2025-08-26,2025-08-24,2025-09-05,2026-04-26,18,23,0,20,7,13,23,2,NULL,10,9,16,15,5,5,10,16,11,12,28,17,13,18,NULL,10,151,76,Complete,Final,2025-09-05
20238.0721,626,H5,ELYSON 65' LOT,7103 HAWKCREST LANE,2025-09-29,2025-10-09,2025-11-13,2025-11-19,2025-11-28,2025-12-12,2025-12-20,2026-01-07,2026-01-14,NULL,2025-10-10,2025-10-23,2025-11-20,2025-12-03,2025-12-11,2025-12-29,2026-01-05,2026-01-14,2026-04-26,10,35,6,9,14,8,18,7,NULL,11,9,14,15,7,5,14,16,13,12,NULL,17,16,18,9,10,77,76,Complete,Final,2026-01-14
20238.0803,159,H5,ELYSON 70' LOT,7130 SADIE HIGHLANDS DRIVE,2025-08-28,2025-09-04,2025-09-29,2025-10-02,2025-10-15,2025-10-27,2025-11-04,2025-11-17,2025-11-26,NULL,2025-09-05,2025-09-17,2025-10-05,2025-10-22,2025-10-29,2025-11-13,2025-11-18,2025-11-26,2026-04-26,7,25,3,13,12,8,13,9,NULL,8,9,13,15,6,5,20,16,14,12,17,17,14,18,NULL,10,95,76,Complete,Final,2025-11-26
20238.0812,159,H5,ELYSON 70' LOT,7111 SADIE HIGHLANDS DRIVE,2026-01-21,NULL,NULL,NULL,NULL,NULL,NULL,NULL,NULL,NULL,2026-04-26,2026-05-09,2026-05-15,2026-06-04,2026-06-18,2026-07-05,2026-07-19,2026-07-29,2026-11-01,NULL,NULL,NULL,NULL,NULL,NULL,NULL,NULL,NULL,8,9,13,15,6,5,20,16,14,12,17,17,14,18,NULL,10,95,76,Foundation,Released,2026-01-21
20252.0341,290,H6,STONECREEK ESTATES 50' LOT,5203 FLAT STONE LANE,2025-10-27,2025-11-10,2025-12-11,2025-12-18,2026-01-05,2026-01-12,2026-01-26,NULL,NULL,NULL,2025-11-08,2025-11-25,2025-12-16,2025-12-31,2026-01-15,2026-01-28,2026-04-26,2026-05-09,2026-06-10,14,31,7,18,7,14,NULL,NULL,NULL,12,10,15,14,5,4,13,13,10,9,16,16,22,20,13,12,32,58,Interior,Trim,2026-01-26
20252.0504,20252.601,H6,STONECREEK ESTATES 60' LOT (B),2302 ALABASTER ESTATE DRIVE,2025-09-29,2025-10-08,2025-12-01,2025-12-03,2025-12-15,2026-01-06,2026-01-28,NULL,NULL,NULL,2025-10-09,2025-10-29,2025-12-05,2025-12-19,2025-12-24,2026-01-23,2026-04-26,2026-05-10,2026-05-24,9,54,2,12,22,22,NULL,NULL,NULL,10,10,21,14,4,4,16,13,9,9,17,16,13,20,14,12,14,58,Interior,Trim,2026-01-28
20265.0256,133,H3,CROSS CREEK WEST 55' LOT,30943 GOLDEN FELIPE STREET,2025-12-26,2026-01-02,2026-01-20,2026-01-21,NULL,NULL,NULL,NULL,NULL,NULL,2026-01-03,2026-01-18,2026-01-24,2026-04-26,2026-05-07,2026-05-21,2026-06-13,2026-06-25,2026-07-30,7,18,1,NULL,NULL,NULL,NULL,NULL,NULL,8,9,16,15,4,5,14,12,11,9,14,16,NULL,23,NULL,12,35,81,Mechanicals,Cornice,2026-01-21
20267.0540,772,H3,CANDELA 40' LOT,26826 CHANDRILA VISTA COURT,2025-08-26,2025-09-02,2025-09-10,2025-09-11,2025-09-18,2025-09-26,2025-10-13,NULL,NULL,NULL,2025-09-03,2025-09-16,2025-09-15,2025-09-24,2025-09-26,2025-10-12,2026-04-26,2026-05-08,2026-08-21,7,8,1,7,8,17,NULL,NULL,NULL,8,9,14,15,5,5,13,12,8,9,NULL,16,NULL,23,NULL,12,105,81,Interior,Trim,2025-10-13
20267.0551,772,H3,CANDELA 40' LOT,26827 STARDUST MEADOW COURT,2025-12-18,2025-12-22,2026-01-09,2026-01-14,2026-01-28,NULL,NULL,NULL,NULL,NULL,2025-12-26,2026-01-05,2026-01-14,2026-01-27,2026-04-26,2026-05-12,2026-06-04,2026-06-16,2026-09-29,4,18,5,14,NULL,NULL,NULL,NULL,NULL,8,9,14,15,5,5,13,12,8,9,NULL,16,NULL,23,NULL,12,105,81,Sheetrock,Mechanical,2026-01-28
20272.0506,705,H6,HARVEST GREEN 45' LOT,3230 KEY LIME DRIVE,2025-11-17,2025-11-26,2025-12-05,2025-12-09,2025-12-19,2025-12-22,2026-01-13,2026-01-27,NULL,NULL,2025-11-30,2025-12-02,2025-12-08,2025-12-17,2025-12-25,2026-01-06,2026-01-29,2026-04-26,2026-06-04,9,9,4,10,3,22,14,NULL,NULL,13,10,6,14,3,4,8,13,6,9,15,16,16,20,9,12,39,58,Final,Interior,2026-01-27
20272.0526,604,H6,HARVEST GREEN 60' LOT,3019 TULIP TERRACE TRAIL,2025-12-18,2025-12-29,2026-01-07,2026-01-13,2026-01-24,NULL,NULL,NULL,NULL,NULL,2025-12-30,2026-01-10,2026-01-12,2026-01-24,2026-04-26,2026-05-15,2026-06-05,2026-06-17,2026-08-14,11,9,6,11,NULL,NULL,NULL,NULL,NULL,12,10,12,14,5,4,11,13,11,9,19,16,21,20,NULL,12,NULL,58,Sheetrock,Mechanical,2026-01-24
20286.0107,190,S1,VIDA 50' LOT,10814 TWYLA ROAD,2025-09-11,2025-10-06,2025-10-15,2025-10-20,2025-11-10,2025-11-20,2025-12-05,2025-12-26,2026-01-27,NULL,2025-10-01,2025-10-22,2025-10-20,2025-11-03,2025-11-26,2025-12-08,2025-12-26,2026-01-27,2026-06-05,25,9,5,21,10,15,21,32,NULL,20,16,16,11,5,7,14,15,16,18,18,17,21,28,32,15,129,110,Complete,Final,2026-01-27
20290.0115,152,S1,ALSATIAN OAKS 50' LOT,173 MOUNTAIN OAK,2025-12-26,2026-01-08,2026-01-20,2026-01-26,NULL,NULL,NULL,NULL,NULL,NULL,2026-01-07,2026-01-17,2026-01-26,2026-04-26,2026-05-14,2026-05-31,2026-06-27,2026-07-02,2026-12-05,13,12,6,NULL,NULL,NULL,NULL,NULL,NULL,12,16,9,11,6,7,14,15,NULL,18,NULL,17,27,28,5,15,156,110,Mechanicals,Cornice,2026-01-26
20298.0149,550,S2,STILLWATER RANCH 40' LOT,12615 COTORRA SPRINGS,2025-10-09,2025-10-19,2025-10-23,2025-11-07,2025-11-19,2025-12-05,2025-12-29,2026-01-21,2026-01-29,NULL,2025-10-29,2025-10-29,2025-10-30,2025-11-24,2025-12-01,2025-12-28,2026-02-05,2026-01-29,2026-04-26,10,4,15,12,16,24,23,8,NULL,NULL,20,NULL,10,NULL,7,NULL,17,NULL,12,23,17,38,30,17,16,54,96,Complete,Final,2026-01-29
20298.0150,550,S2,STILLWATER RANCH 40' LOT,12619 COTORRA SPRINGS,2025-10-09,2025-10-19,2025-10-23,2025-10-29,2025-11-13,2025-11-24,2025-12-18,NULL,NULL,NULL,2025-10-29,2025-10-29,2025-10-30,2025-11-15,2025-11-25,2025-12-17,2026-04-26,2026-05-13,2026-07-06,10,4,6,15,11,24,NULL,NULL,NULL,NULL,20,NULL,10,NULL,7,NULL,17,NULL,12,23,17,38,30,17,16,54,96,Interior,Trim,2025-12-18
20298.0181,550,S2,STILLWATER RANCH 40' LOT,12624 COTORRA SPRINGS,2025-08-14,2025-08-25,2025-08-27,2025-08-28,2025-09-18,2025-09-26,2025-10-14,2025-11-25,2025-12-09,NULL,2025-09-03,2025-09-04,2025-09-03,2025-09-14,2025-09-30,2025-10-19,2025-11-21,2025-12-09,2026-04-26,11,2,1,21,8,18,42,14,NULL,NULL,20,NULL,10,NULL,7,NULL,17,NULL,12,23,17,38,30,17,16,54,96,Complete,Final,2025-12-09
20313.0062,160,S2,CORLEY FARMS 50' LOT,105 BROWN SWISS RIDGE,2026-01-22,NULL,NULL,NULL,NULL,NULL,NULL,NULL,NULL,NULL,2026-04-26,2026-05-06,2026-05-11,2026-05-28,2026-06-10,2026-06-26,2026-07-17,2026-07-31,2026-10-27,NULL,NULL,NULL,NULL,NULL,NULL,NULL,NULL,NULL,NULL,20,10,10,5,7,17,17,13,12,16,17,21,30,14,16,88,96,Foundation,Released,2026-01-22
20314.0171,744,S2,KINDER RANCH 70' LOT,1605 LEHANE WAY,2025-12-29,2026-01-12,2026-01-23,NULL,NULL,NULL,NULL,NULL,NULL,NULL,2026-01-15,2026-01-24,2026-04-26,2026-05-13,2026-05-25,2026-06-11,2026-07-20,2026-08-05,2026-09-02,14,11,NULL,NULL,NULL,NULL,NULL,NULL,NULL,17,20,12,10,6,7,NULL,17,NULL,12,NULL,17,39,30,NULL,16,28,96,Cornice,Frame,2026-01-23
20314.0177,744,S2,KINDER RANCH 70' LOT,1623 YARDZEN LANE,2025-03-06,2025-03-13,2025-03-24,2025-03-31,2025-06-17,2025-06-30,2025-07-11,2025-08-05,2025-08-21,NULL,2025-03-23,2025-03-25,2025-03-30,2025-04-17,2025-06-29,2025-07-17,2025-08-19,2025-08-21,2026-04-26,7,11,7,78,13,11,25,16,NULL,17,20,12,10,6,7,NULL,17,NULL,12,NULL,17,39,30,NULL,16,28,96,Complete,Final,2025-08-21
20315.0150,20315.70,S2,JOHNSON RANCH 70' LOT,31177 CLOVER PASS,2026-01-07,2026-01-26,NULL,NULL,NULL,NULL,NULL,NULL,NULL,NULL,2026-01-26,2026-04-26,2026-05-03,2026-05-20,2026-05-31,2026-06-12,2026-07-09,2026-07-17,2026-09-22,19,NULL,NULL,NULL,NULL,NULL,NULL,NULL,NULL,19,20,NULL,10,NULL,7,NULL,17,11,12,12,17,27,30,8,16,67,96,Frame,Foundation,2026-01-26
20316.0179,710,S3,HOMESTEAD 65' LOT,4928 CHILDRESS LANE (M),2025-02-28,2025-03-05,2025-03-06,2025-03-12,2025-03-19,2025-03-24,2025-04-03,2025-05-21,2025-05-27,NULL,2025-03-14,2025-03-17,2025-03-13,2025-04-18,2025-04-04,2025-04-08,2025-04-26,2025-05-27,2026-04-26,5,1,6,7,5,10,48,6,NULL,NULL,14,NULL,12,NULL,7,37,15,16,12,NULL,15,NULL,23,14,12,160,98,Complete,Final,2025-05-27
20325.0243,788,S3,VERAMENDI 60' LOT,619 BODARK STREET,2025-07-15,2025-10-02,2025-10-16,2025-10-17,2025-10-29,2025-11-10,2025-11-24,2025-12-15,2025-12-30,NULL,2025-07-23,2025-10-14,2025-10-22,2025-10-28,2025-11-08,2025-11-25,2025-12-17,2025-12-30,2026-04-26,79,14,1,12,12,14,21,15,NULL,8,14,12,12,6,7,11,15,10,12,NULL,15,NULL,23,15,12,60,98,Complete,Final,2025-12-30
20344.0243,289,S3,MEADOWS OF MILL CREEK 60' LOT,1742 GYST ROAD,2025-11-20,2025-12-01,2025-12-08,2025-12-22,2026-01-07,2026-01-12,2026-01-16,NULL,NULL,NULL,2025-11-29,2025-12-16,2025-12-17,2025-12-31,2026-01-17,2026-01-25,2026-04-26,2026-05-15,2026-08-01,11,7,14,16,5,4,NULL,NULL,NULL,9,14,15,12,9,7,9,15,10,12,13,15,21,23,19,12,78,98,Interior,Trim,2026-01-16
20344.0248,289,S3,MEADOWS OF MILL CREEK 60' LOT,2952 HARVEST MOON,2025-12-10,2025-12-19,2025-12-29,2026-01-12,2026-01-19,NULL,NULL,NULL,NULL,NULL,2025-12-19,2026-01-03,2026-01-07,2026-01-21,2026-04-26,2026-05-09,2026-05-30,2026-06-18,2026-09-04,9,10,14,7,NULL,NULL,NULL,NULL,NULL,9,14,15,12,9,7,9,15,10,12,13,15,21,23,19,12,78,98,Sheetrock,Mechanical,2026-01-19
20345.0069,283,S3,MAYFAIR 50' LOT,449 HULDA TRAIL,2025-12-30,2026-01-09,2026-01-15,2026-01-20,NULL,NULL,NULL,NULL,NULL,NULL,2026-01-11,2026-01-16,2026-01-19,2026-04-26,2026-05-08,2026-05-23,2026-06-15,2026-06-27,2026-08-23,10,6,5,NULL,NULL,NULL,NULL,NULL,NULL,12,14,7,12,4,7,NULL,15,NULL,12,NULL,15,NULL,23,NULL,12,57,98,Mechanicals,Cornice,2026-01-20
20345.0077,283,S3,MAYFAIR 50' LOT,424 HULDA TRAIL,2026-01-28,NULL,NULL,NULL,NULL,NULL,NULL,NULL,NULL,NULL,2026-04-26,2026-05-03,2026-05-07,2026-05-22,2026-06-03,2026-06-18,2026-07-11,2026-07-23,2026-09-18,NULL,NULL,NULL,NULL,NULL,NULL,NULL,NULL,NULL,12,14,7,12,4,7,NULL,15,NULL,12,NULL,15,NULL,23,NULL,12,57,98,Foundation,Released,2026-01-28
20353.0035,20353.50,A1,PARMER RANCH 50' LOT,525 ESTACADO LANE,2025-10-29,2025-11-13,2025-11-19,2025-11-21,2025-12-11,2025-12-22,2026-01-05,2026-01-22,NULL,NULL,2025-11-16,2025-11-21,2025-11-24,2025-12-10,2025-12-23,2026-01-05,2026-01-22,2026-04-26,2026-10-08,15,6,2,20,11,14,17,NULL,NULL,18,15,8,9,5,6,19,15,12,13,14,17,17,39,12,11,165,96,Final,Interior,2026-01-22
20358.0054,20358.50,H2,TWO STEP FARM 50' LOT,9053 BABBLING BROOK DRIVE,2025-12-18,2026-01-05,NULL,NULL,NULL,NULL,NULL,NULL,NULL,NULL,2026-01-05,2026-04-26,2026-05-04,2026-05-13,2026-05-23,2026-06-07,2026-06-23,2026-07-18,2026-09-10,18,NULL,NULL,NULL,NULL,NULL,NULL,NULL,NULL,18,9,19,17,8,3,9,12,10,11,15,17,NULL,16,NULL,25,NULL,54,Frame,Foundation,2026-01-05
20359.0052,20359.50,H3,GRANGE 50' LOT,448 DOVE MEADOW LANE,2026-01-12,2026-01-20,NULL,NULL,NULL,NULL,NULL,NULL,NULL,NULL,2026-01-20,2026-04-26,2026-05-01,2026-05-16,2026-05-25,2026-06-06,2026-06-29,2026-07-05,2026-09-27,8,NULL,NULL,NULL,NULL,NULL,NULL,NULL,NULL,8,9,17,15,5,5,15,12,9,9,12,16,NULL,23,6,12,84,81,Frame,Foundation,2026-01-20
20360.0058,20360.75,A3,PARTEN 75'/85' LOT,169 BIRD HOLLOW,2025-11-04,2025-11-24,2025-12-09,2025-12-23,2026-01-08,NULL,NULL,NULL,NULL,NULL,2025-11-22,2025-12-03,2025-12-21,2026-01-15,2026-04-26,2026-05-19,2026-06-25,2026-07-22,2026-08-23,20,15,14,16,NULL,NULL,NULL,NULL,NULL,18,17,9,9,12,5,23,21,NULL,13,23,14,NULL,37,27,12,32,64,Sheetrock,Mechanical,2026-01-08
20363.0040,20363.45,S3,SOLMS LANDING 45' LOT,428 CONSTANCE DRIVE,2025-11-21,2025-12-05,2025-12-12,2025-12-17,2025-12-29,2026-01-08,2026-01-26,NULL,NULL,NULL,2025-12-04,2025-12-13,2025-12-16,2025-12-28,2026-01-10,2026-01-25,2026-04-26,2026-05-08,2026-08-04,14,7,5,12,10,18,NULL,NULL,NULL,13,14,8,12,4,7,11,15,12,12,17,15,NULL,23,NULL,12,88,98,Interior,Trim,2026-01-26
20364.0015,20364.50,H2,KRESSTON 50' LOT,26416 NORTH WAYLAND CHASE,2024-12-09,2024-12-19,2025-01-08,2025-01-10,2025-01-24,2025-02-12,2025-02-27,2025-09-12,2025-09-24,NULL,2024-12-14,2025-01-10,2025-01-10,2025-01-22,2025-02-04,2025-03-01,2025-03-15,2025-09-24,2026-04-26,10,20,2,14,19,15,197,12,NULL,5,9,22,17,2,3,12,12,NULL,11,NULL,17,NULL,16,NULL,25,64,54,Complete,Final,2025-09-24
20364.0063,20364.65,H2,KRESSTON 65' LOT,26814 MUSTANG SPRINGS COURT,2025-11-12,2025-11-20,2025-12-05,2025-12-10,2025-12-30,2026-01-10,2026-01-22,NULL,NULL,NULL,2025-11-22,2025-12-20,2025-12-10,2025-12-30,2026-01-12,2026-01-22,2026-04-26,2026-05-21,2026-08-03,8,15,5,20,11,12,NULL,NULL,NULL,10,9,30,17,5,3,20,12,13,11,12,17,NULL,16,NULL,25,74,54,Interior,Trim,2026-01-22
20369.0060,20369.50,S1,HABY HILL 50' LOT,268 HABY HOLLOW,2025-12-04,2025-12-18,2025-12-23,2026-01-02,2026-01-16,NULL,NULL,NULL,NULL,NULL,2025-12-19,2025-12-26,2025-12-31,2026-01-16,2026-04-26,2026-05-12,2026-06-09,2026-06-20,2026-08-20,14,5,10,14,NULL,NULL,NULL,NULL,NULL,15,16,8,11,8,7,14,15,21,18,16,17,NULL,28,11,15,61,110,Sheetrock,Mechanical,2026-01-16
20370.0008,20370.50,A2,FLORA 50' LOT,513 ROCK DAISY TRAIL,2025-12-03,2025-12-15,2025-12-23,2025-12-31,2026-01-22,NULL,NULL,NULL,NULL,NULL,2025-12-22,2025-12-24,2025-12-29,2026-01-19,2026-04-26,2026-05-22,2026-06-17,2026-06-28,2026-11-06,12,8,8,22,NULL,NULL,NULL,NULL,NULL,19,27,9,11,6,6,19,18,10,10,26,16,26,33,11,16,131,120,Sheetrock,Mechanical,2026-01-22
20371.0083,20371.50,H3,CANDELA SOUTH 50' LOT,8602 GLEAMING VILLAGE WAY (M),2024-10-17,2024-11-01,2024-11-18,2024-11-21,2024-12-06,2024-12-13,2024-12-30,2025-01-08,2025-01-28,NULL,2024-10-26,2024-11-16,2024-11-23,2024-12-03,2024-12-15,2024-12-29,2025-01-22,2025-01-28,2026-04-26,15,17,3,15,7,17,9,20,NULL,NULL,9,NULL,15,NULL,5,NULL,12,NULL,9,NULL,16,NULL,23,NULL,12,136,81,Complete,Final,2025-01-28
20373.0005,20373.50,A2,PARKSIDE ON THE RIVER WEST 50' LOT,225 WILD LILY TRAIL,2025-11-20,2025-12-04,2025-12-12,2025-12-16,2026-01-08,2026-01-21,NULL,NULL,NULL,NULL,2025-12-11,2025-12-22,2025-12-18,2026-01-08,2026-01-21,2026-04-26,2026-06-02,2026-07-06,2026-11-03,14,8,4,23,13,NULL,NULL,NULL,NULL,21,27,18,11,NULL,6,23,18,13,10,NULL,16,37,33,34,16,NULL,120,Trim,Sheetrock,2026-01-21
20373.0079,20373.60,A2,PARKSIDE ON THE RIVER WEST 60' LOT,1004 SUNSET HILL WAY (M),2025-10-13,2025-10-09,2025-10-21,2025-10-23,2025-11-07,2025-11-21,NULL,NULL,NULL,NULL,2025-11-09,2025-10-27,2025-10-29,2025-11-11,2025-11-27,2026-04-26,2026-05-29,2026-06-14,2026-09-10,-4,12,2,15,14,NULL,NULL,NULL,NULL,NULL,27,18,11,8,6,19,18,20,10,NULL,16,NULL,33,NULL,16,88,120,Trim,Sheetrock,2025-11-21
20374.0033,20374.50,F1,MAGNOLIA BAY 50' LOT,326 HOLLY BANK AVENUE,2026-01-28,NULL,NULL,NULL,NULL,NULL,NULL,NULL,NULL,NULL,2026-04-26,2026-05-28,NULL,2026-06-19,2026-07-03,2026-07-15,2026-08-30,2026-10-16,2026-11-05,NULL,NULL,NULL,NULL,NULL,NULL,NULL,NULL,NULL,16,15,32,28,NULL,NULL,22,31,14,15,12,22,NULL,46,NULL,47,20,17,Foundation,Released,2026-01-28
20374.0051,20374.50,F1,MAGNOLIA BAY 50' LOT,309 HOLLY BANK AVENUE,2025-12-10,2025-12-19,NULL,NULL,NULL,NULL,NULL,NULL,NULL,NULL,2025-12-26,2026-04-26,NULL,2026-05-18,2026-06-01,2026-06-13,2026-07-29,2026-09-14,2026-10-04,9,NULL,NULL,NULL,NULL,NULL,NULL,NULL,NULL,16,15,32,28,NULL,NULL,22,31,14,15,12,22,NULL,46,NULL,47,20,17,Frame,Foundation,2025-12-19
20375.0020,20375.50,F1,TURNLEAF 50' LOT,13064 MOONRISE LANE,2025-04-25,2025-05-12,2025-06-03,NULL,2025-07-17,2025-08-08,2025-09-12,2025-10-27,2025-12-30,NULL,2025-05-22,2025-06-09,NULL,2025-07-04,2025-08-01,2025-08-30,2025-10-28,2025-12-30,2026-04-26,17,22,NULL,44,22,35,45,64,NULL,27,15,NULL,28,NULL,NULL,NULL,31,NULL,15,NULL,22,NULL,46,60,47,NULL,17,Complete,Final,2025-12-30
20376.0013,20376.40,H2,WOODHAVYN 40' LOT,29934 STONY FOREST DRIVE,2025-12-26,2026-01-02,2026-01-12,2026-01-15,2026-01-24,NULL,NULL,NULL,NULL,NULL,2026-01-04,2026-01-11,2026-01-15,2026-01-24,2026-04-26,2026-05-13,2026-05-29,2026-06-23,2026-07-27,7,10,3,9,NULL,NULL,NULL,NULL,NULL,9,9,9,17,3,3,9,12,NULL,11,NULL,17,NULL,16,NULL,25,34,54,Sheetrock,Mechanical,2026-01-24
20376.0016,20376.40,H2,WOODHAVYN 40' LOT,29910 STONY FOREST DRIVE (M),2025-02-14,2025-02-17,2025-02-24,2025-02-28,2025-03-11,2025-03-17,2025-03-27,2025-04-11,2025-04-29,NULL,2025-02-23,2025-02-26,2025-02-27,2025-03-09,2025-03-22,2025-04-03,2025-04-12,2025-04-29,2026-04-26,3,7,4,11,6,10,15,18,NULL,9,9,9,17,3,3,9,12,NULL,11,NULL,17,NULL,16,NULL,25,34,54,Complete,Final,2025-04-29
20376.0050,20376.50,H2,WOODHAVYN 50' LOT,29893 AMBER BROOK DRIVE,2025-06-04,2025-06-10,2025-06-23,2025-06-27,2025-07-09,2025-07-17,2025-07-30,2025-11-01,2025-11-26,NULL,2025-06-09,2025-06-26,2025-06-29,2025-07-07,2025-07-20,2025-08-03,2025-08-15,2025-11-26,2026-04-26,6,13,4,12,8,13,94,25,NULL,5,9,16,17,6,3,10,12,NULL,11,NULL,17,NULL,16,NULL,25,36,54,Complete,Final,2025-11-26
20377.0050,20377.55,H2,COLTON 55' LOT,2022 LOVETT RUN,2025-09-10,2025-09-18,2025-10-01,2025-10-06,2025-10-24,2025-10-29,2025-11-10,2025-11-25,2025-12-11,NULL,2025-09-21,2025-10-05,2025-10-04,2025-10-18,2025-10-31,2025-11-11,2025-11-25,2025-12-11,2026-06-29,8,13,5,18,5,12,15,16,NULL,11,9,NULL,17,NULL,3,NULL,12,7,11,13,17,15,16,NULL,25,200,54,Complete,Final,2025-12-11
20379.0030,20379.60,A1,ELDORADO 60' LOT,112 MATON WAY,2025-03-24,2025-03-29,2025-04-09,2025-04-16,2025-04-24,2025-05-06,2025-05-15,2025-09-11,2025-09-23,NULL,2025-04-08,2025-04-07,2025-04-15,2025-04-25,2025-05-06,2025-05-20,2025-06-23,2025-09-23,2026-04-26,5,11,7,8,12,9,119,12,NULL,NULL,15,NULL,9,NULL,6,9,15,12,13,14,17,NULL,39,4,11,NULL,96,Complete,Final,2025-09-23
20379.0062,20379.70,A1,ELDORADO 70' LOT,117 OSWALT WAY,2025-10-27,2025-11-11,2025-11-20,2025-12-01,2025-12-09,2025-12-30,2026-01-06,NULL,NULL,NULL,2025-11-17,2025-11-28,2025-11-24,2025-12-16,2025-12-30,2026-01-10,2026-04-26,2026-05-07,2026-08-11,15,9,11,8,21,7,NULL,NULL,NULL,21,15,17,9,4,6,NULL,15,21,13,11,17,31,39,NULL,11,NULL,96,Interior,Trim,2026-01-06
20380.0020,20380.50,F1,GLYNLEA COUNTRY CLUB 50' LOT,10852 NORTHWEST WILGROVE LANE,2025-12-03,2025-12-15,2026-01-05,NULL,NULL,NULL,NULL,NULL,NULL,NULL,2025-12-16,2026-01-03,NULL,2026-04-26,2026-05-11,2026-06-03,2026-07-19,2026-09-04,2026-09-21,12,21,NULL,NULL,NULL,NULL,NULL,NULL,NULL,13,15,19,28,NULL,NULL,NULL,31,NULL,15,23,22,NULL,46,NULL,47,NULL,17,Mechanicals,Frame,2026-01-05
20382.0003,20382.60,D1,MYRTLE CREEK 60' LOT,209 WINTERGRASS DRIVE (M),2025-03-18,2025-03-21,2025-03-26,2025-03-31,2025-04-11,2025-04-14,2025-04-19,2025-05-15,2025-06-09,NULL,2025-03-28,2025-04-01,2025-03-28,2025-04-16,2025-04-23,2025-05-02,2025-05-06,2025-06-09,2026-04-26,3,5,5,11,3,5,26,25,NULL,10,14,11,13,2,6,NULL,16,NULL,12,NULL,18,NULL,17,NULL,17,81,60,Complete,Final,2025-06-09
20383.0029,20383.45,D3,THE HEIGHTS AT UPTOWN CELINA 40'/45' LOT,521 CALLUM PARKWAY,2025-05-27,2025-06-10,2025-06-18,2025-06-23,2025-07-11,2025-07-21,2025-08-04,2025-08-18,2025-08-29,NULL,2025-06-08,2025-06-20,2025-06-21,2025-07-06,2025-07-24,2025-08-10,2025-09-02,2025-08-29,2026-04-26,14,8,5,18,10,14,14,11,NULL,NULL,12,NULL,10,NULL,3,NULL,13,NULL,13,NULL,20,NULL,29,NULL,21,133,92,Complete,Final,2025-08-29
20384.0036,20384.70,S2,DOMINION 70' LOT,78 ENIA CIRCLE,2025-09-10,2025-09-25,2025-10-07,2025-10-17,2025-11-03,2025-11-17,2025-11-26,2025-12-23,2026-01-12,NULL,2025-09-22,2025-10-05,2025-10-24,2025-11-09,2025-11-15,2025-12-04,2025-12-25,2026-01-12,2026-04-26,15,12,10,17,14,9,27,20,NULL,12,20,NULL,10,17,7,23,17,NULL,12,NULL,17,29,30,20,16,NULL,96,Complete,Final,2026-01-12
20387.0014,20387.60,H6,AUSTIN POINT 60' LOT,10703 AVANTI DRIVE,2025-06-18,2025-06-25,2025-07-10,2025-07-14,2025-07-24,2025-08-07,2025-08-18,2025-10-13,2025-12-17,NULL,2025-06-23,2025-07-07,2025-07-14,2025-07-25,2025-08-02,2025-08-23,2025-09-07,2025-12-17,2026-04-26,7,15,4,10,14,11,56,65,NULL,5,10,12,14,4,4,11,13,NULL,9,NULL,16,NULL,20,NULL,12,20,58,Complete,Final,2025-12-17
20387.0053,20387.40,H6,AUSTIN POINT 40' LOT,4618 HYDRA LANE,2025-06-03,2025-06-10,2025-06-18,2025-06-23,2025-07-04,2025-07-11,2025-07-24,2025-10-20,NULL,NULL,2025-06-14,2025-06-22,2025-06-21,2025-07-03,2025-07-13,2025-07-27,2025-08-13,2026-04-26,2026-06-23,7,8,5,11,7,13,88,NULL,NULL,11,10,12,14,3,4,10,13,NULL,9,NULL,16,NULL,20,NULL,12,NULL,58,Final,Interior,2025-10-20
20389.0024,20389.55,S2,HIDDEN CANYON 55' LOT,223 CANYON PATH,2025-08-14,2025-09-12,2025-09-19,2025-09-24,2025-10-29,2025-11-09,2025-11-25,2026-01-05,2026-01-20,NULL,2025-10-11,2025-09-22,2025-09-22,2025-10-20,2025-11-10,2025-11-28,2025-12-19,2026-01-20,2026-04-26,29,7,5,35,11,16,41,15,NULL,58,20,10,10,3,7,26,17,NULL,12,19,17,24,30,12,16,NULL,96,Complete,Final,2026-01-20
20389.0038,20389.55,S2,HIDDEN CANYON 55' LOT,22219 RUSTIC HOLLOW,2026-01-22,NULL,NULL,NULL,NULL,NULL,NULL,NULL,NULL,NULL,2026-04-26,2026-05-06,2026-05-09,2026-06-04,2026-06-16,2026-07-05,2026-07-29,2026-08-10,2026-11-14,NULL,NULL,NULL,NULL,NULL,NULL,NULL,NULL,NULL,58,20,10,10,3,7,26,17,NULL,12,19,17,24,30,12,16,NULL,96,Foundation,Released,2026-01-22
20393.0003,20393.64,D3,STAR VIEW 64' LOT,690 MORNING STAR LANE (M),2025-06-25,2025-06-30,2025-07-07,2025-07-11,2025-07-29,2025-08-04,2025-08-15,2025-09-12,2025-10-08,NULL,2025-07-07,2025-07-10,2025-07-10,2025-07-24,2025-08-11,2025-08-24,2025-09-13,2025-10-08,2026-04-26,5,7,4,18,6,11,28,26,NULL,NULL,12,NULL,10,NULL,3,NULL,13,NULL,13,NULL,20,NULL,29,NULL,21,NULL,92,Complete,Final,2025-10-08
20396.0023,20396.1A,S2,THORNEBROOK 1 ACRE LOT,897 SIDDOWAY LANE,2025-12-18,2026-01-08,2026-01-21,NULL,NULL,NULL,NULL,NULL,NULL,NULL,2026-01-04,2026-01-21,2026-04-26,2026-05-13,2026-05-25,2026-06-10,2026-07-10,2026-07-26,2026-10-30,21,13,NULL,NULL,NULL,NULL,NULL,NULL,NULL,17,20,13,10,NULL,7,NULL,17,NULL,12,16,17,NULL,30,NULL,16,NULL,96,Cornice,Frame,2026-01-21
20398.0101,20398.50,H2,EVERLY 50' LOT,18823 MADONNA LILY COURT,2025-06-19,2025-06-30,2025-07-10,2025-07-10,2025-07-18,2025-08-01,2025-08-11,2025-10-30,2025-11-24,NULL,2025-07-01,2025-07-11,2025-07-18,2025-07-20,2025-07-29,2025-09-01,2025-08-13,2025-11-24,2026-04-26,11,10,0,8,14,10,80,25,NULL,12,9,11,17,8,3,10,12,NULL,11,31,17,2,16,NULL,25,44,54,Complete,Final,2025-11-24
20400.0023,20400.1A,D3,ENCHANTED CREEK 1 ACRE LOT,121 COTTAR DRIVE,2025-08-18,2025-08-25,2025-09-10,2025-09-18,2025-10-21,2025-11-08,2025-11-22,2025-12-16,NULL,NULL,2025-09-03,2025-09-02,2025-09-13,2025-10-01,2025-11-03,2025-11-28,2026-01-10,2026-04-26,2026-07-27,7,16,8,33,18,14,24,NULL,NULL,16,12,8,10,NULL,3,NULL,13,NULL,13,NULL,20,49,29,NULL,21,NULL,92,Final,Interior,2025-12-16
20403.0003,20403.45,A3,JUNIPER SPRINGS 45' LOT,320 MELODY ROAD (M),2025-07-11,2025-08-01,2025-08-07,2025-08-11,2025-08-20,2025-08-27,2025-09-12,2025-09-23,2025-10-06,NULL,2025-07-21,2025-08-09,2025-08-09,2025-08-27,2025-09-01,2025-09-10,2025-09-25,2025-10-06,2026-04-26,21,6,4,9,7,16,11,13,NULL,10,17,8,9,2,5,16,21,12,13,14,14,13,37,18,12,11,64,Complete,Final,2025-10-06
20403.0030,20403.45,A3,JUNIPER SPRINGS 45' LOT,3923 MELODY ROAD,2025-11-14,2025-11-26,2025-12-03,2025-12-08,2025-12-19,2025-12-31,2026-01-14,2026-01-28,NULL,NULL,2025-11-24,2025-12-04,2025-12-05,2025-12-24,2025-12-31,2026-01-14,2026-01-27,2026-04-26,2026-05-07,12,7,5,11,12,14,14,NULL,NULL,10,17,8,9,2,5,16,21,12,13,14,14,13,37,18,12,11,64,Final,Interior,2026-01-28
20405.0044,20405.90,F1,STAR FARMS AT LAKEWOOD RANCH 90' LOT,16915 POST STABLE PLACE (M),2025-12-02,2025-12-08,2026-01-06,NULL,NULL,NULL,NULL,NULL,NULL,NULL,2025-12-16,2026-01-05,NULL,2026-04-26,2026-05-11,2026-06-02,2026-07-18,2026-09-03,2026-09-20,6,29,NULL,NULL,NULL,NULL,NULL,NULL,NULL,14,15,NULL,28,NULL,NULL,NULL,31,NULL,15,NULL,22,NULL,46,NULL,47,NULL,17,Mechanicals,Frame,2026-01-06
20413.0016,20413.45,D1,MERAKI 45' LOT,2646 BROOKLYN STREET,2026-01-22,NULL,NULL,NULL,NULL,NULL,NULL,NULL,NULL,NULL,2026-04-26,2026-05-09,2026-05-15,2026-05-31,2026-06-12,2026-06-30,2026-07-17,2026-08-03,2026-10-02,NULL,NULL,NULL,NULL,NULL,NULL,NULL,NULL,NULL,NULL,14,NULL,13,NULL,6,NULL,16,NULL,12,NULL,18,NULL,17,NULL,17,NULL,60,Foundation,Released,2026-01-22
20414.0003,20414.1A,D1,BRISTOL VALLEY 1 ACRE LOT,105 ARBOR GLEN DRIVE (M),2026-01-29,NULL,NULL,NULL,NULL,NULL,NULL,NULL,NULL,NULL,2026-04-26,2026-05-09,2026-05-15,2026-05-31,2026-06-12,2026-06-30,2026-07-17,2026-08-03,2026-10-02,NULL,NULL,NULL,NULL,NULL,NULL,NULL,NULL,NULL,NULL,14,NULL,13,NULL,6,NULL,16,NULL,12,NULL,18,NULL,17,NULL,17,NULL,60,Foundation,Released,2026-01-29
206102,206,A3,CROSSWINDS 40' LOT,170 BLACKBORROW DRIVE,2025-09-18,2025-10-02,2025-10-07,2025-10-09,2025-10-24,2025-11-03,2025-11-17,2025-12-08,2025-12-09,NULL,2025-10-22,2025-10-10,2025-10-12,2025-10-18,2025-11-06,2025-11-17,2025-12-24,2025-12-09,2026-05-26,14,5,2,15,10,14,21,1,NULL,34,17,8,9,5,5,9,21,NULL,13,NULL,14,NULL,37,NULL,12,168,64,Complete,Final,2025-12-09
206104,206,A3,CROSSWINDS 40' LOT,186 BLACKBORROW DRIVE,2025-09-30,2025-10-09,2025-10-14,2025-10-17,2025-10-24,2025-11-03,2025-11-18,2025-12-03,2025-12-10,NULL,2025-11-03,2025-10-17,2025-10-19,2025-10-26,2025-11-06,2025-11-17,2025-12-25,2025-12-10,2026-05-27,9,5,3,7,10,15,15,7,NULL,34,17,8,9,5,5,9,21,NULL,13,NULL,14,NULL,37,NULL,12,168,64,Complete,Final,2025-12-10
211135,211,D4,WALSH RANCH 55' LOT,13237 CEDAR SAGE TRAIL,2025-11-17,2025-12-22,2026-01-06,2026-01-09,2026-01-28,NULL,NULL,NULL,NULL,NULL,2025-12-22,2026-01-08,2026-01-11,2026-01-29,2026-04-26,2026-05-03,2026-06-14,2026-06-22,2026-07-04,35,15,3,19,NULL,NULL,NULL,NULL,NULL,35,14,17,13,5,5,20,17,10,13,7,12,42,24,8,40,12,39,Sheetrock,Mechanical,2026-01-28
287030,287,S1,LADERA 45' LOT,15102 LIBBY HILL,2025-11-13,2025-12-01,2025-12-10,2025-12-18,2026-01-07,NULL,NULL,NULL,NULL,NULL,2025-12-04,2025-12-08,2025-12-16,2026-01-07,2026-04-26,2026-05-09,2026-05-29,2026-06-12,2026-09-30,18,9,8,20,NULL,NULL,NULL,NULL,NULL,21,16,7,11,6,7,20,15,NULL,18,13,17,20,28,14,15,NULL,110,Sheetrock,Mechanical,2026-01-07
288011,288,S3,MEADOWS OF MILL CREEK 50' LOT,1837 WINDWARD WAY,2025-11-26,2025-12-19,2026-01-19,2026-01-28,NULL,NULL,NULL,NULL,NULL,NULL,2025-12-16,2026-01-12,2026-01-27,2026-04-26,2026-05-05,2026-05-26,2026-06-10,2026-06-22,2026-10-19,23,31,9,NULL,NULL,NULL,NULL,NULL,NULL,20,14,24,12,8,7,15,15,9,12,21,15,15,23,NULL,12,119,98,Mechanicals,Cornice,2026-01-28
301062,301,D3,NORTH SKY CELINA 65' LOT,3309 SANTOLINA WAY,2025-11-10,2025-12-01,2025-12-11,2025-12-17,2025-12-29,2026-01-14,NULL,NULL,NULL,NULL,2025-11-22,2025-12-11,2025-12-14,2025-12-29,2026-01-13,2026-04-26,2026-05-11,2026-05-24,2026-07-19,21,10,6,12,16,NULL,NULL,NULL,NULL,NULL,12,NULL,10,NULL,3,12,13,15,13,12,20,15,29,13,21,56,92,Trim,Sheetrock,2026-01-14
309030,309,S2,ARCADIA RIDGE 50' LOT,1207 ARGON WAY,2025-09-18,2025-09-26,2025-10-08,2025-10-10,2025-10-24,2025-11-05,2025-11-17,2025-12-09,2026-01-22,NULL,2025-10-08,2025-10-06,2025-10-15,2025-10-26,2025-11-09,2025-11-16,2025-12-11,2026-01-22,2026-04-28,8,12,2,14,12,12,22,44,NULL,NULL,20,NULL,10,NULL,7,16,17,16,12,11,17,24,30,50,16,NULL,96,Complete,Final,2026-01-22
309036,309,S2,ARCADIA RIDGE 50' LOT,1103 ARGON WAY,2025-08-07,2025-08-14,2025-08-22,2025-08-26,2025-09-16,2025-09-30,2025-10-10,2025-11-03,2025-11-24,NULL,2025-08-27,2025-08-24,2025-08-29,2025-09-11,2025-10-02,2025-10-11,2025-11-03,2025-11-24,2026-04-26,7,8,4,21,14,10,24,21,NULL,NULL,20,NULL,10,NULL,7,16,17,16,12,11,17,24,30,50,16,NULL,96,Complete,Final,2025-11-24
309039,309,S2,ARCADIA RIDGE 50' LOT,12717 MOYA FLATS,2025-09-11,2025-09-19,2025-09-23,2025-09-25,2025-10-07,2025-10-28,2025-11-10,2025-11-26,2026-01-21,NULL,2025-10-01,2025-09-29,2025-09-30,2025-10-11,2025-10-23,2025-11-08,2025-12-04,2026-01-21,2026-04-27,8,4,2,12,21,13,16,56,NULL,NULL,20,NULL,10,NULL,7,16,17,16,12,11,17,24,30,50,16,NULL,96,Complete,Final,2026-01-21
313096,313,A1,NOLINA 60' LOT,228 STAR RUSH TRAIL (M),2024-02-28,2024-02-28,2024-03-05,2024-03-12,2024-03-18,2024-03-25,2024-04-05,2024-04-17,2024-04-24,NULL,2024-03-08,2024-03-10,2024-03-11,2024-03-28,2024-03-24,2024-04-19,2024-05-14,2024-04-24,2026-04-26,0,6,7,6,7,11,12,7,NULL,9,15,11,9,6,6,16,15,6,13,25,17,NULL,39,NULL,11,163,96,Complete,Final,2024-04-24
346079,346,D3,NORTH SKY CELINA 55' LOT,216 ROBINIA ROAD,2025-10-14,2025-10-27,2025-11-04,2025-11-06,2025-11-20,2025-12-05,2025-12-17,2026-01-12,NULL,NULL,2025-10-26,2025-11-08,2025-11-09,2025-11-19,2025-12-06,2025-12-15,2026-01-12,2026-04-26,2026-07-27,13,8,2,14,15,12,26,NULL,NULL,12,12,12,10,5,3,NULL,13,16,13,10,20,26,29,34,21,92,92,Final,Interior,2026-01-12
346143,346,D3,NORTH SKY CELINA 55' LOT,3200 LACEBARK LANE,2025-09-02,2025-09-15,2025-09-22,2025-09-25,2025-10-10,2025-10-24,2025-11-10,2025-11-24,2025-12-10,NULL,2025-09-14,2025-09-27,2025-09-27,2025-10-08,2025-10-26,2025-11-03,2025-12-06,2025-12-10,2026-04-26,13,7,3,15,14,17,14,16,NULL,12,12,12,10,5,3,NULL,13,16,13,10,20,26,29,34,21,92,92,Complete,Final,2025-12-10
606092,606,S2,RANCHES AT CREEKSIDE 55' LOT,216 BOULDER CREEK,2025-09-11,2025-09-24,2025-10-03,2025-10-14,2025-10-24,2025-11-13,2025-11-25,2025-12-26,2026-01-14,NULL,2025-09-30,2025-09-30,2025-10-10,2025-10-27,2025-11-08,2025-11-27,2025-12-21,2026-01-14,2026-04-26,13,9,11,10,20,12,31,19,NULL,19,20,6,10,7,7,13,17,15,12,14,17,26,30,13,16,68,96,Complete,Final,2026-01-14
660002,660,D3,STAR TRAIL 76' LOT,841 OVERLOOK DRIVE (M),2023-05-30,2023-07-10,2023-07-17,2023-08-03,2023-08-21,2023-09-05,2023-09-18,2023-11-13,2023-12-06,NULL,2023-06-12,2023-07-20,2023-07-20,2023-08-16,2023-09-03,2023-09-25,2023-10-17,2023-12-06,2026-04-26,41,7,17,18,15,13,56,23,NULL,13,12,NULL,10,NULL,3,NULL,13,NULL,13,NULL,20,NULL,29,NULL,21,NULL,92,Complete,Final,2023-12-06
666177,666,D2,DEVONSHIRE 50' LOT,1112 BARNMEADOW LANE,2025-09-10,2025-09-25,2025-10-03,2025-10-06,2025-11-03,2025-11-13,2025-11-19,2025-12-10,2026-01-01,NULL,2025-09-22,2025-10-05,2025-10-07,2025-10-20,2025-11-15,2025-11-23,2025-12-06,2026-01-01,2026-04-26,15,8,3,28,10,6,21,22,NULL,NULL,12,NULL,10,NULL,4,NULL,14,12,12,10,11,17,17,20,18,49,88,Complete,Final,2026-01-01
678225,678,S1,KALLISON RANCH 60' LOT,10141 DAPPLE COLT,2025-08-28,2025-09-08,2025-09-18,2025-09-22,2025-10-08,2025-10-22,2025-11-10,2025-12-08,2025-12-17,NULL,2025-09-08,2025-09-22,2025-09-22,2025-10-02,2025-10-28,2025-11-12,2025-12-23,2025-12-17,2026-06-24,11,10,4,16,14,19,28,9,NULL,11,16,14,11,4,7,10,15,20,18,21,17,43,28,5,15,189,110,Complete,Final,2025-12-17
734090,734,S1,LADERA 40' LOT,14930 FARAWAY MEADOW,2025-11-13,2025-12-10,2025-12-18,2025-12-23,NULL,NULL,NULL,NULL,NULL,NULL,2025-12-16,2025-12-20,2025-12-24,2026-04-26,2026-05-11,2026-05-25,2026-06-21,2026-07-06,2026-10-24,27,8,5,NULL,NULL,NULL,NULL,NULL,NULL,33,16,10,11,6,7,22,15,15,18,14,17,27,28,NULL,15,NULL,110,Mechanicals,Cornice,2025-12-23
741080,741,A1,SANTA RITA RANCH 40' LOT,108 VILLORIA COVE (M),2023-10-23,2023-10-24,2023-10-30,2023-11-08,2023-11-24,2023-12-07,2023-12-27,2024-02-02,2024-02-01,NULL,2023-11-07,2023-10-30,2023-11-05,2023-11-25,2023-12-01,2023-12-24,2024-01-26,2024-02-01,2026-04-26,1,6,9,16,13,20,37,-1,NULL,15,15,6,9,6,6,17,15,7,13,NULL,17,30,39,18,11,21,96,Complete,Final,2024-02-02
754044,754,A3,6 CREEKS 50' LOT,415 COYOTE CREEK WAY,2020-09-08,2020-10-01,2020-10-19,2020-10-22,2020-11-06,2020-11-24,2020-12-08,2021-01-11,2021-02-10,NULL,2020-09-25,2020-10-10,2020-10-24,2020-11-12,2020-11-19,2020-12-08,2021-01-14,2021-02-10,2026-04-26,23,18,3,15,18,14,34,30,NULL,NULL,17,NULL,9,NULL,5,NULL,21,NULL,13,NULL,14,NULL,37,NULL,12,119,64,Complete,Final,2021-02-10
763051,763,H4,THE WOODLANDS HILLS 75' LOT,106 ADORATION WOODS COURT (M),2024-05-13,2024-07-13,2024-07-29,2024-08-02,2024-08-14,2024-08-22,NULL,2024-10-08,2024-11-04,NULL,2024-05-22,2024-07-25,2024-08-01,2024-08-11,2024-08-24,2024-09-06,2024-09-23,2024-11-04,2026-04-26,61,16,4,12,8,NULL,NULL,27,NULL,NULL,9,NULL,12,NULL,3,NULL,9,NULL,10,NULL,15,NULL,17,NULL,13,286,97,Complete,Final,2024-11-04
770002,770,D2,DEVONSHIRE 60' LOT,1101 SANDGATE DRIVE (M),2021-02-12,2021-03-09,2021-03-19,2021-03-29,2021-04-08,2021-04-20,2021-05-13,2021-05-19,2021-06-09,NULL,2021-02-24,2021-03-19,2021-03-23,2021-04-12,2021-04-20,2021-05-01,2021-05-30,2021-06-09,2026-04-26,25,10,10,10,12,23,6,21,NULL,NULL,12,NULL,10,NULL,4,NULL,14,NULL,12,NULL,11,NULL,17,NULL,18,NULL,88,Complete,Final,2021-06-09
773040,773,H3,CANDELA 50' LOT,26527 GLEAMING DAWN WAY (M),2021-01-13,2021-01-29,2021-02-03,2021-02-05,2021-02-07,2021-03-02,2021-03-05,2021-03-27,2021-03-31,NULL,2021-01-22,2021-02-13,2021-02-06,2021-02-16,2021-02-16,2021-03-13,2021-05-08,2021-03-31,2026-04-26,16,5,2,2,23,3,22,4,NULL,9,9,15,15,3,5,11,12,9,9,11,16,64,23,NULL,12,NULL,81,Complete,Final,2021-03-31
775030,775,H1,MERIDIANA 45' LOT,5306 MAJESTIC COURT,2022-03-15,2022-03-25,2022-04-19,2022-04-29,2022-05-12,2022-05-20,2022-07-04,2022-07-23,2022-07-29,NULL,2022-03-26,2022-04-13,2022-04-27,2022-05-10,2022-05-24,2022-06-08,2022-08-14,2022-07-29,2026-04-26,10,25,10,13,8,45,19,6,NULL,NULL,11,NULL,19,NULL,8,NULL,11,NULL,12,NULL,19,NULL,41,NULL,10,NULL,88,Complete,Final,2022-07-29
779099,779,D4,M3 RANCH 50' LOT,1613 BULLS EYE ROAD,2025-11-06,2025-11-19,2025-12-03,2025-12-09,2025-12-19,2026-01-05,2026-01-15,NULL,NULL,NULL,2025-11-19,2025-11-30,2025-12-10,2025-12-16,2026-01-06,2026-01-13,2026-04-26,2026-05-05,2026-05-24,13,14,6,10,17,10,NULL,NULL,NULL,13,14,11,13,7,5,7,17,18,13,8,12,14,24,9,40,19,39,Interior,Trim,2026-01-15
20007.0168,20007.50,A1,LARIAT 50' LOT,108 GREEN BRUSH DRIVE (M),2025-11-10,2025-11-11,2025-11-24,2025-11-24,2025-12-09,2025-12-18,2026-01-08,NULL,NULL,NULL,2025-11-27,2025-11-22,2025-11-30,2025-12-11,2025-12-25,2026-01-04,2026-04-26,2026-05-05,2026-07-08,1,13,0,15,9,21,NULL,NULL,NULL,17,15,11,9,6,6,17,15,16,13,NULL,17,29,39,9,11,64,96,Interior,Trim,2026-01-08
20007.0174,722,A1,LARIAT 45' LOT,511 OUTRIDER COURT,2025-09-30,2025-10-09,2025-10-21,2025-10-21,2025-10-31,2025-11-13,2025-11-24,2026-01-06,2026-01-14,NULL,2025-10-15,2025-10-18,2025-10-29,2025-11-11,2025-11-12,2025-11-30,2026-01-06,2026-01-14,2026-04-26,9,12,0,10,13,11,43,8,NULL,NULL,15,NULL,9,8,6,21,15,12,13,NULL,17,43,39,5,11,NULL,96,Complete,Final,2026-01-14
20010.0376,784,A2,PARKSIDE ON THE RIVER 60' LOT,1416 WHITE DAISY LANE,2025-07-15,2025-08-06,2025-08-14,2025-08-19,2025-09-05,2025-09-17,2025-10-03,2025-10-24,2025-12-05,NULL,2025-08-11,2025-08-20,2025-08-20,2025-09-17,2025-09-17,2025-09-30,2025-11-07,2025-12-05,2026-04-26,22,8,5,17,12,16,21,42,NULL,NULL,27,14,11,6,6,29,18,12,10,13,16,35,33,NULL,16,NULL,120,Complete,Final,2025-12-05
20013.0588,741,A1,SANTA RITA RANCH 40' LOT,168 COVERED BRIDGE TRAIL,2026-01-23,NULL,NULL,NULL,NULL,NULL,NULL,NULL,NULL,NULL,2026-04-26,2026-05-02,2026-05-08,2026-05-25,2026-06-01,2026-06-18,2026-07-18,2026-08-05,2026-08-26,NULL,NULL,NULL,NULL,NULL,NULL,NULL,NULL,NULL,15,15,6,9,6,6,17,15,7,13,NULL,17,30,39,18,11,21,96,Foundation,Released,2026-01-23
20016.0231,20016.56,A2,WOLF RANCH 56' LOT,1400 SUMMER MOON DRIVE,2024-10-03,2024-10-09,2024-10-23,2024-10-29,2024-11-15,2024-12-02,2026-01-26,NULL,NULL,NULL,2024-10-26,2024-10-18,2024-10-29,2024-11-21,2024-11-25,2024-12-18,2026-04-26,2026-05-06,2026-08-01,6,14,6,17,17,420,NULL,NULL,NULL,23,27,9,11,6,6,23,18,NULL,10,NULL,16,24,33,10,16,87,120,Interior,Trim,2026-01-26
20016.0302,689,A2,WOLF RANCH 51' LOT,552 ALAMEDA LANE,2025-09-02,2025-12-19,2025-12-29,2026-01-03,2026-01-23,NULL,NULL,NULL,NULL,NULL,2025-10-03,2025-12-29,2026-01-02,2026-01-27,2026-04-26,2026-05-11,2026-06-04,2026-06-11,2026-08-24,108,10,5,20,NULL,NULL,NULL,NULL,NULL,31,27,10,11,4,6,24,18,11,10,15,16,24,33,7,16,74,120,Sheetrock,Mechanical,2026-01-23
20016.0329,689,A2,WOLF RANCH 51' LOT,524 SUMMER PLACE LANE,2025-06-19,2025-07-21,2025-07-31,2025-08-04,2025-09-05,2025-09-12,2025-10-03,2025-10-30,2025-11-17,NULL,2025-07-20,2025-07-31,2025-08-04,2025-08-28,2025-09-16,2025-09-27,2025-10-27,2025-11-17,2026-04-26,32,10,4,32,7,21,27,18,NULL,31,27,10,11,4,6,24,18,11,10,15,16,24,33,7,16,74,120,Complete,Final,2025-11-17
20020.0318,796,A2,THE COLONY 45' LOT,298 MADDY WAY,2025-12-10,2025-12-17,2025-12-22,2025-12-29,2026-01-09,2026-01-20,NULL,NULL,NULL,NULL,2026-01-06,2026-01-02,2025-12-27,2026-01-10,2026-01-18,2026-04-26,2026-05-17,2026-06-03,2026-09-04,7,5,7,11,11,NULL,NULL,NULL,NULL,NULL,27,16,11,5,6,12,18,9,10,14,16,21,33,17,16,93,120,Trim,Sheetrock,2026-01-20
20024.0312,20024.40,A3,EASTON PARK 40' LOT,8610 BASIL HAYDEN LANE,2025-11-12,2025-11-26,2025-12-05,2025-12-09,2026-01-02,2026-01-15,NULL,NULL,NULL,NULL,2025-11-22,2025-12-04,2025-12-10,2026-01-03,2026-01-16,2026-04-26,2026-05-11,2026-05-24,2026-08-01,14,9,4,24,13,NULL,NULL,NULL,NULL,10,17,8,9,5,5,25,21,14,13,11,14,15,37,13,12,69,64,Trim,Sheetrock,2026-01-15
20024.0314,20024.40,A3,EASTON PARK 40' LOT,8706 BASIL HAYDEN LANE,2025-12-31,2026-01-10,2026-01-16,2026-01-21,NULL,NULL,NULL,NULL,NULL,NULL,2026-01-10,2026-01-18,2026-01-21,2026-04-26,2026-05-10,2026-05-21,2026-06-05,2026-06-18,2026-08-26,10,6,5,NULL,NULL,NULL,NULL,NULL,NULL,10,17,8,9,5,5,25,21,14,13,11,14,15,37,13,12,69,64,Mechanicals,Cornice,2026-01-21
20024.0329,20024.40,A3,EASTON PARK 40' LOT,7007 WOODFORD WAY,2026-01-06,2026-01-16,2026-01-28,NULL,NULL,NULL,NULL,NULL,NULL,NULL,2026-01-16,2026-01-24,2026-04-26,2026-05-21,2026-06-04,2026-06-15,2026-06-30,2026-07-13,2026-09-20,10,12,NULL,NULL,NULL,NULL,NULL,NULL,NULL,10,17,8,9,5,5,25,21,14,13,11,14,15,37,13,12,69,64,Cornice,Frame,2026-01-28
20026.0300,123,A3,6 CREEKS 45' LOT,208 HIGH ROCK PASS,2025-05-30,2025-06-20,2025-06-28,2025-07-01,2025-07-18,2025-08-05,2025-08-14,2025-09-04,2025-09-10,NULL,2025-06-16,2025-06-29,2025-07-03,2025-08-01,2025-07-29,2025-08-19,2025-09-02,2025-09-10,2026-04-26,21,8,3,17,18,9,21,6,NULL,NULL,17,NULL,9,NULL,5,31,21,11,13,NULL,14,19,37,2,12,141,64,Complete,Final,2025-09-10
20031.0162,779,D4,M3 RANCH 50' LOT,703 RUNNING IRON TRAIL,2025-07-22,2025-08-20,2025-08-29,2025-09-02,2025-09-12,2025-09-29,2025-10-13,2025-10-17,2025-10-31,NULL,2025-08-04,2025-08-31,2025-09-05,2025-09-09,2025-09-30,2025-10-07,2025-10-27,2025-10-31,2026-04-26,29,9,4,10,17,14,4,14,NULL,13,14,11,13,7,5,7,17,18,13,8,12,14,24,9,40,19,39,Complete,Final,2025-10-31
20031.0178,779,D4,M3 RANCH 50' LOT,2214 HEREFORD DRIVE,2025-11-04,2025-11-17,2025-11-25,2025-12-01,2025-12-10,2025-12-29,2026-01-05,2026-01-16,NULL,NULL,2025-11-17,2025-11-28,2025-12-02,2025-12-08,2025-12-28,2026-01-06,2026-01-19,2026-04-26,2026-05-15,13,8,6,9,19,7,11,NULL,NULL,13,14,11,13,7,5,7,17,18,13,8,12,14,24,9,40,19,39,Final,Interior,2026-01-16
20031.0182,779,D4,M3 RANCH 50' LOT,2116 HEREFORD DRIVE,2026-01-05,2026-01-14,NULL,NULL,NULL,NULL,NULL,NULL,NULL,NULL,2026-01-18,2026-04-26,2026-05-03,2026-05-10,2026-05-28,2026-06-05,2026-06-19,2026-06-28,2026-07-17,9,NULL,NULL,NULL,NULL,NULL,NULL,NULL,NULL,13,14,11,13,7,5,7,17,18,13,8,12,14,24,9,40,19,39,Frame,Foundation,2026-01-14
20037.0400,718,D2,TRINITY FALLS 60' LOT,104 BEE BALM ROAD (M),2025-05-13,2025-05-21,2025-05-28,2025-05-29,2025-06-05,2025-06-11,2025-06-26,2025-07-15,2025-07-23,NULL,2025-05-25,2025-05-31,2025-06-01,2025-06-18,2025-06-18,2025-06-20,2025-07-11,2025-07-23,2026-04-26,8,7,1,7,6,15,19,8,NULL,NULL,12,NULL,10,NULL,4,20,14,13,12,9,11,15,17,NULL,18,84,88,Complete,Final,2025-07-23
20037.0409,718,D2,TRINITY FALLS 60' LOT,329 BEE BALM ROAD,2026-01-27,NULL,NULL,NULL,NULL,NULL,NULL,NULL,NULL,NULL,2026-04-26,2026-05-06,2026-05-10,2026-05-30,2026-06-12,2026-06-21,2026-07-06,2026-07-24,2026-10-16,NULL,NULL,NULL,NULL,NULL,NULL,NULL,NULL,NULL,NULL,12,NULL,10,NULL,4,20,14,13,12,9,11,15,17,NULL,18,84,88,Foundation,Released,2026-01-27
20056.0163,648,D2,CAMBRIDGE CROSSING 50' LOT,2817 BUCKINGHAM LANE,2025-12-19,2025-12-31,2026-01-13,2026-01-20,NULL,NULL,NULL,NULL,NULL,NULL,2025-12-31,2026-01-11,2026-01-18,2026-04-26,2026-05-08,2026-05-19,2026-06-05,2026-06-23,2026-10-09,12,13,7,NULL,NULL,NULL,NULL,NULL,NULL,12,12,11,10,5,4,13,14,12,12,NULL,11,NULL,17,NULL,18,108,88,Mechanicals,Cornice,2026-01-20
20059.0148,262,D1,AVONDALE 40' (A) LOT,6108 VESTER TRAIL,2025-11-03,2025-11-13,2025-11-21,2025-11-26,2025-12-09,2025-12-22,2026-01-09,2026-01-20,NULL,NULL,2025-11-17,2025-11-26,2025-11-25,2025-12-21,2025-12-22,2026-01-09,2026-01-26,2026-04-26,2026-06-25,10,8,5,13,13,18,11,NULL,NULL,NULL,14,NULL,13,4,6,25,16,13,12,18,18,17,17,11,17,NULL,60,Final,Interior,2026-01-20
20066.0536,665,D2,DEVONSHIRE 45' LOT,2929 SOARING HILLS DRIVE,2025-12-26,2026-01-07,2026-01-15,2026-01-20,NULL,NULL,NULL,NULL,NULL,NULL,2026-01-06,2026-01-15,2026-01-20,2026-04-26,2026-05-10,2026-05-22,2026-06-09,2026-06-19,2026-09-01,12,8,5,NULL,NULL,NULL,NULL,NULL,NULL,11,12,8,10,5,4,NULL,14,14,12,12,11,18,17,10,18,74,88,Mechanicals,Cornice,2026-01-20
20090.0189,660,D3,STAR TRAIL 76' LOT,2581 FOUNTAIN STREET,2026-01-14,NULL,NULL,NULL,NULL,NULL,NULL,NULL,NULL,NULL,2026-04-26,2026-05-06,2026-05-09,2026-05-22,2026-06-04,2026-06-24,2026-07-23,2026-08-13,2026-11-13,NULL,NULL,NULL,NULL,NULL,NULL,NULL,NULL,NULL,13,12,NULL,10,NULL,3,NULL,13,NULL,13,NULL,20,NULL,29,NULL,21,NULL,92,Foundation,Released,2026-01-14
20096.0036,285,F1,SOUTHERN HILLS 80' LOT,5838 CREEK RIDGE ROAD,2025-12-10,2025-12-19,NULL,NULL,NULL,NULL,NULL,NULL,NULL,NULL,2026-01-03,2026-04-26,NULL,2026-05-27,2026-06-25,2026-07-30,2026-10-13,2026-11-12,2026-11-19,9,NULL,NULL,NULL,NULL,NULL,NULL,NULL,NULL,24,15,NULL,28,NULL,NULL,NULL,31,29,15,35,22,75,46,30,47,7,17,Frame,Foundation,2025-12-19
20108.0952,188,H6,SIENNA 65' LOT,10111 REGAL MIST DRIVE,2025-12-30,2026-01-07,NULL,NULL,NULL,NULL,NULL,NULL,NULL,NULL,2026-01-06,2026-04-26,2026-04-30,2026-05-13,2026-05-24,2026-06-14,2026-07-03,2026-07-15,2026-10-17,8,NULL,NULL,NULL,NULL,NULL,NULL,NULL,NULL,7,10,NULL,14,NULL,4,NULL,13,11,9,21,16,19,20,NULL,12,94,58,Frame,Foundation,2026-01-07
20108.1036,102,H6,SIENNA 55' LOT,2103 ORCHARD ROSE DRIVE (M),2024-08-30,2024-08-30,2024-09-12,2024-09-16,2024-09-25,2024-10-07,2024-10-22,2024-11-15,2024-11-22,NULL,2024-09-08,2024-09-17,2024-09-16,2024-09-28,2024-10-05,2024-10-19,2024-11-16,2024-11-22,2026-04-26,0,13,4,9,12,15,24,7,NULL,9,10,18,14,4,4,12,13,10,9,12,16,25,20,13,12,58,58,Complete,Final,2024-11-22
20108.1095,102,H6,SIENNA 55' LOT,10902 WATER POINT DRIVE,2025-12-18,2025-12-30,2026-01-21,2026-01-26,NULL,NULL,NULL,NULL,NULL,NULL,2025-12-27,2026-01-17,2026-01-25,2026-04-26,2026-05-06,2026-05-18,2026-06-12,2026-06-25,2026-08-22,12,22,5,NULL,NULL,NULL,NULL,NULL,NULL,9,10,18,14,4,4,12,13,10,9,12,16,25,20,13,12,58,58,Mechanicals,Cornice,2026-01-26
20108.1101,102,H6,SIENNA 55' LOT,2027 PLAYA VALENCIA,2025-10-16,2025-10-24,2025-11-04,2025-11-06,2025-11-18,2025-12-01,2025-12-15,2026-01-05,2026-01-22,NULL,2025-10-25,2025-11-11,2025-11-08,2025-11-18,2025-11-28,2025-12-13,2026-01-09,2026-01-22,2026-04-26,8,11,2,12,13,14,21,17,NULL,9,10,18,14,4,4,12,13,10,9,12,16,25,20,13,12,58,58,Complete,Final,2026-01-22
20124.0141,694,H1,RICELAND 60' LOT,12326 DENHAM DRIVE,2025-12-30,2026-01-12,NULL,NULL,NULL,NULL,NULL,NULL,NULL,NULL,2026-01-12,2026-04-26,2026-05-05,2026-05-17,2026-05-30,2026-06-18,2026-07-07,2026-07-14,2026-10-12,13,NULL,NULL,NULL,NULL,NULL,NULL,NULL,NULL,13,11,18,19,9,8,12,11,13,12,NULL,19,19,41,7,10,90,88,Frame,Foundation,2026-01-12
20124.0168,695,H1,RICELAND 50' LOT,12030 JACOB LANE,2025-11-12,2025-11-19,2025-12-04,2025-12-15,2025-12-19,2025-12-22,2026-01-16,NULL,NULL,NULL,2025-11-26,2025-12-05,2025-12-12,2025-12-26,2025-12-22,2026-01-15,2026-04-26,2026-05-08,2026-07-17,7,15,11,4,3,25,NULL,NULL,NULL,14,11,16,19,NULL,8,NULL,11,3,12,24,19,24,41,12,10,70,88,Interior,Trim,2026-01-16
20132.1102,20132.601,H1,MERIDIANA SERENITY 60' LOT,5402 DREAM WAY (M),2025-06-25,2025-07-02,2025-07-18,2025-07-23,2025-07-29,2025-08-12,2025-09-04,2026-01-08,2026-01-22,NULL,2025-07-13,2025-07-11,2025-07-24,2025-07-30,2025-08-10,2025-08-31,2025-10-15,2026-01-22,2026-04-26,7,16,5,6,14,23,126,14,NULL,18,11,9,19,6,8,7,11,NULL,12,NULL,19,NULL,41,NULL,10,NULL,88,Complete,Final,2026-01-22
20132.1110,611,H1,MERIDIANA 55' LOT,9019 CLEAR WATER TRAIL,2025-09-24,2025-10-03,2025-11-14,2025-11-24,2025-12-11,2025-12-22,2026-01-19,NULL,NULL,NULL,2025-10-08,2025-10-19,2025-11-19,2025-12-05,2025-12-26,2026-01-08,2026-04-26,2026-05-06,2026-06-29,9,42,10,17,11,28,NULL,NULL,NULL,14,11,16,19,5,8,NULL,11,15,12,17,19,17,41,10,10,54,88,Interior,Trim,2026-01-19
20132.1141,611,H1,MERIDIANA 55' LOT,6618 STONE TERRACE DRIVE,2025-12-17,2025-12-31,2026-01-20,2026-01-23,NULL,NULL,NULL,NULL,NULL,NULL,2025-12-31,2026-01-16,2026-01-25,2026-04-26,2026-05-11,2026-05-28,2026-06-14,2026-06-24,2026-08-17,14,20,3,NULL,NULL,NULL,NULL,NULL,NULL,14,11,16,19,5,8,NULL,11,15,12,17,19,17,41,10,10,54,88,Mechanicals,Cornice,2026-01-23
20132.1164,711,H1,MERIDIANA 50' LOT,9602 CHATEAU HILL DRIVE,2025-10-08,2025-10-17,2025-11-19,2025-11-29,2025-12-10,2025-12-22,2025-12-31,NULL,NULL,NULL,2025-10-22,2025-11-04,2025-11-24,2025-12-10,2025-12-22,2025-12-30,2026-04-26,2026-05-06,2026-08-02,9,33,10,11,12,9,NULL,NULL,NULL,14,11,18,19,5,8,NULL,11,12,12,8,19,NULL,41,NULL,10,NULL,88,Interior,Trim,2025-12-31
20165.0065,280,H1,VALENCIA 60' LOT,18710 PEAR SLICE DRIVE,2025-11-12,2025-11-20,2025-12-08,2025-12-12,2025-12-22,2026-01-05,2026-01-20,NULL,NULL,NULL,2025-11-20,2025-12-09,2025-12-16,2025-12-23,2026-01-05,2026-01-22,2026-04-26,2026-05-08,2026-08-11,8,18,4,10,14,15,NULL,NULL,NULL,8,11,NULL,19,NULL,8,11,11,14,12,17,19,6,41,12,10,95,88,Interior,Trim,2026-01-20
20165.0155,273,H1,VALENCIA 45' LOT,5918 CLEMENTINE ZEST DRIVE,2025-10-15,2025-10-28,2025-11-10,2025-11-20,2025-11-26,2025-11-26,2025-12-19,2026-01-13,2026-01-13,NULL,2025-10-26,2025-11-16,2025-11-21,2025-12-01,2025-12-08,2025-12-21,2026-01-04,2026-01-13,2026-04-26,13,13,10,6,0,23,25,0,NULL,NULL,11,NULL,19,11,8,11,11,NULL,12,25,19,16,41,NULL,10,NULL,88,Complete,Final,2026-01-13
20165.0254,274,H1,VALENCIA 50' LOT,18426 WALNUT CANOPY STREET,2026-01-29,NULL,NULL,NULL,NULL,NULL,NULL,NULL,NULL,NULL,2026-04-26,2026-05-16,2026-05-24,2026-06-04,2026-06-16,2026-07-05,2026-08-15,2026-08-25,2026-10-20,NULL,NULL,NULL,NULL,NULL,NULL,NULL,NULL,NULL,7,11,20,19,8,8,11,11,NULL,12,NULL,19,NULL,41,NULL,10,56,88,Foundation,Released,2026-01-29
20175.0058,363,H5,JUBILEE 60' LOT,16515 BLISSFUL DAY WAY,2026-01-22,NULL,NULL,NULL,NULL,NULL,NULL,NULL,NULL,NULL,2026-04-26,2026-05-13,2026-05-20,2026-06-03,2026-06-14,2026-07-01,2026-07-19,2026-07-29,2026-09-17,NULL,NULL,NULL,NULL,NULL,NULL,NULL,NULL,NULL,8,9,17,15,7,5,14,16,11,12,NULL,17,NULL,18,NULL,10,50,76,Foundation,Released,2026-01-22
20178.0142,182,H2,ESCONDIDO 50' LOT,42671 REMINISCENT LANE,2025-09-24,2025-10-01,2025-10-20,2025-10-21,2025-11-03,2025-11-11,2025-11-25,2025-12-16,2026-01-05,NULL,2025-10-03,2025-10-19,2025-10-22,2025-10-31,2025-11-14,2025-11-28,2025-12-11,2026-01-05,2026-04-26,7,19,1,13,8,14,21,20,NULL,9,9,18,17,2,3,10,12,11,11,NULL,17,NULL,16,20,25,68,54,Complete,Final,2026-01-05
20178.0151,182,H2,ESCONDIDO 50' LOT,42811 MANZANO STREET,2025-10-08,2025-10-15,2025-10-30,2025-11-04,2025-11-17,2025-11-26,2025-12-10,NULL,2026-01-14,NULL,2025-10-17,2025-11-02,2025-11-01,2025-11-14,2025-11-28,2025-12-13,2025-12-26,2026-01-14,2026-04-26,7,15,5,13,9,14,NULL,NULL,NULL,9,9,18,17,2,3,10,12,11,11,NULL,17,NULL,16,20,25,68,54,Complete,Final,2026-01-14
20178.0186,115,H2,ESCONDIDO 45' LOT,1618 PERLA LANE,2025-12-18,2025-12-30,2026-01-15,2026-01-20,NULL,NULL,NULL,NULL,NULL,NULL,2025-12-30,2026-01-14,2026-01-18,2026-04-26,2026-05-07,2026-05-29,2026-06-15,2026-06-27,2026-07-26,12,16,5,NULL,NULL,NULL,NULL,NULL,NULL,12,9,15,17,3,3,10,12,NULL,11,22,17,17,16,12,25,29,54,Mechanicals,Cornice,2026-01-20
20178.0199,115,H2,ESCONDIDO 45' LOT,42556 RUSTICO ROAD,2025-10-23,2025-11-03,2025-11-13,2025-11-17,2025-12-02,2025-12-10,2025-12-30,2026-01-13,NULL,NULL,2025-11-04,2025-11-18,2025-11-16,2025-11-27,2025-12-13,2026-01-01,2026-01-16,2026-04-26,2026-05-25,11,10,4,15,8,20,14,NULL,NULL,12,9,15,17,3,3,10,12,NULL,11,22,17,17,16,12,25,29,54,Final,Interior,2026-01-13
20181.0967,203,H5,BRIDGELAND 50' LOT,12450 EASTLAND COUNTY STREET,2025-11-20,2025-12-03,2025-12-19,2025-12-23,2026-01-06,2026-01-19,NULL,NULL,NULL,NULL,2025-11-29,2025-12-17,2025-12-21,2026-01-06,2026-01-19,2026-04-26,2026-05-14,2026-05-27,2026-07-31,13,16,4,14,13,NULL,NULL,NULL,NULL,9,9,14,15,2,5,14,16,13,12,NULL,17,NULL,18,13,10,65,76,Trim,Sheetrock,2026-01-19
20183.0227,220,H2,AUDUBON PARK 45' LOT,517 RED EYED VIREO COURT,2025-10-09,2025-10-17,2025-10-24,2025-10-29,2025-11-12,2025-11-19,2025-11-25,2025-12-19,2026-01-09,NULL,2025-10-22,2025-10-29,2025-10-26,2025-11-10,2025-12-01,2025-12-02,2025-12-11,2026-01-09,2026-04-26,8,7,5,14,7,6,24,21,NULL,13,9,12,17,2,3,12,12,19,11,13,17,16,16,15,25,36,54,Complete,Final,2026-01-09
20183.0244,220,H2,AUDUBON PARK 45' LOT,338 PRAIRIE WARBLER STREET,2025-10-07,2025-10-17,2025-10-29,2025-11-04,2025-11-13,2025-11-25,2025-12-03,2025-12-16,2026-01-09,NULL,2025-10-20,2025-10-29,2025-10-31,2025-11-16,2025-12-02,2025-12-08,2025-12-19,2026-01-09,2026-04-26,10,12,6,9,12,8,13,24,NULL,13,9,12,17,2,3,12,12,19,11,13,17,16,16,15,25,36,54,Complete,Final,2026-01-09
20183.0301,785,H2,AUDUBON PARK 70' LOT,39027 HERON BEAK COURT,2025-11-26,2025-12-10,2026-01-07,2026-01-13,2026-01-29,NULL,NULL,NULL,NULL,NULL,2025-12-03,2026-01-01,2026-01-12,2026-01-29,2026-04-26,2026-05-13,2026-05-29,2026-06-23,2026-08-16,14,28,6,16,NULL,NULL,NULL,NULL,NULL,7,9,22,17,5,3,16,12,NULL,11,NULL,17,NULL,16,NULL,25,NULL,54,Sheetrock,Mechanical,2026-01-29
20205.0217,792,H4,THE HIGHLANDS 65' LOT,21999 CANYON TRAIL WAY,2025-12-26,2026-01-07,2026-01-20,2026-01-22,NULL,NULL,NULL,NULL,NULL,NULL,2026-01-07,2026-01-21,2026-01-23,2026-04-26,2026-05-07,2026-06-01,2026-06-30,2026-07-15,2026-07-25,12,13,2,NULL,NULL,NULL,NULL,NULL,NULL,12,9,14,12,3,3,10,9,11,10,25,15,29,17,15,13,10,97,Mechanicals,Cornice,2026-01-22
20215.0363,735,H4,ARTAVIA 50' LOT,18239 HARDY FIR COURT,2025-10-17,2025-10-24,2025-11-03,2025-11-05,2025-11-19,2025-12-02,2025-12-17,2025-12-31,2026-01-09,NULL,2025-10-26,2025-11-05,2025-11-06,2025-11-14,2025-11-29,2025-12-31,2025-12-31,2026-01-09,2026-04-26,7,10,2,14,13,15,14,9,NULL,NULL,9,NULL,12,NULL,3,NULL,9,NULL,10,29,15,14,17,8,13,94,97,Complete,Final,2026-01-09
20233.0500,179,H3,JORDAN RANCH 40' LOT,2806 SUNRISE FIELD LANE,2025-12-01,2025-12-09,2025-12-19,2025-12-23,2026-01-07,2026-01-09,NULL,NULL,NULL,NULL,2025-12-10,2025-12-24,2025-12-23,2026-01-02,2026-01-13,2026-04-26,2026-05-04,2026-05-18,2026-06-05,8,10,4,15,2,NULL,NULL,NULL,NULL,9,9,15,15,4,5,10,12,6,9,20,16,8,23,14,12,18,81,Trim,Sheetrock,2026-01-09
20233.0559,657,H3,JORDAN RANCH 65' LOT,31726 ROSEMARY ROAD,2025-08-21,2025-09-04,2025-09-23,2025-09-27,2025-10-09,2025-10-27,2025-11-16,2025-12-12,2025-12-24,NULL,2025-09-04,2025-09-19,2025-10-01,2025-10-07,2025-10-26,2025-11-09,2025-12-05,2025-12-24,2026-04-26,14,19,4,12,18,20,26,12,NULL,14,9,15,15,8,5,10,12,17,9,13,16,19,23,15,12,14,81,Complete,Final,2025-12-24
20233.0576,657,H3,JORDAN RANCH 65' LOT,31717 ROSEMARY ROAD,2025-11-06,2025-11-18,2025-12-12,2025-12-24,2025-12-31,2026-01-12,NULL,NULL,NULL,NULL,2025-11-20,2025-12-03,2025-12-20,2026-01-03,2026-01-17,2026-04-26,2026-05-15,2026-05-30,2026-06-13,12,24,12,7,12,NULL,NULL,NULL,NULL,14,9,15,15,8,5,10,12,17,9,13,16,19,23,15,12,14,81,Trim,Sheetrock,2026-01-12
20238.0713,626,H5,ELYSON 65' LOT,7134 AUGUSTA GROVE DRIVE,2025-11-26,2025-12-10,2025-12-23,2025-12-30,2026-01-13,2026-01-26,NULL,NULL,NULL,NULL,2025-12-07,2025-12-24,2025-12-30,2026-01-13,2026-01-26,2026-04-26,2026-05-12,2026-05-21,2026-08-06,14,13,7,14,13,NULL,NULL,NULL,NULL,11,9,14,15,7,5,14,16,13,12,NULL,17,16,18,9,10,77,76,Trim,Sheetrock,2026-01-26
20238.0811,159,H5,ELYSON 70' LOT,7115 SADIE HIGHLANDS DRIVE,2025-12-31,2026-01-08,2026-01-22,2026-01-27,NULL,NULL,NULL,NULL,NULL,NULL,2026-01-08,2026-01-21,2026-01-28,2026-04-26,2026-05-10,2026-05-27,2026-06-10,2026-06-20,2026-09-23,8,14,5,NULL,NULL,NULL,NULL,NULL,NULL,8,9,13,15,6,5,20,16,14,12,17,17,14,18,NULL,10,95,76,Mechanicals,Cornice,2026-01-27
20252.0362,290,H6,STONECREEK ESTATES 50' LOT,2110 PINE ACRE DRIVE,2025-10-20,2025-10-31,2025-11-24,2025-12-01,2025-12-12,2025-12-22,2026-01-06,2026-01-28,NULL,NULL,2025-11-01,2025-11-15,2025-11-29,2025-12-14,2025-12-22,2026-01-07,2026-01-28,2026-04-26,2026-05-28,11,24,7,11,10,15,22,NULL,NULL,12,10,15,14,5,4,13,13,10,9,16,16,22,20,13,12,32,58,Final,Interior,2026-01-28
20252.0397,290,H6,STONECREEK ESTATES 50' LOT,2118 PRIMROSE PASS DRIVE,2025-11-06,2025-11-13,2025-12-05,2025-12-10,2025-12-19,2026-01-07,NULL,NULL,NULL,NULL,2025-11-18,2025-11-28,2025-12-10,2025-12-23,2025-12-29,2026-04-26,2026-05-18,2026-05-31,2026-07-02,7,22,5,9,19,NULL,NULL,NULL,NULL,12,10,15,14,5,4,13,13,10,9,16,16,22,20,13,12,32,58,Trim,Sheetrock,2026-01-07
20252.0437,290,H6,STONECREEK ESTATES 50' LOT,2327 OMASHU DRIVE,2026-01-15,2026-01-22,NULL,NULL,NULL,NULL,NULL,NULL,NULL,NULL,2026-01-27,2026-04-26,2026-05-01,2026-05-14,2026-05-24,2026-06-09,2026-07-01,2026-07-14,2026-08-15,7,NULL,NULL,NULL,NULL,NULL,NULL,NULL,NULL,12,10,15,14,5,4,13,13,10,9,16,16,22,20,13,12,32,58,Frame,Foundation,2026-01-22
20252.0534,20252.601,H6,STONECREEK ESTATES 60' LOT (B),2214 CORONET CREEK DRIVE,2025-09-29,2025-10-07,2025-12-09,2025-12-11,2026-01-05,2026-01-14,NULL,NULL,NULL,NULL,2025-10-09,2025-10-28,2025-12-13,2025-12-27,2026-01-14,2026-04-26,2026-05-09,2026-05-23,2026-06-06,8,63,2,25,9,NULL,NULL,NULL,NULL,10,10,21,14,4,4,16,13,9,9,17,16,13,20,14,12,14,58,Trim,Sheetrock,2026-01-14
20265.0222,226,H3,CROSS CREEK WEST 45' LOT,4410 NOAH GROVE LANE,2025-11-17,2025-11-20,2025-12-02,2025-12-05,2025-12-19,2025-12-29,2026-01-13,2026-01-26,NULL,NULL,2025-11-25,2025-11-27,2025-12-07,2025-12-13,2025-12-26,2026-01-20,2026-01-26,2026-04-26,2026-05-29,3,12,3,14,10,15,13,NULL,NULL,8,9,7,15,5,5,8,12,7,9,22,16,13,23,9,12,33,81,Final,Interior,2026-01-26
20265.0255,133,H3,CROSS CREEK WEST 55' LOT,30931 GOLDEN FELIPE STREET,2025-11-24,2025-12-02,2025-12-16,2025-12-19,2026-01-06,2026-01-15,2026-01-27,NULL,NULL,NULL,2025-12-02,2025-12-18,2025-12-20,2026-01-02,2026-01-17,2026-01-29,2026-04-26,2026-05-08,2026-06-12,8,14,3,18,9,12,NULL,NULL,NULL,8,9,16,15,4,5,14,12,11,9,14,16,NULL,23,NULL,12,35,81,Interior,Trim,2026-01-27
20267.0537,772,H3,CANDELA 40' LOT,26807 CONCORD DAWN DRIVE,2025-12-02,2025-12-09,2025-12-18,2025-12-26,2026-01-10,2026-01-21,NULL,NULL,NULL,NULL,2025-12-10,2025-12-23,2025-12-23,2026-01-08,2026-01-18,2026-04-26,2026-05-19,2026-05-31,2026-09-13,7,9,8,15,11,NULL,NULL,NULL,NULL,8,9,14,15,5,5,13,12,8,9,NULL,16,NULL,23,NULL,12,105,81,Trim,Sheetrock,2026-01-21
20267.0555,772,H3,CANDELA 40' LOT,26718 CONCORD DAWN DRIVE,2025-09-03,2025-09-11,2025-09-18,2025-09-23,2025-10-01,2025-10-10,2025-11-04,NULL,NULL,NULL,2025-09-11,2025-09-25,2025-09-23,2025-10-06,2025-10-09,2025-10-26,2026-04-26,2026-05-08,2026-08-21,8,7,5,8,9,25,NULL,NULL,NULL,8,9,14,15,5,5,13,12,8,9,NULL,16,NULL,23,NULL,12,105,81,Interior,Trim,2025-11-04
20286.0089,190,S1,VIDA 50' LOT,10730 SALEH CORNER,2025-12-17,2026-01-09,NULL,2026-01-27,NULL,NULL,NULL,NULL,NULL,NULL,2026-01-06,2026-01-25,2026-01-30,2026-04-26,2026-05-12,2026-05-30,2026-06-20,2026-07-22,2026-11-28,23,NULL,NULL,NULL,NULL,NULL,NULL,NULL,NULL,20,16,16,11,5,7,14,15,16,18,18,17,21,28,32,15,129,110,Mechanicals,Cornice,2026-01-27
20286.0118,190,S1,VIDA 50' LOT,1126 THIELE STREET,2025-10-15,2025-11-05,2025-11-18,2025-11-19,2025-12-11,2025-12-29,2026-01-15,NULL,NULL,NULL,2025-11-04,2025-11-21,2025-11-23,2025-12-03,2025-12-27,2026-01-16,2026-04-26,2026-05-28,2026-10-04,21,13,1,22,18,17,NULL,NULL,NULL,20,16,16,11,5,7,14,15,16,18,18,17,21,28,32,15,129,110,Interior,Trim,2026-01-15
20290.0098,152,S1,ALSATIAN OAKS 50' LOT,494 WHITE OAK,2025-12-10,2025-12-22,2025-12-31,2026-01-06,2026-01-23,NULL,NULL,NULL,NULL,NULL,2025-12-22,2025-12-31,2026-01-06,2026-01-20,2026-04-26,2026-05-13,2026-06-09,2026-06-14,2026-11-17,12,9,6,17,NULL,NULL,NULL,NULL,NULL,12,16,9,11,6,7,14,15,NULL,18,NULL,17,27,28,5,15,156,110,Sheetrock,Mechanical,2026-01-23
20290.0110,152,S1,ALSATIAN OAKS 50' LOT,321 MOUNTAIN OAK,2025-08-07,2025-08-20,2025-08-25,2025-09-05,2025-09-15,2025-10-06,2025-10-20,2025-11-12,2025-11-17,NULL,2025-08-19,2025-08-29,2025-08-31,2025-09-19,2025-10-03,2025-10-23,2025-11-16,2025-11-17,2026-04-22,13,5,11,10,21,14,23,5,NULL,12,16,9,11,6,7,14,15,NULL,18,NULL,17,27,28,5,15,156,110,Complete,Final,2025-11-17
20313.0061,160,S2,CORLEY FARMS 50' LOT,145 MERRY CALF LANE,2025-12-04,2025-12-16,2025-12-26,2025-12-31,2026-01-15,NULL,NULL,NULL,NULL,NULL,2025-12-24,2025-12-26,2025-12-31,2026-01-17,2026-04-26,2026-05-12,2026-06-02,2026-06-16,2026-09-12,12,10,5,15,NULL,NULL,NULL,NULL,NULL,NULL,20,10,10,5,7,17,17,13,12,16,17,21,30,14,16,88,96,Sheetrock,Mechanical,2026-01-15
20315.0079,740,S2,JOHNSON RANCH 55' LOT,3509 AGARITA PASS (M),2024-12-12,2024-12-18,2024-12-27,2024-12-30,2025-01-09,2025-01-15,2025-01-27,2025-03-06,2025-03-12,NULL,2024-12-26,2024-12-30,2025-01-03,2025-01-14,2025-01-16,2025-02-04,2025-03-01,2025-03-12,2026-04-26,6,9,3,10,6,12,38,6,NULL,14,20,12,10,7,7,15,17,7,12,20,17,33,30,15,16,75,96,Complete,Final,2025-03-12
20315.0095,740,S2,JOHNSON RANCH 55' LOT,31226 STERLING STREET,2025-07-01,2025-07-11,2025-07-17,2025-07-23,2025-08-01,2025-08-18,2025-09-05,2025-10-10,2025-10-23,NULL,2025-07-15,2025-07-23,2025-07-24,2025-08-07,2025-08-08,2025-09-07,2025-10-08,2025-10-23,2026-04-26,10,6,6,9,17,18,35,13,NULL,14,20,12,10,7,7,15,17,7,12,20,17,33,30,15,16,75,96,Complete,Final,2025-10-23
20315.0114,740,S2,JOHNSON RANCH 55' LOT,3645 AGARITA PASS,2025-09-05,2025-09-12,2025-09-17,2025-09-22,2025-10-03,2025-10-13,2025-11-06,2025-12-10,2025-12-23,NULL,2025-09-19,2025-09-24,2025-09-24,2025-10-07,2025-10-10,2025-11-02,2025-12-09,2025-12-23,2026-04-26,7,5,5,11,10,24,34,13,NULL,14,20,12,10,7,7,15,17,7,12,20,17,33,30,15,16,75,96,Complete,Final,2025-12-23
20315.0125,740,S2,JOHNSON RANCH 55' LOT,3537 AGARITA PASS,2025-09-30,2025-10-10,2025-10-16,2025-10-21,2025-10-31,2025-11-10,2025-12-10,2026-01-09,2026-01-26,NULL,2025-10-14,2025-10-22,2025-10-23,2025-11-05,2025-11-07,2025-11-30,2026-01-12,2026-01-26,2026-04-26,10,6,5,10,10,30,30,17,NULL,14,20,12,10,7,7,15,17,7,12,20,17,33,30,15,16,75,96,Complete,Final,2026-01-26
20316.0142,20316.55,S3,HOMESTEAD 55' LOT,4789 TERREL POINT,2025-11-14,2025-12-03,2025-12-09,2025-12-16,2026-01-14,2026-01-26,NULL,NULL,NULL,NULL,2025-12-03,2025-12-09,2025-12-16,2026-01-11,2026-01-27,2026-04-26,2026-05-20,2026-05-21,2026-10-26,19,6,7,29,12,NULL,NULL,NULL,NULL,19,14,6,12,7,7,26,15,13,12,11,15,24,23,1,12,158,98,Trim,Sheetrock,2026-01-26
20316.0147,20316.55,S3,HOMESTEAD 55' LOT,4757 TERREL POINT,2025-11-21,2025-12-12,2025-12-16,2025-12-22,2026-01-14,2026-01-21,NULL,NULL,NULL,NULL,2025-12-10,2025-12-18,2025-12-23,2026-01-17,2026-01-27,2026-04-26,2026-05-20,2026-05-21,2026-10-26,21,4,6,23,7,NULL,NULL,NULL,NULL,19,14,6,12,7,7,26,15,13,12,11,15,24,23,1,12,158,98,Trim,Sheetrock,2026-01-21
20320.0099,20320.80,S2,ESPERANZA 80' LOT,221 ALONZO,2025-12-26,2026-01-19,2026-01-28,NULL,NULL,NULL,NULL,NULL,NULL,NULL,2026-01-19,2026-01-28,2026-04-26,2026-05-10,2026-05-24,2026-06-25,2026-07-15,2026-07-25,2027-04-09,24,9,NULL,NULL,NULL,NULL,NULL,NULL,NULL,24,20,9,10,21,7,14,17,14,12,32,17,20,30,10,16,258,96,Cornice,Frame,2026-01-28
20344.0252,289,S3,MEADOWS OF MILL CREEK 60' LOT,2917 FLAXEN WAY,2025-11-26,2025-12-05,2025-12-15,2025-12-29,2026-01-06,2026-01-14,NULL,NULL,NULL,NULL,2025-12-05,2025-12-20,2025-12-24,2026-01-07,2026-01-16,2026-04-26,2026-05-17,2026-06-05,2026-08-22,9,10,14,8,8,NULL,NULL,NULL,NULL,9,14,15,12,9,7,9,15,10,12,13,15,21,23,19,12,78,98,Trim,Sheetrock,2026-01-14
20357.0066,20357.50,S3,THE PARKLANDS 40'/50' Lot,5112 PARK CAPE,2026-01-22,NULL,NULL,NULL,NULL,NULL,NULL,NULL,NULL,NULL,2026-04-26,2026-05-05,2026-05-11,2026-05-26,2026-06-07,2026-06-22,2026-07-15,2026-07-27,2026-11-02,NULL,NULL,NULL,NULL,NULL,NULL,NULL,NULL,NULL,11,14,9,12,6,7,NULL,15,NULL,12,NULL,15,NULL,23,NULL,12,NULL,98,Foundation,Released,2026-01-22
20358.0004,20358.60,H2,TWO STEP FARM 60' LOT,8207 FOLKS STREET (M),2025-05-01,2025-05-08,2025-05-23,2025-05-28,2025-06-05,2025-06-17,2025-06-30,2025-09-03,2025-09-24,NULL,2025-05-16,2025-06-03,2025-05-26,2025-06-08,2025-06-16,2025-07-03,2025-07-16,2025-09-24,2026-04-26,7,15,5,8,12,13,65,21,NULL,15,9,26,17,NULL,3,11,12,11,11,16,17,NULL,16,NULL,25,NULL,54,Complete,Final,2025-09-24
20359.0035,20359.50,H3,GRANGE 50' LOT,456 SPRIGTAIL DRIVE (C),2025-03-12,2025-03-24,2025-04-07,2025-04-10,2025-05-01,2025-05-19,NULL,NULL,NULL,NULL,2025-03-20,2025-04-10,2025-04-12,2025-04-25,2025-05-10,2026-04-26,2026-05-19,2026-05-25,2026-08-17,12,14,3,21,18,NULL,NULL,NULL,NULL,8,9,17,15,5,5,15,12,9,9,12,16,NULL,23,6,12,84,81,Trim,Sheetrock,2025-05-19
20360.0064,20360.75,A3,PARTEN 75'/85' LOT,144 BIRD HOLLOW,2025-12-09,2025-12-23,2026-01-05,2026-01-15,NULL,NULL,NULL,NULL,NULL,NULL,2025-12-27,2026-01-01,2026-01-17,2026-04-26,2026-05-09,2026-06-01,2026-07-08,2026-08-04,2026-09-05,14,13,10,NULL,NULL,NULL,NULL,NULL,NULL,18,17,9,9,12,5,23,21,NULL,13,23,14,NULL,37,27,12,32,64,Mechanicals,Cornice,2026-01-15
20362.0039,20362.50,D3,HILLSTEAD 50' LOT,811 RIVER SKY ROAD,2025-12-31,2026-01-06,2026-01-16,2026-01-20,NULL,NULL,NULL,NULL,NULL,NULL,2026-01-09,2026-01-16,2026-01-19,2026-04-26,2026-05-09,2026-05-29,2026-06-12,2026-06-30,2026-09-25,6,10,4,NULL,NULL,NULL,NULL,NULL,NULL,9,12,10,10,3,3,NULL,13,NULL,13,NULL,20,14,29,18,21,87,92,Mechanicals,Cornice,2026-01-20
20362.0095,20362.60,D3,HILLSTEAD 60' LOT,1801 HILLSIDE STROLL DRIVE (M),2024-08-12,2024-08-16,2024-08-27,2024-08-29,2024-09-07,2024-09-23,2024-10-10,2024-10-29,2024-11-26,NULL,2024-08-23,2024-08-27,2024-08-30,2024-09-12,2024-09-18,2024-10-11,2024-11-08,2024-11-26,2026-04-26,4,11,2,9,16,17,19,28,NULL,11,12,11,10,3,3,14,13,11,13,18,20,NULL,29,22,21,113,92,Complete,Final,2024-11-26
20364.0013,20364.50,H2,KRESSTON 50' LOT,26432 NORTH WAYLAND CHASE,2025-12-17,2025-12-22,2026-01-12,2026-01-14,2026-01-28,NULL,NULL,NULL,NULL,NULL,2025-12-22,2026-01-13,2026-01-14,2026-01-26,2026-04-26,2026-05-13,2026-05-29,2026-06-23,2026-08-26,5,21,2,14,NULL,NULL,NULL,NULL,NULL,5,9,22,17,2,3,12,12,NULL,11,NULL,17,NULL,16,NULL,25,64,54,Sheetrock,Mechanical,2026-01-28
20366.0037,20366.62,D1,TERRACES 62' LOT,1927 GRAND AVENUE,2025-11-06,2025-11-19,2025-12-03,2025-12-08,2025-12-25,2026-01-08,2026-01-27,NULL,NULL,NULL,2025-11-23,2025-12-01,2025-12-16,2025-12-21,2026-01-08,2026-01-27,2026-04-26,2026-05-09,2026-06-06,13,14,5,17,14,19,NULL,NULL,NULL,17,14,12,13,13,6,13,16,14,12,19,18,15,17,13,17,28,60,Interior,Trim,2026-01-27
20367.0013,20367.55,F1,MANDARIN GROVE 55' LOT,3703 109TH STREET EAST,2025-12-30,2026-01-12,NULL,NULL,NULL,NULL,NULL,NULL,NULL,NULL,2026-01-13,2026-04-26,NULL,2026-05-17,2026-06-01,2026-06-23,2026-07-19,2026-09-04,2026-09-21,13,NULL,NULL,NULL,NULL,NULL,NULL,NULL,NULL,14,15,30,28,NULL,NULL,21,31,NULL,15,NULL,22,26,46,NULL,47,NULL,17,Frame,Foundation,2026-01-12
20369.0052,20369.50,S1,HABY HILL 50' LOT,190 HABY HOLLOW,2025-10-22,2025-10-31,2025-11-11,2025-11-18,2025-12-01,2025-12-18,2026-01-02,NULL,NULL,NULL,2025-11-06,2025-11-08,2025-11-19,2025-12-02,2025-12-22,2026-01-03,2026-04-26,2026-05-07,2026-07-07,9,11,7,13,17,15,NULL,NULL,NULL,15,16,8,11,8,7,14,15,21,18,16,17,NULL,28,11,15,61,110,Interior,Trim,2026-01-02
20370.0018,20370.50,A2,FLORA 50' LOT,136 HADLEIGH DRIVE,2024-11-20,2024-12-02,2024-12-11,2024-12-17,2025-01-04,2025-01-13,2025-01-31,2025-04-01,2025-04-22,NULL,2024-12-09,2024-12-11,2024-12-17,2025-01-05,2025-01-14,2025-02-08,2025-02-26,2025-04-22,2026-04-26,12,9,6,18,9,18,60,21,NULL,19,27,9,11,6,6,19,18,10,10,26,16,26,33,11,16,131,120,Complete,Final,2025-04-22
20370.0052,20370.50,A2,FLORA 50' LOT,464 BRANDYWINE ROAD,2025-10-23,2025-11-10,2025-11-18,2025-11-24,2025-12-10,2025-12-18,2026-01-18,NULL,NULL,NULL,2025-11-11,2025-11-19,2025-11-24,2025-12-13,2025-12-20,2026-01-13,2026-04-26,2026-05-07,2026-09-15,18,8,6,16,8,31,NULL,NULL,NULL,19,27,9,11,6,6,19,18,10,10,26,16,26,33,11,16,131,120,Interior,Trim,2026-01-18
20373.0046,20373.60,A2,PARKSIDE ON THE RIVER WEST 60' LOT,1601 AMANDA PAIGE DRIVE,2025-06-05,2025-06-26,2025-07-09,2025-07-15,2025-07-29,2025-08-08,2025-09-02,2025-09-25,2025-10-13,NULL,2025-07-02,2025-07-14,2025-07-17,2025-08-03,2025-08-18,2025-08-24,2025-10-05,2025-10-13,2026-04-26,21,13,6,14,10,25,23,18,NULL,NULL,27,18,11,8,6,19,18,20,10,NULL,16,NULL,33,NULL,16,88,120,Complete,Final,2025-10-13
20374.0054,20374.50,F1,MAGNOLIA BAY 50' LOT,321 HOLLY BANK AVENUE,2025-11-17,2025-12-10,2026-01-20,NULL,NULL,NULL,NULL,NULL,NULL,NULL,2025-12-03,2026-01-11,NULL,2026-04-26,2026-05-10,2026-05-22,2026-07-07,2026-08-23,2026-09-12,23,41,NULL,NULL,NULL,NULL,NULL,NULL,NULL,16,15,32,28,NULL,NULL,22,31,14,15,12,22,NULL,46,NULL,47,20,17,Mechanicals,Frame,2026-01-20
20375.0009,20375.50,F1,TURNLEAF 50' LOT,13021 MOONRISE LANE,2025-12-11,2026-01-07,NULL,NULL,NULL,NULL,NULL,NULL,NULL,NULL,2026-01-07,2026-04-26,NULL,2026-05-27,2026-06-11,2026-07-03,2026-08-18,2026-10-17,2026-11-03,27,NULL,NULL,NULL,NULL,NULL,NULL,NULL,NULL,27,15,NULL,28,NULL,NULL,NULL,31,NULL,15,NULL,22,NULL,46,60,47,NULL,17,Frame,Foundation,2026-01-07
20375.0071,20375.50,F1,TURNLEAF 50' LOT,13440 TURNLEAF BOULEVARD (M),2025-03-03,2025-03-10,2025-03-17,NULL,2025-05-07,2025-05-27,2025-06-16,2025-07-31,2025-09-17,NULL,2025-03-30,2025-04-07,NULL,2025-04-17,2025-05-22,2025-06-18,2025-08-01,2025-09-17,2026-04-26,7,7,NULL,51,20,20,45,48,NULL,27,15,NULL,28,NULL,NULL,NULL,31,NULL,15,NULL,22,NULL,46,60,47,NULL,17,Complete,Final,2025-09-17
20376.0007,20376.40,H2,WOODHAVYN 40' LOT,30305 RUBY FOREST COURT,2025-03-18,2025-04-01,2025-04-13,2025-04-18,2025-04-30,2025-05-12,2025-05-30,2025-11-06,2025-12-01,NULL,2025-03-27,2025-04-10,2025-04-16,2025-04-27,2025-05-11,2025-05-29,2025-06-15,2025-12-01,2026-04-26,14,12,5,12,12,18,160,25,NULL,9,9,9,17,3,3,9,12,NULL,11,NULL,17,NULL,16,NULL,25,34,54,Complete,Final,2025-12-01
20377.0013,20377.55,H2,COLTON 55' LOT,1934 LANGFORD STREET,2025-10-15,2025-10-22,2025-11-18,2025-11-26,2025-12-19,2025-12-26,2026-01-08,2026-01-23,NULL,NULL,2025-10-26,2025-11-08,2025-11-21,2025-12-08,2025-12-26,2026-01-08,2026-01-23,2026-04-26,2026-11-12,7,27,8,23,7,13,15,NULL,NULL,11,9,NULL,17,NULL,3,NULL,12,7,11,13,17,15,16,NULL,25,200,54,Final,Interior,2026-01-23
20378.0023,20378.47,A2,WOODSIDE 47' LOT,521 BILLOWING CLOUD COVE (M),2025-04-08,2025-04-17,2025-04-23,2025-04-28,2025-05-08,2025-05-19,2025-05-27,2025-06-23,2025-07-08,NULL,2025-05-05,2025-04-28,2025-04-29,2025-05-19,2025-05-16,2025-05-30,2025-06-29,2025-07-08,2026-04-26,9,6,5,10,11,8,27,15,NULL,NULL,27,NULL,11,NULL,6,21,18,8,10,11,16,NULL,33,NULL,16,147,120,Complete,Final,2025-07-08
20379.0024,20379.50,A1,ELDORADO 50' LOT,116 BURKE STREET,2025-03-20,2025-04-11,2025-04-21,2025-04-23,2025-04-30,2025-05-12,2025-05-23,2025-09-05,2025-09-09,NULL,2025-03-27,2025-04-18,2025-04-28,2025-05-04,2025-05-09,2025-05-27,2025-07-01,2025-09-09,2026-04-26,22,10,2,7,12,11,105,4,NULL,7,15,7,9,7,6,11,15,9,13,15,17,NULL,39,NULL,11,103,96,Complete,Final,2025-09-09
20379.0043,20379.60,A1,ELDORADO 60' LOT,237 MATON WAY,2025-09-30,2025-10-09,2025-10-20,2025-10-23,2025-10-31,2025-11-10,2025-11-24,2025-12-19,2025-12-23,NULL,2025-10-15,2025-10-18,2025-10-26,2025-11-01,2025-11-12,2025-11-24,2026-01-02,2025-12-23,2026-04-26,9,11,3,8,10,14,25,4,NULL,NULL,15,NULL,9,NULL,6,9,15,12,13,14,17,NULL,39,4,11,NULL,96,Complete,Final,2025-12-23
20381.0008,20381.65,S3,CIBOLO VALLEY HEIGHTS 65' LOT,315 BELLA ROSA WAY,2025-05-22,2025-08-13,2025-08-21,2025-08-27,2025-09-08,2025-09-17,2025-09-29,2025-10-20,2025-10-31,NULL,2025-06-03,2025-08-25,2025-08-28,2025-09-08,2025-09-21,2025-10-05,2025-10-20,2025-10-31,2026-04-26,83,8,6,12,9,12,21,11,NULL,12,14,12,12,7,7,12,15,13,12,18,15,21,23,NULL,12,92,98,Complete,Final,2025-10-31
20383.0081,20383.50,D3,THE HEIGHTS AT UPTOWN CELINA 50' LOT,704 DUKE LANE,2026-01-20,NULL,NULL,NULL,NULL,NULL,NULL,NULL,NULL,NULL,2026-04-26,2026-05-06,2026-05-09,2026-05-22,2026-06-04,2026-06-24,2026-07-23,2026-08-13,2026-12-26,NULL,NULL,NULL,NULL,NULL,NULL,NULL,NULL,NULL,NULL,12,NULL,10,NULL,3,NULL,13,NULL,13,NULL,20,NULL,29,NULL,21,135,92,Foundation,Released,2026-01-20
20387.0050,20387.40,H6,AUSTIN POINT 40' LOT,10702 URSA STREET,2025-07-15,2025-07-23,2025-08-08,2025-08-14,2025-08-23,2025-09-02,2025-09-16,2025-10-22,NULL,NULL,2025-07-26,2025-08-04,2025-08-11,2025-08-24,2025-09-01,2025-09-18,2025-10-06,2026-04-26,2026-06-23,8,16,6,9,10,14,36,NULL,NULL,11,10,12,14,3,4,10,13,NULL,9,NULL,16,NULL,20,NULL,12,NULL,58,Final,Interior,2025-10-22
20387.0051,20387.40,H6,AUSTIN POINT 40' LOT,10706 URSA STREET,2025-07-30,2025-08-08,2025-08-22,2025-08-25,2025-09-05,2025-09-15,2025-09-26,2025-10-28,NULL,NULL,2025-08-10,2025-08-20,2025-08-25,2025-09-04,2025-09-14,2025-10-01,2025-10-16,2026-04-26,2026-06-23,9,14,3,11,10,11,32,NULL,NULL,11,10,12,14,3,4,10,13,NULL,9,NULL,16,NULL,20,NULL,12,NULL,58,Final,Interior,2025-10-28
20389.0033,20389.55,S2,HIDDEN CANYON 55' LOT,22239 RUSTIC HOLLOW,2025-10-07,2025-10-24,2025-10-31,2025-11-05,2025-12-05,2025-12-19,2026-01-07,2026-01-20,2026-01-23,NULL,2025-12-04,2025-11-03,2025-11-03,2025-12-01,2025-12-17,2026-01-07,2026-01-31,2026-01-23,2026-04-29,17,7,5,30,14,19,13,3,NULL,58,20,10,10,3,7,26,17,NULL,12,19,17,24,30,12,16,NULL,96,Complete,Final,2026-01-23
20391.0030,20391.50,H1,LEGACY 50' LOT,6818 HILLSIDE VIEW LANE,2025-08-08,2025-08-19,2025-09-04,2025-09-11,2025-09-19,2025-09-22,2025-10-06,2025-12-31,2026-01-16,NULL,2025-08-23,2025-09-07,2025-09-12,2025-09-21,2025-09-28,2025-10-14,2026-01-10,2026-01-16,2026-04-26,11,16,7,8,3,14,86,16,NULL,15,11,NULL,19,NULL,8,10,11,9,12,22,19,96,41,10,10,NULL,88,Complete,Final,2026-01-16
20391.0054,20391.50,H1,LEGACY 50' LOT,718 RIO GRANDE VALLEY DRIVE,2026-01-13,2026-01-28,NULL,NULL,NULL,NULL,NULL,NULL,NULL,NULL,2026-01-28,2026-04-26,2026-05-04,2026-05-14,2026-05-23,2026-06-14,2026-09-18,2026-09-28,2026-12-25,15,NULL,NULL,NULL,NULL,NULL,NULL,NULL,NULL,15,11,NULL,19,NULL,8,10,11,9,12,22,19,96,41,10,10,NULL,88,Frame,Foundation,2026-01-28
20394.0017,20394.50,D4,LAKEWOOD VILLAGE 50' LOT,137 ENCLAVE DRIVE,2026-01-27,NULL,NULL,NULL,NULL,NULL,NULL,NULL,NULL,NULL,2026-04-26,2026-05-09,2026-05-14,2026-05-31,2026-06-13,2026-06-25,2026-07-19,2026-09-18,2026-09-25,NULL,NULL,NULL,NULL,NULL,NULL,NULL,NULL,NULL,16,14,NULL,13,NULL,5,NULL,17,NULL,13,NULL,12,NULL,24,61,40,7,39,Foundation,Released,2026-01-27
20394.0029,20394.50,D4,LAKEWOOD VILLAGE 50' LOT,104 ENCLAVE DRIVE,2026-01-20,NULL,NULL,NULL,NULL,NULL,NULL,NULL,NULL,NULL,2026-04-26,2026-05-09,2026-05-14,2026-05-31,2026-06-13,2026-06-25,2026-07-19,2026-09-18,2026-09-25,NULL,NULL,NULL,NULL,NULL,NULL,NULL,NULL,NULL,16,14,NULL,13,NULL,5,NULL,17,NULL,13,NULL,12,NULL,24,61,40,7,39,Foundation,Released,2026-01-20
20398.0062,20398.50,H2,EVERLY 50' LOT,22222 LARKSPIR GATE DRIVE,2025-08-25,2025-09-03,2025-09-15,2025-09-16,2025-09-24,2025-10-02,2025-10-14,2025-10-31,2025-11-14,NULL,2025-09-06,2025-09-14,2025-09-23,2025-09-26,2025-10-05,2025-11-02,2025-10-16,2025-11-14,2026-04-26,9,12,1,8,8,12,17,14,NULL,12,9,11,17,8,3,10,12,NULL,11,31,17,2,16,NULL,25,44,54,Complete,Final,2025-11-14
20399.0027,20399.50,S1,BRIGGS RANCH 50' LOT,13302 BLUE CEDAR,2025-12-10,2025-12-26,2026-01-06,2026-01-12,2026-01-26,NULL,NULL,NULL,NULL,NULL,2025-12-26,2026-01-08,2026-01-13,2026-01-25,2026-04-26,2026-05-13,2026-06-10,2026-06-25,2026-10-13,16,11,6,14,NULL,NULL,NULL,NULL,NULL,16,16,13,11,7,7,13,15,NULL,18,NULL,17,NULL,28,NULL,15,NULL,110,Sheetrock,Mechanical,2026-01-26
20400.0020,20400.1A,D3,ENCHANTED CREEK 1 ACRE LOT,270 COTTAR DRIVE,2025-08-22,2025-09-04,2025-09-23,2025-09-24,2025-10-27,2025-11-14,2025-12-05,2026-01-22,NULL,NULL,2025-09-07,2025-09-12,2025-09-26,2025-10-07,2025-11-09,2025-12-04,2026-01-23,2026-04-26,2026-07-27,13,19,1,33,18,21,48,NULL,NULL,16,12,8,10,NULL,3,NULL,13,NULL,13,NULL,20,49,29,NULL,21,NULL,92,Final,Interior,2026-01-22
20407.0003,20407.60,D4,LANDMARK 60' LOT,8017 AUTUMN SAGE TRAIL,2026-01-29,NULL,NULL,NULL,NULL,NULL,NULL,NULL,NULL,NULL,2026-04-26,2026-05-09,2026-05-14,2026-05-31,2026-06-13,2026-06-25,2026-07-19,2026-08-28,2026-10-06,NULL,NULL,NULL,NULL,NULL,NULL,NULL,NULL,NULL,NULL,14,NULL,13,NULL,5,NULL,17,NULL,13,NULL,12,NULL,24,NULL,40,NULL,39,Foundation,Released,2026-01-29
20407.0010,20407.60,D4,LANDMARK 60' LOT,8113 PRAIRIE PARK BOULEVARD (M),2025-12-29,NULL,NULL,NULL,NULL,NULL,NULL,NULL,NULL,NULL,2026-04-26,2026-05-09,2026-05-14,2026-05-31,2026-06-13,2026-06-25,2026-07-19,2026-08-28,2026-10-06,NULL,NULL,NULL,NULL,NULL,NULL,NULL,NULL,NULL,NULL,14,NULL,13,NULL,5,NULL,17,NULL,13,NULL,12,NULL,24,NULL,40,NULL,39,Foundation,Released,2025-12-29
20413.0120,20413.50,D1,MERAKI 50' LOT,2013 MERAKI PARKWAY (M),2025-12-31,2026-01-05,2026-01-09,2026-01-12,2026-01-14,2026-01-20,NULL,NULL,NULL,NULL,2026-01-14,2026-01-18,2026-01-15,2026-01-28,2026-01-26,2026-04-26,2026-05-13,2026-05-30,2026-07-29,5,4,3,2,6,NULL,NULL,NULL,NULL,NULL,14,NULL,13,NULL,6,NULL,16,NULL,12,NULL,18,NULL,17,NULL,17,NULL,60,Trim,Sheetrock,2026-01-20
211132,211,D4,WALSH RANCH 55' LOT,13225 CEDAR SAGE TRAIL,2025-11-04,2025-11-25,2025-12-10,2025-12-12,2026-01-02,2026-01-13,2026-01-20,NULL,NULL,NULL,2025-12-09,2025-12-12,2025-12-15,2026-01-01,2026-01-12,2026-01-20,2026-04-26,2026-05-04,2026-05-16,21,15,2,21,11,7,NULL,NULL,NULL,35,14,17,13,5,5,20,17,10,13,7,12,42,24,8,40,12,39,Interior,Trim,2026-01-20
242058,242,H4,EVERGREEN 70' LOT,16309 SHERIDAN RIVER TRAIL (M),2022-12-15,2023-01-12,2023-01-16,2023-01-30,2023-02-08,2023-02-09,2023-03-01,2023-03-26,2023-04-14,NULL,2022-12-27,2023-01-25,2023-01-17,2023-02-08,2023-02-18,2023-02-24,2023-03-18,2023-04-14,2026-04-26,28,4,14,9,1,20,25,19,NULL,12,9,13,12,1,3,9,9,NULL,10,NULL,15,NULL,17,NULL,13,134,97,Complete,Final,2023-04-14
251050,251,S1,MEGAN'S LANDING 1/2 ACRE LOT,300 VIOLET WAY,2025-10-09,2025-10-23,2025-11-04,2025-11-13,2025-12-02,2025-12-16,2026-01-05,NULL,NULL,NULL,2025-10-25,2025-11-12,2025-11-14,2025-12-02,2025-12-16,2026-01-03,2026-04-26,2026-05-10,2026-06-30,14,12,9,19,14,20,NULL,NULL,NULL,NULL,16,20,11,10,7,19,15,14,18,18,17,31,28,14,15,51,110,Interior,Trim,2026-01-05
287022,287,S1,LADERA 45' LOT,2638 VISTABLUE LANE,2025-08-07,2025-09-09,2025-09-16,2025-09-23,2025-10-16,2025-10-27,2025-12-09,2025-12-12,2025-12-31,NULL,2025-08-28,2025-09-16,2025-09-22,2025-10-13,2025-11-03,2025-11-09,2025-12-29,2025-12-31,2026-04-26,33,7,7,23,11,43,3,19,NULL,21,16,7,11,6,7,20,15,NULL,18,13,17,20,28,14,15,NULL,110,Complete,Final,2025-12-31
287042,287,S1,LADERA 45' LOT,2719 VISTABLUE LANE (M),2023-09-07,2023-09-06,2023-09-11,2023-09-14,2023-09-22,2023-09-28,2023-10-18,2023-11-10,2023-12-12,NULL,2023-09-28,2023-09-13,2023-09-17,2023-10-04,2023-10-10,2023-10-11,2023-11-07,2023-12-12,2026-04-26,-1,5,3,8,6,20,23,32,NULL,21,16,7,11,6,7,20,15,NULL,18,13,17,20,28,14,15,NULL,110,Complete,Final,2023-12-12
292135,292,S2,ARCADIA RIDGE 45' LOT,12916 MILMAR DRIVE,2025-12-18,2026-01-05,2026-01-05,2026-01-12,2026-01-15,NULL,NULL,NULL,NULL,NULL,2026-01-05,2026-01-18,2026-01-11,2026-01-18,2026-04-26,2026-05-13,2026-06-10,2026-06-27,2027-02-20,18,0,7,3,NULL,NULL,NULL,NULL,NULL,18,20,13,10,6,7,6,17,15,12,17,17,28,30,17,16,238,96,Sheetrock,Mechanical,2026-01-15
301070,301,D3,NORTH SKY CELINA 65' LOT,305 BARN SWALLOW DRIVE,2025-06-19,2025-07-02,2025-07-14,2025-07-18,2025-08-04,2025-08-13,2025-08-25,2025-09-11,2025-09-30,NULL,2025-07-01,2025-07-12,2025-07-17,2025-07-30,2025-08-19,2025-08-25,2025-09-09,2025-09-30,2026-04-26,13,12,4,17,9,12,17,19,NULL,NULL,12,NULL,10,NULL,3,12,13,15,13,12,20,15,29,13,21,56,92,Complete,Final,2025-09-30
301076,301,D3,NORTH SKY CELINA 65' LOT,501 BARN SWALLOW DRIVE,2025-04-15,2025-04-28,2025-05-14,2025-05-19,2025-05-20,2025-06-25,2025-06-30,2025-07-18,2025-08-01,NULL,2025-04-27,2025-05-08,2025-05-17,2025-05-31,2025-06-04,2025-07-07,2025-07-15,2025-08-01,2026-04-26,13,16,5,1,36,5,18,14,NULL,NULL,12,NULL,10,NULL,3,12,13,15,13,12,20,15,29,13,21,56,92,Complete,Final,2025-08-01
306103,306,S2,VERANDA SA 40' LOT,2219 GABBY COLE LANE (M),2023-09-29,2023-10-04,2023-10-07,2023-10-13,2023-10-27,2023-11-01,2023-11-14,2023-12-05,2023-12-12,NULL,2023-10-19,2023-10-14,2023-10-14,2023-10-30,2023-11-08,2023-11-18,2024-01-22,2023-12-12,2026-04-26,5,3,6,14,5,13,21,7,NULL,NULL,20,NULL,10,NULL,7,NULL,17,NULL,12,NULL,17,69,30,14,16,NULL,96,Complete,Final,2023-12-12
309046,309,S2,ARCADIA RIDGE 50' LOT,12720 MACAR MANOR,2025-11-20,2025-12-03,NULL,2025-12-15,2025-12-31,2026-01-16,2026-01-28,NULL,NULL,NULL,2025-12-10,2025-12-13,2025-12-20,2025-12-31,2026-01-16,2026-01-27,2026-04-26,2026-06-15,2026-09-19,13,NULL,NULL,16,16,12,NULL,NULL,NULL,NULL,20,NULL,10,NULL,7,16,17,16,12,11,17,24,30,50,16,NULL,96,Interior,Trim,2026-01-28
313080,313,A1,NOLINA 60' LOT,506 WATERSHIELD COVE,2025-10-22,2025-11-06,2025-11-13,2025-11-18,2025-12-01,2025-12-08,2026-01-09,NULL,NULL,NULL,2025-10-31,2025-11-17,2025-11-19,2025-12-04,2025-12-07,2026-01-02,2026-04-26,2026-05-07,2026-10-17,15,7,5,13,7,32,NULL,NULL,NULL,9,15,11,9,6,6,16,15,6,13,25,17,NULL,39,NULL,11,163,96,Interior,Trim,2026-01-09
324073,324,S3,LEGACY AT LAKE DUNLAP 40' LOT,228 ALPINE LAKES,2025-10-16,2025-10-28,2025-11-03,2025-11-10,2025-11-21,2025-12-05,2025-12-17,2026-01-16,NULL,NULL,2025-10-30,2025-11-09,2025-11-10,2025-11-25,2025-12-03,2025-12-20,2026-01-16,2026-04-26,2026-08-02,12,6,7,11,14,12,30,NULL,NULL,NULL,14,NULL,12,NULL,7,NULL,15,NULL,12,NULL,15,30,23,NULL,12,NULL,98,Final,Interior,2026-01-16
582172,582,H5,BRIDGELAND 55' LOT,10702 MONARCH BUTTERFLY DRIVE (M),2021-12-16,2022-01-06,2022-01-28,2022-02-02,2022-02-28,2022-03-08,2022-03-15,2022-04-21,2022-05-09,NULL,2021-12-24,2022-01-25,2022-02-02,2022-02-11,2022-03-12,2022-03-22,2022-04-10,2022-05-09,2026-04-26,21,22,5,26,8,7,37,18,NULL,8,9,19,15,NULL,5,9,16,12,12,14,17,26,18,13,10,106,76,Complete,Final,2022-05-09
605394,605,S1,KALLISON RANCH 50' LOT (A),9718 ROSETTE PLACE (M),2022-11-04,2022-12-12,2023-01-05,2023-01-05,2023-01-19,2023-02-06,2023-02-23,2023-04-05,2023-04-18,NULL,2022-11-16,2022-12-20,2023-01-14,2023-01-16,2023-02-01,2023-02-20,2023-03-29,2023-04-18,2026-04-26,38,24,0,14,18,17,41,13,NULL,12,16,8,11,9,7,11,15,13,18,14,17,34,28,10,15,40,110,Complete,Final,2023-04-18
605418,605,S1,KALLISON RANCH 50' LOT (A),14412 COWBOY RIG,2025-10-09,2025-10-21,2025-10-30,2025-11-05,2025-11-13,2025-11-25,2025-12-12,2026-01-12,2026-01-16,NULL,2025-10-21,2025-10-29,2025-11-08,2025-11-16,2025-11-26,2025-12-09,2026-01-15,2026-01-16,2026-04-26,12,9,6,8,12,17,31,4,NULL,12,16,8,11,9,7,11,15,13,18,14,17,34,28,10,15,40,110,Complete,Final,2026-01-16
605500,605,S1,KALLISON RANCH 50' LOT (A),10131 SUMLIN COURT,2025-12-29,2026-01-09,2026-01-20,2026-01-26,NULL,NULL,NULL,NULL,NULL,NULL,2026-01-10,2026-01-17,2026-01-29,2026-04-26,2026-05-09,2026-05-23,2026-06-26,2026-07-06,2026-08-15,11,11,6,NULL,NULL,NULL,NULL,NULL,NULL,12,16,8,11,9,7,11,15,13,18,14,17,34,28,10,15,40,110,Mechanicals,Cornice,2026-01-26
612130,612,H1,MERIDIANA 70' LOT,5207 ELK MEADOWS LANE,2025-07-10,2025-07-21,2025-08-13,2025-08-22,2025-09-03,2025-09-16,2025-09-30,2025-10-13,2025-10-22,NULL,2025-07-23,2025-08-15,2025-08-21,2025-09-04,2025-09-15,2025-10-05,2025-11-10,2025-10-22,2026-04-26,11,23,9,12,13,14,13,9,NULL,13,11,25,19,8,8,13,11,NULL,12,NULL,19,NULL,41,NULL,10,NULL,88,Complete,Final,2025-10-22
625226,625,H5,ELYSON 55' LOT,7302 PRAIRIE LAKESHORE LANE (M),2023-08-24,2023-08-30,2023-09-15,2023-09-19,2023-10-04,2023-10-09,2023-11-13,2023-12-19,2024-01-17,NULL,2023-08-31,2023-09-12,2023-09-22,2023-09-28,2023-10-13,2023-10-26,2023-12-01,2024-01-17,2026-04-26,6,16,4,15,5,35,36,29,NULL,7,9,13,15,7,5,9,16,9,12,NULL,17,NULL,18,5,10,78,76,Complete,Final,2024-01-17
666198,666,D2,DEVONSHIRE 50' LOT,1107 BARNMEADOW LANE,2025-11-04,2025-11-17,2025-12-01,2025-12-03,2025-12-11,2025-12-23,2026-01-05,2026-01-22,NULL,NULL,2025-11-16,2025-11-27,2025-12-05,2025-12-17,2025-12-23,2026-01-02,2026-01-22,2026-04-26,2026-06-14,13,14,2,8,12,13,17,NULL,NULL,NULL,12,NULL,10,NULL,4,NULL,14,12,12,10,11,17,17,20,18,49,88,Final,Interior,2026-01-22
684159,684,S1,LADERA 50' LOT,3006 VISTABLUE LANE,2025-07-31,2025-08-27,2025-09-09,2025-09-11,2025-10-10,2025-10-20,2025-11-19,2025-12-03,2025-12-26,NULL,2025-08-16,2025-09-07,2025-09-20,2025-10-04,2025-10-28,2025-11-03,2025-12-13,2025-12-26,2026-09-29,27,13,2,29,10,30,14,23,NULL,NULL,16,NULL,11,11,7,23,15,NULL,18,14,17,24,28,23,15,277,110,Complete,Final,2025-12-26
694008,694,H1,RICELAND 60' LOT,12214 GRASSY BEND DRIVE,2025-07-22,2025-07-31,2025-08-18,2025-08-25,2025-09-15,2025-09-16,2025-09-24,2025-11-05,2025-11-17,NULL,2025-08-04,2025-08-18,2025-08-27,2025-09-06,2025-09-28,2025-10-05,2025-10-13,2025-11-17,2026-04-26,9,18,7,21,1,8,42,12,NULL,13,11,18,19,9,8,12,11,13,12,NULL,19,19,41,7,10,90,88,Complete,Final,2025-11-17
710112,710,S3,HOMESTEAD 65' LOT,3194 BEE HILL (C),2023-08-11,2023-09-06,2023-09-08,2023-09-13,2023-10-10,2023-10-16,NULL,NULL,NULL,NULL,2023-08-25,2023-09-18,2023-09-15,2023-10-20,2023-10-26,2026-04-26,2026-05-19,2026-06-02,2026-11-09,26,2,5,27,6,NULL,NULL,NULL,NULL,NULL,14,NULL,12,NULL,7,37,15,16,12,NULL,15,NULL,23,14,12,160,98,Trim,Sheetrock,2023-10-16
710113,710,S3,HOMESTEAD 65' LOT,4932 CHILDRESS LANE (M),2023-08-07,2023-08-10,2023-08-15,2023-08-17,2023-08-30,2023-09-05,2023-09-18,2023-10-09,2023-10-13,NULL,2023-08-21,2023-08-22,2023-08-22,2023-09-23,2023-09-15,2023-09-20,2023-10-11,2023-10-13,2026-04-26,3,5,2,13,6,13,21,4,NULL,NULL,14,NULL,12,NULL,7,37,15,16,12,NULL,15,NULL,23,14,12,160,98,Complete,Final,2023-10-13
734091,734,S1,LADERA 40' LOT,2455 TINKERTON,2025-10-30,2025-11-20,2025-11-24,2025-12-02,2025-12-24,2026-01-08,2026-01-22,NULL,NULL,NULL,2025-12-02,2025-11-30,2025-11-30,2025-12-24,2026-01-08,2026-01-22,2026-04-26,2026-05-11,2026-08-29,21,4,8,22,15,14,NULL,NULL,NULL,33,16,10,11,6,7,22,15,15,18,14,17,27,28,NULL,15,NULL,110,Interior,Trim,2026-01-22
737067,737,A3,LA CIMA 60' LOT,127 PUPPY DOG PASS,2026-01-13,NULL,NULL,NULL,NULL,NULL,NULL,NULL,NULL,NULL,2026-04-26,2026-05-05,2026-05-10,2026-05-31,2026-06-13,2026-06-27,2026-07-24,2026-08-18,2026-10-21,NULL,NULL,NULL,NULL,NULL,NULL,NULL,NULL,NULL,29,17,NULL,9,NULL,5,NULL,21,NULL,13,NULL,14,27,37,25,12,NULL,64,Foundation,Released,2026-01-13
131078,131,H5,MARVIDA 55' LOT,21018 ARENA COVE DRIVE,2025-05-27,2025-06-10,2025-06-24,2025-06-27,2025-07-11,2025-07-21,2025-08-12,2025-08-21,2025-09-04,NULL,2025-06-05,2025-06-25,2025-06-29,2025-07-13,2025-07-23,2025-08-07,2025-08-26,2025-09-04,2026-04-26,14,14,3,14,10,22,9,14,NULL,NULL,9,NULL,15,NULL,5,NULL,16,NULL,12,NULL,17,14,18,15,10,53,76,Complete,Final,2025-09-04
152248,152,S1,ALSATIAN OAKS 50' LOT,237 WHITE OAK (C),2024-04-24,2024-05-02,2024-05-09,2024-05-16,2024-05-24,2024-05-29,NULL,NULL,NULL,NULL,2024-05-06,2024-05-11,2024-05-15,2024-05-30,2024-06-11,2026-04-26,2026-05-23,2026-05-28,2026-10-31,8,7,7,8,5,NULL,NULL,NULL,NULL,12,16,9,11,6,7,14,15,NULL,18,NULL,17,27,28,5,15,156,110,Trim,Sheetrock,2024-05-29
198268,198,D3,FIELDS 50' LOT,13831 LAFERTY STREET,2026-01-26,NULL,NULL,NULL,NULL,NULL,NULL,NULL,NULL,NULL,2026-04-26,2026-05-06,2026-05-09,2026-05-22,2026-06-04,2026-07-02,2026-07-23,2026-08-13,2026-11-13,NULL,NULL,NULL,NULL,NULL,NULL,NULL,NULL,NULL,NULL,12,NULL,10,NULL,3,NULL,13,NULL,13,28,20,21,29,NULL,21,NULL,92,Foundation,Released,2026-01-26
20007.0171,722,A1,LARIAT 45' LOT,716 LARIAT LOOP,2025-09-30,2025-10-08,2025-10-16,2025-10-21,2025-11-01,2025-11-13,2025-11-24,2026-01-12,2026-01-16,NULL,2025-10-15,2025-10-17,2025-10-24,2025-11-11,2025-11-13,2025-11-30,2026-01-06,2026-01-16,2026-04-22,8,8,5,11,12,11,49,4,NULL,NULL,15,NULL,9,8,6,21,15,12,13,NULL,17,43,39,5,11,NULL,96,Complete,Final,2026-01-16
20007.0176,722,A1,LARIAT 45' LOT,117 TOP VIEW DRIVE,2025-09-30,2025-10-08,2025-10-17,2025-10-21,2025-11-01,2025-11-08,2025-11-20,2026-01-06,2026-01-09,NULL,2025-10-15,2025-10-17,2025-10-25,2025-11-11,2025-11-13,2025-11-25,2026-01-02,2026-01-09,2026-04-26,8,9,4,11,7,12,47,3,NULL,NULL,15,NULL,9,8,6,21,15,12,13,NULL,17,43,39,5,11,NULL,96,Complete,Final,2026-01-09
20007.0188,722,A1,LARIAT 45' LOT,908 LARIAT LOOP,2025-11-18,2025-12-02,2025-12-09,2025-12-12,2026-01-06,2026-01-20,NULL,NULL,NULL,NULL,2025-12-03,2025-12-11,2025-12-17,2026-01-02,2026-01-18,2026-04-26,2026-06-08,2026-06-13,2026-09-17,14,7,3,25,14,NULL,NULL,NULL,NULL,NULL,15,NULL,9,8,6,21,15,12,13,NULL,17,43,39,5,11,NULL,96,Trim,Sheetrock,2026-01-20
20007.0236,20007.60,A1,LARIAT 60' LOT,241 SHEEPDOG DRIVE,2026-01-29,NULL,NULL,NULL,NULL,NULL,NULL,NULL,NULL,NULL,2026-04-26,2026-05-05,2026-05-13,2026-05-23,2026-06-13,2026-07-01,2026-08-13,2026-08-24,2026-12-14,NULL,NULL,NULL,NULL,NULL,NULL,NULL,NULL,NULL,NULL,15,NULL,9,8,6,10,15,21,13,18,17,43,39,NULL,11,112,96,Foundation,Released,2026-01-29
20009.0137,762,A1,PALMERA RIDGE 60' LOT,1649 HOSANNA GRANDE WAY,2025-07-03,2025-08-05,2025-08-14,2025-08-22,2025-09-19,2025-09-30,2025-10-10,2025-11-13,2025-11-25,NULL,2025-07-18,2025-08-14,2025-08-20,2025-09-06,2025-10-02,2025-10-17,2025-11-18,2025-11-25,2026-04-24,33,9,8,28,11,10,34,12,NULL,NULL,15,NULL,9,NULL,6,NULL,15,NULL,13,NULL,17,NULL,39,NULL,11,150,96,Complete,Final,2025-11-25
20010.0331,783,A2,PARKSIDE ON THE RIVER 50' LOT,1124 PANSY TRAIL,2025-11-10,2025-11-19,2025-11-28,2025-12-03,2025-12-18,2025-12-23,2026-01-07,NULL,NULL,NULL,2025-12-07,2025-11-30,2025-12-09,2025-12-18,2025-12-26,2026-01-05,2026-04-26,2026-05-10,2026-10-04,9,9,5,15,5,15,NULL,NULL,NULL,NULL,27,NULL,11,11,6,15,18,8,10,13,16,42,33,14,16,147,120,Interior,Trim,2026-01-07
20013.0531,741,A1,SANTA RITA RANCH 40' LOT,240 MENLO BEND,2024-12-19,2025-01-11,2025-01-16,2025-01-23,2025-02-03,2025-02-10,2025-02-28,2025-03-18,2025-03-21,NULL,2025-01-03,2025-01-17,2025-01-22,2025-02-09,2025-02-10,2025-02-27,2025-03-30,2025-03-21,2026-04-26,23,5,7,11,7,18,18,3,NULL,15,15,6,9,6,6,17,15,7,13,NULL,17,30,39,18,11,21,96,Complete,Final,2025-03-21
20013.0571,746,A1,SANTA RITA RANCH 90' LOT,264 JATES FIELD BEND,2025-12-01,2025-12-11,2025-12-26,2025-12-30,2026-01-14,2026-01-28,NULL,NULL,NULL,NULL,2025-12-21,2025-12-23,2025-12-31,2026-01-14,2026-01-25,2026-04-26,2026-06-20,2026-07-07,2026-09-01,10,15,4,15,14,NULL,NULL,NULL,NULL,20,15,12,9,5,6,15,15,11,13,22,17,55,39,17,11,56,96,Trim,Sheetrock,2026-01-28
20013.0653,687,A1,SANTA RITA RANCH 50' LOT,200 MONTECIDO DRIVE,2026-01-29,NULL,NULL,NULL,NULL,NULL,NULL,NULL,NULL,NULL,2026-04-26,2026-05-04,2026-05-10,2026-05-25,2026-06-05,2026-06-26,2026-07-20,2026-08-03,2027-01-16,NULL,NULL,NULL,NULL,NULL,NULL,NULL,NULL,NULL,17,15,8,9,NULL,6,NULL,15,11,13,21,17,24,39,14,11,166,96,Foundation,Released,2026-01-29
20013.0660,248,A1,SANTA RITA RANCH 45' LOT,100 COVERED BRIDGE TRAIL,2025-12-30,2026-01-14,2026-01-19,2026-01-23,NULL,NULL,NULL,NULL,NULL,NULL,2026-01-11,2026-01-22,2026-01-24,2026-04-26,2026-05-09,2026-05-26,2026-07-04,2026-07-15,2026-10-19,15,5,4,NULL,NULL,NULL,NULL,NULL,NULL,12,15,8,9,5,6,NULL,15,NULL,13,NULL,17,NULL,39,NULL,11,NULL,96,Mechanicals,Cornice,2026-01-23
20013.0664,248,A1,SANTA RITA RANCH 45' LOT,361 BLUE SUMMIT BEND,2025-12-31,2026-01-14,2026-01-22,NULL,NULL,NULL,NULL,NULL,NULL,NULL,2026-01-12,2026-01-22,2026-04-26,2026-05-11,2026-05-24,2026-06-10,2026-07-19,2026-07-30,2026-11-03,14,8,NULL,NULL,NULL,NULL,NULL,NULL,NULL,12,15,8,9,5,6,NULL,15,NULL,13,NULL,17,NULL,39,NULL,11,NULL,96,Cornice,Frame,2026-01-22
20016.0269,20016.56,A2,WOLF RANCH 56' LOT,812 HIGH SUMMIT DRIVE,2025-12-19,2026-01-08,2026-01-14,2026-01-20,NULL,NULL,NULL,NULL,NULL,NULL,2026-01-11,2026-01-17,2026-01-20,2026-04-26,2026-05-06,2026-05-22,2026-06-15,2026-06-25,2026-09-20,20,6,6,NULL,NULL,NULL,NULL,NULL,NULL,23,27,9,11,6,6,23,18,NULL,10,NULL,16,24,33,10,16,87,120,Mechanicals,Cornice,2026-01-20
20016.0279,20016.56,A2,WOLF RANCH 56' LOT,513 SUNDANCE RIDGE,2025-07-10,2025-08-07,2025-08-19,2025-08-25,2025-09-30,2025-10-14,2025-10-27,2025-12-09,2025-12-22,NULL,2025-08-02,2025-08-16,2025-08-25,2025-09-17,2025-10-10,2025-10-30,2025-11-20,2025-12-22,2026-04-26,28,12,6,36,14,13,43,13,NULL,23,27,9,11,6,6,23,18,NULL,10,NULL,16,24,33,10,16,87,120,Complete,Final,2025-12-22
20024.0309,767,A3,EASTON PARK 60' LOT,9009 NILGAI DRIVE,2025-11-18,2025-12-04,2025-12-11,2025-12-22,2026-01-16,NULL,NULL,NULL,NULL,NULL,2025-12-09,2025-12-14,2025-12-20,2026-01-16,2026-04-26,2026-05-10,2026-06-16,2026-06-28,2026-08-23,16,7,11,25,NULL,NULL,NULL,NULL,NULL,21,17,10,9,9,5,25,21,13,13,NULL,14,NULL,37,NULL,12,56,64,Sheetrock,Mechanical,2026-01-16
20024.0330,20024.40,A3,EASTON PARK 40' LOT,7005 WOODFORD WAY,2025-11-04,2025-11-12,2025-11-19,2025-11-25,2025-12-22,2026-01-07,2026-01-14,NULL,NULL,NULL,2025-11-14,2025-11-20,2025-11-24,2025-12-20,2026-01-05,2026-01-18,2026-04-26,2026-05-09,2026-07-17,8,7,6,27,16,7,NULL,NULL,NULL,10,17,8,9,5,5,25,21,14,13,11,14,15,37,13,12,69,64,Interior,Trim,2026-01-14
20026.0282,123,A3,6 CREEKS 45' LOT,196 BASKET FLOWER LOOP,2025-11-12,2025-11-21,2025-11-29,2025-12-02,2026-01-02,2026-01-13,NULL,NULL,NULL,NULL,2025-11-29,2025-11-30,2025-12-04,2026-01-02,2026-01-13,2026-04-26,2026-05-15,2026-05-17,2026-10-05,9,8,3,31,11,NULL,NULL,NULL,NULL,NULL,17,NULL,9,NULL,5,31,21,11,13,NULL,14,19,37,2,12,141,64,Trim,Sheetrock,2026-01-13
20031.0159,779,D4,M3 RANCH 50' LOT,724 RUNNING IRON TRAIL,2025-12-16,2026-01-02,2026-01-13,2026-01-20,2026-01-27,NULL,NULL,NULL,NULL,NULL,2025-12-29,2026-01-13,2026-01-20,2026-01-27,2026-04-26,2026-05-04,2026-05-18,2026-05-27,2026-06-15,17,11,7,7,NULL,NULL,NULL,NULL,NULL,13,14,11,13,7,5,7,17,18,13,8,12,14,24,9,40,19,39,Sheetrock,Mechanical,2026-01-27
20031.0166,779,D4,M3 RANCH 50' LOT,719 RUNNING IRON TRAIL,2026-01-23,NULL,NULL,NULL,NULL,NULL,NULL,NULL,NULL,NULL,2026-04-26,2026-05-07,2026-05-14,2026-05-21,2026-06-08,2026-06-16,2026-06-30,2026-07-09,2026-07-28,NULL,NULL,NULL,NULL,NULL,NULL,NULL,NULL,NULL,13,14,11,13,7,5,7,17,18,13,8,12,14,24,9,40,19,39,Foundation,Released,2026-01-23
20088.0169,20088.65,D4,SWEETGRASS 65' LOT,770 MANDRAKE ROAD,2026-01-27,NULL,NULL,NULL,NULL,NULL,NULL,NULL,NULL,NULL,2026-04-26,2026-05-04,2026-05-10,2026-05-27,2026-06-09,2026-06-21,2026-07-15,2026-08-24,2026-10-02,NULL,NULL,NULL,NULL,NULL,NULL,NULL,NULL,NULL,8,14,8,13,6,5,NULL,17,NULL,13,NULL,12,NULL,24,NULL,40,NULL,39,Foundation,Released,2026-01-27
20096.0082,20096.65,F1,SOUTHERN HILLS 65' LOT,4376 SOUTHERN VALLEY LOOP,2025-05-30,2025-06-19,2025-08-12,NULL,2025-09-29,2025-10-07,NULL,2025-12-12,NULL,NULL,2025-06-14,2025-07-17,NULL,2025-10-24,2025-10-14,2025-10-29,2025-12-14,2026-04-26,2026-06-07,20,54,NULL,48,8,NULL,NULL,NULL,NULL,NULL,15,NULL,28,NULL,NULL,73,31,NULL,15,NULL,22,NULL,46,58,47,42,17,Final,Interior,2025-12-12
20096.0110,285,F1,SOUTHERN HILLS 80' LOT,19625 AUTUMN OAK LANE,2025-08-20,2025-09-08,2025-10-23,NULL,2025-11-25,2025-12-09,NULL,NULL,NULL,NULL,2025-09-13,2025-10-06,NULL,2025-11-23,2025-12-24,2026-04-26,2026-07-10,2026-08-09,2026-08-16,19,45,NULL,33,14,NULL,NULL,NULL,NULL,24,15,NULL,28,NULL,NULL,NULL,31,29,15,35,22,75,46,30,47,7,17,Trim,Sheetrock,2025-12-09
20108.1119,20108.601,H6,SIENNA 60' LOT,10107 STATELY CROWN COURT (M),2025-09-29,2025-09-29,2025-10-13,2025-10-16,2025-10-28,2025-11-10,2025-11-21,NULL,NULL,NULL,2025-10-09,2025-10-18,2025-10-18,2025-10-29,2025-11-06,2025-11-26,2026-04-26,2026-05-08,2026-07-05,0,14,3,12,13,11,NULL,NULL,NULL,10,10,19,14,5,4,NULL,13,NULL,9,NULL,16,NULL,20,NULL,12,NULL,58,Interior,Trim,2025-11-21
20124.0111,587,H1,RICELAND 70' LOT,12423 SUNCHASE DRIVE,2025-11-12,2025-12-15,2026-01-08,2026-01-21,2026-01-29,NULL,NULL,NULL,NULL,NULL,2025-11-25,2026-01-06,2026-01-19,2026-02-08,2026-04-26,2026-05-15,2026-06-25,2026-07-05,2026-10-01,33,24,13,8,NULL,NULL,NULL,NULL,NULL,13,11,22,19,11,8,18,11,14,12,NULL,19,NULL,41,NULL,10,NULL,88,Sheetrock,Mechanical,2026-01-29
20124.0185,587,H1,RICELAND 70' LOT,12331 SUNCHASE DRIVE,2025-12-17,2025-12-30,2026-01-21,2026-01-28,NULL,NULL,NULL,NULL,NULL,NULL,2025-12-30,2026-01-21,2026-02-01,2026-04-26,2026-05-10,2026-05-29,2026-07-09,2026-07-19,2026-10-15,13,22,7,NULL,NULL,NULL,NULL,NULL,NULL,13,11,22,19,11,8,18,11,14,12,NULL,19,NULL,41,NULL,10,NULL,88,Mechanicals,Cornice,2026-01-28
20132.0833,164,H1,MERIDIANA 60' LOT,6523 YELLOW ROSE COURT,2026-01-07,2026-01-15,NULL,NULL,NULL,NULL,NULL,NULL,NULL,NULL,2026-01-15,2026-04-26,2026-05-03,2026-05-12,2026-05-27,2026-06-15,2026-07-02,2026-07-13,2026-10-09,8,NULL,NULL,NULL,NULL,NULL,NULL,NULL,NULL,8,11,19,19,7,8,9,11,15,12,19,19,17,41,11,10,NULL,88,Frame,Foundation,2026-01-15
20132.0838,164,H1,MERIDIANA 60' LOT,6543 YELLOW ROSE COURT,2025-12-03,2025-12-17,2026-01-09,2026-01-16,2026-01-27,NULL,NULL,NULL,NULL,NULL,2025-12-11,2026-01-05,2026-01-16,2026-01-25,2026-04-26,2026-05-15,2026-06-01,2026-06-12,2026-09-08,14,23,7,11,NULL,NULL,NULL,NULL,NULL,8,11,19,19,7,8,9,11,15,12,19,19,17,41,11,10,NULL,88,Sheetrock,Mechanical,2026-01-27
20132.1033,164,H1,MERIDIANA 60' LOT,6435 KING RANCH LOOP,2025-11-03,2025-11-14,2025-11-26,2025-12-04,2025-12-15,2025-12-22,2026-01-19,NULL,NULL,NULL,2025-11-11,2025-12-03,2025-12-03,2025-12-13,2025-12-30,2026-01-10,2026-04-26,2026-05-07,2026-08-03,11,12,8,11,7,28,NULL,NULL,NULL,8,11,19,19,7,8,9,11,15,12,19,19,17,41,11,10,NULL,88,Interior,Trim,2026-01-19
20175.0047,20175.80,H5,JUBILEE 80' LOT,16618 BLISSFUL NIGHT STREET,2025-12-19,2026-01-05,NULL,NULL,NULL,NULL,NULL,NULL,NULL,NULL,2026-01-05,2026-04-26,2026-05-01,2026-05-17,2026-05-29,2026-06-15,2026-07-03,2026-07-13,2026-09-27,17,NULL,NULL,NULL,NULL,NULL,NULL,NULL,NULL,17,9,NULL,15,NULL,5,NULL,16,NULL,12,NULL,17,NULL,18,NULL,10,NULL,76,Frame,Foundation,2026-01-05
20178.0191,115,H2,ESCONDIDO 45' LOT,1514 SHELTERED LANE,2025-06-04,2025-06-11,2025-06-25,2025-06-27,2025-07-11,2025-07-23,2025-08-11,2025-10-08,2025-11-25,NULL,2025-06-16,2025-06-26,2025-06-28,2025-07-07,2025-07-22,2025-08-14,2025-08-28,2025-11-25,2026-04-26,7,14,2,14,12,19,58,48,NULL,12,9,15,17,3,3,10,12,NULL,11,22,17,17,16,12,25,29,54,Complete,Final,2025-11-25
20178.0220,20178.80,H2,ESCONDIDO 80' LOT,1410 SWAYZE STREET,2026-01-29,NULL,NULL,NULL,NULL,NULL,NULL,NULL,NULL,NULL,2026-04-26,2026-05-14,2026-05-15,2026-06-01,2026-06-12,2026-07-04,2026-07-20,2026-08-14,2026-12-05,NULL,NULL,NULL,NULL,NULL,NULL,NULL,NULL,NULL,NULL,9,18,17,1,3,17,12,11,11,22,17,NULL,16,NULL,25,113,54,Foundation,Released,2026-01-29
20181.1007,582,H5,BRIDGELAND 55' LOT,10718 RATTLEBOX COURT,2025-09-08,2025-09-12,2025-09-24,2025-09-30,2025-10-14,2025-10-27,2025-11-10,2025-12-01,2025-12-29,NULL,2025-09-16,2025-10-01,2025-09-29,2025-10-09,2025-10-26,2025-11-10,2025-12-06,2025-12-29,2026-04-26,4,12,6,14,13,14,21,28,NULL,8,9,19,15,NULL,5,9,16,12,12,14,17,26,18,13,10,106,76,Complete,Final,2025-12-29
20181.1032,243,H5,BRIDGELAND 80' LOT,10818 ROSARY PEA LANE,2025-11-11,2025-11-19,2025-12-11,2025-12-18,2026-01-08,2026-01-20,NULL,NULL,NULL,NULL,2025-11-20,2025-12-29,2025-12-18,2026-01-05,2026-01-21,2026-04-26,2026-05-14,2026-05-24,2026-08-07,8,22,7,21,12,NULL,NULL,NULL,NULL,NULL,9,40,15,7,5,18,16,13,12,NULL,17,NULL,18,NULL,10,75,76,Trim,Sheetrock,2026-01-20
20181.1035,243,H5,BRIDGELAND 80' LOT,22619 CASSIUS BLUE DRIVE,2025-11-11,2025-11-19,2025-12-29,2026-01-05,2026-01-16,NULL,NULL,NULL,NULL,NULL,2025-11-20,2025-12-29,2026-01-05,2026-01-23,2026-04-26,2026-05-13,2026-05-31,2026-06-10,2026-08-24,8,40,7,11,NULL,NULL,NULL,NULL,NULL,NULL,9,40,15,7,5,18,16,13,12,NULL,17,NULL,18,NULL,10,75,76,Sheetrock,Mechanical,2026-01-16
20195.0148,333,H5,THE GRAND PRAIRIE 50' LOT,27410 ROLLING BLUESTEM LANE,2025-12-08,2025-12-16,2025-12-30,2026-01-05,2026-01-15,2026-01-26,NULL,NULL,NULL,NULL,2025-12-17,2025-12-30,2026-01-05,2026-01-30,2026-01-28,2026-04-26,2026-05-17,2026-06-03,2026-08-18,8,14,6,10,11,NULL,NULL,NULL,NULL,NULL,9,14,15,6,5,25,16,13,12,15,17,21,18,17,10,NULL,76,Trim,Sheetrock,2026-01-26
20215.0375,735,H4,ARTAVIA 50' LOT,16558 MANDORA LANE,2025-10-23,2025-10-30,2025-11-12,2025-11-14,2025-11-21,2025-12-01,2025-12-30,2026-01-14,2026-01-22,NULL,2025-11-01,2025-11-11,2025-11-15,2025-11-23,2025-12-01,2025-12-30,2026-01-13,2026-01-22,2026-04-26,7,13,2,7,10,29,15,8,NULL,NULL,9,NULL,12,NULL,3,NULL,9,NULL,10,29,15,14,17,8,13,94,97,Complete,Final,2026-01-22
20218.0073,233,H4,EVERGREEN 50' LOT,15939 MAHOGANY MIST DRIVE,2025-08-21,2025-08-30,2025-09-03,2025-09-04,2025-09-16,2025-09-23,2025-10-08,2025-10-17,2025-10-24,NULL,2025-08-27,2025-09-10,2025-09-07,2025-09-12,2025-09-22,2025-10-08,2025-10-25,2025-10-24,2026-04-26,9,4,1,12,7,15,9,7,NULL,6,9,11,12,4,3,8,9,6,10,NULL,15,NULL,17,NULL,13,63,97,Complete,Final,2025-10-24
20233.0528,179,H3,JORDAN RANCH 40' LOT,31022 STAR GAZER ROAD,2025-11-06,2025-11-13,2025-12-03,2025-12-05,2025-12-15,2025-12-16,2026-01-13,NULL,NULL,NULL,2025-11-15,2025-11-28,2025-12-07,2025-12-15,2025-12-21,2026-01-05,2026-04-26,2026-05-10,2026-05-28,7,20,2,10,1,28,NULL,NULL,NULL,9,9,15,15,4,5,10,12,6,9,20,16,8,23,14,12,18,81,Interior,Trim,2026-01-13
20233.0550,657,H3,JORDAN RANCH 65' LOT,31707 BLUEBELL AVENUE,2025-11-24,2025-12-07,2025-12-22,2025-12-26,2026-01-08,2026-01-21,NULL,NULL,NULL,NULL,2025-12-08,2025-12-22,2025-12-30,2026-01-05,2026-01-25,2026-04-26,2026-05-15,2026-05-30,2026-06-13,13,15,4,13,13,NULL,NULL,NULL,NULL,14,9,15,15,8,5,10,12,17,9,13,16,19,23,15,12,14,81,Trim,Sheetrock,2026-01-21
20233.0562,657,H3,JORDAN RANCH 65' LOT,31638 ROSEMARY ROAD,2025-10-14,2025-10-25,2025-11-20,2025-12-01,2025-12-16,2026-01-08,2026-01-21,NULL,NULL,NULL,2025-10-28,2025-11-09,2025-11-28,2025-12-11,2026-01-02,2026-01-21,2026-04-26,2026-05-11,2026-05-25,11,26,11,15,23,13,NULL,NULL,NULL,14,9,15,15,8,5,10,12,17,9,13,16,19,23,15,12,14,81,Interior,Trim,2026-01-21
20233.0588,617,H3,JORDAN RANCH 50' LOT,31515 MEADOW PLACE LANE,2025-12-08,2025-12-19,2026-01-05,2026-01-07,2026-01-17,2026-01-26,NULL,NULL,NULL,NULL,2025-12-19,2026-01-05,2026-01-10,2026-01-21,2026-01-27,2026-04-26,2026-05-19,2026-05-31,2026-08-20,11,17,2,10,9,NULL,NULL,NULL,NULL,11,9,17,15,5,5,14,12,10,9,NULL,16,NULL,23,NULL,12,NULL,81,Trim,Sheetrock,2026-01-26
20233.0592,617,H3,JORDAN RANCH 50' LOT,31538 MEADOW PLACE LANE,2025-12-02,2025-12-12,2025-12-23,2025-12-30,2026-01-13,2026-01-22,NULL,NULL,NULL,NULL,2025-12-13,2025-12-29,2025-12-28,2026-01-13,2026-01-23,2026-04-26,2026-05-19,2026-05-31,2026-08-20,10,11,7,14,9,NULL,NULL,NULL,NULL,11,9,17,15,5,5,14,12,10,9,NULL,16,NULL,23,NULL,12,NULL,81,Trim,Sheetrock,2026-01-22
20237.0092,225,H5,KATY COURT 70' LOT,3807 DESERT WILLOW WAY,2026-01-02,2026-01-09,2026-01-28,NULL,NULL,NULL,NULL,NULL,NULL,NULL,2026-01-12,2026-01-25,2026-04-26,2026-05-06,2026-05-17,2026-06-14,2026-06-27,2026-07-07,2026-12-05,7,19,NULL,NULL,NULL,NULL,NULL,NULL,NULL,10,9,16,15,5,5,10,16,11,12,28,17,13,18,NULL,10,151,76,Cornice,Frame,2026-01-28
20237.0095,225,H5,KATY COURT 70' LOT,3810 DESERT WILLOW WAY,2026-01-22,NULL,NULL,NULL,NULL,NULL,NULL,NULL,NULL,NULL,2026-04-26,2026-05-12,2026-05-17,2026-05-27,2026-06-07,2026-07-05,2026-07-18,2026-07-28,2026-12-26,NULL,NULL,NULL,NULL,NULL,NULL,NULL,NULL,NULL,10,9,16,15,5,5,10,16,11,12,28,17,13,18,NULL,10,151,76,Foundation,Released,2026-01-22
20238.0740,730,H5,ELYSON 45' LOT,7427 FRASER PEAK DRIVE,2025-12-29,2026-01-07,2026-01-22,NULL,NULL,NULL,NULL,NULL,NULL,NULL,2026-01-07,2026-01-18,2026-04-26,2026-05-12,2026-05-23,2026-06-06,2026-06-23,2026-06-26,2026-07-15,9,15,NULL,NULL,NULL,NULL,NULL,NULL,NULL,9,9,11,15,3,5,16,16,11,12,14,17,17,18,3,10,19,76,Cornice,Frame,2026-01-22
20238.0818,159,H5,ELYSON 70' LOT,7103 QUAKER MEADOWS DRIVE,2025-10-15,2025-10-23,2025-11-19,2025-11-21,2025-12-11,2025-12-22,2026-01-06,NULL,NULL,NULL,2025-10-23,2025-11-05,2025-11-25,2025-12-11,2025-12-25,2026-01-08,2026-04-26,2026-05-06,2026-08-09,8,27,2,20,11,15,NULL,NULL,NULL,8,9,13,15,6,5,20,16,14,12,17,17,14,18,NULL,10,95,76,Interior,Trim,2026-01-06
20252.0497,20252.601,H6,STONECREEK ESTATES 60' LOT (B),2234 ALABASTER ESTATE DRIVE,2026-01-13,2026-01-23,NULL,NULL,NULL,NULL,NULL,NULL,NULL,NULL,2026-01-23,2026-04-26,2026-04-30,2026-05-16,2026-05-25,2026-06-11,2026-06-24,2026-07-08,2026-07-22,10,NULL,NULL,NULL,NULL,NULL,NULL,NULL,NULL,10,10,21,14,4,4,16,13,9,9,17,16,13,20,14,12,14,58,Frame,Foundation,2026-01-23
20252.0541,20252.601,H6,STONECREEK ESTATES 60' LOT (B),5606 VIOLET RIDGE DRIVE,2025-09-22,2025-10-01,2025-11-11,2025-11-17,2025-12-02,2025-12-11,2025-12-26,2026-01-08,2026-01-20,NULL,2025-10-02,2025-10-22,2025-11-15,2025-12-03,2025-12-11,2025-12-28,2026-01-08,2026-01-20,2026-04-26,9,41,6,15,9,15,13,12,NULL,10,10,21,14,4,4,16,13,9,9,17,16,13,20,14,12,14,58,Complete,Final,2026-01-20
20265.0235,226,H3,CROSS CREEK WEST 45' LOT,30918 RADKE ESTATES DRIVE,2025-11-25,2025-12-05,2025-12-11,2025-12-15,2025-12-24,2025-12-30,2026-01-28,NULL,NULL,NULL,2025-12-03,2025-12-12,2025-12-16,2025-12-23,2025-12-31,2026-01-21,2026-04-26,2026-05-05,2026-06-07,10,6,4,9,6,29,NULL,NULL,NULL,8,9,7,15,5,5,8,12,7,9,22,16,13,23,9,12,33,81,Interior,Trim,2026-01-28
20267.0410,774,H3,CANDELA 60' LOT,26719 COPERNICUS COVE COURT,2025-11-21,2025-12-01,2025-12-11,2025-12-17,2025-12-30,2026-01-12,NULL,NULL,NULL,NULL,2025-11-26,2025-12-18,2025-12-18,2025-12-26,2026-01-11,2026-04-26,2026-05-12,2026-05-20,2026-08-09,10,10,6,13,13,NULL,NULL,NULL,NULL,5,9,17,15,7,5,9,12,12,9,15,16,16,23,8,12,NULL,81,Trim,Sheetrock,2026-01-12
20267.0428,774,H3,CANDELA 60' LOT,26810 BEACON LODGE LANE,2025-11-06,2025-11-17,2025-12-02,2025-12-05,2025-12-15,2025-12-26,2026-01-12,2026-01-28,NULL,NULL,2025-11-11,2025-12-04,2025-12-09,2025-12-14,2025-12-27,2026-01-10,2026-01-28,2026-04-26,2026-07-16,11,15,3,10,11,17,16,NULL,NULL,5,9,17,15,7,5,9,12,12,9,15,16,16,23,8,12,NULL,81,Final,Interior,2026-01-28
20267.0541,772,H3,CANDELA 40' LOT,26822 CHANDRILA VISTA COURT,2025-09-02,2025-09-09,2025-09-16,2025-09-18,2025-09-27,2025-10-03,2025-10-15,NULL,NULL,NULL,2025-09-10,2025-09-23,2025-09-21,2025-10-01,2025-10-05,2025-10-19,2026-04-26,2026-05-08,2026-08-21,7,7,2,9,6,12,NULL,NULL,NULL,8,9,14,15,5,5,13,12,8,9,NULL,16,NULL,23,NULL,12,105,81,Interior,Trim,2025-10-15
20267.0599,774,H3,CANDELA 60' LOT,27011 BAILEY BLOSSOM COURT,2025-12-18,2025-12-23,2026-01-07,2026-01-14,2026-01-24,NULL,NULL,NULL,NULL,NULL,2025-12-23,2026-01-09,2026-01-14,2026-01-23,2026-04-26,2026-05-11,2026-05-27,2026-06-04,2026-08-24,5,15,7,10,NULL,NULL,NULL,NULL,NULL,5,9,17,15,7,5,9,12,12,9,15,16,16,23,8,12,NULL,81,Sheetrock,Mechanical,2026-01-24
20272.0524,604,H6,HARVEST GREEN 60' LOT,3003 TULIP TERRACE TRAIL,2025-12-26,2026-01-12,2026-01-23,NULL,NULL,NULL,NULL,NULL,NULL,NULL,2026-01-07,2026-01-24,2026-04-26,2026-05-07,2026-05-18,2026-06-06,2026-06-27,2026-07-09,2026-09-05,17,11,NULL,NULL,NULL,NULL,NULL,NULL,NULL,12,10,12,14,5,4,11,13,11,9,19,16,21,20,NULL,12,NULL,58,Cornice,Frame,2026-01-23
20286.0103,190,S1,VIDA 50' LOT,10823 SALEH CORNER,2025-10-14,2025-11-04,2025-11-10,2025-11-14,2025-12-04,2025-12-12,2026-01-13,2026-01-28,NULL,NULL,2025-11-03,2025-11-20,2025-11-15,2025-11-28,2025-12-20,2025-12-30,2026-02-03,2026-04-26,2026-09-02,21,6,4,20,8,32,15,NULL,NULL,20,16,16,11,5,7,14,15,16,18,18,17,21,28,32,15,129,110,Final,Interior,2026-01-28
20286.0116,190,S1,VIDA 50' LOT,1114 THIELE STREET,2025-12-04,2025-12-29,2026-01-12,2026-01-16,NULL,NULL,NULL,NULL,NULL,NULL,2025-12-24,2026-01-14,2026-01-17,2026-04-26,2026-05-12,2026-05-30,2026-06-20,2026-07-22,2026-11-28,25,14,4,NULL,NULL,NULL,NULL,NULL,NULL,20,16,16,11,5,7,14,15,16,18,18,17,21,28,32,15,129,110,Mechanicals,Cornice,2026-01-16
20290.0075,152,S1,ALSATIAN OAKS 50' LOT,495 WHITE OAK,2025-12-17,2025-12-30,2026-01-05,2026-01-12,2026-01-23,NULL,NULL,NULL,NULL,NULL,2025-12-29,2026-01-08,2026-01-11,2026-01-26,2026-04-26,2026-05-13,2026-06-09,2026-06-14,2026-11-17,13,6,7,11,NULL,NULL,NULL,NULL,NULL,12,16,9,11,6,7,14,15,NULL,18,NULL,17,27,28,5,15,156,110,Sheetrock,Mechanical,2026-01-23
20298.0180,550,S2,STILLWATER RANCH 40' LOT,12628 COTORRA SPRINGS,2025-07-10,2025-07-21,2025-07-30,2025-08-04,2025-08-25,2025-08-25,2025-09-24,2025-09-30,2025-10-21,NULL,2025-07-30,2025-07-31,2025-08-06,2025-08-21,2025-09-06,2025-09-17,2025-11-01,2025-10-21,2026-04-26,11,9,5,21,0,30,6,21,NULL,NULL,20,NULL,10,NULL,7,NULL,17,NULL,12,23,17,38,30,17,16,54,96,Complete,Final,2025-10-21
20315.0109,740,S2,JOHNSON RANCH 55' LOT,3640 AGARITA PASS,2025-11-25,2025-12-10,2025-12-19,2025-12-30,2026-01-14,NULL,NULL,NULL,NULL,NULL,2025-12-09,2025-12-22,2025-12-26,2026-01-14,2026-04-26,2026-05-16,2026-06-18,2026-07-03,2026-09-16,15,9,11,15,NULL,NULL,NULL,NULL,NULL,14,20,12,10,7,7,15,17,7,12,20,17,33,30,15,16,75,96,Sheetrock,Mechanical,2026-01-14
20344.0228,289,S3,MEADOWS OF MILL CREEK 60' LOT,2925 HARVEST MOON,2025-11-11,2025-11-18,2025-12-01,2025-12-04,2025-12-15,2025-12-30,2026-01-13,NULL,NULL,NULL,2025-11-20,2025-12-03,2025-12-10,2025-12-13,2025-12-25,2026-01-12,2026-04-26,2026-05-15,2026-08-01,7,13,3,11,15,14,NULL,NULL,NULL,9,14,15,12,9,7,9,15,10,12,13,15,21,23,19,12,78,98,Interior,Trim,2026-01-13
20345.0059,283,S3,MAYFAIR 50' LOT,448 GARLAND AVENUE,2026-01-26,NULL,NULL,NULL,NULL,NULL,NULL,NULL,NULL,NULL,2026-04-26,2026-05-03,2026-05-07,2026-05-22,2026-06-03,2026-06-18,2026-07-11,2026-07-23,2026-09-18,NULL,NULL,NULL,NULL,NULL,NULL,NULL,NULL,NULL,12,14,7,12,4,7,NULL,15,NULL,12,NULL,15,NULL,23,NULL,12,57,98,Foundation,Released,2026-01-26
20352.0041,20352.40,H6,BROOKEWATER 40' LOT,303 EILEEN DRIVE,2025-12-30,2026-01-06,2026-01-20,2026-01-23,NULL,NULL,NULL,NULL,NULL,NULL,2026-01-11,2026-01-22,2026-01-23,2026-04-26,2026-05-08,2026-05-26,2026-06-15,2026-06-24,2026-10-03,7,14,3,NULL,NULL,NULL,NULL,NULL,NULL,12,10,16,14,3,4,18,13,12,9,18,16,20,20,9,12,101,58,Mechanicals,Cornice,2026-01-23
20353.0022,20353.50,A1,PARMER RANCH 50' LOT,721 ESTACADO LANE,2025-12-12,2025-12-30,2026-01-08,2026-01-12,2026-01-28,NULL,NULL,NULL,NULL,NULL,2025-12-30,2026-01-07,2026-01-13,2026-01-31,2026-04-26,2026-05-10,2026-05-27,2026-06-08,2026-11-20,18,9,4,16,NULL,NULL,NULL,NULL,NULL,18,15,8,9,5,6,19,15,12,13,14,17,17,39,12,11,165,96,Sheetrock,Mechanical,2026-01-28
20357.0042,20357.50,S3,THE PARKLANDS 40'/50' Lot,5025 OBISPO CIRCLE,2026-01-02,2026-01-15,2026-01-22,2026-01-28,NULL,NULL,NULL,NULL,NULL,NULL,2026-01-13,2026-01-24,2026-01-28,2026-04-26,2026-05-08,2026-05-23,2026-06-15,2026-06-27,2026-10-03,13,7,6,NULL,NULL,NULL,NULL,NULL,NULL,11,14,9,12,6,7,NULL,15,NULL,12,NULL,15,NULL,23,NULL,12,NULL,98,Mechanicals,Cornice,2026-01-28
20357.0050,20357.50,S3,THE PARKLANDS 40'/50' Lot,5089 OBISPO CIRCLE,2026-01-22,NULL,NULL,NULL,NULL,NULL,NULL,NULL,NULL,NULL,2026-04-26,2026-05-05,2026-05-11,2026-05-26,2026-06-07,2026-06-22,2026-07-15,2026-07-27,2026-11-02,NULL,NULL,NULL,NULL,NULL,NULL,NULL,NULL,NULL,11,14,9,12,6,7,NULL,15,NULL,12,NULL,15,NULL,23,NULL,12,NULL,98,Foundation,Released,2026-01-22
20359.0023,20359.50,H3,GRANGE 50' LOT,445 DARLING CREEK LANE,2025-11-14,2025-11-26,2025-12-15,2025-12-17,2026-01-06,2026-01-16,2026-01-28,NULL,NULL,NULL,2025-11-22,2025-12-13,2025-12-20,2026-01-01,2026-01-15,2026-01-28,2026-04-26,2026-05-02,2026-07-25,12,19,2,20,10,12,NULL,NULL,NULL,8,9,17,15,5,5,15,12,9,9,12,16,NULL,23,6,12,84,81,Interior,Trim,2026-01-28
20360.0062,20360.75,A3,PARTEN 75'/85' LOT,305 BIRD HOLLOW (M),2024-12-17,2024-12-19,2024-12-27,2024-12-31,2025-01-09,2025-01-23,2025-02-16,2025-03-03,2025-03-19,NULL,2025-01-04,2024-12-28,2025-01-08,2025-01-23,2025-01-22,2025-02-15,2025-03-25,2025-03-19,2026-04-26,2,8,4,9,14,24,15,16,NULL,18,17,9,9,12,5,23,21,NULL,13,23,14,NULL,37,27,12,32,64,Complete,Final,2025-03-19
20362.0076,20362.60,D3,HILLSTEAD 60' LOT,854 STONEY BRIDGE WAY,2025-12-26,2026-01-08,2026-01-23,NULL,NULL,NULL,NULL,NULL,NULL,NULL,2026-01-06,2026-01-19,2026-04-26,2026-05-10,2026-05-21,2026-06-08,2026-07-07,2026-07-29,2026-11-19,13,15,NULL,NULL,NULL,NULL,NULL,NULL,NULL,11,12,11,10,3,3,14,13,11,13,18,20,NULL,29,22,21,113,92,Cornice,Frame,2026-01-23
20364.0052,20364.65,H2,KRESSTON 65' LOT,27020 WEST RANCH HOUSE ROAD,2025-04-30,2025-05-06,2025-05-28,2025-06-02,2025-06-18,2025-07-01,2025-07-21,2025-10-09,2025-11-26,NULL,2025-05-10,2025-06-05,2025-06-02,2025-06-22,2025-07-01,2025-07-13,2025-08-06,2025-11-26,2026-04-26,6,22,5,16,13,20,80,48,NULL,10,9,30,17,5,3,20,12,13,11,12,17,NULL,16,NULL,25,74,54,Complete,Final,2025-11-26
20366.0086,20366.82,D1,TERRACES 82'/100' LOT,1732 GRAND AVENUE,2025-11-06,2025-11-24,2025-12-04,2025-12-09,2025-12-19,2026-01-05,2026-01-21,NULL,NULL,NULL,2025-11-20,2025-12-07,2025-12-10,2025-12-25,2026-01-05,2026-01-21,2026-04-26,2026-05-24,2026-07-23,18,10,5,10,17,16,NULL,NULL,NULL,NULL,14,NULL,13,NULL,6,NULL,16,17,12,16,18,NULL,17,28,17,NULL,60,Interior,Trim,2026-01-21
20366.0107,20366.82,D1,TERRACES 82'/100' LOT,1922 FOOTHILL ROAD,2025-09-25,2025-10-06,2025-10-20,2025-10-22,2025-11-12,2025-12-01,2025-12-03,2025-12-18,2026-01-15,NULL,2025-10-09,2025-10-19,2025-10-26,2025-11-07,2025-11-29,2025-12-17,2025-12-20,2026-01-15,2026-04-26,11,14,2,21,19,2,15,28,NULL,NULL,14,NULL,13,NULL,6,NULL,16,17,12,16,18,NULL,17,28,17,NULL,60,Complete,Final,2026-01-15
20367.0018,20367.55,F1,MANDARIN GROVE 55' LOT,3723 109TH STREET EAST,2025-11-07,2025-11-21,2025-12-30,NULL,NULL,NULL,NULL,NULL,NULL,NULL,2025-11-21,2025-12-21,NULL,2026-04-26,2026-05-11,2026-06-02,2026-06-28,2026-08-14,2026-08-31,14,39,NULL,NULL,NULL,NULL,NULL,NULL,NULL,14,15,30,28,NULL,NULL,21,31,NULL,15,NULL,22,26,46,NULL,47,NULL,17,Mechanicals,Frame,2025-12-30
20367.0027,20367.55,F1,MANDARIN GROVE 55' LOT,3905 109TH STREET EAST,2025-12-30,2026-01-15,NULL,NULL,NULL,NULL,NULL,NULL,NULL,NULL,2026-01-13,2026-04-26,NULL,2026-05-17,2026-06-01,2026-06-23,2026-07-19,2026-09-04,2026-09-21,16,NULL,NULL,NULL,NULL,NULL,NULL,NULL,NULL,14,15,30,28,NULL,NULL,21,31,NULL,15,NULL,22,26,46,NULL,47,NULL,17,Frame,Foundation,2026-01-15
20367.0034,20367.55,F1,MANDARIN GROVE 55' LOT,3812 109TH STREET EAST,2024-10-31,2024-11-15,2024-12-10,NULL,2025-02-10,2025-03-05,2025-03-14,2025-05-27,2025-09-15,NULL,2024-11-14,2024-12-15,NULL,2024-12-31,2025-02-25,2025-03-27,2025-04-09,2025-09-15,2026-04-26,15,25,NULL,62,23,9,74,111,NULL,14,15,30,28,NULL,NULL,21,31,NULL,15,NULL,22,26,46,NULL,47,NULL,17,Complete,Final,2025-09-15
20367.0042,20367.55,F1,MANDARIN GROVE 55' LOT,3724 109TH STREET EAST,2024-11-08,2024-11-14,2024-12-10,NULL,2025-04-25,2025-05-06,2025-05-30,2025-07-11,2025-08-22,NULL,2024-11-22,2024-12-14,NULL,2024-12-31,2025-05-10,2025-05-28,2025-06-25,2025-08-22,2026-04-26,6,26,NULL,136,11,24,42,42,NULL,14,15,30,28,NULL,NULL,21,31,NULL,15,NULL,22,26,46,NULL,47,NULL,17,Complete,Final,2025-08-22
20369.0066,20369.50,S1,HABY HILL 50' LOT,356 HABY HOLLOW,2025-05-22,2025-06-05,2025-06-13,2025-06-30,2025-07-15,2025-07-25,2025-08-18,2025-09-12,2025-10-03,NULL,2025-06-06,2025-06-13,2025-06-21,2025-07-14,2025-08-05,2025-08-10,2025-09-15,2025-10-03,2026-04-26,14,8,17,15,10,24,25,21,NULL,15,16,8,11,8,7,14,15,21,18,16,17,NULL,28,11,15,61,110,Complete,Final,2025-10-03
20369.0112,20369.60,S1,HABY HILL 60' LOT,317 HABY HILL,2025-05-30,2025-06-09,2025-06-20,2025-06-25,2025-07-28,2025-07-29,2025-08-11,2025-09-17,2025-10-03,NULL,2025-06-10,2025-06-20,2025-07-01,2025-07-12,2025-08-15,2025-08-13,2025-09-08,2025-10-03,2026-04-26,10,11,5,33,1,13,37,16,NULL,11,16,11,11,11,7,17,15,NULL,18,15,17,NULL,28,NULL,15,144,110,Complete,Final,2025-10-03
20370.0005,20370.50,A2,FLORA 50' LOT,409 ROCK DAISY TRAIL,2025-12-10,2025-12-29,2026-01-09,2026-01-15,NULL,NULL,NULL,NULL,NULL,NULL,2025-12-29,2026-01-07,2026-01-15,2026-04-26,2026-05-06,2026-06-01,2026-06-27,2026-07-08,2026-11-16,19,11,6,NULL,NULL,NULL,NULL,NULL,NULL,19,27,9,11,6,6,19,18,10,10,26,16,26,33,11,16,131,120,Mechanicals,Cornice,2026-01-15
20370.0048,20370.50,A2,FLORA 50' LOT,432 BRANDYWINE ROAD,2025-09-24,2025-10-13,2025-10-21,2025-10-27,2025-11-18,2025-12-01,2025-12-15,2026-01-07,2026-01-21,NULL,2025-10-13,2025-10-22,2025-10-27,2025-11-15,2025-11-28,2025-12-27,2026-01-10,2026-01-21,2026-06-01,19,8,6,22,13,14,23,14,NULL,19,27,9,11,6,6,19,18,10,10,26,16,26,33,11,16,131,120,Complete,Final,2026-01-21
20373.0004,20373.50,A2,PARKSIDE ON THE RIVER WEST 50' LOT,205 WILD LILY TRAIL,2025-10-14,2025-10-24,2025-11-07,2025-11-11,2025-11-21,2025-12-03,2025-12-17,NULL,NULL,NULL,2025-11-04,2025-11-11,2025-11-13,2025-12-04,2025-12-04,2025-12-19,2026-04-26,2026-05-30,2026-09-27,10,14,4,10,12,14,NULL,NULL,NULL,21,27,18,11,NULL,6,23,18,13,10,NULL,16,37,33,34,16,NULL,120,Interior,Trim,2025-12-17
20373.0013,20373.50,A2,PARKSIDE ON THE RIVER WEST 50' LOT,1405 PURPLE PETUNIA LANE,2025-09-24,2025-10-07,2025-10-20,2025-10-22,2025-11-05,2025-11-17,2025-11-26,2026-01-02,NULL,NULL,2025-10-15,2025-10-25,2025-10-26,2025-11-14,2025-11-18,2025-12-03,2026-01-02,2026-04-26,2026-08-24,13,13,2,14,12,9,37,NULL,NULL,21,27,18,11,NULL,6,23,18,13,10,NULL,16,37,33,34,16,NULL,120,Final,Interior,2026-01-02
20373.0073,20373.60,A2,PARKSIDE ON THE RIVER WEST 60' LOT,1037 SUNSET HILL WAY,2025-11-17,2025-12-03,2025-12-18,2025-12-28,2026-01-14,NULL,NULL,NULL,NULL,NULL,2025-12-14,2025-12-21,2025-12-26,2026-01-16,2026-04-26,2026-05-12,2026-06-14,2026-06-30,2026-09-26,16,15,10,17,NULL,NULL,NULL,NULL,NULL,NULL,27,18,11,8,6,19,18,20,10,NULL,16,NULL,33,NULL,16,88,120,Sheetrock,Mechanical,2026-01-14
20373.0093,20373.70,A2,PARKSIDE ON THE RIVER WEST 70'/80' LOT,1105 SUNSET HILL WAY,2025-09-02,2025-09-27,2025-10-14,2025-10-21,2025-11-12,2025-11-24,2025-12-08,2026-01-23,NULL,NULL,2025-10-10,2025-10-12,2025-10-21,2025-11-08,2025-11-22,2025-12-10,2026-01-20,2026-04-26,2026-05-04,25,17,7,22,12,14,46,NULL,NULL,38,27,15,11,7,6,NULL,18,NULL,10,NULL,16,43,33,29,16,8,120,Final,Interior,2026-01-23
20373.0114,20373.70,A2,PARKSIDE ON THE RIVER WEST 70'/80' LOT,209 KNOX DRIVE,2025-12-12,2026-01-29,NULL,NULL,NULL,NULL,NULL,NULL,NULL,NULL,2026-01-19,2026-04-26,2026-05-03,2026-05-21,2026-05-31,2026-06-16,2026-07-29,2026-08-27,2026-09-04,48,NULL,NULL,NULL,NULL,NULL,NULL,NULL,NULL,38,27,15,11,7,6,NULL,18,NULL,10,NULL,16,43,33,29,16,8,120,Frame,Foundation,2026-01-29
20374.0053,20374.50,F1,MAGNOLIA BAY 50' LOT,317 HOLLY BANK AVENUE,2026-01-08,2026-01-22,NULL,NULL,NULL,NULL,NULL,NULL,NULL,NULL,2026-01-24,2026-04-26,NULL,2026-05-18,2026-06-01,2026-06-13,2026-07-29,2026-09-14,2026-10-04,14,NULL,NULL,NULL,NULL,NULL,NULL,NULL,NULL,16,15,32,28,NULL,NULL,22,31,14,15,12,22,NULL,46,NULL,47,20,17,Frame,Foundation,2026-01-22
20375.0069,20375.60,F1,TURNLEAF 60' LOT,13128 CAMELOT LANE (M),2025-04-14,2025-04-18,2025-05-27,NULL,2025-06-18,2025-07-29,2025-09-17,2025-10-17,2025-12-30,NULL,2025-04-29,2025-05-16,NULL,2025-06-27,2025-07-03,2025-08-20,2025-11-02,2025-12-30,2026-04-26,4,39,NULL,22,41,50,30,74,NULL,NULL,15,NULL,28,NULL,NULL,NULL,31,NULL,15,NULL,22,NULL,46,72,47,NULL,17,Complete,Final,2025-12-30
20379.0017,20379.50,A1,ELDORADO 50' LOT,161 BURKE STREET (C),2025-03-05,2025-03-17,2025-03-27,2025-04-03,2025-04-11,2025-04-21,NULL,NULL,NULL,NULL,2025-03-12,2025-03-24,2025-04-03,2025-04-14,2025-04-20,2026-04-26,2026-06-04,2026-06-15,2026-09-26,12,10,7,8,10,NULL,NULL,NULL,NULL,7,15,7,9,7,6,11,15,9,13,15,17,NULL,39,NULL,11,103,96,Trim,Sheetrock,2025-04-21
20379.0023,20379.50,A1,ELDORADO 50' LOT,120 BURKE STREET,2025-03-20,2025-04-11,2025-04-21,2025-04-28,2025-05-07,2025-05-20,2025-06-25,2025-09-10,2025-09-17,NULL,2025-03-27,2025-04-18,2025-04-28,2025-05-09,2025-05-16,2025-06-04,2025-08-03,2025-09-17,2026-04-26,22,10,7,9,13,36,77,7,NULL,7,15,7,9,7,6,11,15,9,13,15,17,NULL,39,NULL,11,103,96,Complete,Final,2025-09-17
20380.0067,20380.60,F1,GLYNLEA COUNTRY CLUB 60' LOT,10865 NORTHWEST GLYNLEA BOULEVARD NORTH,2026-01-28,NULL,NULL,NULL,NULL,NULL,NULL,NULL,NULL,NULL,2026-04-26,2026-05-21,NULL,2026-06-12,2026-06-27,2026-07-16,2026-08-24,2026-10-10,2026-10-27,NULL,NULL,NULL,NULL,NULL,NULL,NULL,NULL,NULL,14,15,25,28,NULL,NULL,22,31,NULL,15,19,22,39,46,NULL,47,NULL,17,Foundation,Released,2026-01-28
20382.0022,20382.60,D1,MYRTLE CREEK 60' LOT,281 WOODOAT ROAD,2026-01-12,2026-01-21,NULL,NULL,NULL,NULL,NULL,NULL,NULL,NULL,2026-01-22,2026-04-26,2026-04-28,2026-05-14,2026-05-26,2026-06-13,2026-06-30,2026-07-17,2026-10-06,9,NULL,NULL,NULL,NULL,NULL,NULL,NULL,NULL,10,14,11,13,2,6,NULL,16,NULL,12,NULL,18,NULL,17,NULL,17,81,60,Frame,Foundation,2026-01-21
20382.0036,20382.60,D1,MYRTLE CREEK 60' LOT,816 REEDGRASS TRAIL,2025-06-16,2025-06-26,2025-07-07,2025-07-10,2025-07-28,2025-08-06,2025-08-20,2025-09-11,2025-10-13,NULL,2025-06-26,2025-07-07,2025-07-09,2025-07-26,2025-08-09,2025-08-24,2025-09-06,2025-10-13,2026-04-26,10,11,3,18,9,14,22,32,NULL,10,14,11,13,2,6,NULL,16,NULL,12,NULL,18,NULL,17,NULL,17,81,60,Complete,Final,2025-10-13
20382.0067,20382.71,D1,MYRTLE CREEK 71' LOT,237 ROSEMALLOW LANE,2025-06-03,2025-06-25,2025-07-03,2025-07-08,2025-07-28,2025-07-30,2025-08-12,2025-10-01,2025-10-17,NULL,2025-06-17,2025-07-08,2025-07-09,2025-07-24,2025-08-09,2025-08-17,2025-08-29,2025-10-17,2026-04-26,22,8,5,20,2,13,50,16,NULL,NULL,14,NULL,13,NULL,6,NULL,16,NULL,12,NULL,18,NULL,17,NULL,17,NULL,60,Complete,Final,2025-10-17
20383.0082,20383.50,D3,THE HEIGHTS AT UPTOWN CELINA 50' LOT,708 DUKE LANE,2026-01-20,NULL,NULL,NULL,NULL,NULL,NULL,NULL,NULL,NULL,2026-04-26,2026-05-06,2026-05-09,2026-05-22,2026-06-04,2026-06-24,2026-07-23,2026-08-13,2026-12-26,NULL,NULL,NULL,NULL,NULL,NULL,NULL,NULL,NULL,NULL,12,NULL,10,NULL,3,NULL,13,NULL,13,NULL,20,NULL,29,NULL,21,135,92,Foundation,Released,2026-01-20
20384.0025,20384.70,S2,DOMINION 70' LOT,34 ENIA CIRCLE,2025-11-11,2025-11-25,2025-12-05,2025-12-12,2025-12-23,NULL,NULL,NULL,NULL,NULL,2025-11-23,2025-12-05,2025-12-22,2026-01-04,2026-04-26,2026-05-13,2026-06-11,2026-07-01,2026-10-05,14,10,7,11,NULL,NULL,NULL,NULL,NULL,12,20,NULL,10,17,7,23,17,NULL,12,NULL,17,29,30,20,16,NULL,96,Sheetrock,Mechanical,2025-12-23
20387.0058,20387.40,H6,AUSTIN POINT 40' LOT,4643 HYDRA LANE,2025-12-18,2025-12-29,2026-01-08,2026-01-12,2026-01-22,NULL,NULL,NULL,NULL,NULL,2025-12-29,2026-01-10,2026-01-11,2026-01-22,2026-04-26,2026-05-12,2026-06-01,2026-06-13,2026-08-10,11,10,4,10,NULL,NULL,NULL,NULL,NULL,11,10,12,14,3,4,10,13,NULL,9,NULL,16,NULL,20,NULL,12,NULL,58,Sheetrock,Mechanical,2026-01-22
20387.0071,20387.40,H6,AUSTIN POINT 40' LOT,4643 NORTH STAR TRAIL,2025-06-27,2025-07-09,2025-07-17,2025-07-21,2025-07-31,2025-08-11,2025-08-15,2025-10-17,NULL,NULL,2025-07-08,2025-07-21,2025-07-20,2025-07-31,2025-08-09,2025-08-27,2025-09-04,2026-04-26,2026-06-23,12,8,4,10,11,4,63,NULL,NULL,11,10,12,14,3,4,10,13,NULL,9,NULL,16,NULL,20,NULL,12,NULL,58,Final,Interior,2025-10-17
20388.0058,20388.70,H4,BRIARLEY 70' LOT,239 CATAHOULA COURT,2025-08-22,2025-08-29,2025-09-05,2025-09-11,2025-09-23,2025-10-06,2025-10-16,2025-11-06,2025-11-24,NULL,2025-09-03,2025-09-20,2025-09-11,2025-09-20,2025-10-05,2025-10-18,2025-11-11,2025-11-24,2026-04-26,7,7,6,12,13,10,21,18,NULL,12,9,22,12,6,3,NULL,9,12,10,12,15,26,17,18,13,10,97,Complete,Final,2025-11-24
20388.0062,20388.70,H4,BRIARLEY 70' LOT,216 CATAHOULA COURT,2025-11-06,2025-11-14,2025-12-01,2025-12-08,2025-12-18,2025-12-30,2026-01-12,NULL,NULL,NULL,2025-11-18,2025-12-06,2025-12-07,2025-12-17,2025-12-30,2026-01-11,2026-04-26,2026-05-14,2026-05-24,8,17,7,10,12,13,NULL,NULL,NULL,12,9,22,12,6,3,NULL,9,12,10,12,15,26,17,18,13,10,97,Interior,Trim,2026-01-12
20390.0005,20390.1A,S3,THE PRESERVE AT ELM CREEK 1 ACRE LOT,208 BERRYWOOD LANE,2025-04-28,2025-05-16,2025-05-22,2025-05-27,2025-06-06,2025-07-10,2025-07-10,2025-08-18,2025-09-05,NULL,2025-06-02,2025-05-26,2025-06-01,2025-06-09,2025-06-19,2025-07-25,2025-08-02,2025-09-05,2026-04-26,18,6,5,10,34,0,39,18,NULL,35,14,10,12,10,7,13,15,13,12,NULL,15,NULL,23,NULL,12,NULL,98,Complete,Final,2025-09-05
20391.0011,20391.50,H1,LEGACY 50' LOT,6701 HILLSIDE VIEW LANE,2025-07-25,2025-08-04,2025-08-19,2025-09-02,2025-09-09,2025-09-18,2025-09-23,2025-12-31,2026-01-09,NULL,2025-08-09,2025-08-23,2025-08-27,2025-09-12,2025-09-18,2025-10-10,2025-12-28,2026-01-09,2026-04-26,10,15,14,7,9,5,99,9,NULL,15,11,NULL,19,NULL,8,10,11,9,12,22,19,96,41,10,10,NULL,88,Complete,Final,2026-01-09
20394.0014,20394.50,D4,LAKEWOOD VILLAGE 50' LOT,161 ENCLAVE DRIVE,2025-06-25,2025-07-30,2025-08-05,2025-08-07,2025-08-25,2025-09-15,2025-09-26,2025-11-13,2025-12-19,NULL,2025-07-11,2025-08-12,2025-08-10,2025-08-24,2025-09-07,2025-09-27,2025-10-20,2025-12-19,2026-04-26,35,6,2,18,21,11,48,36,NULL,16,14,NULL,13,NULL,5,NULL,17,NULL,13,NULL,12,NULL,24,61,40,7,39,Complete,Final,2025-12-19
20396.0004,20396.1A,S2,THORNEBROOK 1 ACRE LOT,1002 RAPIDAN LANE,2025-10-02,2025-10-20,2025-10-29,2025-11-05,2025-11-25,2025-12-08,2025-12-22,NULL,NULL,NULL,2025-10-19,2025-11-02,2025-11-05,2025-11-22,2025-12-07,2025-12-24,2026-04-26,2026-05-12,2026-08-16,18,9,7,20,13,14,NULL,NULL,NULL,17,20,13,10,NULL,7,NULL,17,NULL,12,16,17,NULL,30,NULL,16,NULL,96,Interior,Trim,2025-12-22
20398.0100,20398.50,H2,EVERLY 50' LOT,18819 MADONNA LILY COURT,2025-06-13,2025-06-26,2025-06-30,2025-07-03,2025-07-12,2025-07-21,2025-08-11,2025-10-30,2025-11-24,NULL,2025-06-25,2025-07-07,2025-07-08,2025-07-13,2025-07-23,2025-08-21,2025-08-13,2025-11-24,2026-04-26,13,4,3,9,9,21,80,25,NULL,12,9,11,17,8,3,10,12,NULL,11,31,17,2,16,NULL,25,44,54,Complete,Final,2025-11-24
20398.0134,20398.60,H2,EVERLY 60' LOT,21919 IVY LANDING STREET,2025-07-28,2025-08-05,2025-08-14,2025-08-20,2025-08-28,2025-09-04,2025-09-29,NULL,NULL,NULL,2025-08-03,2025-08-19,2025-08-17,2025-08-30,2025-09-08,2025-09-21,2026-04-26,2026-05-21,2026-07-14,8,9,6,8,7,25,NULL,NULL,NULL,6,9,14,17,3,3,10,12,NULL,11,NULL,17,NULL,16,NULL,25,NULL,54,Interior,Trim,2025-09-29
20398.0151,20398.60,H2,EVERLY 60' LOT,21918 IVY LANDING STREET,2025-08-18,2025-08-25,2025-09-04,2025-09-10,2025-09-18,2025-09-25,2025-10-27,NULL,NULL,NULL,2025-08-24,2025-09-08,2025-09-07,2025-09-20,2025-09-29,2025-10-12,2026-04-26,2026-05-21,2026-07-14,7,10,6,8,7,32,NULL,NULL,NULL,6,9,14,17,3,3,10,12,NULL,11,NULL,17,NULL,16,NULL,25,NULL,54,Interior,Trim,2025-10-27
20403.0013,20403.60,A3,JUNIPER SPRINGS 60' LOT,243 MELODY ROAD,2025-07-21,2025-08-12,2025-08-22,2025-08-26,2025-09-09,2025-09-22,2025-10-06,2025-12-26,2025-12-31,NULL,2025-08-05,2025-08-15,2025-08-29,2025-09-16,2025-09-22,2025-10-06,2025-12-28,2025-12-31,2026-04-26,22,10,4,14,13,14,81,5,NULL,15,17,3,9,7,5,NULL,21,NULL,13,NULL,14,83,37,10,12,NULL,64,Complete,Final,2025-12-31
20403.0091,20403.50,A3,JUNIPER SPRINGS 50' LOT,299 FOXFIRE COVE,2026-01-20,NULL,NULL,NULL,NULL,NULL,NULL,NULL,NULL,NULL,2026-04-26,2026-05-03,2026-05-08,2026-05-25,2026-06-03,2026-06-17,2026-09-06,2026-09-15,2026-09-30,NULL,NULL,NULL,NULL,NULL,NULL,NULL,NULL,NULL,7,17,7,9,5,5,17,21,9,13,NULL,14,81,37,9,12,15,64,Foundation,Released,2026-01-20
20405.0023,20405.50,F1,STAR FARMS AT LAKEWOOD RANCH 50' LOT,3806 COUNTRY VIEW COURT,2025-11-20,2025-12-01,2025-12-17,NULL,2026-01-15,2026-01-22,NULL,NULL,NULL,NULL,2025-12-05,2025-12-29,NULL,2026-01-12,2026-01-24,2026-04-26,2026-06-11,2026-07-28,2026-08-14,11,16,NULL,29,7,NULL,NULL,NULL,NULL,NULL,15,NULL,28,NULL,NULL,26,31,9,15,NULL,22,NULL,46,NULL,47,NULL,17,Trim,Sheetrock,2026-01-22
20406.0010,20406.100,S3,WINDBORNE 100' LOT,5205 LOTTCHEN LANE (M),2025-10-27,2025-11-07,2025-11-17,2025-11-20,2025-12-01,2025-12-09,2025-12-22,2026-01-23,NULL,NULL,2025-11-10,2025-11-19,2025-11-24,2025-12-04,2025-12-16,2025-12-22,2026-01-14,2026-04-26,2026-08-02,11,10,3,11,8,13,32,NULL,NULL,NULL,14,NULL,12,NULL,7,14,15,15,12,13,15,NULL,23,NULL,12,NULL,98,Final,Interior,2026-01-23
20406.0029,20406.100,S3,WINDBORNE 100' LOT,5348 NETHERFIELD PARK,2025-10-21,2025-11-18,2025-11-26,2025-12-03,2025-12-19,2026-01-05,NULL,NULL,NULL,NULL,2025-11-04,2025-11-30,2025-12-03,2025-12-17,2026-01-03,2026-04-26,2026-05-19,2026-05-31,2026-09-06,28,8,7,16,17,NULL,NULL,NULL,NULL,NULL,14,NULL,12,NULL,7,14,15,15,12,13,15,NULL,23,NULL,12,NULL,98,Trim,Sheetrock,2026-01-05
20410.0018,20410.55,H1,MIDLINE 55' LOT,18015 SERENE HAVEN STREET,2026-01-14,2026-01-22,NULL,NULL,NULL,NULL,NULL,NULL,NULL,NULL,2026-01-23,2026-04-26,2026-05-04,2026-05-15,2026-05-27,2026-06-15,2026-07-26,2026-08-05,2026-11-01,8,NULL,NULL,NULL,NULL,NULL,NULL,NULL,NULL,9,11,NULL,19,NULL,8,NULL,11,NULL,12,NULL,19,NULL,41,NULL,10,NULL,88,Frame,Foundation,2026-01-22
228044,228,A3,CROSSWINDS 60' LOT,448 BAY BREEZE DRIVE,2025-01-31,2025-03-07,2025-03-13,2025-03-20,2025-04-28,2025-05-16,2025-05-27,2025-06-15,2025-07-18,NULL,2025-02-17,2025-03-16,2025-03-18,2025-04-10,2025-05-11,2025-05-30,2025-07-03,2025-07-18,2026-04-26,35,6,7,39,18,11,19,33,NULL,NULL,17,NULL,9,NULL,5,NULL,21,NULL,13,NULL,14,NULL,37,NULL,12,NULL,64,Complete,Final,2025-07-18
249020,249,D1,BRIDGEWATER 60' LOT,1426 FIELDSTONE DRIVE (M),2023-04-21,2023-05-01,2023-05-09,2023-05-19,2023-06-02,2023-06-13,2023-06-26,2023-07-18,2023-08-04,NULL,2023-05-05,2023-05-14,2023-05-15,2023-06-04,2023-06-14,2023-07-01,2023-07-13,2023-08-04,2026-04-26,10,8,10,14,11,13,22,17,NULL,NULL,14,NULL,13,NULL,6,NULL,16,NULL,12,NULL,18,NULL,17,NULL,17,NULL,60,Complete,Final,2023-08-04
251032,251,S1,MEGAN'S LANDING 1/2 ACRE LOT,123 GATHER STREET,2025-10-09,2025-10-24,2025-11-10,2025-11-20,2025-12-09,2025-12-22,2026-01-07,NULL,NULL,NULL,2025-10-25,2025-11-13,2025-11-20,2025-12-09,2025-12-23,2026-01-09,2026-04-26,2026-05-10,2026-06-30,15,17,10,19,13,16,NULL,NULL,NULL,NULL,16,20,11,10,7,19,15,14,18,18,17,31,28,14,15,51,110,Interior,Trim,2026-01-07
251053,251,S1,MEGAN'S LANDING 1/2 ACRE LOT,198 GATHER STREET,2025-09-04,2025-09-19,2025-10-14,2025-10-22,2025-11-10,2025-11-25,NULL,2026-01-14,NULL,NULL,2025-09-20,2025-10-09,2025-10-24,2025-11-10,2025-11-24,2025-12-13,2026-01-13,2026-04-26,2026-06-16,15,25,8,19,15,NULL,NULL,NULL,NULL,NULL,16,20,11,10,7,19,15,14,18,18,17,31,28,14,15,51,110,Final,Interior,2026-01-14
253043,253,H4,ARTAVIA 55' LOT,18415 CHAMELEON COURT,2025-10-24,2025-10-30,2025-11-13,2025-11-14,2025-11-21,2025-12-04,2025-12-14,2026-01-07,2026-01-16,NULL,2025-11-04,2025-11-12,2025-11-14,2025-11-25,2025-12-01,2025-12-19,2026-01-05,2026-01-16,2026-04-26,6,14,1,7,13,10,24,9,NULL,11,9,13,12,1,3,11,9,NULL,10,NULL,15,22,17,8,13,17,97,Complete,Final,2026-01-16
268144,268,D1,AVONDALE 45' LOT,3511 RILEY STREET,2026-01-21,NULL,NULL,NULL,NULL,NULL,NULL,NULL,NULL,NULL,2026-04-26,2026-05-11,2026-05-17,2026-05-31,2026-06-12,2026-07-03,2026-07-18,2026-07-25,2026-08-20,NULL,NULL,NULL,NULL,NULL,NULL,NULL,NULL,NULL,NULL,14,15,13,NULL,6,14,16,12,12,21,18,15,17,7,17,26,60,Foundation,Released,2026-01-21
288052,288,S3,MEADOWS OF MILL CREEK 50' LOT,1841 GYST ROAD,2025-06-27,2025-07-14,2025-07-23,2025-07-28,2025-08-07,2025-08-19,2025-09-04,2025-09-23,2025-10-07,NULL,2025-07-17,2025-08-07,2025-07-31,2025-08-12,2025-08-16,2025-09-09,2025-09-19,2025-10-07,2026-04-26,17,9,5,10,12,16,19,14,NULL,20,14,24,12,8,7,15,15,9,12,21,15,15,23,NULL,12,119,98,Complete,Final,2025-10-07
292100,292,S2,ARCADIA RIDGE 45' LOT,13064 MACAR MANOR,2025-11-06,2025-11-18,2025-12-01,2025-12-07,2025-12-16,2025-12-31,2026-01-16,NULL,NULL,NULL,2025-11-24,2025-12-01,2025-12-07,2025-12-13,2025-12-31,2026-01-17,2026-04-26,2026-05-13,2027-01-06,12,13,6,9,15,16,NULL,NULL,NULL,18,20,13,10,6,7,6,17,15,12,17,17,28,30,17,16,238,96,Interior,Trim,2026-01-16
301038,301,D3,NORTH SKY CELINA 65' LOT,209 BARN SWALLOW DRIVE,2025-04-15,2025-04-30,2025-05-15,2025-05-20,2025-06-09,2025-06-20,2025-07-07,2025-07-18,2025-08-06,NULL,2025-04-27,2025-05-10,2025-05-18,2025-06-01,2025-06-24,2025-07-02,2025-07-22,2025-08-06,2026-04-26,15,15,5,20,11,17,11,19,NULL,NULL,12,NULL,10,NULL,3,12,13,15,13,12,20,15,29,13,21,56,92,Complete,Final,2025-08-06
309029,309,S2,ARCADIA RIDGE 50' LOT,1211 ARGON WAY,2025-09-11,2025-09-18,2025-09-30,2025-10-03,2025-10-24,2025-10-30,2025-11-17,2025-12-09,NULL,NULL,2025-10-01,2025-09-28,2025-10-07,2025-10-19,2025-11-09,2025-11-10,2025-12-11,2026-04-26,2026-07-31,7,12,3,21,6,18,22,NULL,NULL,NULL,20,NULL,10,NULL,7,16,17,16,12,11,17,24,30,50,16,NULL,96,Final,Interior,2025-12-09
346085,346,D3,NORTH SKY CELINA 55' LOT,3213 AUTUMN SAGE DRIVE (M),2024-06-13,2024-06-26,2024-07-03,2024-07-09,2024-07-25,2024-08-07,2024-08-16,2024-08-29,2024-10-11,NULL,2024-06-25,2024-07-08,2024-07-08,2024-07-22,2024-08-10,2024-08-17,2024-09-11,2024-10-11,2026-04-26,13,7,6,16,13,9,13,43,NULL,12,12,12,10,5,3,NULL,13,16,13,10,20,26,29,34,21,92,92,Complete,Final,2024-10-11
606112,606,S2,RANCHES AT CREEKSIDE 55' LOT,154 OLMOS CREEK,2025-12-04,2025-12-23,2025-12-26,2025-12-30,2026-01-15,2026-01-26,NULL,NULL,NULL,NULL,2025-12-23,2025-12-29,2026-01-02,2026-01-12,2026-01-30,2026-04-26,2026-05-22,2026-06-04,2026-08-11,19,3,4,16,11,NULL,NULL,NULL,NULL,19,20,6,10,7,7,13,17,15,12,14,17,26,30,13,16,68,96,Trim,Sheetrock,2026-01-26
626157,626,H5,ELYSON 65' LOT,7311 PRAIRIE LAKESHORE LANE (M),2023-09-27,2023-10-10,2023-10-30,2023-11-02,2023-11-14,2023-11-22,2023-12-12,2024-01-08,2024-01-26,NULL,2023-10-08,2023-10-24,2023-11-06,2023-11-16,2023-11-27,2023-12-09,2023-12-28,2024-01-26,2026-04-26,13,20,3,12,8,20,27,18,NULL,11,9,14,15,7,5,14,16,13,12,NULL,17,16,18,9,10,77,76,Complete,Final,2024-01-26
678318,678,S1,KALLISON RANCH 60' LOT,10016 FORELOCK CREEK,2026-01-20,2026-01-28,NULL,NULL,NULL,NULL,NULL,NULL,NULL,NULL,2026-01-31,2026-04-26,2026-04-30,2026-05-10,2026-05-30,2026-06-20,2026-08-02,2026-08-07,2027-02-12,8,NULL,NULL,NULL,NULL,NULL,NULL,NULL,NULL,11,16,14,11,4,7,10,15,20,18,21,17,43,28,5,15,189,110,Frame,Foundation,2026-01-28
710095,710,S3,HOMESTEAD 65' LOT,3126 BEE HILL,2025-10-30,2025-11-18,2025-11-26,2025-12-02,2026-01-08,2026-01-21,NULL,NULL,NULL,NULL,2025-11-13,2025-11-30,2025-12-03,2026-01-08,2026-01-24,2026-04-26,2026-05-19,2026-06-02,2026-11-09,19,8,6,37,13,NULL,NULL,NULL,NULL,NULL,14,NULL,12,NULL,7,37,15,16,12,NULL,15,NULL,23,14,12,160,98,Trim,Sheetrock,2026-01-21
723102,723,H4,THE GROVES 45' LOT,16834 WILLIAMS GULLY TRAIL,2025-06-30,2025-07-03,2025-07-15,2025-07-16,2025-07-24,2025-07-30,2025-08-11,2025-08-20,2025-08-26,NULL,2025-07-09,2025-07-15,2025-07-18,2025-07-25,2025-08-03,2025-08-14,2025-08-28,2025-08-26,2026-04-26,3,12,1,8,6,12,9,6,NULL,NULL,9,NULL,12,NULL,3,NULL,9,NULL,10,NULL,15,NULL,17,NULL,13,162,97,Complete,Final,2025-08-26
754114,754,A3,6 CREEKS 50' LOT,523 PRICKLY POPPY LOOP,2025-05-08,2025-05-27,2025-06-09,2025-06-20,2025-07-01,2025-07-25,2025-08-08,2025-08-28,2025-08-29,NULL,2025-05-25,2025-06-05,2025-06-14,2025-07-11,2025-07-14,2025-08-08,2025-09-14,2025-08-29,2026-04-26,19,13,11,11,24,14,20,1,NULL,NULL,17,NULL,9,NULL,5,NULL,21,NULL,13,NULL,14,NULL,37,NULL,12,119,64,Complete,Final,2025-08-29
755091,755,A3,6 CREEKS 60' LOT,136 BREWER STREET,2025-07-02,2025-07-21,2025-07-29,2025-08-04,2025-08-25,2025-09-05,2025-09-17,2025-10-01,2025-10-09,NULL,2025-08-04,2025-07-31,2025-08-01,2025-08-27,2025-09-07,2025-09-19,2025-10-24,2025-10-09,2026-04-26,19,8,6,21,11,12,14,8,NULL,33,17,10,9,3,5,23,21,13,13,NULL,14,NULL,37,NULL,12,112,64,Complete,Final,2025-10-09
755116,755,A3,6 CREEKS 60' LOT,340 ALLEGHENY WAY,2024-06-06,2024-06-12,2024-06-17,2024-07-01,2024-07-09,2024-08-16,2024-09-04,2024-10-04,2024-10-15,NULL,2024-07-09,2024-06-22,2024-06-20,2024-07-24,2024-07-22,2024-08-30,2024-10-11,2024-10-15,2026-04-26,6,5,14,8,38,19,30,11,NULL,33,17,10,9,3,5,23,21,13,13,NULL,14,NULL,37,NULL,12,112,64,Complete,Final,2024-10-15
796085,796,A2,THE COLONY 45' LOT,173 PLUMBAGO LOOP,2025-11-20,2025-12-04,2025-12-09,2025-12-12,2025-12-22,2025-12-30,2026-01-12,NULL,NULL,NULL,2025-12-17,2025-12-20,2025-12-14,2025-12-24,2025-12-31,2026-01-13,2026-04-26,2026-05-13,2026-08-14,14,5,3,10,8,13,NULL,NULL,NULL,NULL,27,16,11,5,6,12,18,9,10,14,16,21,33,17,16,93,120,Interior,Trim,2026-01-12
188207,188,H6,SIENNA 65' LOT,9027 PLEASANT COVE,2025-06-19,2025-06-26,2025-07-17,2025-07-23,2025-08-07,2025-08-13,2025-09-11,2025-09-22,2025-10-17,NULL,2025-06-26,2025-07-10,2025-07-21,2025-08-05,2025-08-18,2025-09-03,2025-09-30,2025-10-17,2026-04-26,7,21,6,15,6,29,11,25,NULL,7,10,NULL,14,NULL,4,NULL,13,11,9,21,16,19,20,NULL,12,94,58,Complete,Final,2025-10-17
20007.0106,20007.50,A1,LARIAT 50' LOT,208 FOUNDATION LANE,2025-11-12,2025-11-26,2025-12-05,2025-12-15,2026-01-06,2026-01-20,NULL,NULL,NULL,NULL,2025-11-29,2025-12-07,2025-12-11,2026-01-01,2026-01-22,2026-04-26,2026-05-25,2026-06-03,2026-08-06,14,9,10,22,14,NULL,NULL,NULL,NULL,17,15,11,9,6,6,17,15,16,13,NULL,17,29,39,9,11,64,96,Trim,Sheetrock,2026-01-20
20007.0152,20007.60,A1,LARIAT 60' LOT,200 SHEEPDOG DRIVE,2025-08-15,2025-08-28,2025-09-09,2025-09-12,2025-09-24,2025-10-13,2025-10-27,NULL,NULL,NULL,2025-08-30,2025-09-06,2025-09-17,2025-09-22,2025-10-15,2025-10-31,2026-04-26,2026-05-07,2026-08-27,13,12,3,12,19,14,NULL,NULL,NULL,NULL,15,NULL,9,8,6,10,15,21,13,18,17,43,39,NULL,11,112,96,Interior,Trim,2025-10-27
20007.0169,20007.60,A1,LARIAT 60' LOT,105 GREEN BRUSH DRIVE (M),2025-08-26,2025-08-29,2025-08-29,2025-09-08,2025-09-17,2025-09-23,2025-10-08,2025-10-31,2025-11-10,NULL,2025-09-10,2025-09-07,2025-09-06,2025-09-18,2025-10-08,2025-10-11,2025-11-20,2025-11-10,2026-04-26,3,0,10,9,6,15,23,10,NULL,NULL,15,NULL,9,8,6,10,15,21,13,18,17,43,39,NULL,11,112,96,Complete,Final,2025-11-10
20010.0294,784,A2,PARKSIDE ON THE RIVER 60' LOT,224 SHADY SPRING TRAIL (M),2024-08-16,2024-08-20,2024-08-28,2024-09-01,2024-09-06,2024-09-20,2024-10-02,2024-10-23,2024-11-11,NULL,2024-09-12,2024-09-03,2024-09-03,2024-09-30,2024-09-18,2024-10-03,2024-11-06,2024-11-11,2026-04-26,4,8,4,5,14,12,21,19,NULL,NULL,27,14,11,6,6,29,18,12,10,13,16,35,33,NULL,16,NULL,120,Complete,Final,2024-11-11
20013.0627,687,A1,SANTA RITA RANCH 50' LOT,509 BORREGO BEND,2026-01-28,NULL,NULL,NULL,NULL,NULL,NULL,NULL,NULL,NULL,2026-04-26,2026-05-04,2026-05-10,2026-05-25,2026-06-05,2026-06-26,2026-07-20,2026-08-03,2027-01-16,NULL,NULL,NULL,NULL,NULL,NULL,NULL,NULL,NULL,17,15,8,9,NULL,6,NULL,15,11,13,21,17,24,39,14,11,166,96,Foundation,Released,2026-01-28
20016.0322,689,A2,WOLF RANCH 51' LOT,537 SUMMER PLACE LANE,2025-11-10,2025-11-26,2025-12-05,2025-12-12,2026-01-01,2026-01-12,2026-01-27,NULL,NULL,NULL,2025-12-11,2025-12-06,2025-12-09,2026-01-05,2026-01-12,2026-01-27,2026-04-26,2026-05-03,2026-07-16,16,9,7,20,11,15,NULL,NULL,NULL,31,27,10,11,4,6,24,18,11,10,15,16,24,33,7,16,74,120,Interior,Trim,2026-01-27
20024.0214,20024.40,A3,EASTON PARK 40' LOT,7006 EZRA BROOKS BEND (M),2024-07-26,2024-07-26,2024-08-05,2024-08-06,2024-08-19,2024-08-30,2024-09-12,2024-10-20,2024-10-31,NULL,2024-08-05,2024-08-03,2024-08-10,2024-08-31,2024-09-02,2024-09-10,2024-09-27,2024-10-31,2026-04-26,0,10,1,13,11,13,38,11,NULL,10,17,8,9,5,5,25,21,14,13,11,14,15,37,13,12,69,64,Complete,Final,2024-10-31
20024.0273,20024.40,A3,EASTON PARK 40' LOT,7100 STITZEL WELLER DRIVE,2025-10-15,2025-10-30,2025-11-05,2025-11-10,2025-12-09,2025-12-22,2025-12-31,2026-01-20,NULL,NULL,2025-10-25,2025-11-07,2025-11-10,2025-12-05,2025-12-23,2026-01-02,2026-01-15,2026-04-26,2026-07-04,15,6,5,29,13,9,20,NULL,NULL,10,17,8,9,5,5,25,21,14,13,11,14,15,37,13,12,69,64,Final,Interior,2026-01-20
20024.0284,20024.40,A3,EASTON PARK 40' LOT,7011 STITZEL WELLER DRIVE,2026-01-02,2026-01-14,2026-01-22,2026-01-28,NULL,NULL,NULL,NULL,NULL,NULL,2026-01-12,2026-01-22,2026-01-27,2026-04-26,2026-05-10,2026-05-21,2026-06-05,2026-06-18,2026-08-26,12,8,6,NULL,NULL,NULL,NULL,NULL,NULL,10,17,8,9,5,5,25,21,14,13,11,14,15,37,13,12,69,64,Mechanicals,Cornice,2026-01-28
20024.0302,767,A3,EASTON PARK 60' LOT,9501 DINGO DRIVE,2025-11-12,2025-12-04,2025-12-15,2025-12-29,2026-01-21,NULL,NULL,NULL,NULL,NULL,2025-12-03,2025-12-14,2025-12-24,2026-01-23,2026-04-26,2026-05-10,2026-06-16,2026-06-28,2026-08-23,22,11,14,23,NULL,NULL,NULL,NULL,NULL,21,17,10,9,9,5,25,21,13,13,NULL,14,NULL,37,NULL,12,56,64,Sheetrock,Mechanical,2026-01-21
20024.0306,767,A3,EASTON PARK 60' LOT,9000 FALLKILL DRIVE,2025-11-14,2025-12-08,2025-12-15,2025-12-22,2026-01-15,NULL,NULL,NULL,NULL,NULL,2025-12-05,2025-12-18,2025-12-24,2026-01-16,2026-04-26,2026-05-10,2026-06-16,2026-06-28,2026-08-23,24,7,7,24,NULL,NULL,NULL,NULL,NULL,21,17,10,9,9,5,25,21,13,13,NULL,14,NULL,37,NULL,12,56,64,Sheetrock,Mechanical,2026-01-15
20024.0307,767,A3,EASTON PARK 60' LOT,8904 FALLKILL DRIVE,2025-12-04,2025-12-18,2025-12-29,2026-01-07,2026-01-26,NULL,NULL,NULL,NULL,NULL,2025-12-25,2025-12-28,2026-01-07,2026-02-01,2026-04-26,2026-05-10,2026-06-16,2026-06-28,2026-08-23,14,11,9,19,NULL,NULL,NULL,NULL,NULL,21,17,10,9,9,5,25,21,13,13,NULL,14,NULL,37,NULL,12,56,64,Sheetrock,Mechanical,2026-01-26
20024.0339,767,A3,EASTON PARK 60' LOT,9213 CALVERT WAY,2025-12-11,2026-01-02,2026-01-09,2026-01-13,NULL,NULL,NULL,NULL,NULL,NULL,2026-01-01,2026-01-12,2026-01-18,2026-04-26,2026-05-09,2026-05-23,2026-06-29,2026-07-11,2026-09-05,22,7,4,NULL,NULL,NULL,NULL,NULL,NULL,21,17,10,9,9,5,25,21,13,13,NULL,14,NULL,37,NULL,12,56,64,Mechanicals,Cornice,2026-01-13
20034.0235,204,D4,VENTANA 70' LOT,10436 GRAY HILLS DRIVE,2025-09-09,2025-10-07,2025-10-21,2025-10-28,2025-11-10,2025-11-18,2025-12-08,2025-12-15,2026-01-08,NULL,2025-09-23,2025-10-20,2025-10-26,2025-11-11,2025-11-23,2025-12-03,2026-01-01,2026-01-08,2026-04-26,28,14,7,13,8,20,7,24,NULL,NULL,14,NULL,13,NULL,5,14,17,13,13,15,12,NULL,24,23,40,41,39,Complete,Final,2026-01-08
20041.0058,20041.70,D1,SONOMA VERDE 70' LOT,1940 BENEDETTO WAY,2025-12-08,2025-12-17,2025-12-29,2026-01-04,2026-01-22,NULL,NULL,NULL,NULL,NULL,2025-12-22,2025-12-29,2026-01-04,2026-01-22,2026-04-26,2026-05-14,2026-06-06,2026-06-27,2026-07-05,9,12,6,18,NULL,NULL,NULL,NULL,NULL,NULL,14,12,13,6,6,18,16,NULL,12,NULL,18,23,17,21,17,8,60,Sheetrock,Mechanical,2026-01-22
20041.0072,20041.70,D1,SONOMA VERDE 70' LOT,1851 COSTA VERDE DRIVE,2025-09-16,2025-10-09,2025-10-21,2025-10-23,2025-11-07,2025-11-18,2025-12-02,2025-12-12,2025-12-30,NULL,2025-09-30,2025-10-21,2025-10-27,2025-11-10,2025-11-19,2025-12-06,2025-12-25,2025-12-30,2026-04-26,23,12,2,15,11,14,10,18,NULL,NULL,14,12,13,6,6,18,16,NULL,12,NULL,18,23,17,21,17,8,60,Complete,Final,2025-12-30
20043.0115,20043.401,D2,THE PARKS AT WILSON CREEK 40' LOT (B),2736 ACADIA MEWS,2025-06-18,2025-06-26,2025-07-14,2025-07-22,2025-08-12,2025-08-28,2025-09-08,2025-10-03,2025-10-08,NULL,2025-06-30,2025-07-06,2025-07-18,2025-08-05,2025-08-24,2025-09-08,2025-09-25,2025-10-08,2026-04-26,8,18,8,21,16,11,25,5,NULL,NULL,12,NULL,10,NULL,4,NULL,14,NULL,12,NULL,11,NULL,17,NULL,18,91,88,Complete,Final,2025-10-08
20056.0129,648,D2,CAMBRIDGE CROSSING 50' LOT,2209 PINNER COURT (M),2025-06-17,2025-06-20,2025-06-25,2025-06-27,2025-07-04,2025-07-10,2025-07-21,2025-07-31,2025-08-07,NULL,2025-06-29,2025-07-01,2025-06-30,2025-07-10,2025-07-16,2025-07-21,2025-08-07,2025-08-07,2026-04-26,3,5,2,7,6,11,10,7,NULL,12,12,11,10,5,4,13,14,12,12,NULL,11,NULL,17,NULL,18,108,88,Complete,Final,2025-08-07
20066.0519,665,D2,DEVONSHIRE 45' LOT,2021 BREWERS LANE,2026-01-14,NULL,NULL,NULL,NULL,NULL,NULL,NULL,NULL,NULL,2026-04-26,2026-05-04,2026-05-09,2026-05-23,2026-06-06,2026-06-18,2026-07-06,2026-07-16,2026-09-28,NULL,NULL,NULL,NULL,NULL,NULL,NULL,NULL,NULL,11,12,8,10,5,4,NULL,14,14,12,12,11,18,17,10,18,74,88,Foundation,Released,2026-01-14
20085.0040,316,D3,MOSAIC 50' LOT,4417 COTTON SEED WAY,2025-04-11,2025-04-14,2025-04-30,2025-05-06,2025-06-04,2025-06-09,2025-06-17,2025-07-28,2025-08-30,NULL,2025-04-30,2025-04-21,2025-05-03,2025-05-19,2025-06-17,2025-06-29,2025-07-16,2025-08-30,2026-04-26,3,16,6,29,5,8,41,33,NULL,19,12,7,10,NULL,3,NULL,13,NULL,13,NULL,20,NULL,29,NULL,21,126,92,Complete,Final,2025-08-30
20088.0156,20088.65,D4,SWEETGRASS 65' LOT,800 BARBERRY BOULEVARD (M),2025-12-22,2025-12-26,2026-01-02,2026-01-07,2026-01-15,2026-01-21,NULL,NULL,NULL,NULL,2025-12-30,2026-01-03,2026-01-08,2026-01-24,2026-01-28,2026-04-26,2026-05-20,2026-06-29,2026-08-07,4,7,5,8,6,NULL,NULL,NULL,NULL,8,14,8,13,6,5,NULL,17,NULL,13,NULL,12,NULL,24,NULL,40,NULL,39,Trim,Sheetrock,2026-01-21
20096.0097,20096.65,F1,SOUTHERN HILLS 65' LOT,4483 SOUTHERN VALLEY LOOP,2025-04-21,2025-06-04,2025-07-22,NULL,2025-09-30,2025-10-14,2025-11-03,NULL,NULL,NULL,2025-05-06,2025-07-02,NULL,2025-10-03,2025-10-15,2025-11-05,2026-04-26,2026-06-23,2026-08-04,44,48,NULL,70,14,20,NULL,NULL,NULL,NULL,15,NULL,28,NULL,NULL,73,31,NULL,15,NULL,22,NULL,46,58,47,42,17,Interior,Trim,2025-11-03
20096.0115,285,F1,SOUTHERN HILLS 80' LOT,5386 CROWN PEAK COURT,2025-12-30,NULL,NULL,NULL,NULL,NULL,NULL,NULL,NULL,NULL,2026-04-26,2026-05-24,NULL,2026-06-24,2026-07-23,2026-08-27,2026-11-10,2026-12-10,2026-12-17,NULL,NULL,NULL,NULL,NULL,NULL,NULL,NULL,NULL,24,15,NULL,28,NULL,NULL,NULL,31,29,15,35,22,75,46,30,47,7,17,Foundation,Released,2025-12-30
20108.0935,188,H6,SIENNA 65' LOT,1527 WARM SPRING DRIVE,2025-10-22,2025-11-05,2025-11-19,2025-11-24,2025-12-11,2025-12-22,2026-01-12,NULL,NULL,NULL,2025-10-29,2025-11-19,2025-11-23,2025-12-07,2025-12-22,2026-01-12,2026-04-26,2026-05-08,2026-08-10,14,14,5,17,11,21,NULL,NULL,NULL,7,10,NULL,14,NULL,4,NULL,13,11,9,21,16,19,20,NULL,12,94,58,Interior,Trim,2026-01-12
20108.0937,188,H6,SIENNA 65' LOT,1535 WARM SPRING DRIVE,2026-01-14,2026-01-21,NULL,NULL,NULL,NULL,NULL,NULL,NULL,NULL,2026-01-21,2026-04-26,2026-04-30,2026-05-13,2026-05-24,2026-06-14,2026-07-03,2026-07-15,2026-10-17,7,NULL,NULL,NULL,NULL,NULL,NULL,NULL,NULL,7,10,NULL,14,NULL,4,NULL,13,11,9,21,16,19,20,NULL,12,94,58,Frame,Foundation,2026-01-21
20108.1032,102,H6,SIENNA 55' LOT,2119 ORCHARD ROSE DRIVE,2025-12-04,2025-12-18,2026-01-08,2026-01-13,2026-01-20,NULL,NULL,NULL,NULL,NULL,2025-12-13,2026-01-05,2026-01-12,2026-01-25,2026-04-26,2026-05-08,2026-06-02,2026-06-15,2026-08-12,14,21,5,7,NULL,NULL,NULL,NULL,NULL,9,10,18,14,4,4,12,13,10,9,12,16,25,20,13,12,58,58,Sheetrock,Mechanical,2026-01-20
20108.1102,102,H6,SIENNA 55' LOT,2031 PLAYA VALENCIA,2025-10-24,2025-10-31,2025-11-14,2025-11-20,2025-12-02,2025-12-15,2025-12-22,2026-01-15,NULL,NULL,2025-11-02,2025-11-18,2025-11-18,2025-12-02,2025-12-12,2025-12-27,2026-01-16,2026-04-26,2026-06-23,7,14,6,12,13,7,24,NULL,NULL,9,10,18,14,4,4,12,13,10,9,12,16,25,20,13,12,58,58,Final,Interior,2026-01-15
20108.1146,602,H6,SIENNA 50' LOT,1426 WATERMONT DRIVE,2025-12-22,2026-01-05,2026-01-15,2026-01-21,NULL,NULL,NULL,NULL,NULL,NULL,2025-12-31,2026-01-16,2026-01-19,2026-04-26,2026-05-05,2026-05-21,2026-06-01,2026-06-16,2026-09-22,14,10,6,NULL,NULL,NULL,NULL,NULL,NULL,9,10,11,14,4,4,10,13,NULL,9,NULL,16,11,20,15,12,98,58,Mechanicals,Cornice,2026-01-21
20132.0869,612,H1,MERIDIANA 70' LOT,9014 SIERRA NEVADA DRIVE,2025-12-09,2025-12-22,NULL,NULL,NULL,NULL,NULL,NULL,NULL,NULL,2025-12-22,2026-04-26,2026-05-04,2026-05-17,2026-05-29,2026-06-17,2026-07-28,2026-08-07,2026-11-03,13,NULL,NULL,NULL,NULL,NULL,NULL,NULL,NULL,13,11,25,19,8,8,13,11,NULL,12,NULL,19,NULL,41,NULL,10,NULL,88,Frame,Foundation,2025-12-22
20132.0987,20132.601,H1,MERIDIANA SERENITY 60' LOT,9410 TURNSTONE DRIVE,2025-07-28,2025-08-06,2025-08-19,2025-09-04,2025-09-10,2025-09-22,2025-10-10,2025-10-16,2025-10-22,NULL,2025-08-15,2025-08-15,2025-08-25,2025-09-11,2025-09-22,2025-10-11,2025-11-20,2025-10-22,2026-04-26,9,13,16,6,12,18,6,6,NULL,18,11,9,19,6,8,7,11,NULL,12,NULL,19,NULL,41,NULL,10,NULL,88,Complete,Final,2025-10-22
20132.1167,711,H1,MERIDIANA 50' LOT,9502 CHATEAU HILL DRIVE,2025-09-30,2025-10-14,2025-11-11,2025-11-14,2025-11-21,2025-12-02,2025-12-10,NULL,NULL,NULL,2025-10-14,2025-11-01,2025-11-16,2025-11-25,2025-12-03,2025-12-10,2026-04-26,2026-05-06,2026-08-02,14,28,3,7,11,8,NULL,NULL,NULL,14,11,18,19,5,8,NULL,11,12,12,8,19,NULL,41,NULL,10,NULL,88,Interior,Trim,2025-12-10
20165.0048,280,H1,VALENCIA 60' LOT,6531 SPARKLING CITRUS STREET,2025-10-16,2025-10-24,2025-11-12,2025-11-19,2025-12-01,2025-12-15,2026-01-05,2026-01-09,2026-01-21,NULL,2025-10-24,2025-11-12,2025-11-20,2025-11-30,2025-12-15,2026-01-01,2026-01-11,2026-01-21,2026-04-26,8,19,7,12,14,21,4,12,NULL,8,11,NULL,19,NULL,8,11,11,14,12,17,19,6,41,12,10,95,88,Complete,Final,2026-01-21
20165.0209,281,H1,VALENCIA 70' LOT,19003 MANDARIN STREET,2025-07-16,2025-07-28,2025-08-25,2025-09-02,2025-09-24,2025-09-30,2025-10-06,2025-10-30,2025-11-07,NULL,2025-07-24,2025-08-22,2025-08-27,2025-09-13,2025-10-06,2025-10-19,2025-11-16,2025-11-07,2026-04-26,12,28,8,22,6,6,24,8,NULL,8,11,25,19,2,8,NULL,11,NULL,12,NULL,19,NULL,41,NULL,10,107,88,Complete,Final,2025-11-07
20165.0238,274,H1,VALENCIA 50' LOT,18414 MAHOGANY GLOW LANE,2025-12-29,2026-01-09,NULL,NULL,NULL,NULL,NULL,NULL,NULL,NULL,2026-01-05,2026-04-26,2026-05-04,2026-05-15,2026-05-27,2026-06-15,2026-07-26,2026-08-05,2026-09-30,11,NULL,NULL,NULL,NULL,NULL,NULL,NULL,NULL,7,11,20,19,8,8,11,11,NULL,12,NULL,19,NULL,41,NULL,10,56,88,Frame,Foundation,2026-01-09
20165.0280,274,H1,VALENCIA 50' LOT,18410 SHADED SYLVAN PATH,2026-01-22,NULL,NULL,NULL,NULL,NULL,NULL,NULL,NULL,NULL,2026-04-26,2026-05-16,2026-05-24,2026-06-04,2026-06-16,2026-07-05,2026-08-15,2026-08-25,2026-10-20,NULL,NULL,NULL,NULL,NULL,NULL,NULL,NULL,NULL,7,11,20,19,8,8,11,11,NULL,12,NULL,19,NULL,41,NULL,10,56,88,Foundation,Released,2026-01-22
20181.0989,582,H5,BRIDGELAND 55' LOT,21958 FROSTED ELFIN DRIVE,2025-12-30,2026-01-07,NULL,NULL,NULL,NULL,NULL,NULL,NULL,NULL,2026-01-07,2026-04-26,2026-05-01,2026-05-10,2026-05-22,2026-06-05,2026-07-01,2026-07-14,2026-10-28,8,NULL,NULL,NULL,NULL,NULL,NULL,NULL,NULL,8,9,19,15,NULL,5,9,16,12,12,14,17,26,18,13,10,106,76,Frame,Foundation,2026-01-07
20181.1050,619,H5,BRIDGELAND 45' LOT,21923 WOODLAND HAWTHORN LANE,2025-05-22,2025-06-04,2025-06-25,2025-06-30,2025-07-11,2025-07-21,2025-08-04,2025-08-22,2025-09-02,NULL,2025-06-02,2025-06-15,2025-06-30,2025-07-16,2025-07-27,2025-08-07,2025-08-27,2025-09-02,2026-04-26,13,21,5,11,10,14,18,11,NULL,11,9,11,15,5,5,NULL,16,16,12,17,17,23,18,NULL,10,36,76,Complete,Final,2025-09-02
20182.0853,716,H2,AMIRA 50' LOT,19835 EPONA CREEK DRIVE,2025-10-08,2025-10-20,2025-11-03,2025-11-10,2025-11-20,2025-12-12,NULL,NULL,NULL,NULL,2025-10-17,2025-11-06,2025-11-06,2025-11-22,2025-12-01,2026-04-26,2026-05-16,2026-05-31,2026-06-15,12,14,7,10,22,NULL,NULL,NULL,NULL,NULL,9,NULL,17,NULL,3,NULL,12,NULL,11,NULL,17,20,16,15,25,15,54,Trim,Sheetrock,2025-12-12
20183.0223,799,H2,AUDUBON PARK 60' LOT,39011 HERONRY WAY (M),2025-10-29,2025-11-13,2025-11-26,2025-12-03,2025-12-11,2025-12-22,2026-01-22,2026-01-24,NULL,NULL,2025-11-10,2025-11-28,2025-12-01,2025-12-14,2025-12-22,2026-01-08,2026-02-07,2026-04-26,2026-06-19,15,13,7,8,11,31,2,NULL,NULL,12,9,15,17,5,3,11,12,11,11,NULL,17,NULL,16,NULL,25,NULL,54,Final,Interior,2026-01-24
20183.0235,220,H2,AUDUBON PARK 45' LOT,501 AUDUBONS SHEARWATER WAY,2025-09-19,2025-09-29,2025-10-13,2025-10-17,2025-10-30,2025-11-10,2025-11-20,2025-12-12,2025-12-24,NULL,2025-10-02,2025-10-11,2025-10-15,2025-10-29,2025-11-18,2025-11-23,2025-12-06,2025-12-24,2026-04-26,10,14,4,13,11,10,22,12,NULL,13,9,12,17,2,3,12,12,19,11,13,17,16,16,15,25,36,54,Complete,Final,2025-12-24
20205.0197,792,H4,THE HIGHLANDS 65' LOT,8314 MOUNT WASHBURN COURT,2025-10-20,2025-10-27,2025-11-07,2025-11-12,2025-11-20,2025-12-03,2025-12-14,2026-01-12,2026-01-15,NULL,2025-11-01,2025-11-10,2025-11-10,2025-11-22,2025-12-01,2025-12-28,2026-01-12,2026-01-15,2026-04-26,7,11,5,8,13,11,29,3,NULL,12,9,14,12,3,3,10,9,11,10,25,15,29,17,15,13,10,97,Complete,Final,2026-01-15
20209.0152,300,H4,THE WOODLANDS HILLS 40' LOT,608 CRESTED DUCK COURT,2025-12-19,2026-01-02,2026-01-13,2026-01-16,2026-01-28,NULL,NULL,NULL,NULL,NULL,2026-01-02,2026-01-13,2026-01-16,2026-01-28,2026-04-26,2026-05-07,2026-05-16,2026-05-20,2026-08-24,14,11,3,12,NULL,NULL,NULL,NULL,NULL,14,9,11,12,3,3,12,9,11,10,11,15,9,17,4,13,96,97,Sheetrock,Mechanical,2026-01-28
20209.0153,300,H4,THE WOODLANDS HILLS 40' LOT,604 CRESTED DUCK COURT,2025-05-29,2025-06-18,2025-06-27,2025-07-03,2025-07-18,2025-07-28,2025-08-13,2025-08-23,2025-08-28,NULL,2025-06-12,2025-06-29,2025-06-30,2025-07-15,2025-07-29,2025-08-08,2025-08-22,2025-08-28,2026-04-26,20,9,6,15,10,16,10,5,NULL,14,9,11,12,3,3,12,9,11,10,11,15,9,17,4,13,96,97,Complete,Final,2025-08-28
20215.0337,194,H4,ARTAVIA 45' LOT,18114 RAMSEY WAY LANE,2025-08-28,2025-09-03,2025-09-10,2025-09-12,2025-09-23,2025-09-29,2025-10-15,2025-10-21,2025-10-24,NULL,2025-09-04,2025-09-07,2025-09-15,2025-09-21,2025-10-03,2025-10-14,2025-11-01,2025-10-24,2026-04-26,6,7,2,11,6,16,6,3,NULL,7,9,4,12,5,3,NULL,9,NULL,10,NULL,15,NULL,17,NULL,13,152,97,Complete,Final,2025-10-24
20215.0361,735,H4,ARTAVIA 50' LOT,18211 HARDY FIR COURT,2025-06-11,2025-06-23,2025-07-11,2025-07-14,2025-07-26,2025-08-05,2025-08-18,2025-09-10,2025-10-02,NULL,2025-06-20,2025-07-05,2025-07-14,2025-07-23,2025-08-05,2025-09-03,2025-09-01,2025-10-02,2026-04-26,12,18,3,12,10,13,23,22,NULL,NULL,9,NULL,12,NULL,3,NULL,9,NULL,10,29,15,14,17,8,13,94,97,Complete,Final,2025-10-02
20233.0594,617,H3,JORDAN RANCH 50' LOT,31522 MEADOW PLACE LANE,2025-12-02,2025-12-12,2025-12-29,2026-01-05,2026-01-16,2026-01-26,NULL,NULL,NULL,NULL,2025-12-13,2025-12-29,2026-01-03,2026-01-19,2026-01-26,2026-04-26,2026-05-19,2026-05-31,2026-08-20,10,17,7,11,10,NULL,NULL,NULL,NULL,11,9,17,15,5,5,14,12,10,9,NULL,16,NULL,23,NULL,12,NULL,81,Trim,Sheetrock,2026-01-26
20233.0600,617,H3,JORDAN RANCH 50' LOT,31414 MEADOW PLACE LANE,2025-12-18,2025-12-29,2026-01-20,2026-01-26,NULL,NULL,NULL,NULL,NULL,NULL,2025-12-29,2026-01-15,2026-01-25,2026-04-26,2026-05-06,2026-05-22,2026-06-14,2026-06-26,2026-09-15,11,22,6,NULL,NULL,NULL,NULL,NULL,NULL,11,9,17,15,5,5,14,12,10,9,NULL,16,NULL,23,NULL,12,NULL,81,Mechanicals,Cornice,2026-01-26
20233.0601,617,H3,JORDAN RANCH 50' LOT,31410 MEADOW PLACE LANE,2025-12-22,2025-12-29,2026-01-16,2026-01-21,NULL,NULL,NULL,NULL,NULL,NULL,2026-01-02,2026-01-15,2026-01-21,2026-04-26,2026-05-06,2026-05-22,2026-06-14,2026-06-26,2026-09-15,7,18,5,NULL,NULL,NULL,NULL,NULL,NULL,11,9,17,15,5,5,14,12,10,9,NULL,16,NULL,23,NULL,12,NULL,81,Mechanicals,Cornice,2026-01-21
20237.0061,225,H5,KATY COURT 70' LOT,25246 BAMBURGH DRIVE,2025-12-01,2025-12-12,2025-12-24,2025-12-30,2026-01-09,2026-01-20,NULL,NULL,NULL,NULL,2025-12-11,2025-12-28,2025-12-29,2026-01-09,2026-01-20,2026-04-26,2026-05-09,2026-05-19,2026-10-17,11,12,6,10,11,NULL,NULL,NULL,NULL,10,9,16,15,5,5,10,16,11,12,28,17,13,18,NULL,10,151,76,Trim,Sheetrock,2026-01-20
20237.0069,225,H5,KATY COURT 70' LOT,25218 FRAMLINGHAM DRIVE,2025-12-17,2025-12-30,2026-01-16,2026-01-21,NULL,NULL,NULL,NULL,NULL,NULL,2025-12-27,2026-01-15,2026-01-21,2026-04-26,2026-05-07,2026-06-04,2026-06-17,2026-06-27,2026-11-25,13,17,5,NULL,NULL,NULL,NULL,NULL,NULL,10,9,16,15,5,5,10,16,11,12,28,17,13,18,NULL,10,151,76,Mechanicals,Cornice,2026-01-21
20237.0113,20237.65,H5,KATY COURT 65' LOT,25514 HASTINGS DRIVE,2025-11-06,2025-11-18,2025-12-02,2025-12-08,2025-12-16,2025-12-24,NULL,NULL,NULL,NULL,2025-11-15,2025-12-03,2025-12-07,2025-12-24,2025-12-27,2026-04-26,2026-05-14,2026-05-24,2026-08-08,12,14,6,8,8,NULL,NULL,NULL,NULL,NULL,9,NULL,15,NULL,5,NULL,16,11,12,29,17,NULL,18,NULL,10,NULL,76,Trim,Sheetrock,2025-12-24
20238.0730,730,H5,ELYSON 45' LOT,7327 HEMLOCK CREST DRIVE,2026-01-05,2026-01-14,NULL,NULL,NULL,NULL,NULL,NULL,NULL,NULL,2026-01-14,2026-04-26,2026-04-29,2026-05-15,2026-05-26,2026-06-09,2026-06-26,2026-06-29,2026-07-18,9,NULL,NULL,NULL,NULL,NULL,NULL,NULL,NULL,9,9,11,15,3,5,16,16,11,12,14,17,17,18,3,10,19,76,Frame,Foundation,2026-01-14
20238.0809,159,H5,ELYSON 70' LOT,25007 GOLDEN TALLGRASS DRIVE,2025-10-15,2025-10-23,2025-11-20,2025-11-21,2025-12-22,2026-01-08,2026-01-23,NULL,NULL,NULL,2025-10-23,2025-11-05,2025-11-26,2025-12-11,2026-01-05,2026-01-25,2026-04-26,2026-05-06,2026-08-09,8,28,1,31,17,15,NULL,NULL,NULL,8,9,13,15,6,5,20,16,14,12,17,17,14,18,NULL,10,95,76,Interior,Trim,2026-01-23
20238.0814,159,H5,ELYSON 70' LOT,7118 QUAKER MEADOWS DRIVE,2025-12-04,2025-12-19,2025-12-31,2026-01-08,2026-01-21,NULL,NULL,NULL,NULL,NULL,2025-12-12,2026-01-01,2026-01-06,2026-01-28,2026-04-26,2026-05-13,2026-05-27,2026-06-06,2026-09-09,15,12,8,13,NULL,NULL,NULL,NULL,NULL,8,9,13,15,6,5,20,16,14,12,17,17,14,18,NULL,10,95,76,Sheetrock,Mechanical,2026-01-21
20243.0257,175,H5,MARVIDA 45' LOT,8703 BLUE CORAL LANE,2026-01-06,2026-01-14,2026-01-28,NULL,NULL,NULL,NULL,NULL,NULL,NULL,2026-01-15,2026-01-28,2026-04-26,2026-05-10,2026-05-19,2026-06-04,2026-06-17,2026-06-25,2026-09-21,8,14,NULL,NULL,NULL,NULL,NULL,NULL,NULL,9,9,14,15,5,5,14,16,9,12,16,17,13,18,8,10,88,76,Cornice,Frame,2026-01-28
20252.0335,290,H6,STONECREEK ESTATES 50' LOT,5227 FLAT STONE LANE,2025-07-07,2025-07-22,2025-08-15,2025-08-21,2025-09-03,2025-09-15,2025-09-29,2025-10-10,2025-10-17,NULL,2025-07-19,2025-08-06,2025-08-20,2025-09-03,2025-09-13,2025-10-01,2025-10-21,2025-10-17,2026-04-26,15,24,6,13,12,14,11,7,NULL,12,10,15,14,5,4,13,13,10,9,16,16,22,20,13,12,32,58,Complete,Final,2025-10-17
20252.0383,290,H6,STONECREEK ESTATES 50' LOT,5230 OBSIDIAN FIELD DRIVE,2025-11-06,2025-11-13,2025-12-05,2025-12-11,2025-12-22,2025-12-31,2026-01-16,2026-01-14,NULL,NULL,2025-11-18,2025-11-28,2025-12-10,2025-12-24,2026-01-01,2026-01-16,2026-02-07,2026-04-26,2026-05-28,7,22,6,11,9,16,-2,NULL,NULL,12,10,15,14,5,4,13,13,10,9,16,16,22,20,13,12,32,58,Final,Interior,2026-01-16
20252.0501,20252.601,H6,STONECREEK ESTATES 60' LOT (B),2218 ALABASTER ESTATE DRIVE,2025-12-04,2025-12-15,2025-12-30,2026-01-02,2026-01-15,2026-01-22,NULL,NULL,NULL,NULL,2025-12-14,2026-01-05,2026-01-03,2026-01-18,2026-01-24,2026-04-26,2026-05-09,2026-05-23,2026-06-06,11,15,3,13,7,NULL,NULL,NULL,NULL,10,10,21,14,4,4,16,13,9,9,17,16,13,20,14,12,14,58,Trim,Sheetrock,2026-01-22
20252.0532,20252.601,H6,STONECREEK ESTATES 60' LOT (B),2231 ALABASTER ESTATE DRIVE,2025-10-06,2025-10-16,2025-11-30,2025-12-03,2025-12-18,2025-12-29,NULL,NULL,NULL,NULL,2025-10-16,2025-11-06,2025-12-04,2025-12-19,2025-12-27,2026-04-26,2026-05-09,2026-05-23,2026-06-06,10,45,3,15,11,NULL,NULL,NULL,NULL,10,10,21,14,4,4,16,13,9,9,17,16,13,20,14,12,14,58,Trim,Sheetrock,2025-12-29
20267.0340,772,H3,CANDELA 40' LOT,26743 AZALEA SKY DRIVE,2025-07-24,2025-07-30,2025-08-07,2025-08-14,2025-08-21,2025-08-28,2025-09-12,2025-09-29,2025-10-07,NULL,2025-08-01,2025-08-13,2025-08-12,2025-08-27,2025-08-29,2025-09-13,2025-10-05,2025-10-07,2026-04-26,6,8,7,7,7,15,17,8,NULL,8,9,14,15,5,5,13,12,8,9,NULL,16,NULL,23,NULL,12,105,81,Complete,Final,2025-10-07
20267.0563,773,H3,CANDELA 50' LOT,26910 HYDIAN WAY,2025-10-08,2025-10-15,2025-11-07,2025-11-11,2025-11-21,2025-12-02,2025-12-15,2026-01-27,NULL,NULL,2025-10-17,2025-10-30,2025-11-10,2025-11-22,2025-11-30,2025-12-13,2026-02-17,2026-04-26,2026-07-16,7,23,4,10,11,13,43,NULL,NULL,9,9,15,15,3,5,11,12,9,9,11,16,64,23,NULL,12,NULL,81,Final,Interior,2026-01-27
20267.0573,773,H3,CANDELA 50' LOT,26830 BRILLIANT BROOK DRIVE,2025-08-26,2025-09-04,2025-09-17,2025-09-23,2025-10-04,2025-10-13,2025-11-03,2026-01-27,NULL,NULL,2025-09-04,2025-09-19,2025-09-20,2025-10-04,2025-10-13,2025-10-24,2026-01-06,2026-04-26,2026-07-16,9,13,6,11,9,21,85,NULL,NULL,9,9,15,15,3,5,11,12,9,9,11,16,64,23,NULL,12,NULL,81,Final,Interior,2026-01-27
20272.0528,604,H6,HARVEST GREEN 60' LOT,3119 TULIP TERRACE TRAIL,2025-10-15,2025-10-22,2025-11-10,2025-11-11,2025-11-22,2025-12-03,2025-12-22,2026-01-12,NULL,NULL,2025-10-27,2025-11-03,2025-11-15,2025-11-22,2025-12-03,2025-12-22,2026-01-12,2026-04-26,2026-06-23,7,19,1,11,11,19,21,NULL,NULL,12,10,12,14,5,4,11,13,11,9,19,16,21,20,NULL,12,NULL,58,Final,Interior,2026-01-12
20286.0088,190,S1,VIDA 50' LOT,10726 SALEH CORNER,2025-12-10,2025-12-23,2026-01-12,2026-01-15,NULL,NULL,NULL,NULL,NULL,NULL,2025-12-30,2026-01-08,2026-01-17,2026-04-26,2026-05-12,2026-05-30,2026-06-20,2026-07-22,2026-11-28,13,20,3,NULL,NULL,NULL,NULL,NULL,NULL,20,16,16,11,5,7,14,15,16,18,18,17,21,28,32,15,129,110,Mechanicals,Cornice,2026-01-15
20290.0100,152,S1,ALSATIAN OAKS 50' LOT,574 WHITE OAK,2025-06-30,2025-07-03,2025-07-14,2025-07-21,2025-07-29,2025-08-13,2025-08-29,2025-09-18,2025-10-07,NULL,2025-07-12,2025-07-12,2025-07-20,2025-08-04,2025-08-16,2025-08-30,2025-09-25,2025-10-07,2026-04-26,3,11,7,8,15,16,20,19,NULL,12,16,9,11,6,7,14,15,NULL,18,NULL,17,27,28,5,15,156,110,Complete,Final,2025-10-07
20294.0034,251,S1,MEGAN'S LANDING 1/2 ACRE LOT,170 CHRISTIAN STREET,2025-08-14,2025-08-28,2025-09-24,2025-10-06,2025-10-30,2025-11-17,2025-12-02,2026-01-02,2026-01-13,NULL,2025-08-30,2025-09-17,2025-10-04,2025-10-25,2025-11-13,2025-12-05,2026-01-02,2026-01-13,2026-04-26,14,27,12,24,18,15,31,11,NULL,NULL,16,20,11,10,7,19,15,14,18,18,17,31,28,14,15,51,110,Complete,Final,2026-01-13
20301.0186,606,S2,RANCHES AT CREEKSIDE 55' LOT,158 OLMOS CREEK,2025-12-31,2026-01-20,NULL,NULL,NULL,NULL,NULL,NULL,NULL,NULL,2026-01-19,2026-04-26,2026-05-03,2026-05-16,2026-05-31,2026-06-14,2026-07-10,2026-07-23,2026-09-29,20,NULL,NULL,NULL,NULL,NULL,NULL,NULL,NULL,19,20,6,10,7,7,13,17,15,12,14,17,26,30,13,16,68,96,Frame,Foundation,2026-01-20
20313.0047,160,S2,CORLEY FARMS 50' LOT,140 MERRY CALF LANE,2025-11-11,2025-11-24,2025-12-03,2025-12-08,2025-12-19,2026-01-02,2026-01-13,NULL,NULL,NULL,2025-12-01,2025-12-04,2025-12-08,2025-12-25,2026-01-01,2026-01-18,2026-04-26,2026-05-10,2026-08-06,13,9,5,11,14,11,NULL,NULL,NULL,NULL,20,10,10,5,7,17,17,13,12,16,17,21,30,14,16,88,96,Interior,Trim,2026-01-13
20316.0139,20316.55,S3,HOMESTEAD 55' LOT,5005 KIMBLE WAY,2025-10-23,2025-11-07,2025-11-11,2025-11-19,2025-12-04,2025-12-17,2025-12-30,2026-01-20,NULL,NULL,2025-11-11,2025-11-13,2025-11-18,2025-12-15,2025-12-17,2025-12-28,2026-01-23,2026-04-26,2026-10-01,15,4,8,15,13,13,21,NULL,NULL,19,14,6,12,7,7,26,15,13,12,11,15,24,23,1,12,158,98,Final,Interior,2026-01-20
20316.0170,20316.55,S3,HOMESTEAD 55' LOT,5186 ELLIS WAY,2025-10-23,2025-11-07,2025-11-14,2025-11-19,2025-12-17,2025-12-31,2026-01-14,NULL,NULL,NULL,2025-11-11,2025-11-13,2025-11-21,2025-12-15,2025-12-30,2026-01-11,2026-04-26,2026-04-27,2026-10-02,15,7,5,28,14,14,NULL,NULL,NULL,19,14,6,12,7,7,26,15,13,12,11,15,24,23,1,12,158,98,Interior,Trim,2026-01-14
20320.0081,20320.80,S2,ESPERANZA 80' LOT,112 TORTUGA,2025-06-12,2025-06-24,2025-07-01,2025-07-13,2025-07-26,2025-08-08,2025-08-25,2025-10-01,2025-10-15,NULL,2025-07-06,2025-07-03,2025-07-22,2025-07-27,2025-08-09,2025-09-09,2025-09-14,2025-10-15,2026-06-30,12,7,12,13,13,17,37,14,NULL,24,20,9,10,21,7,14,17,14,12,32,17,20,30,10,16,258,96,Complete,Final,2025-10-15
20320.0124,20320.60,S2,ESPERANZA 60' LOT,438 FANDANGO,2025-01-30,2025-02-10,2025-02-18,2025-02-24,2025-03-14,2025-03-26,2025-04-04,2025-04-30,2025-05-28,NULL,2025-02-22,2025-02-14,2025-02-27,2025-03-06,2025-03-21,2025-04-18,2025-05-04,2025-05-28,2026-04-26,11,8,6,18,12,9,26,28,NULL,23,20,4,10,9,7,10,17,7,12,23,17,NULL,30,NULL,16,235,96,Complete,Final,2025-05-28
20344.0173,288,S3,MEADOWS OF MILL CREEK 50' LOT,1727 GYST ROAD,2025-12-29,NULL,NULL,NULL,NULL,NULL,NULL,NULL,NULL,NULL,2026-04-26,2026-05-20,2026-05-28,2026-06-12,2026-06-21,2026-07-12,2026-07-27,2026-08-08,2026-12-05,NULL,NULL,NULL,NULL,NULL,NULL,NULL,NULL,NULL,20,14,24,12,8,7,15,15,9,12,21,15,15,23,NULL,12,119,98,Foundation,Released,2025-12-29
20345.0062,283,S3,MAYFAIR 50' LOT,451 CLEVELAND WAY,2025-12-23,2026-01-08,2026-01-20,2026-01-23,NULL,NULL,NULL,NULL,NULL,NULL,2026-01-04,2026-01-15,2026-01-24,2026-04-26,2026-05-08,2026-05-23,2026-06-15,2026-06-27,2026-08-23,16,12,3,NULL,NULL,NULL,NULL,NULL,NULL,12,14,7,12,4,7,NULL,15,NULL,12,NULL,15,NULL,23,NULL,12,57,98,Mechanicals,Cornice,2026-01-23
20352.0022,20352.40,H6,BROOKEWATER 40' LOT,5054 HENRY MERRITT STREET,2025-10-09,2025-10-23,2025-11-10,2025-11-14,2025-11-25,2025-12-01,2025-12-17,2026-01-06,2026-01-15,NULL,2025-10-21,2025-11-08,2025-11-13,2025-12-02,2025-12-07,2025-12-19,2026-01-06,2026-01-15,2026-04-26,14,18,4,11,6,16,20,9,NULL,12,10,16,14,3,4,18,13,12,9,18,16,20,20,9,12,101,58,Complete,Final,2026-01-15
20352.0039,20352.40,H6,BROOKEWATER 40' LOT,311 EILEEN DRIVE,2025-12-18,2025-12-31,2026-01-22,2026-01-27,NULL,NULL,NULL,NULL,NULL,NULL,2025-12-30,2026-01-16,2026-01-25,2026-04-26,2026-05-08,2026-05-26,2026-06-15,2026-06-24,2026-10-03,13,22,5,NULL,NULL,NULL,NULL,NULL,NULL,12,10,16,14,3,4,18,13,12,9,18,16,20,20,9,12,101,58,Mechanicals,Cornice,2026-01-27
20352.0040,20352.40,H6,BROOKEWATER 40' LOT,307 EILEEN DRIVE,2025-08-04,2025-08-12,2025-08-26,2025-09-04,2025-09-16,2025-09-22,2025-10-03,2025-10-24,2025-11-04,NULL,2025-08-16,2025-08-28,2025-08-29,2025-09-22,2025-09-28,2025-10-10,2025-10-23,2025-11-04,2026-04-26,8,14,9,12,6,11,21,11,NULL,12,10,16,14,3,4,18,13,12,9,18,16,20,20,9,12,101,58,Complete,Final,2025-11-04
20353.0031,20353.50,A1,PARMER RANCH 50' LOT,613 ESTACADO LANE,2025-12-03,2025-12-22,2025-12-30,2026-01-06,2026-01-28,NULL,NULL,NULL,NULL,NULL,2025-12-21,2025-12-30,2026-01-04,2026-01-25,2026-04-26,2026-05-10,2026-05-27,2026-06-08,2026-11-20,19,8,7,22,NULL,NULL,NULL,NULL,NULL,18,15,8,9,5,6,19,15,12,13,14,17,17,39,12,11,165,96,Sheetrock,Mechanical,2026-01-28
20353.0061,20353.50,A1,PARMER RANCH 50' LOT,1005 GLEN HEATHER DRIVE (M),2024-05-22,2024-05-30,2024-06-04,2024-06-11,2024-06-21,2024-07-08,2024-07-24,2024-07-26,2024-08-02,NULL,2024-06-09,2024-06-07,2024-06-09,2024-06-30,2024-07-03,2024-07-22,2024-08-10,2024-08-02,2026-04-26,8,5,7,10,17,16,2,7,NULL,18,15,8,9,5,6,19,15,12,13,14,17,17,39,12,11,165,96,Complete,Final,2024-08-02
20357.0058,20357.50,S3,THE PARKLANDS 40'/50' Lot,5074 OBISPO CIRCLE,2026-01-02,2026-01-15,2026-01-26,NULL,NULL,NULL,NULL,NULL,NULL,NULL,2026-01-13,2026-01-24,2026-04-26,2026-05-11,2026-05-23,2026-06-07,2026-06-30,2026-07-12,2026-10-18,13,11,NULL,NULL,NULL,NULL,NULL,NULL,NULL,11,14,9,12,6,7,NULL,15,NULL,12,NULL,15,NULL,23,NULL,12,NULL,98,Cornice,Frame,2026-01-26
20358.0044,20358.50,H2,TWO STEP FARM 50' LOT,9014 BABBLING BROOK DRIVE,2025-12-04,2025-12-11,2025-12-30,2026-01-07,2026-01-16,2026-01-26,NULL,NULL,NULL,NULL,2025-12-22,2025-12-30,2026-01-07,2026-01-16,2026-01-26,2026-04-26,2026-05-12,2026-06-06,2026-07-30,7,19,8,9,10,NULL,NULL,NULL,NULL,18,9,19,17,8,3,9,12,10,11,15,17,NULL,16,NULL,25,NULL,54,Trim,Sheetrock,2026-01-26
20358.0057,20358.50,H2,TWO STEP FARM 50' LOT,9031 BABBLING BROOK DRIVE,2025-10-21,2025-10-30,2025-11-12,2025-11-17,2025-11-25,2025-12-08,2025-12-22,NULL,NULL,NULL,2025-11-08,2025-11-18,2025-11-20,2025-11-26,2025-12-05,2025-12-23,2026-04-26,2026-05-21,2026-07-14,9,13,5,8,13,14,NULL,NULL,NULL,18,9,19,17,8,3,9,12,10,11,15,17,NULL,16,NULL,25,NULL,54,Interior,Trim,2025-12-22
20359.0034,20359.50,H3,GRANGE 50' LOT,441 SPRIGTAIL DRIVE,2025-08-18,2025-08-27,2025-09-15,2025-09-18,2025-10-07,2025-10-16,2025-10-28,2025-11-14,2025-11-26,NULL,2025-08-26,2025-09-13,2025-09-20,2025-10-03,2025-10-16,2025-10-28,2025-11-20,2025-11-26,2026-04-26,9,19,3,19,9,12,17,12,NULL,8,9,17,15,5,5,15,12,9,9,12,16,NULL,23,6,12,84,81,Complete,Final,2025-11-26
20359.0077,20359.60,H3,GRANGE 60' LOT,437 SOARING SPARROW TRAIL,2026-01-22,NULL,NULL,NULL,NULL,NULL,NULL,NULL,NULL,NULL,2026-04-26,2026-05-15,2026-05-18,2026-06-02,2026-06-13,2026-06-23,2026-07-15,2026-07-27,2026-12-20,NULL,NULL,NULL,NULL,NULL,NULL,NULL,NULL,NULL,10,9,19,15,3,5,15,12,11,9,10,16,22,23,NULL,12,146,81,Foundation,Released,2026-01-22
20360.0055,20360.75,A3,PARTEN 75'/85' LOT,821 OLD STONE ROAD,2025-11-10,2025-11-24,2025-12-09,2025-12-16,2026-01-15,NULL,NULL,NULL,NULL,NULL,2025-11-28,2025-12-03,2025-12-21,2026-01-08,2026-04-26,2026-05-19,2026-06-25,2026-07-22,2026-08-23,14,15,7,30,NULL,NULL,NULL,NULL,NULL,18,17,9,9,12,5,23,21,NULL,13,23,14,NULL,37,27,12,32,64,Sheetrock,Mechanical,2026-01-15
20360.0065,20360.75,A3,PARTEN 75'/85' LOT,228 BIRD HOLLOW,2025-12-23,2026-01-15,2026-01-21,NULL,NULL,NULL,NULL,NULL,NULL,NULL,2026-01-10,2026-01-24,2026-04-26,2026-05-19,2026-06-01,2026-06-24,2026-07-31,2026-08-27,2026-09-28,23,6,NULL,NULL,NULL,NULL,NULL,NULL,NULL,18,17,9,9,12,5,23,21,NULL,13,23,14,NULL,37,27,12,32,64,Cornice,Frame,2026-01-21
20361.0037,20361.70,D4,ADKINS PARK 70' LOT,3517 STEALTH RUN,2025-12-29,2026-01-15,NULL,NULL,NULL,NULL,NULL,NULL,NULL,NULL,2026-01-15,2026-04-26,2026-05-07,2026-05-27,2026-06-09,2026-06-21,2026-07-15,2026-08-24,2026-10-02,17,NULL,NULL,NULL,NULL,NULL,NULL,NULL,NULL,17,14,NULL,13,11,5,20,17,NULL,13,NULL,12,NULL,24,NULL,40,NULL,39,Frame,Foundation,2026-01-15
20362.0005,20362.50,D3,HILLSTEAD 50' LOT,829 STONEY BRIDGE WAY,2026-01-20,NULL,NULL,NULL,NULL,NULL,NULL,NULL,NULL,NULL,2026-04-26,2026-05-06,2026-05-09,2026-05-22,2026-06-04,2026-06-24,2026-07-08,2026-07-26,2026-10-21,NULL,NULL,NULL,NULL,NULL,NULL,NULL,NULL,NULL,9,12,10,10,3,3,NULL,13,NULL,13,NULL,20,14,29,18,21,87,92,Foundation,Released,2026-01-20
20364.0010,20364.50,H2,KRESSTON 50' LOT,26460 NORTH WAYLAND CHASE,2024-11-27,2024-12-06,2024-12-18,2024-12-23,2025-01-08,2025-01-28,2025-01-30,2025-09-16,2025-10-16,NULL,2024-12-02,2024-12-28,2024-12-20,2025-01-04,2025-01-19,2025-02-14,2025-02-15,2025-10-16,2026-04-26,9,12,5,16,20,2,229,30,NULL,5,9,22,17,2,3,12,12,NULL,11,NULL,17,NULL,16,NULL,25,64,54,Complete,Final,2025-10-16
20365.0003,20365.1A,S2,GEORGE'S RANCH 1 ACRE LOT,109 TELLING WIND (M),2024-09-19,2024-09-18,2024-09-19,2024-09-24,2024-10-05,2024-10-14,2024-10-29,2025-01-13,2025-02-18,NULL,2024-10-03,2024-10-04,2024-09-26,2024-10-30,2024-10-17,2024-10-31,2024-11-28,2025-02-18,2026-04-26,-1,1,5,11,9,15,76,36,NULL,14,20,16,10,NULL,7,36,17,NULL,12,NULL,17,NULL,30,NULL,16,64,96,Complete,Final,2025-02-18
20366.0034,20366.62,D1,TERRACES 62' LOT,1936 TERRACES BOULEVARD,2025-11-17,2025-12-11,2025-12-23,2026-01-05,2026-01-14,NULL,NULL,NULL,NULL,NULL,2025-12-04,2025-12-23,2026-01-05,2026-01-18,2026-04-26,2026-05-15,2026-05-30,2026-06-12,2026-07-10,24,12,13,9,NULL,NULL,NULL,NULL,NULL,17,14,12,13,13,6,13,16,14,12,19,18,15,17,13,17,28,60,Sheetrock,Mechanical,2026-01-14
20367.0015,20367.55,F1,MANDARIN GROVE 55' LOT,3711 109TH STREET EAST,2025-09-03,2025-09-11,2025-10-16,NULL,2025-11-06,2025-12-01,NULL,2026-01-22,NULL,NULL,2025-09-17,2025-10-11,NULL,2025-11-06,2025-11-21,2025-12-23,2026-01-18,2026-04-26,2026-05-13,8,35,NULL,21,25,NULL,NULL,NULL,NULL,14,15,30,28,NULL,NULL,21,31,NULL,15,NULL,22,26,46,NULL,47,NULL,17,Final,Interior,2026-01-22
20369.0075,20369.60,S1,HABY HILL 60' LOT,175 HILLSIDE PARK,2025-06-04,2025-06-17,2025-06-26,2025-07-01,2025-07-28,2025-07-29,2025-08-08,2025-09-17,2025-10-03,NULL,2025-06-15,2025-06-28,2025-07-07,2025-07-18,2025-08-15,2025-08-13,2025-09-05,2025-10-03,2026-04-26,13,9,5,27,1,10,40,16,NULL,11,16,11,11,11,7,17,15,NULL,18,15,17,NULL,28,NULL,15,144,110,Complete,Final,2025-10-03
20369.0080,20369.60,S1,HABY HILL 60' LOT,206 HABY HILL (M),2025-03-17,2025-04-04,2025-04-14,2025-04-17,2025-04-30,2025-05-07,2025-06-12,2025-07-14,2025-07-17,NULL,2025-03-28,2025-04-15,2025-04-25,2025-05-04,2025-05-18,2025-05-22,2025-07-10,2025-07-17,2026-04-26,18,10,3,13,7,36,32,3,NULL,11,16,11,11,11,7,17,15,NULL,18,15,17,NULL,28,NULL,15,144,110,Complete,Final,2025-07-17
20370.0021,20370.50,A2,FLORA 50' LOT,112 HADLEIGH DRIVE,2025-12-19,2026-01-07,2026-01-15,2026-01-22,NULL,NULL,NULL,NULL,NULL,NULL,2026-01-07,2026-01-16,2026-01-21,2026-04-26,2026-05-06,2026-06-01,2026-06-27,2026-07-08,2026-11-16,19,8,7,NULL,NULL,NULL,NULL,NULL,NULL,19,27,9,11,6,6,19,18,10,10,26,16,26,33,11,16,131,120,Mechanicals,Cornice,2026-01-22
20371.0024,20371.40,H3,CANDELA SOUTH 40' LOT,215 SHINING SUCCULENT DRIVE,2025-08-21,2025-08-29,2025-09-10,2025-09-12,2025-09-20,2025-09-26,2025-10-09,2025-10-17,2025-10-27,NULL,2025-09-05,2025-09-09,2025-09-16,2025-09-17,2025-09-27,2025-10-09,2025-10-23,2025-10-27,2026-04-26,8,12,2,8,6,13,8,10,NULL,15,9,11,15,6,5,5,12,7,9,13,16,14,23,14,12,NULL,81,Complete,Final,2025-10-27
20371.0025,20371.40,H3,CANDELA SOUTH 40' LOT,211 SHINING SUCCULENT DRIVE,2025-08-07,2025-08-14,2025-08-25,2025-08-28,2025-09-04,2025-09-11,2025-09-25,2025-10-06,2025-10-13,NULL,2025-08-22,2025-08-25,2025-08-31,2025-09-02,2025-09-11,2025-09-24,2025-10-09,2025-10-13,2026-04-26,7,11,3,7,7,14,11,7,NULL,15,9,11,15,6,5,5,12,7,9,13,16,14,23,14,12,NULL,81,Complete,Final,2025-10-13
20371.0029,20371.40,H3,CANDELA SOUTH 40' LOT,118 SWEET PIPER LANE,2025-08-21,2025-08-29,2025-09-09,2025-09-11,2025-09-19,2025-09-25,2025-10-09,2025-10-17,2025-10-24,NULL,2025-09-05,2025-09-09,2025-09-15,2025-09-16,2025-09-26,2025-10-08,2025-10-23,2025-10-24,2026-04-26,8,11,2,8,6,14,8,7,NULL,15,9,11,15,6,5,5,12,7,9,13,16,14,23,14,12,NULL,81,Complete,Final,2025-10-24
20371.0055,20371.40,H3,CANDELA SOUTH 40' LOT,323 TWILIGHT MEADOW WAY,2025-12-18,2026-01-06,2026-01-16,2026-01-22,NULL,NULL,NULL,NULL,NULL,NULL,2026-01-02,2026-01-17,2026-01-22,2026-04-26,2026-05-03,2026-05-16,2026-05-30,2026-06-13,2026-09-02,19,10,6,NULL,NULL,NULL,NULL,NULL,NULL,15,9,11,15,6,5,5,12,7,9,13,16,14,23,14,12,NULL,81,Mechanicals,Cornice,2026-01-22
20372.0035,20372.60,D4,TALON HILLS 60'/70',7345 SAKER STREET,2025-07-30,2025-08-13,2025-08-20,2025-08-25,2025-09-05,2025-09-17,2025-10-05,2025-10-10,2025-11-03,NULL,2025-08-13,2025-08-26,2025-08-25,2025-09-11,2025-09-18,2025-10-06,2025-10-20,2025-11-03,2026-04-26,14,7,5,11,12,18,5,24,NULL,NULL,14,NULL,13,NULL,5,NULL,17,NULL,13,19,12,15,24,24,40,158,39,Complete,Final,2025-11-03
20373.0034,20373.50,A2,PARKSIDE ON THE RIVER WEST 50' LOT,1316 SNOWDROP DRIVE,2025-09-24,2025-10-07,2025-10-14,2025-10-16,2025-11-05,2025-11-17,2025-11-25,2025-12-18,2026-01-21,NULL,2025-10-15,2025-10-25,2025-10-20,2025-11-08,2025-11-18,2025-12-03,2026-01-01,2026-01-21,2026-05-21,13,7,2,20,12,8,23,34,NULL,21,27,18,11,NULL,6,23,18,13,10,NULL,16,37,33,34,16,NULL,120,Complete,Final,2026-01-21
20373.0088,20373.70,A2,PARKSIDE ON THE RIVER WEST 70'/80' LOT,1065 SUNSET HILL WAY,2025-07-15,2025-07-25,2025-08-04,2025-08-12,2025-08-29,2025-09-09,2025-09-23,2025-10-28,2025-12-03,NULL,2025-08-22,2025-08-09,2025-08-11,2025-08-30,2025-09-08,2025-09-25,2025-11-05,2025-12-03,2026-04-26,10,10,8,17,11,14,35,36,NULL,38,27,15,11,7,6,NULL,18,NULL,10,NULL,16,43,33,29,16,8,120,Complete,Final,2025-12-03
20373.0113,20373.70,A2,PARKSIDE ON THE RIVER WEST 70'/80' LOT,204 KNOX DRIVE,2026-01-28,NULL,NULL,NULL,NULL,NULL,NULL,NULL,NULL,NULL,2026-04-26,2026-05-11,2026-05-18,2026-06-05,2026-06-15,2026-07-01,2026-08-13,2026-09-11,2026-09-19,NULL,NULL,NULL,NULL,NULL,NULL,NULL,NULL,NULL,38,27,15,11,7,6,NULL,18,NULL,10,NULL,16,43,33,29,16,8,120,Foundation,Released,2026-01-28
20373.0118,20373.70,A2,PARKSIDE ON THE RIVER WEST 70'/80' LOT,104 GREAT HOPE COVE,2025-12-03,2026-01-05,2026-01-20,2026-01-27,NULL,NULL,NULL,NULL,NULL,NULL,2026-01-10,2026-01-20,2026-01-27,2026-04-26,2026-05-06,2026-05-22,2026-07-04,2026-08-02,2026-08-10,33,15,7,NULL,NULL,NULL,NULL,NULL,NULL,38,27,15,11,7,6,NULL,18,NULL,10,NULL,16,43,33,29,16,8,120,Mechanicals,Cornice,2026-01-27
20381.0003,20381.65,S3,CIBOLO VALLEY HEIGHTS 65' LOT,413 BELLA ROSA WAY,2025-05-06,2025-06-12,2025-06-23,2025-06-26,2025-07-09,2025-07-18,2025-07-31,2025-08-27,2025-09-10,NULL,2025-05-18,2025-06-24,2025-06-30,2025-07-08,2025-07-22,2025-08-05,2025-08-21,2025-09-10,2026-04-26,37,11,3,13,9,13,27,14,NULL,12,14,12,12,7,7,12,15,13,12,18,15,21,23,NULL,12,92,98,Complete,Final,2025-09-10
20382.0030,20382.60,D1,MYRTLE CREEK 60' LOT,249 WOODOAT ROAD,2025-06-09,2025-06-26,2025-07-08,2025-07-14,2025-07-28,2025-08-06,2025-08-20,2025-09-25,2025-10-17,NULL,2025-06-19,2025-07-07,2025-07-10,2025-07-30,2025-08-09,2025-08-24,2025-09-06,2025-10-17,2026-04-26,17,12,6,14,9,14,36,22,NULL,10,14,11,13,2,6,NULL,16,NULL,12,NULL,18,NULL,17,NULL,17,81,60,Complete,Final,2025-10-17
20382.0032,20382.60,D1,MYRTLE CREEK 60' LOT,241 WOODOAT ROAD,2025-12-29,2026-01-09,2026-01-20,2026-01-22,NULL,NULL,NULL,NULL,NULL,NULL,2026-01-08,2026-01-20,2026-01-22,2026-04-26,2026-05-08,2026-05-26,2026-06-12,2026-06-29,2026-09-18,11,11,2,NULL,NULL,NULL,NULL,NULL,NULL,10,14,11,13,2,6,NULL,16,NULL,12,NULL,18,NULL,17,NULL,17,81,60,Mechanicals,Cornice,2026-01-22
20382.0065,20382.71,D1,MYRTLE CREEK 71' LOT,245 ROSEMALLOW LANE,2025-06-10,2025-07-03,2025-07-21,2025-07-28,2025-08-19,2025-08-25,2025-09-12,2025-10-06,2025-10-24,NULL,2025-06-24,2025-07-16,2025-07-27,2025-08-13,2025-08-31,2025-09-12,2025-09-29,2025-10-24,2026-04-26,23,18,7,22,6,18,24,18,NULL,NULL,14,NULL,13,NULL,6,NULL,16,NULL,12,NULL,18,NULL,17,NULL,17,NULL,60,Complete,Final,2025-10-24
20387.0056,20387.40,H6,AUSTIN POINT 40' LOT,4638 HYDRA LANE,2025-06-18,2025-06-25,2025-07-03,2025-07-07,2025-07-17,2025-07-23,2025-08-08,2025-10-17,NULL,NULL,2025-06-29,2025-07-07,2025-07-06,2025-07-17,2025-07-26,2025-08-08,2025-08-28,2026-04-26,2026-06-23,7,8,4,10,6,16,70,NULL,NULL,11,10,12,14,3,4,10,13,NULL,9,NULL,16,NULL,20,NULL,12,NULL,58,Final,Interior,2025-10-17
20389.0011,20389.55,S2,HIDDEN CANYON 55' LOT,411 CANYON PATH,2025-11-06,2025-12-03,2025-12-12,2025-12-18,2026-01-13,NULL,NULL,NULL,NULL,NULL,2026-01-03,2025-12-13,2025-12-15,2026-01-13,2026-04-26,2026-05-15,2026-06-08,2026-06-20,2026-09-24,27,9,6,26,NULL,NULL,NULL,NULL,NULL,58,20,10,10,3,7,26,17,NULL,12,19,17,24,30,12,16,NULL,96,Sheetrock,Mechanical,2026-01-13
20390.0015,20390.1A,S3,THE PRESERVE AT ELM CREEK 1 ACRE LOT,215 ALDER LANE,2025-08-08,2025-08-15,2025-08-22,2025-09-08,2025-09-19,2025-10-13,2025-11-03,2025-11-24,2025-12-03,NULL,2025-09-12,2025-08-25,2025-09-01,2025-09-21,2025-10-02,2025-10-28,2025-11-26,2025-12-03,2026-04-26,7,7,17,11,24,21,21,9,NULL,35,14,10,12,10,7,13,15,13,12,NULL,15,NULL,23,NULL,12,NULL,98,Complete,Final,2025-12-03
20391.0012,20391.50,H1,LEGACY 50' LOT,6717 HILLSIDE VIEW LANE,2025-07-25,2025-08-04,2025-08-18,2025-08-22,2025-08-28,2025-09-09,2025-09-17,2026-01-06,2026-01-23,NULL,2025-08-09,2025-08-23,2025-08-26,2025-09-01,2025-09-06,2025-10-01,2025-12-22,2026-01-23,2026-04-21,10,14,4,6,12,8,111,17,NULL,15,11,NULL,19,NULL,8,10,11,9,12,22,19,96,41,10,10,NULL,88,Complete,Final,2026-01-23
20394.0036,20394.50,D4,LAKEWOOD VILLAGE 50' LOT,1016 CLEARWATER DRIVE,2026-01-13,NULL,NULL,NULL,NULL,NULL,NULL,NULL,NULL,NULL,2026-04-26,2026-05-09,2026-05-14,2026-05-31,2026-06-13,2026-06-25,2026-07-19,2026-09-18,2026-09-25,NULL,NULL,NULL,NULL,NULL,NULL,NULL,NULL,NULL,16,14,NULL,13,NULL,5,NULL,17,NULL,13,NULL,12,NULL,24,61,40,7,39,Foundation,Released,2026-01-13
20396.0027,20396.1A,S2,THORNEBROOK 1 ACRE LOT,1131 SIROCKHAM BOULEVARD (M),2025-09-25,2025-10-06,2025-10-14,2025-10-21,2025-11-13,2025-11-19,2025-12-11,2026-01-08,NULL,NULL,2025-10-12,2025-10-19,2025-10-21,2025-11-07,2025-11-25,2025-12-05,2026-01-10,2026-04-26,2026-07-31,11,8,7,23,6,22,28,NULL,NULL,17,20,13,10,NULL,7,NULL,17,NULL,12,16,17,NULL,30,NULL,16,NULL,96,Final,Interior,2026-01-08
20397.0004,20397.40,H2,WILDTREE 40' LOT,5219 YELLOWSTAR LANE,2026-01-02,2026-01-08,2026-01-20,2026-01-20,2026-01-29,NULL,NULL,NULL,NULL,NULL,2026-01-09,2026-01-20,2026-01-23,2026-01-29,2026-04-26,2026-05-13,2026-05-29,2026-06-23,2026-08-16,6,12,0,9,NULL,NULL,NULL,NULL,NULL,7,9,12,17,NULL,3,9,12,NULL,11,NULL,17,NULL,16,NULL,25,NULL,54,Sheetrock,Mechanical,2026-01-29
20398.0114,20398.50,H2,EVERLY 50' LOT,22314 JAPANESE MAPLE LANE,2025-12-18,2025-12-29,2026-01-12,2026-01-12,2026-01-23,NULL,NULL,NULL,NULL,NULL,2025-12-30,2026-01-09,2026-01-20,2026-01-22,2026-04-26,2026-05-27,2026-05-29,2026-06-23,2026-08-06,11,14,0,11,NULL,NULL,NULL,NULL,NULL,12,9,11,17,8,3,10,12,NULL,11,31,17,2,16,NULL,25,44,54,Sheetrock,Mechanical,2026-01-23
20399.0014,20399.50,S1,BRIGGS RANCH 50' LOT,4015 KISSING TREE,2025-12-02,2025-12-12,2025-12-23,2025-12-30,2026-01-16,NULL,NULL,NULL,NULL,NULL,2025-12-18,2025-12-25,2025-12-30,2026-01-12,2026-04-26,2026-05-13,2026-06-10,2026-06-25,2026-10-13,10,11,7,17,NULL,NULL,NULL,NULL,NULL,16,16,13,11,7,7,13,15,NULL,18,NULL,17,NULL,28,NULL,15,NULL,110,Sheetrock,Mechanical,2026-01-16
20399.0082,20399.45,S1,BRIGGS RANCH 45' LOT,4120 MOUNTAIN ASH,2026-01-07,2026-01-20,NULL,NULL,NULL,NULL,NULL,NULL,NULL,NULL,2026-01-20,2026-04-26,2026-05-03,2026-05-20,2026-06-07,2026-06-24,2026-07-22,2026-08-06,2026-11-24,13,NULL,NULL,NULL,NULL,NULL,NULL,NULL,NULL,13,16,11,11,7,7,17,15,NULL,18,NULL,17,NULL,28,NULL,15,NULL,110,Frame,Foundation,2026-01-20
20399.0084,20399.45,S1,BRIGGS RANCH 45' LOT,4210 MOUNTAIN ASH,2025-12-30,2026-01-12,2026-01-23,NULL,NULL,NULL,NULL,NULL,NULL,NULL,2026-01-12,2026-01-23,2026-04-26,2026-05-13,2026-05-31,2026-06-17,2026-07-15,2026-07-30,2026-11-17,13,11,NULL,NULL,NULL,NULL,NULL,NULL,NULL,13,16,11,11,7,7,17,15,NULL,18,NULL,17,NULL,28,NULL,15,NULL,110,Cornice,Frame,2026-01-23
20400.0003,20400.1A,D3,ENCHANTED CREEK 1 ACRE LOT,221 THUNDER BAY DRIVE (M),2025-08-18,2025-08-26,2025-09-03,2025-09-09,2025-10-09,2025-10-29,2025-11-19,2025-12-13,2026-01-26,NULL,2025-09-03,2025-09-03,2025-09-06,2025-09-22,2025-10-22,2025-11-18,2026-01-07,2026-01-26,2026-04-28,8,8,6,30,20,21,24,44,NULL,16,12,8,10,NULL,3,NULL,13,NULL,13,NULL,20,49,29,NULL,21,NULL,92,Complete,Final,2026-01-26
20403.0010,20403.50,A3,JUNIPER SPRINGS 50' LOT,307 FOXFIRE COVE,2025-07-17,2025-08-06,2025-08-13,2025-08-18,2025-09-04,2025-09-22,2025-10-03,2025-12-23,2025-12-31,NULL,2025-07-24,2025-08-13,2025-08-18,2025-09-04,2025-09-13,2025-10-06,2025-12-23,2025-12-31,2026-04-26,20,7,5,17,18,11,81,8,NULL,7,17,7,9,5,5,17,21,9,13,NULL,14,81,37,9,12,15,64,Complete,Final,2025-12-31
20403.0012,20403.60,A3,JUNIPER SPRINGS 60' LOT,245 MELODY ROAD,2025-07-11,2025-08-08,2025-08-18,2025-08-20,2025-09-05,2025-09-22,2025-10-07,2025-12-09,2025-12-29,NULL,2025-07-26,2025-08-11,2025-08-25,2025-09-10,2025-09-18,2025-10-06,2025-12-29,2025-12-29,2026-04-26,28,10,2,16,17,15,63,20,NULL,15,17,3,9,7,5,NULL,21,NULL,13,NULL,14,83,37,10,12,NULL,64,Complete,Final,2025-12-29
20403.0018,20403.45,A3,JUNIPER SPRINGS 45' LOT,3922 MELODY ROAD,2025-09-09,2025-09-23,2025-09-30,2025-10-10,2025-10-23,2025-11-04,2025-11-18,2025-12-15,2026-01-02,NULL,2025-09-19,2025-10-01,2025-10-02,2025-10-26,2025-11-04,2025-11-18,2025-12-01,2026-01-02,2026-04-26,14,7,10,13,12,14,27,18,NULL,10,17,8,9,2,5,16,21,12,13,14,14,13,37,18,12,11,64,Complete,Final,2026-01-02
20405.0034,20405.90,F1,STAR FARMS AT LAKEWOOD RANCH 90' LOT,3928 BUTTE TRAIL,2025-12-30,2026-01-15,NULL,NULL,NULL,NULL,NULL,NULL,NULL,NULL,2026-01-13,2026-04-26,NULL,2026-05-27,2026-06-11,2026-07-03,2026-08-18,2026-10-04,2026-10-21,16,NULL,NULL,NULL,NULL,NULL,NULL,NULL,NULL,14,15,NULL,28,NULL,NULL,NULL,31,NULL,15,NULL,22,NULL,46,NULL,47,NULL,17,Frame,Foundation,2026-01-15
20408.0083,20408.60,F1,SEAIRE 60' LOT,8117 WILD COAST TRAIL (M),2025-12-30,2026-01-12,NULL,NULL,NULL,NULL,NULL,NULL,NULL,NULL,2026-01-13,2026-04-26,NULL,2026-05-27,2026-06-11,2026-07-03,2026-08-18,2026-10-04,2026-10-21,13,NULL,NULL,NULL,NULL,NULL,NULL,NULL,NULL,14,15,NULL,28,NULL,NULL,NULL,31,NULL,15,NULL,22,NULL,46,NULL,47,NULL,17,Frame,Foundation,2026-01-12
206077,206,A3,CROSSWINDS 40' LOT,297 REEF BAND DRIVE,2025-06-27,2025-07-07,2025-07-10,2025-07-21,2025-07-29,2025-08-06,2025-08-19,2025-08-27,2025-09-04,NULL,2025-07-31,2025-07-15,2025-07-15,2025-07-30,2025-08-11,2025-08-20,2025-09-25,2025-09-04,2026-04-26,10,3,11,8,8,13,8,8,NULL,34,17,8,9,5,5,9,21,NULL,13,NULL,14,NULL,37,NULL,12,168,64,Complete,Final,2025-09-04
206100,206,A3,CROSSWINDS 40' LOT,154 BLACKBORROW DRIVE,2025-12-04,2026-01-07,2026-01-15,2026-01-20,2026-01-29,NULL,NULL,NULL,NULL,NULL,2026-01-07,2026-01-15,2026-01-20,2026-01-29,2026-04-26,2026-05-10,2026-06-16,2026-06-28,2026-12-13,34,8,5,9,NULL,NULL,NULL,NULL,NULL,34,17,8,9,5,5,9,21,NULL,13,NULL,14,NULL,37,NULL,12,168,64,Sheetrock,Mechanical,2026-01-29
206113,206,A3,CROSSWINDS 40' LOT,254 BLACKBORROW DRIVE,2024-11-26,2024-12-23,2024-12-31,2025-01-08,2025-02-24,2025-03-05,2025-03-17,2025-04-21,2025-04-25,NULL,2024-12-30,2024-12-31,2025-01-05,2025-01-17,2025-03-09,2025-03-19,2025-04-23,2025-04-25,2026-04-26,27,8,8,47,9,12,35,4,NULL,34,17,8,9,5,5,9,21,NULL,13,NULL,14,NULL,37,NULL,12,168,64,Complete,Final,2025-04-25
210089,210,A3,CROSSWINDS 50' LOT,608 BAY BREEZE DRIVE,2025-09-18,2025-10-01,2025-10-10,2025-10-15,2025-10-31,2025-11-12,2025-11-26,2025-12-17,2025-12-30,NULL,2025-09-29,2025-10-08,2025-10-14,2025-10-25,2025-11-09,2025-11-26,2026-01-02,2025-12-30,2026-04-26,13,9,5,16,12,14,21,13,NULL,11,17,7,9,4,5,10,21,9,13,NULL,14,NULL,37,12,12,NULL,64,Complete,Final,2025-12-30
253045,253,H4,ARTAVIA 55' LOT,18423 CHAMELEON COURT,2024-12-26,2025-01-03,2025-01-13,2025-01-15,2025-01-31,2025-02-10,2025-02-18,2025-03-20,2025-04-01,NULL,2025-01-06,2025-01-16,2025-01-14,2025-01-26,2025-02-10,2025-02-25,2025-03-12,2025-04-01,2026-04-26,8,10,2,16,10,8,30,12,NULL,11,9,13,12,1,3,11,9,NULL,10,NULL,15,22,17,8,13,17,97,Complete,Final,2025-04-01
253049,253,H4,ARTAVIA 55' LOT,18439 CHAMELEON COURT,2025-09-12,2025-09-19,2025-09-26,2025-10-01,2025-10-10,2025-10-17,2025-10-28,2025-11-13,2025-11-25,NULL,2025-09-23,2025-10-02,2025-09-27,2025-10-12,2025-10-20,2025-11-01,2025-11-19,2025-11-25,2026-04-26,7,7,5,9,7,11,16,12,NULL,11,9,13,12,1,3,11,9,NULL,10,NULL,15,22,17,8,13,17,97,Complete,Final,2025-11-25
287031,287,S1,LADERA 45' LOT,15107 LIBBY HILL,2025-09-30,2025-10-16,2025-10-28,2025-11-03,2025-11-17,2025-12-10,2025-12-23,2026-01-12,2026-01-22,NULL,2025-10-21,2025-10-23,2025-11-03,2025-11-23,2025-12-05,2025-12-23,2026-01-12,2026-01-22,2026-05-12,16,12,6,14,23,13,20,10,NULL,21,16,7,11,6,7,20,15,NULL,18,13,17,20,28,14,15,NULL,110,Complete,Final,2026-01-22
304061,304,A2,PARKSIDE PENINSULA 50' LOT,5615 KYLE JOSEPH DRIVE (M),2023-06-20,2023-06-26,2023-07-03,2023-07-11,2023-07-20,2023-08-03,2023-08-18,2023-09-11,2023-09-22,NULL,2023-07-17,2023-07-07,2023-07-09,2023-07-29,2023-07-30,2023-08-19,2023-09-20,2023-09-22,2026-04-26,6,7,8,9,14,15,24,11,NULL,NULL,27,NULL,11,NULL,6,NULL,18,NULL,10,NULL,16,NULL,33,NULL,16,279,120,Complete,Final,2023-09-22
333014,333,H5,THE GRAND PRAIRIE 50' LOT,16431 VERBENA GLEN DRIVE (M),2023-08-07,2023-08-08,2023-08-18,2023-08-29,2023-09-06,2023-09-11,2023-09-26,2023-10-10,2023-10-24,NULL,2023-08-16,2023-08-22,2023-08-24,2023-09-23,2023-09-19,2023-09-26,2023-10-17,2023-10-24,2026-04-26,1,10,11,8,5,15,14,14,NULL,NULL,9,14,15,6,5,25,16,13,12,15,17,21,18,17,10,NULL,76,Complete,Final,2023-10-24
344075,344,D1,SOMERSET PARK 80' LOT,2621 MERCERS COLONY AVENUE,2025-05-22,2025-06-24,2025-07-07,2025-07-14,2025-08-07,2025-08-20,2025-09-04,2025-09-29,2025-10-16,NULL,2025-06-05,2025-07-07,2025-07-13,2025-07-30,2025-08-19,2025-09-03,2025-09-20,2025-10-16,2026-04-26,33,13,7,24,13,15,25,17,NULL,NULL,14,NULL,13,NULL,6,NULL,16,NULL,12,14,18,16,17,20,17,182,60,Complete,Final,2025-10-16
605499,605,S1,KALLISON RANCH 50' LOT (A),10135 SUMLIN COURT,2025-09-22,2025-10-03,2025-10-10,2025-10-17,2025-10-27,2025-11-12,2025-11-24,2025-12-16,2026-01-02,NULL,2025-10-04,2025-10-11,2025-10-19,2025-10-28,2025-11-09,2025-11-26,2025-12-28,2026-01-02,2026-04-26,11,7,7,10,16,12,22,17,NULL,12,16,8,11,9,7,11,15,13,18,14,17,34,28,10,15,40,110,Complete,Final,2026-01-02
606094,606,S2,RANCHES AT CREEKSIDE 55' LOT,310 BARTON CREEK,2025-11-20,2025-12-08,2025-12-17,2025-12-26,2026-01-12,2026-01-27,NULL,NULL,NULL,NULL,2025-12-09,2025-12-14,2025-12-24,2026-01-08,2026-01-27,2026-04-26,2026-05-22,2026-06-04,2026-08-11,18,9,9,17,15,NULL,NULL,NULL,NULL,19,20,6,10,7,7,13,17,15,12,14,17,26,30,13,16,68,96,Trim,Sheetrock,2026-01-27
617118,617,H3,JORDAN RANCH 50' LOT,29611 APPLE GLEN COURT (M),2021-10-20,2021-11-02,2021-11-21,2021-11-22,2021-12-07,2022-01-12,2022-02-01,2022-05-02,2022-05-11,NULL,2021-10-31,2021-11-19,2021-11-26,2021-12-06,2021-12-17,2022-01-28,2022-02-24,2022-05-11,2026-04-26,13,19,1,15,36,20,90,9,NULL,11,9,17,15,5,5,14,12,10,9,NULL,16,NULL,23,NULL,12,NULL,81,Complete,Final,2022-05-11
684181,684,S1,LADERA 50' LOT,3034 EAGLE RISE,2025-09-30,2025-10-16,2025-10-27,2025-11-05,2025-12-08,2025-12-16,2025-12-30,2026-01-23,NULL,NULL,2025-10-16,2025-10-27,2025-11-07,2025-11-28,2025-12-26,2025-12-30,2026-01-23,2026-04-26,2027-01-28,16,11,9,33,8,14,24,NULL,NULL,NULL,16,NULL,11,11,7,23,15,NULL,18,14,17,24,28,23,15,277,110,Final,Interior,2026-01-23
685300,685,S1,KALLISON RANCH 45' LOT (A),9722 ROSETTE PLACE (M),2022-11-04,2022-11-17,2022-11-22,2022-12-01,2022-12-29,2023-01-17,2023-01-24,2023-03-08,2023-03-31,NULL,2022-11-15,2022-11-25,2022-11-28,2022-12-15,2023-01-22,2023-02-03,2023-02-19,2023-03-31,2026-04-26,13,5,9,28,19,7,43,23,NULL,11,16,8,11,6,7,14,15,24,18,NULL,17,26,28,18,15,32,110,Complete,Final,2023-03-31
694014,694,H1,RICELAND 60' LOT,12014 GRASSY BEND DRIVE (M),2024-03-04,2024-03-20,2024-03-28,2024-04-08,2024-04-12,2024-04-17,2024-05-02,2024-05-14,2024-05-17,NULL,2024-03-17,2024-04-07,2024-04-06,2024-04-20,2024-04-25,2024-05-06,2024-05-21,2024-05-17,2026-04-26,16,8,11,4,5,15,12,3,NULL,13,11,18,19,9,8,12,11,13,12,NULL,19,19,41,7,10,90,88,Complete,Final,2024-05-17
695038,695,H1,RICELAND 50' LOT,12331 HACKBERRY DRIVE,2025-07-08,2025-07-21,2025-08-04,2025-08-08,2025-08-13,2025-08-21,NULL,2025-09-15,2025-09-16,NULL,2025-07-22,2025-08-06,2025-08-12,2025-08-19,2025-08-16,2025-09-14,2025-10-08,2025-09-16,2026-04-26,13,14,4,5,8,NULL,NULL,1,NULL,14,11,16,19,NULL,8,NULL,11,3,12,24,19,24,41,12,10,70,88,Complete,Final,2025-09-16
710084,710,S3,HOMESTEAD 65' LOT,3121 BEE HILL,2025-10-09,2025-10-21,2025-10-24,2025-10-31,2025-11-24,2025-12-03,NULL,2026-01-13,2026-01-27,NULL,2025-10-23,2025-11-02,2025-10-31,2025-12-07,2025-12-10,2025-12-18,2026-01-10,2026-01-27,2026-07-06,12,3,7,24,9,NULL,NULL,14,NULL,NULL,14,NULL,12,NULL,7,37,15,16,12,NULL,15,NULL,23,14,12,160,98,Complete,Final,2026-01-27
724084,724,D2,MUSTANG LAKES 50' LOT,2316 SORRELWOOD COURT (M),2020-12-18,2021-01-18,2021-01-29,2021-02-03,2021-02-22,2021-03-05,2021-03-29,2021-04-01,2021-03-29,NULL,2020-12-30,2021-01-28,2021-02-02,2021-02-17,2021-03-06,2021-03-16,2021-04-15,2021-03-29,2026-04-26,31,11,5,19,11,24,3,-3,NULL,NULL,12,NULL,10,NULL,4,NULL,14,NULL,12,NULL,11,NULL,17,NULL,18,NULL,88,Complete,Final,2021-04-01
737070,737,A3,LA CIMA 60' LOT,213 PUPPY DOG PASS,2025-07-10,2025-07-28,2025-08-12,2025-08-18,2025-08-27,2025-09-08,2025-09-26,2025-10-27,2025-11-04,NULL,2025-08-08,2025-08-06,2025-08-17,2025-09-08,2025-09-09,2025-09-22,2025-10-23,2025-11-04,2026-04-26,18,15,6,9,12,18,31,8,NULL,29,17,NULL,9,NULL,5,NULL,21,NULL,13,NULL,14,27,37,25,12,NULL,64,Complete,Final,2025-11-04
744015,744,S2,KINDER RANCH 70' LOT,1706 KINDER RUN (M),2020-06-24,2020-07-01,2020-07-20,2020-07-31,2020-08-31,2020-09-08,2020-09-22,2020-10-29,2020-11-11,NULL,2020-07-11,2020-07-13,2020-07-26,2020-08-17,2020-09-12,2020-09-25,2020-10-31,2020-11-11,2026-04-26,7,19,11,31,8,14,37,13,NULL,17,20,12,10,6,7,NULL,17,NULL,12,NULL,17,39,30,NULL,16,28,96,Complete,Final,2020-11-11
755017,755,A3,6 CREEKS 60' LOT,405 COYOTE CREEK WAY (M),2020-09-04,2020-10-01,2020-10-16,2020-10-20,2020-11-04,2020-11-28,2020-12-08,2021-01-11,2021-02-10,NULL,2020-10-07,2020-10-11,2020-10-19,2020-11-12,2020-11-17,2020-12-12,2021-01-14,2021-02-10,2026-04-26,27,15,4,15,24,10,34,30,NULL,33,17,10,9,3,5,23,21,13,13,NULL,14,NULL,37,NULL,12,112,64,Complete,Final,2021-02-10
767219,767,A3,EASTON PARK 60' LOT,7808 SKYTREE DRIVE (M),2021-09-02,2022-02-28,2022-04-05,2022-05-02,2022-07-15,2022-08-08,2022-09-12,2022-10-12,2022-11-15,NULL,2021-09-23,2022-03-10,2022-04-14,2022-05-27,2022-07-28,2022-08-22,2022-10-19,2022-11-15,2026-04-26,179,36,27,74,24,35,30,34,NULL,21,17,10,9,9,5,25,21,13,13,NULL,14,NULL,37,NULL,12,56,64,Complete,Final,2022-11-15
152286,152,S1,ALSATIAN OAKS 50' LOT,326 WHITE OAK,2025-09-30,2025-10-09,2025-10-21,2025-10-27,2025-11-10,2025-11-19,2025-12-11,2026-01-07,2026-01-12,NULL,2025-10-12,2025-10-18,2025-10-27,2025-11-10,2025-11-28,2025-12-06,2026-01-07,2026-01-12,2026-06-17,9,12,6,14,9,22,27,5,NULL,12,16,9,11,6,7,14,15,NULL,18,NULL,17,27,28,5,15,156,110,Complete,Final,2026-01-12
163134,163,H2,ESCONDIDO 40'/45' LOT,42595 RUSTICO ROAD,2024-04-08,2024-04-17,2024-04-26,2024-05-02,2024-05-14,2024-06-03,NULL,NULL,NULL,NULL,2024-04-17,2024-05-04,2024-04-29,2024-05-14,2024-05-25,2026-04-26,2026-05-12,2026-06-06,2026-07-30,9,9,6,12,20,NULL,NULL,NULL,NULL,NULL,9,NULL,17,NULL,3,NULL,12,NULL,11,NULL,17,NULL,16,NULL,25,NULL,54,Trim,Sheetrock,2024-06-03
190019,190,S1,VIDA 50' LOT,10031 MITRA WAY (M),2022-08-25,2022-09-06,2022-09-13,2022-09-22,2022-10-27,2022-11-05,2022-12-19,2023-01-12,2023-01-11,NULL,2022-09-14,2022-09-22,2022-09-18,2022-10-06,2022-11-12,2022-11-23,2023-01-09,2023-01-11,2026-04-26,12,7,9,35,9,44,24,-1,NULL,20,16,16,11,5,7,14,15,16,18,18,17,21,28,32,15,129,110,Complete,Final,2023-01-12
190090,190,S1,VIDA 50' LOT,1359 AZUL WAY,2025-07-28,2025-08-13,2025-08-19,2025-08-25,2025-10-20,2025-10-21,2025-10-29,2025-11-18,2025-12-15,NULL,2025-08-17,2025-08-29,2025-08-24,2025-09-08,2025-11-05,2025-11-08,2025-11-19,2025-12-15,2026-04-23,16,6,6,56,1,8,20,27,NULL,20,16,16,11,5,7,14,15,16,18,18,17,21,28,32,15,129,110,Complete,Final,2025-12-15
20010.0368,784,A2,PARKSIDE ON THE RIVER 60' LOT,1503 WHITE DAISY LANE,2025-09-29,2025-10-13,2025-10-24,2025-11-05,2025-11-18,2025-12-03,2025-12-17,2026-01-21,NULL,NULL,2025-10-26,2025-10-27,2025-10-30,2025-12-04,2025-11-30,2025-12-16,2026-01-21,2026-04-26,2026-08-24,14,11,12,13,15,14,35,NULL,NULL,NULL,27,14,11,6,6,29,18,12,10,13,16,35,33,NULL,16,NULL,120,Final,Interior,2026-01-21
20013.0560,746,A1,SANTA RITA RANCH 90' LOT,208 JATES FIELD BEND,2024-10-24,2024-11-08,2024-11-20,2024-11-27,2024-12-12,2024-12-30,2025-01-15,2025-02-10,2025-02-14,NULL,2024-11-13,2024-11-20,2024-11-25,2024-12-12,2024-12-23,2025-01-21,2025-03-11,2025-02-14,2026-04-26,15,12,7,15,18,16,26,4,NULL,20,15,12,9,5,6,15,15,11,13,22,17,55,39,17,11,56,96,Complete,Final,2025-02-14
20013.0608,741,A1,SANTA RITA RANCH 40' LOT,201 BLUE SUMMIT BEND,2026-01-26,NULL,NULL,NULL,NULL,NULL,NULL,NULL,NULL,NULL,2026-04-26,2026-05-02,2026-05-08,2026-05-25,2026-06-01,2026-06-18,2026-07-18,2026-08-05,2026-08-26,NULL,NULL,NULL,NULL,NULL,NULL,NULL,NULL,NULL,15,15,6,9,6,6,17,15,7,13,NULL,17,30,39,18,11,21,96,Foundation,Released,2026-01-26
20013.0638,687,A1,SANTA RITA RANCH 50' LOT,144 MONZA BEND (C),2025-12-30,2026-01-14,2026-01-22,NULL,NULL,NULL,NULL,NULL,NULL,NULL,2026-01-16,2026-01-22,2026-04-26,2026-05-11,2026-05-22,2026-06-12,2026-07-06,2026-07-20,2027-01-02,15,8,NULL,NULL,NULL,NULL,NULL,NULL,NULL,17,15,8,9,NULL,6,NULL,15,11,13,21,17,24,39,14,11,166,96,Cornice,Frame,2026-01-22
20013.0661,248,A1,SANTA RITA RANCH 45' LOT,136 COVERED BRIDGE TRAIL,2026-01-06,2026-01-16,2026-01-26,NULL,NULL,NULL,NULL,NULL,NULL,NULL,2026-01-18,2026-01-24,2026-04-26,2026-05-11,2026-05-24,2026-06-10,2026-07-19,2026-07-30,2026-11-03,10,10,NULL,NULL,NULL,NULL,NULL,NULL,NULL,12,15,8,9,5,6,NULL,15,NULL,13,NULL,17,NULL,39,NULL,11,NULL,96,Cornice,Frame,2026-01-26
20016.0325,689,A2,WOLF RANCH 51' LOT,540 SUMMER PLACE LANE,2025-12-31,NULL,NULL,NULL,NULL,NULL,NULL,NULL,NULL,NULL,2026-04-26,2026-05-06,2026-05-10,2026-06-03,2026-06-14,2026-06-29,2026-07-23,2026-07-30,2026-10-12,NULL,NULL,NULL,NULL,NULL,NULL,NULL,NULL,NULL,31,27,10,11,4,6,24,18,11,10,15,16,24,33,7,16,74,120,Foundation,Released,2025-12-31
20020.0319,796,A2,THE COLONY 45' LOT,302 MADDY WAY,2025-12-10,2025-12-18,2025-12-22,2025-12-30,2026-01-12,2026-01-22,NULL,NULL,NULL,NULL,2026-01-06,2026-01-03,2025-12-27,2026-01-11,2026-01-21,2026-04-26,2026-05-17,2026-06-03,2026-09-04,8,4,8,13,10,NULL,NULL,NULL,NULL,NULL,27,16,11,5,6,12,18,9,10,14,16,21,33,17,16,93,120,Trim,Sheetrock,2026-01-22
20020.0329,796,A2,THE COLONY 45' LOT,340 MADDY WAY,2025-12-04,2025-12-10,2026-01-20,2026-01-22,NULL,NULL,NULL,NULL,NULL,NULL,2025-12-31,2025-12-26,2026-01-25,2026-04-26,2026-05-05,2026-05-19,2026-06-09,2026-06-26,2026-09-27,6,41,2,NULL,NULL,NULL,NULL,NULL,NULL,NULL,27,16,11,5,6,12,18,9,10,14,16,21,33,17,16,93,120,Mechanicals,Cornice,2026-01-22
20024.0322,20024.40,A3,EASTON PARK 40' LOT,7002 WOODFORD WAY,2025-11-14,2025-12-01,2025-12-11,2025-12-16,2026-01-14,2026-01-27,NULL,NULL,NULL,NULL,2025-11-24,2025-12-09,2025-12-16,2026-01-10,2026-01-28,2026-04-26,2026-05-11,2026-05-24,2026-08-01,17,10,5,29,13,NULL,NULL,NULL,NULL,10,17,8,9,5,5,25,21,14,13,11,14,15,37,13,12,69,64,Trim,Sheetrock,2026-01-27
20034.0299,725,D4,VENTANA 50' LOT,10433 WYATTS RUN ROAD,2026-01-20,NULL,NULL,NULL,NULL,NULL,NULL,NULL,NULL,NULL,2026-04-26,2026-05-09,2026-05-12,2026-05-26,2026-06-04,2026-07-03,2026-08-10,2026-09-08,2026-09-12,NULL,NULL,NULL,NULL,NULL,NULL,NULL,NULL,NULL,19,14,13,13,3,5,14,17,9,13,29,12,38,24,29,40,4,39,Foundation,Released,2026-01-20
20037.0416,718,D2,TRINITY FALLS 60' LOT,9655 ROCK ROSE STREET,2025-11-04,2025-11-13,2025-11-21,2025-11-26,2025-12-10,2025-12-22,2025-12-31,2026-01-15,NULL,NULL,2025-11-16,2025-11-23,2025-11-25,2025-12-16,2025-12-23,2025-12-31,2026-01-15,2026-04-26,2026-07-19,9,8,5,14,12,9,15,NULL,NULL,NULL,12,NULL,10,NULL,4,20,14,13,12,9,11,15,17,NULL,18,84,88,Final,Interior,2026-01-15
20037.0518,20037.451,D2,TRINITY FALLS AT PROVINCE WOODS 45' LOT,440 SPRUCE BROOK DRIVE,2026-01-28,NULL,NULL,NULL,NULL,NULL,NULL,NULL,NULL,NULL,2026-04-26,2026-05-06,2026-05-10,2026-05-24,2026-06-05,2026-06-16,2026-07-03,2026-07-21,2026-10-17,NULL,NULL,NULL,NULL,NULL,NULL,NULL,NULL,NULL,NULL,12,NULL,10,NULL,4,NULL,14,NULL,12,NULL,11,NULL,17,NULL,18,NULL,88,Foundation,Released,2026-01-28
20056.0132,648,D2,CAMBRIDGE CROSSING 50' LOT,2708 BUCKINGHAM LANE,2025-12-26,2026-01-09,2026-01-20,2026-01-24,NULL,NULL,NULL,NULL,NULL,NULL,2026-01-07,2026-01-20,2026-01-25,2026-04-26,2026-05-08,2026-05-19,2026-06-05,2026-06-23,2026-10-09,14,11,4,NULL,NULL,NULL,NULL,NULL,NULL,12,12,11,10,5,4,13,14,12,12,NULL,11,NULL,17,NULL,18,108,88,Mechanicals,Cornice,2026-01-24
20066.0527,665,D2,DEVONSHIRE 45' LOT,2922 SOARING HILLS DRIVE,2025-11-04,2025-11-14,2025-11-25,2025-12-03,2025-12-09,2025-12-23,2026-01-02,2026-01-20,NULL,NULL,2025-11-15,2025-11-22,2025-11-30,2025-12-17,2025-12-23,2026-01-04,2026-01-20,2026-04-26,2026-07-09,10,11,8,6,14,10,18,NULL,NULL,11,12,8,10,5,4,NULL,14,14,12,12,11,18,17,10,18,74,88,Final,Interior,2026-01-20
20066.0567,665,D2,DEVONSHIRE 45' LOT,2415 LYREBIRD LANE,2025-11-04,2025-11-13,2025-11-18,2025-11-21,2025-12-02,2025-12-12,2025-12-29,2026-01-13,2026-01-23,NULL,2025-11-15,2025-11-21,2025-11-23,2025-12-05,2025-12-16,2025-12-24,2026-01-16,2026-01-23,2026-04-26,9,5,3,11,10,17,15,10,NULL,11,12,8,10,5,4,NULL,14,14,12,12,11,18,17,10,18,74,88,Complete,Final,2026-01-23
20085.0049,316,D3,MOSAIC 50' LOT,4360 DOUBLE DIAMOND DRIVE,2025-04-25,2025-05-20,2025-05-30,2025-06-05,2025-06-09,2025-07-08,2025-07-21,2025-08-07,2025-08-30,NULL,2025-05-14,2025-05-27,2025-06-02,2025-06-18,2025-06-22,2025-07-28,2025-08-19,2025-08-30,2026-04-26,25,10,6,4,29,13,17,23,NULL,19,12,7,10,NULL,3,NULL,13,NULL,13,NULL,20,NULL,29,NULL,21,126,92,Complete,Final,2025-08-30
20085.0053,316,D3,MOSAIC 50' LOT,4367 DOUBLE DIAMOND DRIVE,2026-01-21,NULL,NULL,NULL,NULL,NULL,NULL,NULL,NULL,NULL,2026-04-26,2026-05-03,2026-05-06,2026-05-19,2026-06-01,2026-06-21,2026-07-20,2026-08-10,2026-12-14,NULL,NULL,NULL,NULL,NULL,NULL,NULL,NULL,NULL,19,12,7,10,NULL,3,NULL,13,NULL,13,NULL,20,NULL,29,NULL,21,126,92,Foundation,Released,2026-01-21
20088.0137,148,D4,SWEETGRASS 50' LOT,1297 WHITE PINE DRIVE,2026-01-07,2026-01-14,NULL,NULL,NULL,NULL,NULL,NULL,NULL,NULL,2026-01-14,2026-04-26,2026-04-29,2026-05-16,2026-05-29,2026-06-10,2026-07-04,2026-08-13,2026-09-21,7,NULL,NULL,NULL,NULL,NULL,NULL,NULL,NULL,7,14,11,13,3,5,NULL,17,NULL,13,NULL,12,NULL,24,NULL,40,NULL,39,Frame,Foundation,2026-01-14
20088.0197,20088.80,D4,SWEETGRASS 80' LOT,1662 SHADY BANKS DRIVE,2026-01-06,2026-01-13,NULL,NULL,NULL,NULL,NULL,NULL,NULL,NULL,2026-01-13,2026-04-26,2026-05-01,2026-05-18,2026-05-31,2026-06-12,2026-07-06,2026-08-15,2026-09-23,7,NULL,NULL,NULL,NULL,NULL,NULL,NULL,NULL,7,14,NULL,13,NULL,5,NULL,17,NULL,13,NULL,12,NULL,24,NULL,40,NULL,39,Frame,Foundation,2026-01-13
20090.0172,660,D3,STAR TRAIL 76' LOT,2560 FOUNTAIN STREET,2026-01-08,2026-01-21,NULL,NULL,NULL,NULL,NULL,NULL,NULL,NULL,2026-01-21,2026-04-26,2026-04-29,2026-05-12,2026-05-25,2026-06-14,2026-07-13,2026-08-03,2026-11-03,13,NULL,NULL,NULL,NULL,NULL,NULL,NULL,NULL,13,12,NULL,10,NULL,3,NULL,13,NULL,13,NULL,20,NULL,29,NULL,21,NULL,92,Frame,Foundation,2026-01-21
20096.0076,20096.65,F1,SOUTHERN HILLS 65' LOT,4564 SOUTHERN VALLEY LOOP,2025-05-16,2025-06-11,2025-07-23,NULL,2025-09-03,2025-09-17,2025-10-13,2025-11-26,2026-01-23,NULL,2025-05-31,2025-07-09,NULL,2025-10-04,2025-09-18,2025-10-09,2025-11-28,2026-01-23,2026-04-26,26,42,NULL,42,14,26,44,58,NULL,NULL,15,NULL,28,NULL,NULL,73,31,NULL,15,NULL,22,NULL,46,58,47,42,17,Complete,Final,2026-01-23
20096.0080,20096.65,F1,SOUTHERN HILLS 65' LOT,4438 SOUTHERN VALLEY LOOP,2026-01-14,NULL,NULL,NULL,NULL,NULL,NULL,NULL,NULL,NULL,2026-04-26,2026-05-24,NULL,2026-08-05,2026-08-20,2026-09-11,2026-10-27,2026-12-24,2027-02-04,NULL,NULL,NULL,NULL,NULL,NULL,NULL,NULL,NULL,NULL,15,NULL,28,NULL,NULL,73,31,NULL,15,NULL,22,NULL,46,58,47,42,17,Foundation,Released,2026-01-14
20096.0093,20096.65,F1,SOUTHERN HILLS 65' LOT,19650 CYPRESS POND COURT,2025-08-29,2025-10-31,2025-12-12,NULL,NULL,NULL,NULL,NULL,NULL,NULL,2025-09-13,2025-11-28,NULL,2026-04-26,2026-05-11,2026-06-02,2026-07-18,2026-09-14,2026-10-26,63,42,NULL,NULL,NULL,NULL,NULL,NULL,NULL,NULL,15,NULL,28,NULL,NULL,73,31,NULL,15,NULL,22,NULL,46,58,47,42,17,Mechanicals,Frame,2025-12-12
20108.1144,602,H6,SIENNA 50' LOT,1418 WATERMONT DRIVE,2025-12-17,2025-12-23,2026-01-06,2026-01-09,2026-01-20,NULL,NULL,NULL,NULL,NULL,2025-12-26,2026-01-03,2026-01-10,2026-01-19,2026-04-26,2026-05-12,2026-05-23,2026-06-07,2026-09-13,6,14,3,11,NULL,NULL,NULL,NULL,NULL,9,10,11,14,4,4,10,13,NULL,9,NULL,16,11,20,15,12,98,58,Sheetrock,Mechanical,2026-01-20
20124.0192,587,H1,RICELAND 70' LOT,12427 SUNCHASE DRIVE,2025-11-18,2025-12-01,2025-12-22,2026-01-05,NULL,NULL,NULL,NULL,NULL,NULL,2025-12-01,2025-12-23,2026-01-02,2026-04-26,2026-05-10,2026-05-29,2026-07-09,2026-07-19,2026-10-15,13,21,14,NULL,NULL,NULL,NULL,NULL,NULL,13,11,22,19,11,8,18,11,14,12,NULL,19,NULL,41,NULL,10,NULL,88,Mechanicals,Cornice,2026-01-05
20132.0834,164,H1,MERIDIANA 60' LOT,6527 YELLOW ROSE COURT,2026-01-20,2026-01-28,NULL,NULL,NULL,NULL,NULL,NULL,NULL,NULL,2026-01-28,2026-04-26,2026-05-03,2026-05-12,2026-05-27,2026-06-15,2026-07-02,2026-07-13,2026-10-09,8,NULL,NULL,NULL,NULL,NULL,NULL,NULL,NULL,8,11,19,19,7,8,9,11,15,12,19,19,17,41,11,10,NULL,88,Frame,Foundation,2026-01-28
20132.1163,711,H1,MERIDIANA 50' LOT,9618 CHATEAU HILL DRIVE,2025-10-08,2025-10-17,2025-11-06,2025-11-14,2025-11-26,2025-12-10,2025-12-19,NULL,NULL,NULL,2025-10-22,2025-11-04,2025-11-11,2025-11-25,2025-12-08,2025-12-18,2026-04-26,2026-05-06,2026-08-02,9,20,8,12,14,9,NULL,NULL,NULL,14,11,18,19,5,8,NULL,11,12,12,8,19,NULL,41,NULL,10,NULL,88,Interior,Trim,2025-12-19
20165.0049,280,H1,VALENCIA 60' LOT,6535 SPARKLING CITRUS STREET,2025-11-19,2025-12-01,2025-12-12,2025-12-18,2025-12-30,2026-01-13,2026-01-21,NULL,NULL,NULL,2025-11-27,2025-12-20,2025-12-20,2025-12-29,2026-01-13,2026-01-30,2026-04-26,2026-05-08,2026-08-11,12,11,6,12,14,8,NULL,NULL,NULL,8,11,NULL,19,NULL,8,11,11,14,12,17,19,6,41,12,10,95,88,Interior,Trim,2026-01-21
20165.0188,281,H1,VALENCIA 70' LOT,6623 WALNUT VINE DRIVE,2025-12-16,2025-12-22,NULL,NULL,NULL,NULL,NULL,NULL,NULL,NULL,2025-12-24,2026-04-26,2026-04-28,2026-05-09,2026-05-21,2026-06-09,2026-07-20,2026-07-30,2026-11-14,6,NULL,NULL,NULL,NULL,NULL,NULL,NULL,NULL,8,11,25,19,2,8,NULL,11,NULL,12,NULL,19,NULL,41,NULL,10,107,88,Frame,Foundation,2025-12-22
20165.0265,274,H1,VALENCIA 50' LOT,6818 HICKORY EMBER DRIVE (C),2025-12-03,2025-12-11,2025-12-29,2026-01-05,2026-01-14,NULL,NULL,NULL,NULL,NULL,2025-12-10,2025-12-31,2026-01-06,2026-01-16,2026-04-26,2026-05-15,2026-06-25,2026-07-05,2026-08-30,8,18,7,9,NULL,NULL,NULL,NULL,NULL,7,11,20,19,8,8,11,11,NULL,12,NULL,19,NULL,41,NULL,10,56,88,Sheetrock,Mechanical,2026-01-14
20178.0128,182,H2,ESCONDIDO 50' LOT,42715 MYSTERY LANE (C),2025-12-08,2025-12-12,2025-12-30,2026-01-05,2026-01-15,2026-01-23,NULL,NULL,NULL,NULL,2025-12-17,2025-12-30,2026-01-01,2026-01-15,2026-01-26,2026-04-26,2026-05-12,2026-06-01,2026-08-08,4,18,6,10,8,NULL,NULL,NULL,NULL,9,9,18,17,2,3,10,12,11,11,NULL,17,NULL,16,20,25,68,54,Trim,Sheetrock,2026-01-23
20178.0163,182,H2,ESCONDIDO 50' LOT,42687 MYSTERY LANE,2025-10-15,2025-10-22,2025-10-31,2025-11-03,2025-11-15,2025-11-24,2025-12-04,NULL,2026-01-08,NULL,2025-10-24,2025-11-09,2025-11-02,2025-11-13,2025-11-26,2025-12-11,2025-12-20,2026-01-08,2026-04-26,7,9,3,12,9,10,NULL,NULL,NULL,9,9,18,17,2,3,10,12,11,11,NULL,17,NULL,16,20,25,68,54,Complete,Final,2026-01-08
20178.0197,115,H2,ESCONDIDO 45' LOT,42532 RUSTICO ROAD,2025-09-15,2025-09-22,2025-10-02,2025-10-06,2025-10-23,2025-10-31,2025-11-20,2025-12-03,2025-12-18,NULL,2025-09-27,2025-10-07,2025-10-05,2025-10-16,2025-11-03,2025-11-22,2025-12-07,2025-12-18,2026-04-26,7,10,4,17,8,20,13,15,NULL,12,9,15,17,3,3,10,12,NULL,11,22,17,17,16,12,25,29,54,Complete,Final,2025-12-18
20181.1041,619,H5,BRIDGELAND 45' LOT,21927 GEORGIA HACKBERRY WAY,2025-11-06,2025-11-14,2025-12-04,2025-12-09,2025-12-20,2026-01-05,2026-01-20,NULL,NULL,NULL,2025-11-17,2025-11-25,2025-12-09,2025-12-25,2026-01-05,2026-01-22,2026-04-26,2026-05-06,2026-06-11,8,20,5,11,16,15,NULL,NULL,NULL,11,9,11,15,5,5,NULL,16,16,12,17,17,23,18,NULL,10,36,76,Interior,Trim,2026-01-20
20181.1066,203,H5,BRIDGELAND 50' LOT,21230 STEPHENS COUNTY DRIVE,2025-08-14,2025-08-25,2025-09-04,2025-09-10,2025-09-19,2025-09-26,2025-10-15,2025-11-10,2025-11-13,NULL,2025-08-23,2025-09-08,2025-09-06,2025-09-24,2025-10-02,2025-10-13,2025-11-02,2025-11-13,2026-04-26,11,10,6,9,7,19,26,3,NULL,9,9,14,15,2,5,14,16,13,12,NULL,17,NULL,18,13,10,65,76,Complete,Final,2025-11-13
20181.1082,203,H5,BRIDGELAND 50' LOT,12311 BIG PINE CREEK DRIVE,2025-09-29,2025-10-06,2025-10-16,2025-10-22,2025-10-31,2025-11-10,2025-12-02,2025-12-11,2025-12-24,NULL,2025-10-08,2025-10-20,2025-10-18,2025-11-05,2025-11-13,2025-11-27,2025-12-20,2025-12-24,2026-04-26,7,10,6,9,10,22,9,13,NULL,9,9,14,15,2,5,14,16,13,12,NULL,17,NULL,18,13,10,65,76,Complete,Final,2025-12-24
20183.0226,220,H2,AUDUBON PARK 45' LOT,521 RED EYED VIREO COURT,2025-11-13,2025-11-20,2025-12-16,2025-12-17,2025-12-26,2026-01-14,2026-01-27,NULL,NULL,NULL,2025-11-26,2025-12-02,2025-12-18,2025-12-29,2026-01-14,2026-01-27,2026-04-26,2026-05-11,2026-06-16,7,26,1,9,19,13,NULL,NULL,NULL,13,9,12,17,2,3,12,12,19,11,13,17,16,16,15,25,36,54,Interior,Trim,2026-01-27
20183.0279,799,H2,AUDUBON PARK 60' LOT,39111 DANGLING CREST COURT,2025-12-01,NULL,NULL,NULL,NULL,NULL,NULL,NULL,NULL,NULL,2026-04-26,2026-05-11,2026-05-16,2026-05-27,2026-06-07,2026-06-24,2026-07-10,2026-08-04,2026-09-27,NULL,NULL,NULL,NULL,NULL,NULL,NULL,NULL,NULL,12,9,15,17,5,3,11,12,11,11,NULL,17,NULL,16,NULL,25,NULL,54,Foundation,Released,2025-12-01
20195.0156,333,H5,THE GRAND PRAIRIE 50' LOT,27327 PRAIRIE RUSH DRIVE,2025-10-29,2025-11-04,2025-11-14,2025-11-17,2025-12-03,2025-12-12,2025-12-26,2026-01-21,NULL,NULL,2025-11-07,2025-11-18,2025-11-20,2025-12-12,2025-12-16,2025-12-27,2026-01-16,2026-04-26,2026-07-11,6,10,3,16,9,14,26,NULL,NULL,NULL,9,14,15,6,5,25,16,13,12,15,17,21,18,17,10,NULL,76,Final,Interior,2026-01-21
20218.0103,242,H4,EVERGREEN 70' LOT,15811 MOSSY JUNIPER LANE,2025-02-27,2025-04-02,2025-04-15,2025-04-21,2025-04-29,2025-05-14,2025-06-24,2025-08-11,2025-09-17,NULL,2025-03-11,2025-04-15,2025-04-16,2025-04-30,2025-05-09,2025-05-29,2025-07-11,2025-09-17,2026-04-26,34,13,6,8,15,41,48,37,NULL,12,9,13,12,1,3,9,9,NULL,10,NULL,15,NULL,17,NULL,13,134,97,Complete,Final,2025-09-17
20218.0118,242,H4,EVERGREEN 70' LOT,15814 MOSSY JUNIPER LANE,2025-12-19,2025-12-31,2026-01-13,2026-01-14,2026-01-23,NULL,NULL,NULL,NULL,NULL,2025-12-31,2026-01-13,2026-01-14,2026-01-23,2026-04-26,2026-05-11,2026-05-28,2026-06-10,2026-10-22,12,13,1,9,NULL,NULL,NULL,NULL,NULL,12,9,13,12,1,3,9,9,NULL,10,NULL,15,NULL,17,NULL,13,134,97,Sheetrock,Mechanical,2026-01-23
20221.0269,621,H4,GRAND CENTRAL PARK 50' LOT,419 MATHIS LAKE COURT,2025-03-03,2025-03-17,2025-03-19,2025-03-17,2025-04-22,2025-05-02,2025-05-14,2025-06-28,2025-07-08,NULL,2025-03-12,2025-03-27,2025-03-23,2025-03-24,2025-05-01,2025-05-17,2025-05-31,2025-07-08,2026-04-26,14,2,-2,36,10,12,45,10,NULL,9,9,10,12,4,3,7,9,9,10,NULL,15,NULL,17,NULL,13,148,97,Complete,Final,2025-07-08
20233.0479,179,H3,JORDAN RANCH 40' LOT,2923 ORANGE LEAF DRIVE,2025-11-06,2025-11-13,2025-11-25,2025-12-02,2025-12-11,2025-12-19,2026-01-06,2026-01-14,2026-01-23,NULL,2025-11-15,2025-11-28,2025-11-29,2025-12-12,2025-12-17,2026-01-08,2026-01-14,2026-01-23,2026-04-26,7,12,7,9,8,18,8,9,NULL,9,9,15,15,4,5,10,12,6,9,20,16,8,23,14,12,18,81,Complete,Final,2026-01-23
20233.0483,179,H3,JORDAN RANCH 40' LOT,30927 STAR GAZER ROAD,2025-11-24,2025-12-04,2025-12-16,2025-12-18,2025-12-31,2026-01-09,2026-01-26,NULL,NULL,NULL,2025-12-03,2025-12-19,2025-12-20,2025-12-28,2026-01-06,2026-01-29,2026-04-26,2026-05-10,2026-05-28,10,12,2,13,9,17,NULL,NULL,NULL,9,9,15,15,4,5,10,12,6,9,20,16,8,23,14,12,18,81,Interior,Trim,2026-01-26
20233.0494,179,H3,JORDAN RANCH 40' LOT,2914 SUNRISE FIELD LANE,2025-12-17,2025-12-26,2026-01-09,2026-01-13,2026-01-22,NULL,NULL,NULL,NULL,NULL,2025-12-26,2026-01-10,2026-01-13,2026-01-23,2026-04-26,2026-05-16,2026-05-24,2026-06-07,2026-06-25,9,14,4,9,NULL,NULL,NULL,NULL,NULL,9,9,15,15,4,5,10,12,6,9,20,16,8,23,14,12,18,81,Sheetrock,Mechanical,2026-01-22
20233.0532,179,H3,JORDAN RANCH 40' LOT,2911 SUNRISE FIELD LANE,2025-12-08,2025-12-16,2025-12-31,2026-01-05,2026-01-12,2026-01-19,NULL,NULL,NULL,NULL,2025-12-17,2025-12-31,2026-01-04,2026-01-15,2026-01-18,2026-04-26,2026-05-04,2026-05-18,2026-06-05,8,15,5,7,7,NULL,NULL,NULL,NULL,9,9,15,15,4,5,10,12,6,9,20,16,8,23,14,12,18,81,Trim,Sheetrock,2026-01-19
20233.0538,179,H3,JORDAN RANCH 40' LOT,2743 SUNRISE FIELD LANE (M),2024-09-20,2024-09-18,2024-10-01,2024-10-03,2024-10-11,2024-10-15,2024-11-04,2024-11-07,2024-11-18,NULL,2024-09-29,2024-10-03,2024-10-05,2024-10-13,2024-10-17,2024-11-04,2024-11-12,2024-11-18,2026-04-26,-2,13,2,8,4,20,3,11,NULL,9,9,15,15,4,5,10,12,6,9,20,16,8,23,14,12,18,81,Complete,Final,2024-11-18
20238.0797,625,H5,ELYSON 55' LOT,7230 BUSH GLADE DRIVE,2025-07-10,2025-07-17,2025-08-11,2025-08-15,2025-09-05,2025-09-16,2025-09-25,2025-10-13,2025-10-23,NULL,2025-07-17,2025-07-30,2025-08-18,2025-08-24,2025-09-14,2025-10-03,2025-10-13,2025-10-23,2026-04-26,7,25,4,21,11,9,18,10,NULL,7,9,13,15,7,5,9,16,9,12,NULL,17,NULL,18,5,10,78,76,Complete,Final,2025-10-23
20238.0819,159,H5,ELYSON 70' LOT,7102 SADIE HIGHLANDS DRIVE,2025-12-05,2025-12-16,2025-12-29,2026-01-05,2026-01-23,NULL,NULL,NULL,NULL,NULL,2025-12-13,2025-12-29,2026-01-04,2026-01-25,2026-04-26,2026-05-13,2026-05-27,2026-06-06,2026-09-09,11,13,7,18,NULL,NULL,NULL,NULL,NULL,8,9,13,15,6,5,20,16,14,12,17,17,14,18,NULL,10,95,76,Sheetrock,Mechanical,2026-01-23
20252.0339,290,H6,STONECREEK ESTATES 50' LOT,5211 FLAT STONE LANE,2025-09-29,2025-10-07,2025-10-24,2025-10-28,2025-11-11,2025-12-01,2025-12-11,2026-01-06,2026-01-13,NULL,2025-10-11,2025-10-22,2025-10-29,2025-11-10,2025-11-21,2025-12-17,2026-01-02,2026-01-13,2026-04-26,8,17,4,14,20,10,26,7,NULL,12,10,15,14,5,4,13,13,10,9,16,16,22,20,13,12,32,58,Complete,Final,2026-01-13
20252.0340,290,H6,STONECREEK ESTATES 50' LOT,5207 FLAT STONE LANE,2025-10-10,2025-10-20,2025-11-20,2025-11-26,2025-12-05,2025-12-12,2026-01-02,2026-01-20,NULL,NULL,2025-10-22,2025-11-04,2025-11-25,2025-12-09,2025-12-15,2025-12-28,2026-01-24,2026-04-26,2026-05-28,10,31,6,9,7,21,18,NULL,NULL,12,10,15,14,5,4,13,13,10,9,16,16,22,20,13,12,32,58,Final,Interior,2026-01-20
20252.0385,290,H6,STONECREEK ESTATES 50' LOT,5238 OBSIDIAN FIELD DRIVE,2025-11-11,2025-11-19,2025-12-03,2025-12-09,2025-12-18,2025-12-30,NULL,NULL,NULL,NULL,2025-11-23,2025-12-04,2025-12-08,2025-12-22,2025-12-28,2026-04-26,2026-05-18,2026-05-31,2026-07-02,8,14,6,9,12,NULL,NULL,NULL,NULL,12,10,15,14,5,4,13,13,10,9,16,16,22,20,13,12,32,58,Trim,Sheetrock,2025-12-30
20252.0414,290,H6,STONECREEK ESTATES 50' LOT,5115 MOMO LANE,2025-12-01,2025-12-09,2025-12-29,2026-01-05,2026-01-19,2026-01-27,NULL,NULL,NULL,NULL,2025-12-13,2025-12-24,2026-01-03,2026-01-18,2026-01-29,2026-04-26,2026-05-18,2026-05-31,2026-07-02,8,20,7,14,8,NULL,NULL,NULL,NULL,12,10,15,14,5,4,13,13,10,9,16,16,22,20,13,12,32,58,Trim,Sheetrock,2026-01-27
20252.0515,20252.601,H6,STONECREEK ESTATES 60' LOT (B),5703 VIOLET RIDGE DRIVE,2025-12-04,2025-12-12,2026-01-05,2026-01-09,2026-01-24,NULL,NULL,NULL,NULL,NULL,2025-12-14,2026-01-02,2026-01-09,2026-01-25,2026-04-26,2026-05-13,2026-05-26,2026-06-09,2026-06-23,8,24,4,15,NULL,NULL,NULL,NULL,NULL,10,10,21,14,4,4,16,13,9,9,17,16,13,20,14,12,14,58,Sheetrock,Mechanical,2026-01-24
20265.0234,226,H3,CROSS CREEK WEST 45' LOT,30926 RADKE ESTATES DRIVE,2025-11-25,2025-12-05,2025-12-11,2025-12-15,2025-12-24,2025-12-30,2026-01-22,NULL,NULL,NULL,2025-12-03,2025-12-12,2025-12-16,2025-12-23,2025-12-31,2026-01-21,2026-04-26,2026-05-05,2026-06-07,10,6,4,9,6,23,NULL,NULL,NULL,8,9,7,15,5,5,8,12,7,9,22,16,13,23,9,12,33,81,Interior,Trim,2026-01-22
20265.0240,226,H3,CROSS CREEK WEST 45' LOT,30951 RADKE ESTATES DRIVE,2026-01-21,NULL,NULL,NULL,NULL,NULL,NULL,NULL,NULL,NULL,2026-04-26,2026-05-03,2026-05-08,2026-05-16,2026-05-23,2026-06-14,2026-06-27,2026-07-06,2026-08-08,NULL,NULL,NULL,NULL,NULL,NULL,NULL,NULL,NULL,8,9,7,15,5,5,8,12,7,9,22,16,13,23,9,12,33,81,Foundation,Released,2026-01-21
20267.0566,773,H3,CANDELA 50' LOT,10634 STARFIRE YELLOW DRIVE,2025-12-10,2025-12-14,2025-12-29,2026-01-02,2026-01-14,2026-01-21,NULL,NULL,NULL,NULL,2025-12-19,2025-12-29,2026-01-01,2026-01-13,2026-01-23,2026-04-26,2026-06-29,2026-07-11,2026-09-30,4,15,4,12,7,NULL,NULL,NULL,NULL,9,9,15,15,3,5,11,12,9,9,11,16,64,23,NULL,12,NULL,81,Trim,Sheetrock,2026-01-21
20267.0571,773,H3,CANDELA 50' LOT,10643 STARFIRE YELLOW DRIVE,2025-08-12,2025-08-22,2025-09-02,2025-09-04,2025-09-16,2025-09-25,NULL,2026-01-22,NULL,NULL,2025-08-21,2025-09-06,2025-09-05,2025-09-15,2025-09-25,2025-10-06,2025-12-09,2026-04-26,2026-07-16,10,11,2,12,9,NULL,NULL,NULL,NULL,9,9,15,15,3,5,11,12,9,9,11,16,64,23,NULL,12,NULL,81,Final,Interior,2026-01-22
20272.0504,705,H6,HARVEST GREEN 45' LOT,3238 KEY LIME DRIVE,2025-11-17,2025-11-26,2025-12-09,2025-12-15,2025-12-25,2026-01-05,2026-01-15,NULL,NULL,NULL,2025-11-30,2025-12-02,2025-12-12,2025-12-23,2025-12-31,2026-01-20,2026-04-26,2026-05-05,2026-06-13,9,13,6,10,11,10,NULL,NULL,NULL,13,10,6,14,3,4,8,13,6,9,15,16,16,20,9,12,39,58,Interior,Trim,2026-01-15
20286.0112,190,S1,VIDA 50' LOT,10826 SALEH CORNER,2025-11-20,2025-12-10,2025-12-22,2025-12-31,2026-01-14,2026-01-28,NULL,NULL,NULL,NULL,2025-12-10,2025-12-26,2025-12-27,2026-01-14,2026-01-30,2026-04-26,2026-05-17,2026-06-18,2026-10-25,20,12,9,14,14,NULL,NULL,NULL,NULL,20,16,16,11,5,7,14,15,16,18,18,17,21,28,32,15,129,110,Trim,Sheetrock,2026-01-28
20288.1306,685,S1,KALLISON RANCH 45' LOT (A),10121 JETTY MILLS,2025-11-25,2025-12-08,2025-12-15,2025-12-19,2025-12-30,2026-01-27,NULL,NULL,NULL,NULL,2025-12-06,2025-12-16,2025-12-21,2026-01-02,2026-01-23,2026-04-26,2026-05-22,2026-06-09,2026-07-11,13,7,4,11,28,NULL,NULL,NULL,NULL,11,16,8,11,6,7,14,15,24,18,NULL,17,26,28,18,15,32,110,Trim,Sheetrock,2026-01-27
20288.1422,678,S1,KALLISON RANCH 60' LOT,14511 TIN STAR DRIVE,2025-11-10,2025-11-19,2025-11-26,2025-12-02,2025-12-10,2026-01-06,2026-01-15,NULL,NULL,NULL,2025-11-21,2025-12-03,2025-11-30,2025-12-12,2025-12-30,2026-01-27,2026-04-26,2026-05-01,2026-11-06,9,7,6,8,27,9,NULL,NULL,NULL,11,16,14,11,4,7,10,15,20,18,21,17,43,28,5,15,189,110,Interior,Trim,2026-01-15
20288.1445,678,S1,KALLISON RANCH 60' LOT,10517 TAPADEROS DRIVE,2025-12-26,2026-01-07,2026-01-21,2026-01-22,NULL,NULL,NULL,NULL,NULL,NULL,2026-01-06,2026-01-21,2026-01-25,2026-04-26,2026-05-16,2026-06-06,2026-07-19,2026-07-24,2027-01-29,12,14,1,NULL,NULL,NULL,NULL,NULL,NULL,11,16,14,11,4,7,10,15,20,18,21,17,43,28,5,15,189,110,Mechanicals,Cornice,2026-01-22
20290.0045,20290.60,S1,ALSATIAN OAKS 60' LOT,265 POST OAK,2025-07-17,2025-07-31,2025-08-13,2025-08-18,2025-09-01,2025-09-15,2025-10-03,2025-10-28,2025-11-07,NULL,2025-08-02,2025-08-12,2025-08-21,2025-08-31,2025-09-19,2025-10-02,2025-10-31,2025-11-07,2026-04-26,14,13,5,14,14,18,25,10,NULL,NULL,16,12,11,8,7,13,15,NULL,18,NULL,17,NULL,28,18,15,NULL,110,Complete,Final,2025-11-07
20290.0048,20290.60,S1,ALSATIAN OAKS 60' LOT,315 LACEY OAK,2025-08-29,2025-09-16,2025-09-19,2025-10-03,2025-10-17,2025-10-28,2025-11-18,2025-12-10,2025-12-22,NULL,2025-09-14,2025-09-28,2025-09-27,2025-10-16,2025-11-04,2025-11-14,2025-12-16,2025-12-22,2026-04-26,18,3,14,14,11,21,22,12,NULL,NULL,16,12,11,8,7,13,15,NULL,18,NULL,17,NULL,28,18,15,NULL,110,Complete,Final,2025-12-22
20294.0040,251,S1,MEGAN'S LANDING 1/2 ACRE LOT,117 CHRISTIAN STREET,2025-10-28,2025-11-10,2025-11-25,2025-12-08,2025-12-24,2026-01-06,NULL,NULL,NULL,NULL,2025-11-13,2025-11-30,2025-12-05,2025-12-27,2026-01-07,2026-04-26,2026-05-27,2026-06-10,2026-07-31,13,15,13,16,13,NULL,NULL,NULL,NULL,NULL,16,20,11,10,7,19,15,14,18,18,17,31,28,14,15,51,110,Trim,Sheetrock,2026-01-06
20314.0172,744,S2,KINDER RANCH 70' LOT,1621 LEHANE WAY,2025-06-12,2025-06-25,2025-07-07,2025-07-18,2025-08-25,2025-08-26,2025-09-16,2025-10-06,2025-10-29,NULL,2025-06-29,2025-07-07,2025-07-13,2025-08-04,2025-09-06,2025-09-12,2025-10-25,2025-10-29,2026-04-26,13,12,11,38,1,21,20,23,NULL,17,20,12,10,6,7,NULL,17,NULL,12,NULL,17,39,30,NULL,16,28,96,Complete,Final,2025-10-29
20315.0137,20315.70,S2,JOHNSON RANCH 70' LOT,31151 OSAGE RUN,2025-11-03,2025-11-12,2025-11-20,2025-11-26,2025-12-11,2025-12-23,2025-12-31,NULL,NULL,NULL,2025-11-22,2025-11-22,2025-11-27,2025-12-13,2025-12-22,2026-01-04,2026-04-26,2026-05-04,2026-07-10,9,8,6,15,12,8,NULL,NULL,NULL,19,20,NULL,10,NULL,7,NULL,17,11,12,12,17,27,30,8,16,67,96,Interior,Trim,2025-12-31
20315.0143,20315.70,S2,JOHNSON RANCH 70' LOT,31152 CLOVER PASS,2025-10-23,2025-10-31,2025-11-10,2025-11-13,2025-11-24,2025-12-05,2025-12-13,2026-01-13,2026-01-22,NULL,2025-11-11,2025-11-10,2025-11-17,2025-11-30,2025-12-05,2025-12-17,2026-01-09,2026-01-22,2026-04-26,8,10,3,11,11,8,31,9,NULL,19,20,NULL,10,NULL,7,NULL,17,11,12,12,17,27,30,8,16,67,96,Complete,Final,2026-01-22
20315.0152,20315.HA,S2,JOHNSON RANCH HALF ACRE LOT,3869 WRANGLER LOOP,2025-09-04,2025-09-25,2025-10-07,2025-10-14,2025-10-23,2025-11-05,2025-11-25,2026-01-07,2026-01-17,NULL,2025-09-24,2025-10-05,2025-10-14,2025-10-31,2025-11-04,2025-11-22,2026-01-07,2026-01-17,2026-04-23,21,12,7,9,13,20,43,10,NULL,NULL,20,NULL,10,NULL,7,NULL,17,NULL,12,NULL,17,43,30,10,16,NULL,96,Complete,Final,2026-01-17
20320.0087,20320.80,S2,ESPERANZA 80' LOT,103 CASCADA,2025-11-11,2025-11-21,2025-12-08,2025-12-29,2026-01-12,2026-01-26,NULL,NULL,NULL,NULL,2025-12-05,2025-11-30,2025-12-29,2026-01-12,2026-01-26,2026-04-26,2026-05-16,2026-05-26,2027-02-08,10,17,21,14,14,NULL,NULL,NULL,NULL,24,20,9,10,21,7,14,17,14,12,32,17,20,30,10,16,258,96,Trim,Sheetrock,2026-01-26
20320.0105,20320.60,S2,ESPERANZA 60' LOT,313 FANDANGO,2025-11-11,2025-11-21,2025-11-28,2025-12-04,2025-12-16,2025-12-29,2026-01-21,NULL,NULL,NULL,2025-12-04,2025-11-25,2025-12-07,2025-12-14,2025-12-23,2026-01-21,2026-04-26,2026-05-12,2027-01-02,10,7,6,12,13,23,NULL,NULL,NULL,23,20,4,10,9,7,10,17,7,12,23,17,NULL,30,NULL,16,235,96,Interior,Trim,2026-01-21
20320.0120,20320.60,S2,ESPERANZA 60' LOT,417 VERDAD WAY,2025-01-30,2025-02-11,2025-02-15,2025-02-24,2025-03-18,2025-03-26,2025-04-07,2025-05-01,2025-05-16,NULL,2025-02-22,2025-02-15,2025-02-24,2025-03-06,2025-03-25,2025-04-18,2025-05-07,2025-05-16,2026-04-26,12,4,9,22,8,12,24,15,NULL,23,20,4,10,9,7,10,17,7,12,23,17,NULL,30,NULL,16,235,96,Complete,Final,2025-05-16
20320.0162,140,S2,ESPERANZA 50' LOT,233 HIDALGO,2025-07-07,2025-07-09,2025-07-17,2025-07-25,2025-08-08,2025-08-18,2025-09-04,2025-09-22,2025-10-07,NULL,2025-07-12,2025-07-20,2025-07-24,2025-08-03,2025-08-19,2025-09-08,2025-10-04,2025-10-07,2026-04-26,2,8,8,14,10,17,18,15,NULL,5,20,11,10,7,7,9,17,11,12,21,17,NULL,30,14,16,104,96,Complete,Final,2025-10-07
20321.0073,306,S2,VERANDA SA 40' LOT,1560 ALSATIAN AVENUE,2025-08-07,2025-08-15,2025-08-21,2025-08-26,2025-09-11,2025-09-22,2025-09-30,2025-10-28,2025-11-14,NULL,2025-08-27,2025-08-25,2025-08-28,2025-09-12,2025-09-23,2025-10-09,2025-12-08,2025-11-14,2026-04-26,8,6,5,16,11,8,28,17,NULL,NULL,20,NULL,10,NULL,7,NULL,17,NULL,12,NULL,17,69,30,14,16,NULL,96,Complete,Final,2025-11-14
20325.0258,788,S3,VERAMENDI 60' LOT,648 BODARK STREET,2025-12-02,2025-12-10,2025-12-22,2025-12-31,2026-01-12,2026-01-23,NULL,NULL,NULL,NULL,2025-12-10,2025-12-22,2025-12-28,2026-01-11,2026-01-22,2026-04-26,2026-05-19,2026-06-03,2026-08-02,8,12,9,12,11,NULL,NULL,NULL,NULL,8,14,12,12,6,7,11,15,10,12,NULL,15,NULL,23,15,12,60,98,Trim,Sheetrock,2026-01-23
20333.0129,20333.50,A3,LA CIMA 50' LOT,138 HORSEHERB WAY,2025-12-30,2026-01-20,NULL,NULL,NULL,NULL,NULL,NULL,NULL,NULL,2026-01-20,2026-04-26,2026-05-01,2026-05-22,2026-06-04,2026-06-18,2026-07-25,2026-08-05,2026-10-08,21,NULL,NULL,NULL,NULL,NULL,NULL,NULL,NULL,21,17,NULL,9,NULL,5,NULL,21,NULL,13,NULL,14,NULL,37,11,12,NULL,64,Frame,Foundation,2026-01-20
20345.0065,283,S3,MAYFAIR 50' LOT,419 CLEVELAND WAY,2025-12-31,2026-01-09,2026-01-16,2026-01-21,NULL,NULL,NULL,NULL,NULL,NULL,2026-01-12,2026-01-16,2026-01-20,2026-04-26,2026-05-08,2026-05-23,2026-06-15,2026-06-27,2026-08-23,9,7,5,NULL,NULL,NULL,NULL,NULL,NULL,12,14,7,12,4,7,NULL,15,NULL,12,NULL,15,NULL,23,NULL,12,57,98,Mechanicals,Cornice,2026-01-21
20356.0029,20356.80,H3,Fulshear Lakes 80' Lot,7726 RED DAMSEL PLACE,2025-12-17,2025-12-23,NULL,NULL,NULL,NULL,NULL,NULL,NULL,NULL,2025-12-26,2026-04-26,2026-05-10,2026-05-24,2026-06-05,2026-06-21,2026-07-14,2026-07-26,2026-12-27,6,NULL,NULL,NULL,NULL,NULL,NULL,NULL,NULL,9,9,32,15,14,5,14,12,12,9,NULL,16,NULL,23,NULL,12,154,81,Frame,Foundation,2025-12-23
20357.0061,20357.50,S3,THE PARKLANDS 40'/50' Lot,5042 OBISPO CIRCLE,2026-01-22,NULL,NULL,NULL,NULL,NULL,NULL,NULL,NULL,NULL,2026-04-26,2026-05-05,2026-05-11,2026-05-26,2026-06-07,2026-06-22,2026-07-15,2026-07-27,2026-11-02,NULL,NULL,NULL,NULL,NULL,NULL,NULL,NULL,NULL,11,14,9,12,6,7,NULL,15,NULL,12,NULL,15,NULL,23,NULL,12,NULL,98,Foundation,Released,2026-01-22
20357.0074,20357.60,S3,THE PARKLANDS 60' LOT,4112 ASHBROOK,2025-12-26,2026-01-14,2026-01-19,2026-01-23,NULL,NULL,NULL,NULL,NULL,NULL,2026-01-14,2026-01-19,2026-01-23,2026-04-26,2026-05-08,2026-05-23,2026-06-15,2026-06-27,2026-10-03,19,5,4,NULL,NULL,NULL,NULL,NULL,NULL,19,14,5,12,4,7,NULL,15,NULL,12,NULL,15,NULL,23,NULL,12,NULL,98,Mechanicals,Cornice,2026-01-23
20358.0003,20358.50,H2,TWO STEP FARM 50' LOT,8211 FOLKS STREET (M),2025-05-01,2025-05-08,2025-05-16,2025-05-22,2025-05-28,2025-06-04,2025-06-24,2025-09-03,2025-09-24,NULL,2025-05-19,2025-05-27,2025-05-24,2025-05-31,2025-06-07,2025-06-19,2025-07-10,2025-09-24,2026-04-26,7,8,6,6,7,20,71,21,NULL,18,9,19,17,8,3,9,12,10,11,15,17,NULL,16,NULL,25,NULL,54,Complete,Final,2025-09-24
20358.0091,20358.60,H2,TWO STEP FARM 60' LOT,9318 CLUCKING HEN STREET,2025-12-18,2026-01-02,2026-01-28,NULL,NULL,NULL,NULL,NULL,NULL,NULL,2026-01-02,2026-01-28,2026-04-26,2026-05-07,2026-05-18,2026-06-03,2026-06-19,2026-07-14,2026-09-06,15,26,NULL,NULL,NULL,NULL,NULL,NULL,NULL,15,9,26,17,NULL,3,11,12,11,11,16,17,NULL,16,NULL,25,NULL,54,Cornice,Frame,2026-01-28
20359.0060,20359.60,H3,GRANGE 60' LOT,449 PRAIRIE HEIGHTS DRIVE,2025-11-24,2025-12-02,2025-12-17,2025-12-19,2026-01-08,2026-01-20,NULL,NULL,NULL,NULL,2025-12-04,2025-12-21,2025-12-20,2026-01-03,2026-01-19,2026-04-26,2026-05-18,2026-05-30,2026-10-23,8,15,2,20,12,NULL,NULL,NULL,NULL,10,9,19,15,3,5,15,12,11,9,10,16,22,23,NULL,12,146,81,Trim,Sheetrock,2026-01-20
20360.0023,20360.65,A3,PARTEN 65' LOT,361 BIRD HOLLOW (M),2024-12-17,2024-12-19,2024-12-27,2025-01-02,2025-01-18,2025-01-31,2025-02-13,2025-03-12,2025-03-31,NULL,2025-01-08,2024-12-31,2024-12-31,2025-01-28,2025-02-05,2025-02-16,2025-03-27,2025-03-31,2026-04-26,2,8,6,16,13,13,27,19,NULL,22,17,12,9,4,5,26,21,18,13,16,14,42,37,7,12,66,64,Complete,Final,2025-03-31
20362.0030,20362.50,D3,HILLSTEAD 50' LOT,1719 HILLSIDE STROLL DRIVE,2025-12-26,2026-01-06,2026-01-20,2026-01-21,NULL,NULL,NULL,NULL,NULL,NULL,2026-01-04,2026-01-16,2026-01-23,2026-04-26,2026-05-09,2026-05-29,2026-06-12,2026-06-30,2026-09-25,11,14,1,NULL,NULL,NULL,NULL,NULL,NULL,9,12,10,10,3,3,NULL,13,NULL,13,NULL,20,14,29,18,21,87,92,Mechanicals,Cornice,2026-01-21
20364.0027,20364.50,H2,KRESSTON 50' LOT,26726 TRAILBLAZERS RUN,2025-12-17,2025-12-23,2026-01-08,2026-01-12,2026-01-23,NULL,NULL,NULL,NULL,NULL,2025-12-22,2026-01-14,2026-01-10,2026-01-24,2026-04-26,2026-05-13,2026-05-29,2026-06-23,2026-08-26,6,16,4,11,NULL,NULL,NULL,NULL,NULL,5,9,22,17,2,3,12,12,NULL,11,NULL,17,NULL,16,NULL,25,64,54,Sheetrock,Mechanical,2026-01-23
20364.0033,20364.50,H2,KRESSTON 50' LOT,26616 BOOTS DRIVE (M),2024-10-31,2024-11-12,2024-11-22,2024-12-02,2024-12-13,2024-12-19,2024-12-26,2025-02-03,2025-02-24,NULL,2024-11-05,2024-12-04,2024-11-24,2024-12-14,2024-12-24,2025-01-05,2025-01-11,2025-02-24,2026-04-26,12,10,10,11,6,7,39,21,NULL,5,9,22,17,2,3,12,12,NULL,11,NULL,17,NULL,16,NULL,25,64,54,Complete,Final,2025-02-24
20365.0008,20365.1A,S2,GEORGE'S RANCH 1 ACRE LOT,113 LAUGHING DOG,2025-12-23,2026-01-06,2026-01-22,NULL,NULL,NULL,NULL,NULL,NULL,NULL,2026-01-06,2026-01-22,2026-04-26,2026-06-01,2026-06-13,2026-06-30,2026-07-30,2026-08-15,2026-10-18,14,16,NULL,NULL,NULL,NULL,NULL,NULL,NULL,14,20,16,10,NULL,7,36,17,NULL,12,NULL,17,NULL,30,NULL,16,64,96,Cornice,Frame,2026-01-22
20367.0030,20367.55,F1,MANDARIN GROVE 55' LOT,3906 109TH STREET EAST,2025-11-21,2025-12-18,2026-01-09,NULL,NULL,NULL,NULL,NULL,NULL,NULL,2025-12-05,2026-01-17,NULL,2026-04-26,2026-05-11,2026-06-02,2026-06-28,2026-08-14,2026-08-31,27,22,NULL,NULL,NULL,NULL,NULL,NULL,NULL,14,15,30,28,NULL,NULL,21,31,NULL,15,NULL,22,26,46,NULL,47,NULL,17,Mechanicals,Frame,2026-01-09
20367.0039,20367.55,F1,MANDARIN GROVE 55' LOT,10915 38TH TERRACE EAST,2026-01-14,NULL,NULL,NULL,NULL,NULL,NULL,NULL,NULL,NULL,2026-04-26,2026-05-26,NULL,2026-06-16,2026-07-01,2026-07-23,2026-08-18,2026-10-04,2026-10-21,NULL,NULL,NULL,NULL,NULL,NULL,NULL,NULL,NULL,14,15,30,28,NULL,NULL,21,31,NULL,15,NULL,22,26,46,NULL,47,NULL,17,Foundation,Released,2026-01-14
20369.0010,20369.50,S1,HABY HILL 50' LOT,263 HILLSIDE PARK (C),2025-06-27,2025-07-25,2025-08-04,2025-08-08,2025-08-21,2025-08-27,NULL,NULL,NULL,NULL,2025-07-12,2025-08-02,2025-08-12,2025-08-22,2025-09-11,2026-04-26,2026-05-24,2026-06-04,2026-08-04,28,10,4,13,6,NULL,NULL,NULL,NULL,15,16,8,11,8,7,14,15,21,18,16,17,NULL,28,11,15,61,110,Trim,Sheetrock,2025-08-27
20370.0051,20370.50,A2,FLORA 50' LOT,460 BRANDYWINE ROAD,2025-11-20,2025-12-09,2025-12-16,2025-12-22,2026-01-08,2026-01-18,NULL,NULL,NULL,NULL,2025-12-09,2025-12-18,2025-12-22,2026-01-10,2026-01-18,2026-04-26,2026-05-22,2026-06-02,2026-10-11,19,7,6,17,10,NULL,NULL,NULL,NULL,19,27,9,11,6,6,19,18,10,10,26,16,26,33,11,16,131,120,Trim,Sheetrock,2026-01-18
20371.0027,20371.40,H3,CANDELA SOUTH 40' LOT,115 SHINING SUCCULENT DRIVE,2025-10-10,2025-10-20,2025-11-14,2025-11-21,2025-12-04,2025-12-10,2025-12-22,2026-01-05,2026-01-19,NULL,2025-10-25,2025-10-31,2025-11-20,2025-11-26,2025-12-11,2025-12-23,2026-01-05,2026-01-19,2026-04-26,10,25,7,13,6,12,14,14,NULL,15,9,11,15,6,5,5,12,7,9,13,16,14,23,14,12,NULL,81,Complete,Final,2026-01-19
20374.0056,20374.50,F1,MAGNOLIA BAY 50' LOT,217 HOLLY BANK AVENUE (M),2024-12-31,2025-01-02,2025-01-02,2025-01-17,2025-02-11,2025-02-19,2025-02-28,2025-03-17,2025-04-14,NULL,2025-01-16,2025-02-03,NULL,2025-01-24,2025-02-25,2025-03-03,2025-04-15,2025-04-14,2026-04-26,2,0,NULL,40,8,9,17,28,NULL,16,15,32,28,NULL,NULL,22,31,14,15,12,22,NULL,46,NULL,47,20,17,Complete,Final,2025-04-14
20375.0064,20375.60,F1,TURNLEAF 60' LOT,13098 CAMELOT LANE,2025-04-30,2025-05-19,2025-06-23,NULL,2025-08-04,2025-09-16,2025-10-09,2025-11-10,2026-01-21,NULL,2025-05-15,2025-06-16,NULL,2025-07-24,2025-08-19,2025-10-08,2025-11-24,2026-01-21,2026-04-26,19,35,NULL,42,43,23,32,72,NULL,NULL,15,NULL,28,NULL,NULL,NULL,31,NULL,15,NULL,22,NULL,46,72,47,NULL,17,Complete,Final,2026-01-21
20379.0059,20379.70,A1,ELDORADO 70' LOT,138 OSWALT WAY,2025-10-22,2025-11-04,2025-11-17,2025-11-19,2025-11-26,2025-12-08,2025-12-23,2026-01-23,NULL,NULL,2025-11-12,2025-11-21,2025-11-21,2025-12-04,2025-12-17,2025-12-19,2026-01-23,2026-04-26,2026-07-31,13,13,2,7,12,15,31,NULL,NULL,21,15,17,9,4,6,NULL,15,21,13,11,17,31,39,NULL,11,NULL,96,Final,Interior,2026-01-23
20380.0021,20380.50,F1,GLYNLEA COUNTRY CLUB 50' LOT,10860 NORTHWEST WILGROVE LANE,2025-09-25,2025-10-16,2025-11-04,NULL,2025-12-05,2025-12-15,2026-01-07,NULL,NULL,NULL,2025-10-08,2025-11-04,NULL,2025-12-05,2025-12-20,2026-01-07,2026-04-26,2026-06-12,2026-06-29,21,19,NULL,31,10,23,NULL,NULL,NULL,13,15,19,28,NULL,NULL,NULL,31,NULL,15,23,22,NULL,46,NULL,47,NULL,17,Interior,Trim,2026-01-07
20381.0004,20381.65,S3,CIBOLO VALLEY HEIGHTS 65' LOT,409 BELLA ROSA WAY,2025-12-04,2025-12-15,2025-12-29,2026-01-06,2026-01-17,NULL,NULL,NULL,NULL,NULL,2025-12-16,2025-12-27,2026-01-05,2026-01-18,2026-04-26,2026-05-14,2026-06-04,2026-06-16,2026-09-16,11,14,8,11,NULL,NULL,NULL,NULL,NULL,12,14,12,12,7,7,12,15,13,12,18,15,21,23,NULL,12,92,98,Sheetrock,Mechanical,2026-01-17
20381.0058,20381.65,S3,CIBOLO VALLEY HEIGHTS 65' LOT,219 KRUEGER WAY (M),2025-05-29,2025-06-10,2025-06-18,2025-06-23,2025-07-02,2025-07-09,2025-07-23,2025-08-12,2025-08-25,NULL,2025-06-10,2025-06-22,2025-06-25,2025-07-05,2025-07-15,2025-07-27,2025-08-13,2025-08-25,2026-04-26,12,8,5,9,7,14,20,13,NULL,12,14,12,12,7,7,12,15,13,12,18,15,21,23,NULL,12,92,98,Complete,Final,2025-08-25
20382.0004,20382.71,D1,MYRTLE CREEK 71' LOT,233 WINTERGRASS DRIVE (M),2025-03-18,2025-03-24,2025-04-02,2025-04-08,2025-04-29,2025-04-29,2025-05-01,2025-05-15,2025-06-20,NULL,2025-04-01,2025-04-06,2025-04-08,2025-04-24,2025-05-11,2025-05-17,2025-05-18,2025-06-20,2026-04-26,6,9,6,21,0,2,14,36,NULL,NULL,14,NULL,13,NULL,6,NULL,16,NULL,12,NULL,18,NULL,17,NULL,17,NULL,60,Complete,Final,2025-06-20
20382.0014,20382.60,D1,MYRTLE CREEK 60' LOT,256 WOODOAT ROAD,2025-06-04,2025-06-24,2025-07-03,2025-07-09,2025-07-22,2025-07-31,2025-08-18,2025-09-19,2025-10-16,NULL,2025-06-14,2025-07-05,2025-07-05,2025-07-25,2025-08-03,2025-08-18,2025-09-04,2025-10-16,2026-04-26,20,9,6,13,9,18,32,27,NULL,10,14,11,13,2,6,NULL,16,NULL,12,NULL,18,NULL,17,NULL,17,81,60,Complete,Final,2025-10-16
20382.0053,20382.71,D1,MYRTLE CREEK 71' LOT,276 ROSEMALLOW LANE,2026-01-29,NULL,NULL,NULL,NULL,NULL,NULL,NULL,NULL,NULL,2026-04-26,2026-05-09,2026-05-15,2026-05-31,2026-06-12,2026-06-30,2026-07-17,2026-08-03,2026-10-02,NULL,NULL,NULL,NULL,NULL,NULL,NULL,NULL,NULL,NULL,14,NULL,13,NULL,6,NULL,16,NULL,12,NULL,18,NULL,17,NULL,17,NULL,60,Foundation,Released,2026-01-29
20383.0010,20383.45,D3,THE HEIGHTS AT UPTOWN CELINA 40'/45' LOT,508 WALKER PARKWAY,2025-05-28,2025-07-02,2025-07-11,2025-07-16,2025-08-05,2025-08-15,2025-08-28,2025-09-25,2025-09-30,NULL,2025-06-09,2025-07-12,2025-07-14,2025-07-29,2025-08-18,2025-09-04,2025-09-26,2025-09-30,2026-04-26,35,9,5,20,10,13,28,5,NULL,NULL,12,NULL,10,NULL,3,NULL,13,NULL,13,NULL,20,NULL,29,NULL,21,133,92,Complete,Final,2025-09-30
20383.0012,20383.45,D3,THE HEIGHTS AT UPTOWN CELINA 40'/45' LOT,533 BANKS STREET,2025-07-24,2025-08-05,2025-08-19,2025-08-21,2025-09-05,2025-09-15,2025-10-06,2025-10-22,2025-10-30,NULL,2025-08-05,2025-08-15,2025-08-22,2025-09-03,2025-09-18,2025-10-05,2025-11-04,2025-10-30,2026-04-26,12,14,2,15,10,21,16,8,NULL,NULL,12,NULL,10,NULL,3,NULL,13,NULL,13,NULL,20,NULL,29,NULL,21,133,92,Complete,Final,2025-10-30
20383.0013,20383.45,D3,THE HEIGHTS AT UPTOWN CELINA 40'/45' LOT,529 BANKS STREET,2025-06-27,2025-07-11,2025-07-19,2025-07-22,2025-08-13,2025-08-15,2025-08-28,2025-09-29,2025-10-16,NULL,2025-07-09,2025-07-21,2025-07-22,2025-08-04,2025-08-26,2025-09-04,2025-09-26,2025-10-16,2026-04-26,14,8,3,22,2,13,32,17,NULL,NULL,12,NULL,10,NULL,3,NULL,13,NULL,13,NULL,20,NULL,29,NULL,21,133,92,Complete,Final,2025-10-16
20387.0069,20387.40,H6,AUSTIN POINT 40' LOT,10730 URSA STREET,2025-07-15,2025-07-23,2025-08-01,2025-08-05,2025-08-18,2025-08-25,2025-09-08,2025-10-23,NULL,NULL,2025-07-26,2025-08-04,2025-08-04,2025-08-15,2025-08-27,2025-09-10,2025-09-28,2026-04-26,2026-06-23,8,9,4,13,7,14,45,NULL,NULL,11,10,12,14,3,4,10,13,NULL,9,NULL,16,NULL,20,NULL,12,NULL,58,Final,Interior,2025-10-23
20389.0035,20389.55,S2,HIDDEN CANYON 55' LOT,22231 RUSTIC HOLLOW,2025-10-16,2025-11-03,2025-11-11,2025-11-19,2025-12-04,2025-12-18,2026-01-07,2026-01-23,NULL,NULL,2025-12-13,2025-11-13,2025-11-14,2025-12-15,2025-12-16,2026-01-06,2026-01-31,2026-04-26,2026-07-31,18,8,8,15,14,20,16,NULL,NULL,58,20,10,10,3,7,26,17,NULL,12,19,17,24,30,12,16,NULL,96,Final,Interior,2026-01-23
20390.0003,20390.1A,S3,THE PRESERVE AT ELM CREEK 1 ACRE LOT,240 BERRYWOOD LANE (M),2025-07-31,2025-07-31,2025-08-05,2025-08-11,2025-09-09,2025-09-29,2025-10-09,2025-11-10,2025-12-02,NULL,2025-09-04,2025-08-10,2025-08-15,2025-08-24,2025-09-22,2025-10-14,2025-11-01,2025-12-02,2026-04-26,0,5,6,29,20,10,32,22,NULL,35,14,10,12,10,7,13,15,13,12,NULL,15,NULL,23,NULL,12,NULL,98,Complete,Final,2025-12-02
20394.0007,20394.50,D4,LAKEWOOD VILLAGE 50' LOT,205 LOMA VISTA DRIVE,2025-06-30,2025-07-23,2025-08-06,2025-08-08,2025-08-27,2025-09-16,2025-10-13,2025-11-07,2026-01-28,NULL,2025-07-16,2025-08-05,2025-08-11,2025-08-25,2025-09-09,2025-09-28,2025-11-06,2026-01-28,2026-04-26,23,14,2,19,20,27,25,82,NULL,16,14,NULL,13,NULL,5,NULL,17,NULL,13,NULL,12,NULL,24,61,40,7,39,Complete,Final,2026-01-28
20394.0008,20394.50,D4,LAKEWOOD VILLAGE 50' LOT,124 ENCLAVE DRIVE,2026-01-27,NULL,NULL,NULL,NULL,NULL,NULL,NULL,NULL,NULL,2026-04-26,2026-05-09,2026-05-14,2026-05-31,2026-06-13,2026-06-25,2026-07-19,2026-09-18,2026-09-25,NULL,NULL,NULL,NULL,NULL,NULL,NULL,NULL,NULL,16,14,NULL,13,NULL,5,NULL,17,NULL,13,NULL,12,NULL,24,61,40,7,39,Foundation,Released,2026-01-27
20394.0009,20394.50,D4,LAKEWOOD VILLAGE 50' LOT,136 ENCLAVE DRIVE,2025-06-30,2025-07-22,2025-07-25,2025-07-29,2025-08-12,2025-08-27,2025-09-17,2025-10-23,2026-01-28,NULL,2025-07-16,2025-08-04,2025-07-30,2025-08-15,2025-08-25,2025-09-08,2025-10-11,2026-01-28,2026-04-26,22,3,4,14,15,21,36,97,NULL,16,14,NULL,13,NULL,5,NULL,17,NULL,13,NULL,12,NULL,24,61,40,7,39,Complete,Final,2026-01-28
20397.0003,20397.40,H2,WILDTREE 40' LOT,4943 PINESTRAW VALLEY WAY (M),2025-09-24,2025-10-02,2025-10-07,2025-10-13,2025-10-17,2025-10-24,2025-11-05,2025-12-05,2025-12-18,NULL,2025-10-01,2025-10-14,2025-10-10,2025-10-22,2025-10-28,2025-11-10,2025-11-21,2025-12-18,2026-04-26,8,5,6,4,7,12,30,13,NULL,7,9,12,17,NULL,3,9,12,NULL,11,NULL,17,NULL,16,NULL,25,NULL,54,Complete,Final,2025-12-18
20398.0064,20398.50,H2,EVERLY 50' LOT,22206 LARKSPIR GATE DRIVE,2025-12-18,2025-12-31,2026-01-08,2026-01-16,2026-01-26,NULL,NULL,NULL,NULL,NULL,2025-12-30,2026-01-11,2026-01-16,2026-01-26,2026-04-26,2026-05-27,2026-05-29,2026-06-23,2026-08-06,13,8,8,10,NULL,NULL,NULL,NULL,NULL,12,9,11,17,8,3,10,12,NULL,11,31,17,2,16,NULL,25,44,54,Sheetrock,Mechanical,2026-01-26
20403.0005,20403.60,A3,JUNIPER SPRINGS 60' LOT,324 MELODY ROAD (M),2025-07-09,2025-08-05,2025-08-08,2025-08-12,2025-08-19,2025-08-27,2025-09-09,2025-09-25,2025-10-06,NULL,2025-07-24,2025-08-08,2025-08-15,2025-09-02,2025-09-01,2025-09-10,2025-12-01,2025-10-06,2026-04-26,27,3,4,7,8,13,16,11,NULL,15,17,3,9,7,5,NULL,21,NULL,13,NULL,14,83,37,10,12,NULL,64,Complete,Final,2025-10-06
20403.0031,20403.45,A3,JUNIPER SPRINGS 45' LOT,3921 MELODY ROAD,2026-01-20,NULL,NULL,NULL,NULL,NULL,NULL,NULL,NULL,NULL,2026-04-26,2026-05-04,2026-05-06,2026-05-22,2026-06-03,2026-06-17,2026-06-30,2026-07-18,2026-07-29,NULL,NULL,NULL,NULL,NULL,NULL,NULL,NULL,NULL,10,17,8,9,2,5,16,21,12,13,14,14,13,37,18,12,11,64,Foundation,Released,2026-01-20
20403.0087,20403.50,A3,JUNIPER SPRINGS 50' LOT,313 FOXFIRE COVE,2025-12-18,2025-12-22,2025-12-30,2026-01-05,2026-01-19,NULL,NULL,NULL,NULL,NULL,2025-12-25,2025-12-29,2026-01-04,2026-01-22,2026-04-26,2026-05-10,2026-07-30,2026-08-08,2026-08-23,4,8,6,14,NULL,NULL,NULL,NULL,NULL,7,17,7,9,5,5,17,21,9,13,NULL,14,81,37,9,12,15,64,Sheetrock,Mechanical,2026-01-19
20405.0041,20405.90,F1,STAR FARMS AT LAKEWOOD RANCH 90' LOT,3838 BUTTE TRAIL,2025-12-30,2026-01-12,NULL,NULL,NULL,NULL,NULL,NULL,NULL,NULL,2026-01-13,2026-04-26,NULL,2026-05-27,2026-06-11,2026-07-03,2026-08-18,2026-10-04,2026-10-21,13,NULL,NULL,NULL,NULL,NULL,NULL,NULL,NULL,14,15,NULL,28,NULL,NULL,NULL,31,NULL,15,NULL,22,NULL,46,NULL,47,NULL,17,Frame,Foundation,2026-01-12
20410.0005,20410.55,H1,MIDLINE 55' LOT,2811 PATHWAY CREST LANE,2026-01-06,2026-01-16,NULL,NULL,NULL,NULL,NULL,NULL,NULL,NULL,2026-01-15,2026-04-26,2026-05-04,2026-05-15,2026-05-27,2026-06-15,2026-07-26,2026-08-05,2026-11-01,10,NULL,NULL,NULL,NULL,NULL,NULL,NULL,NULL,9,11,NULL,19,NULL,8,NULL,11,NULL,12,NULL,19,NULL,41,NULL,10,NULL,88,Frame,Foundation,2026-01-16
20413.0015,20413.45,D1,MERAKI 45' LOT,2636 BROOKLYN STREET,2026-01-22,NULL,NULL,NULL,NULL,NULL,NULL,NULL,NULL,NULL,2026-04-26,2026-05-09,2026-05-15,2026-05-31,2026-06-12,2026-06-30,2026-07-17,2026-08-03,2026-10-02,NULL,NULL,NULL,NULL,NULL,NULL,NULL,NULL,NULL,NULL,14,NULL,13,NULL,6,NULL,16,NULL,12,NULL,18,NULL,17,NULL,17,NULL,60,Foundation,Released,2026-01-22
20413.0075,20413.50,D1,MERAKI 50' LOT,3517 BEAR STREET,2026-01-28,NULL,NULL,NULL,NULL,NULL,NULL,NULL,NULL,NULL,2026-04-26,2026-05-09,2026-05-15,2026-05-31,2026-06-12,2026-06-30,2026-07-17,2026-08-03,2026-10-02,NULL,NULL,NULL,NULL,NULL,NULL,NULL,NULL,NULL,NULL,14,NULL,13,NULL,6,NULL,16,NULL,12,NULL,18,NULL,17,NULL,17,NULL,60,Foundation,Released,2026-01-28
206049,206,A3,CROSSWINDS 40' LOT,296 REEF BAND DRIVE,2025-04-10,2025-05-02,2025-05-12,2025-05-19,2025-05-29,2025-06-12,2025-06-25,2025-07-21,2025-07-28,NULL,2025-05-14,2025-05-10,2025-05-17,2025-05-28,2025-06-11,2025-06-26,2025-08-01,2025-07-28,2026-04-26,22,10,7,10,14,13,26,7,NULL,34,17,8,9,5,5,9,21,NULL,13,NULL,14,NULL,37,NULL,12,168,64,Complete,Final,2025-07-28
206115,206,A3,CROSSWINDS 40' LOT,435 BAY BREEZE DRIVE (M),2023-03-15,2023-04-17,2023-05-01,2023-05-01,2023-06-02,2023-06-13,2023-06-27,2023-08-01,2023-08-25,NULL,2023-04-18,2023-04-25,2023-05-06,2023-05-10,2023-06-15,2023-06-27,2023-08-03,2023-08-25,2026-04-26,33,14,0,32,11,14,35,24,NULL,34,17,8,9,5,5,9,21,NULL,13,NULL,14,NULL,37,NULL,12,168,64,Complete,Final,2023-08-25
211087,211,D4,WALSH RANCH 55' LOT,13457 HIDDEN FALLS DRIVE,2025-11-06,2025-12-09,2025-12-17,2025-12-22,2026-01-15,2026-01-23,NULL,NULL,NULL,NULL,2025-12-11,2025-12-26,2025-12-22,2026-01-11,2026-01-25,2026-04-26,2026-06-07,2026-06-15,2026-06-27,33,8,5,24,8,NULL,NULL,NULL,NULL,35,14,17,13,5,5,20,17,10,13,7,12,42,24,8,40,12,39,Trim,Sheetrock,2026-01-23
301059,301,D3,NORTH SKY CELINA 65' LOT,3340 LACEBARK LANE,2025-10-28,2025-11-10,2025-11-19,2025-11-24,2025-12-17,2025-12-31,2026-01-12,NULL,NULL,NULL,2025-11-09,2025-11-20,2025-11-22,2025-12-06,2026-01-01,2026-01-12,2026-04-26,2026-05-09,2026-07-04,13,9,5,23,14,12,NULL,NULL,NULL,NULL,12,NULL,10,NULL,3,12,13,15,13,12,20,15,29,13,21,56,92,Interior,Trim,2026-01-12
313110,313,A1,NOLINA 60' LOT,220 MEADOW BEAUTY LANE,2025-05-15,2025-06-02,2025-06-13,2025-06-23,2025-07-02,2025-07-11,2025-09-24,2025-10-01,2025-10-06,NULL,2025-05-24,2025-06-13,2025-06-19,2025-07-09,2025-07-08,2025-08-05,2025-11-02,2025-10-06,2026-04-26,18,11,10,9,9,75,7,5,NULL,9,15,11,9,6,6,16,15,6,13,25,17,NULL,39,NULL,11,163,96,Complete,Final,2025-10-06
363015,363,H5,JUBILEE 60' LOT,26110 HAPPY HOME STREET (M),2023-12-27,2024-01-08,2024-01-19,2024-01-29,2024-02-08,2024-02-19,2024-03-06,2024-03-22,2024-04-03,NULL,2024-01-04,2024-01-25,2024-01-26,2024-02-12,2024-02-19,2024-03-07,2024-03-24,2024-04-03,2026-04-26,12,11,10,10,11,16,16,12,NULL,8,9,17,15,7,5,14,16,11,12,NULL,17,NULL,18,NULL,10,50,76,Complete,Final,2024-04-03
605432,605,S1,KALLISON RANCH 50' LOT (A),14415 COWBOY RIG,2025-08-07,2025-08-21,2025-08-29,2025-09-08,2025-09-18,2025-09-23,2025-10-20,2025-11-10,2025-11-17,NULL,2025-08-19,2025-08-29,2025-09-07,2025-09-19,2025-10-01,2025-10-07,2025-11-23,2025-11-17,2026-04-26,14,8,10,10,5,27,21,7,NULL,12,16,8,11,9,7,11,15,13,18,14,17,34,28,10,15,40,110,Complete,Final,2025-11-17
684141,684,S1,LADERA 50' LOT,2911 EAGLE RISE,2025-06-05,2025-06-23,2025-06-26,2025-07-03,2025-07-22,2025-08-01,2025-08-22,2025-09-23,2025-10-08,NULL,2025-06-21,2025-07-04,2025-07-07,2025-07-26,2025-08-09,2025-08-15,2025-09-15,2025-10-08,2026-07-12,18,3,7,19,10,21,32,15,NULL,NULL,16,NULL,11,11,7,23,15,NULL,18,14,17,24,28,23,15,277,110,Complete,Final,2025-10-08
687218,687,A1,SANTA RITA RANCH 50' LOT,112 VILLORIA COVE (M),2023-05-11,2023-05-16,2023-05-19,2023-05-26,2023-06-08,2023-06-19,2023-08-24,2023-09-15,2023-10-03,NULL,2023-05-28,2023-05-24,2023-05-25,2023-06-10,2023-06-19,2023-07-10,2023-09-17,2023-10-03,2026-04-26,5,3,7,13,11,66,22,18,NULL,17,15,8,9,NULL,6,NULL,15,11,13,21,17,24,39,14,11,166,96,Complete,Final,2023-10-03
720045,720,D4,VENTANA 60' LOT,5565 HIGH BANK ROAD (M),2019-04-10,2019-04-11,2019-04-23,2019-04-26,2019-05-06,2019-05-13,2019-05-31,2019-06-12,2019-06-13,NULL,2019-04-24,2019-04-24,2019-04-28,2019-05-13,2019-05-19,2019-05-25,2019-06-24,2019-06-13,2026-04-26,1,12,3,10,7,18,12,1,NULL,NULL,14,NULL,13,NULL,5,NULL,17,NULL,13,NULL,12,NULL,24,NULL,40,NULL,39,Complete,Final,2019-06-13
723144,723,H4,THE GROVES 45' LOT,16847 WILLIAMS GULLY TRAIL,2023-06-20,2023-06-28,2023-07-10,2023-07-13,2023-07-21,2023-07-31,2023-08-14,2023-10-31,2023-11-15,NULL,2023-06-29,2023-07-10,2023-07-13,2023-07-22,2023-07-31,2023-08-15,2023-08-31,2023-11-15,2026-04-26,8,12,3,8,10,14,78,15,NULL,NULL,9,NULL,12,NULL,3,NULL,9,NULL,10,NULL,15,NULL,17,NULL,13,162,97,Complete,Final,2023-11-15
725003,725,D4,VENTANA 50' LOT,5561 HIGH BANK ROAD (M),2019-04-10,2019-04-12,2019-04-24,2019-04-25,2019-05-06,2019-05-13,2019-05-31,2019-06-12,2019-06-13,NULL,2019-04-29,2019-04-25,2019-04-27,2019-05-09,2019-05-15,2019-06-11,2019-07-08,2019-06-13,2026-04-26,2,12,1,11,7,18,12,1,NULL,19,14,13,13,3,5,14,17,9,13,29,12,38,24,29,40,4,39,Complete,Final,2019-06-13
728023,728,H3,FULBROOK ON FULSHEAR CREEK 60' LOT,5314 LAKEVIEW BEND (M),2022-09-23,2022-09-29,2022-10-06,2022-10-19,2022-11-03,2022-11-07,2022-12-05,2022-12-23,2023-01-09,NULL,2022-10-02,2022-10-14,2022-10-11,2022-10-31,2022-11-12,2022-11-23,2022-12-28,2023-01-09,2026-04-26,6,7,13,15,4,28,18,17,NULL,NULL,9,NULL,15,NULL,5,NULL,12,NULL,9,NULL,16,NULL,23,NULL,12,66,81,Complete,Final,2023-01-09
730157,730,H5,ELYSON 45' LOT,7330 PRAIRIE LAKESHORE LANE (M),2023-08-24,2023-09-11,2023-09-20,2023-09-22,2023-10-05,2023-10-12,2023-11-10,2023-12-06,2023-12-27,NULL,2023-09-02,2023-09-22,2023-09-23,2023-10-08,2023-10-16,2023-10-26,2023-11-27,2023-12-27,2026-04-26,18,9,2,13,7,29,26,21,NULL,9,9,11,15,3,5,16,16,11,12,14,17,17,18,3,10,19,76,Complete,Final,2023-12-27
734077,734,S1,LADERA 40' LOT,2510 BARKEY SPRINGS,2025-12-17,2026-01-27,NULL,NULL,NULL,NULL,NULL,NULL,NULL,NULL,2026-01-19,2026-04-26,2026-05-02,2026-05-24,2026-06-08,2026-06-22,2026-07-19,2026-08-03,2026-11-21,41,NULL,NULL,NULL,NULL,NULL,NULL,NULL,NULL,33,16,10,11,6,7,22,15,15,18,14,17,27,28,NULL,15,NULL,110,Frame,Foundation,2026-01-27
737020,737,A3,LA CIMA 60' LOT,212 CAROLINA JASMINE DRIVE,2025-09-02,2025-10-02,2025-10-09,2025-10-16,2025-11-05,2025-11-17,2025-11-25,2025-12-22,2026-01-16,NULL,2025-10-01,2025-10-11,2025-10-14,2025-11-06,2025-11-18,2025-12-01,2025-12-22,2026-01-16,2026-04-26,30,7,7,20,12,8,27,25,NULL,29,17,NULL,9,NULL,5,NULL,21,NULL,13,NULL,14,27,37,25,12,NULL,64,Complete,Final,2026-01-16
755110,755,A3,6 CREEKS 60' LOT,305 SEASIDE SPARROW WAY,2024-10-11,2024-10-23,2024-10-31,2024-11-06,2024-11-21,2024-12-06,2024-12-16,2024-12-26,2025-01-08,NULL,2024-11-13,2024-11-02,2024-11-03,2024-11-29,2024-12-04,2024-12-20,2025-01-22,2025-01-08,2026-04-26,12,8,6,15,15,10,10,13,NULL,33,17,10,9,3,5,23,21,13,13,NULL,14,NULL,37,NULL,12,112,64,Complete,Final,2025-01-08
788034,788,S3,VERAMENDI 60' LOT,1913 LUNA STREET,2024-07-15,2024-07-30,2024-08-07,2024-08-15,2024-09-10,2024-09-24,NULL,2025-05-29,2025-06-06,NULL,2024-07-23,2024-08-11,2024-08-13,2024-08-26,2024-09-20,2024-10-09,2024-11-01,2025-06-06,2026-04-26,15,8,8,26,14,NULL,NULL,8,NULL,8,14,12,12,6,7,11,15,10,12,NULL,15,NULL,23,15,12,60,98,Complete,Final,2025-06-06
791044,791,H4,THE HIGHLANDS 45' LOT,7448 CAPROCK CANYON LANE (C),2022-09-23,2022-10-05,2022-10-12,2022-10-19,2022-11-03,2022-11-03,NULL,NULL,NULL,NULL,2022-10-03,2022-10-17,2022-10-15,2022-10-28,2022-11-14,2026-04-26,2026-05-11,2026-05-19,2026-06-19,12,7,7,15,0,NULL,NULL,NULL,NULL,10,9,NULL,12,NULL,3,NULL,9,11,10,15,15,15,17,8,13,31,97,Trim,Sheetrock,2022-11-03
152246,152,S1,ALSATIAN OAKS 50' LOT,221 WHITE OAK (M),2023-11-16,2023-11-28,2023-12-05,2023-12-11,2023-12-14,2023-12-12,2024-01-11,2024-02-06,2024-03-07,NULL,2023-11-28,2023-12-07,2023-12-11,2023-12-25,2024-01-01,2023-12-29,2024-02-07,2024-03-07,2026-04-26,12,7,6,3,-2,30,26,30,NULL,12,16,9,11,6,7,14,15,NULL,18,NULL,17,27,28,5,15,156,110,Complete,Final,2024-03-07
169366,169,D4,REUNION 60'/70' LOT,117 SHOREVIEW DRIVE (M),2022-10-12,2022-10-27,2022-11-03,2022-11-07,2022-11-23,2022-11-28,2022-12-21,2023-01-26,2023-03-27,NULL,2022-10-26,2022-11-09,2022-11-08,2022-11-24,2022-12-06,2022-12-10,2023-01-14,2023-03-27,2026-04-26,15,7,4,16,5,23,36,60,NULL,NULL,14,NULL,13,NULL,5,NULL,17,NULL,13,NULL,12,NULL,24,NULL,40,NULL,39,Complete,Final,2023-03-27
190084,190,S1,VIDA 50' LOT,1435 AZUL WAY,2025-10-31,2025-11-17,2025-11-26,2025-12-03,2025-12-19,2026-01-05,2026-01-15,NULL,NULL,NULL,2025-11-20,2025-12-03,2025-12-01,2025-12-17,2026-01-04,2026-01-23,2026-04-26,2026-05-28,2026-10-04,17,9,7,16,17,10,NULL,NULL,NULL,20,16,16,11,5,7,14,15,16,18,18,17,21,28,32,15,129,110,Interior,Trim,2026-01-15
20007.0096,20007.60,A1,LARIAT 60' LOT,601 CATTLE PEN PASS,2024-05-14,2024-05-16,2024-05-21,2024-05-24,2024-06-01,2024-06-07,2024-06-19,2024-07-01,NULL,NULL,2024-05-29,2024-05-25,2024-05-29,2024-06-03,2024-06-22,2024-06-25,2024-08-01,2026-04-26,2026-08-16,2,5,3,8,6,12,12,NULL,NULL,NULL,15,NULL,9,8,6,10,15,21,13,18,17,43,39,NULL,11,112,96,Final,Interior,2024-07-01
20007.0221,20007.60,A1,LARIAT 60' LOT,109 NORTH RIVER WAY,2025-11-25,2025-12-05,2025-12-15,2025-12-23,2026-01-02,2026-01-20,NULL,NULL,NULL,NULL,2025-12-10,2025-12-14,2025-12-23,2026-01-02,2026-01-23,2026-04-26,2026-06-08,2026-06-19,2026-10-09,10,10,8,10,18,NULL,NULL,NULL,NULL,NULL,15,NULL,9,8,6,10,15,21,13,18,17,43,39,NULL,11,112,96,Trim,Sheetrock,2026-01-20
20009.0151,20009.70,A1,PALMERA RIDGE 70' LOT,1324 JOLIE ROSE BEND,2026-01-23,NULL,NULL,NULL,NULL,NULL,NULL,NULL,NULL,NULL,2026-04-26,2026-05-05,2026-05-11,2026-05-26,2026-06-08,2026-06-25,2026-08-03,2026-08-14,2026-10-19,NULL,NULL,NULL,NULL,NULL,NULL,NULL,NULL,NULL,NULL,15,NULL,9,NULL,6,NULL,15,NULL,13,NULL,17,NULL,39,NULL,11,66,96,Foundation,Released,2026-01-23
20009.0153,20009.70,A1,PALMERA RIDGE 70' LOT,1252 JOLIE ROSE BEND,2025-04-02,2025-05-01,2025-05-15,2025-05-21,2025-06-12,2025-06-23,2025-08-14,2025-08-27,2025-09-15,NULL,2025-04-17,2025-05-10,2025-05-21,2025-06-05,2025-06-25,2025-07-10,2025-09-22,2025-09-15,2026-04-26,29,14,6,22,11,52,13,19,NULL,NULL,15,NULL,9,NULL,6,NULL,15,NULL,13,NULL,17,NULL,39,NULL,11,66,96,Complete,Final,2025-09-15
20009.0162,20009.70,A1,PALMERA RIDGE 70' LOT,1620 JOLIE ROSE BEND (M),2025-04-08,2025-04-30,2025-05-14,2025-05-22,2025-06-17,2025-06-25,2025-07-24,2025-07-29,2025-08-06,NULL,2025-04-23,2025-05-09,2025-05-20,2025-06-06,2025-06-30,2025-07-12,2025-09-01,2025-08-06,2026-04-26,22,14,8,26,8,29,5,8,NULL,NULL,15,NULL,9,NULL,6,NULL,15,NULL,13,NULL,17,NULL,39,NULL,11,66,96,Complete,Final,2025-08-06
20010.0293,783,A2,PARKSIDE ON THE RIVER 50' LOT,220 SHADY SPRING TRAIL (M),2024-08-15,2024-08-18,2024-08-22,2024-08-24,2024-08-30,2024-09-09,2024-09-20,2024-10-25,2024-11-05,NULL,2024-09-11,2024-08-29,2024-09-02,2024-09-08,2024-09-07,2024-09-22,2024-11-01,2024-11-05,2026-04-26,3,4,2,6,10,11,35,11,NULL,NULL,27,NULL,11,11,6,15,18,8,10,13,16,42,33,14,16,147,120,Complete,Final,2024-11-05
20010.0359,784,A2,PARKSIDE ON THE RIVER 60' LOT,1304 SCARLET SAGE DRIVE,2025-11-10,2025-12-04,2025-12-16,2025-12-22,2026-01-20,NULL,NULL,NULL,NULL,NULL,2025-12-07,2025-12-18,2025-12-22,2026-01-20,2026-04-26,2026-05-09,2026-06-13,2026-06-29,2026-10-27,24,12,6,29,NULL,NULL,NULL,NULL,NULL,NULL,27,14,11,6,6,29,18,12,10,13,16,35,33,NULL,16,NULL,120,Sheetrock,Mechanical,2026-01-20
20010.0362,784,A2,PARKSIDE ON THE RIVER 60' LOT,1410 SCARLET SAGE DRIVE,2025-07-10,2025-07-30,2025-08-12,2025-08-14,2025-09-03,2025-09-16,2025-09-29,2025-10-27,2025-12-05,NULL,2025-08-06,2025-08-13,2025-08-18,2025-09-12,2025-09-15,2025-09-29,2025-11-03,2025-12-05,2026-04-26,20,13,2,20,13,13,28,39,NULL,NULL,27,14,11,6,6,29,18,12,10,13,16,35,33,NULL,16,NULL,120,Complete,Final,2025-12-05
20013.0563,746,A1,SANTA RITA RANCH 90' LOT,277 JATES FIELD BEND,2025-09-03,2025-09-17,2025-09-29,2025-10-06,2025-10-18,2025-10-31,2025-11-26,2026-01-28,NULL,NULL,2025-09-23,2025-09-29,2025-10-04,2025-10-21,2025-10-29,2025-11-22,2026-01-20,2026-04-26,2026-06-21,14,12,7,12,13,26,63,NULL,NULL,20,15,12,9,5,6,15,15,11,13,22,17,55,39,17,11,56,96,Final,Interior,2026-01-28
20013.0564,746,A1,SANTA RITA RANCH 90' LOT,273 JATES FIELD BEND,2025-12-17,2026-01-06,2026-01-13,2026-01-20,NULL,NULL,NULL,NULL,NULL,NULL,2026-01-06,2026-01-18,2026-01-18,2026-04-26,2026-05-07,2026-05-29,2026-07-23,2026-08-09,2026-10-04,20,7,7,NULL,NULL,NULL,NULL,NULL,NULL,20,15,12,9,5,6,15,15,11,13,22,17,55,39,17,11,56,96,Mechanicals,Cornice,2026-01-20
20013.0662,248,A1,SANTA RITA RANCH 45' LOT,163 COVERED BRIDGE TRAIL,2026-01-06,2026-01-16,2026-01-26,NULL,NULL,NULL,NULL,NULL,NULL,NULL,2026-01-18,2026-01-24,2026-04-26,2026-05-11,2026-05-24,2026-06-10,2026-07-19,2026-07-30,2026-11-03,10,10,NULL,NULL,NULL,NULL,NULL,NULL,NULL,12,15,8,9,5,6,NULL,15,NULL,13,NULL,17,NULL,39,NULL,11,NULL,96,Cornice,Frame,2026-01-26
20020.0317,796,A2,THE COLONY 45' LOT,294 MADDY WAY,2025-12-03,2025-12-10,2025-12-15,2025-12-19,2026-01-02,2026-01-12,NULL,NULL,NULL,NULL,2025-12-30,2025-12-26,2025-12-20,2025-12-31,2026-01-11,2026-04-26,2026-05-17,2026-06-03,2026-09-04,7,5,4,14,10,NULL,NULL,NULL,NULL,NULL,27,16,11,5,6,12,18,9,10,14,16,21,33,17,16,93,120,Trim,Sheetrock,2026-01-12
20020.0370,20020.60,A2,THE COLONY 60' LOT,182 KINGSWOOD DRIVE,2025-12-19,2026-01-05,2026-01-08,2026-01-12,2026-01-26,NULL,NULL,NULL,NULL,NULL,2026-01-05,2026-01-09,2026-01-13,2026-01-23,2026-04-26,2026-05-13,2026-06-15,2026-06-26,2026-12-20,17,3,4,14,NULL,NULL,NULL,NULL,NULL,17,27,4,11,5,6,11,18,10,10,17,16,33,33,11,16,177,120,Sheetrock,Mechanical,2026-01-26
20024.0261,767,A3,EASTON PARK 60' LOT,9516 WIGGY WAY,2025-12-05,2025-12-18,2025-12-30,2026-01-08,NULL,NULL,NULL,NULL,NULL,NULL,2025-12-26,2025-12-28,2026-01-08,2026-04-26,2026-05-09,2026-05-23,2026-06-29,2026-07-11,2026-09-05,13,12,9,NULL,NULL,NULL,NULL,NULL,NULL,21,17,10,9,9,5,25,21,13,13,NULL,14,NULL,37,NULL,12,56,64,Mechanicals,Cornice,2026-01-08
20037.0421,718,D2,TRINITY FALLS 60' LOT,701 LOST WOODS WAY,2025-11-17,2025-12-04,2025-12-16,2025-12-18,2026-01-07,2026-01-21,NULL,NULL,NULL,NULL,2025-11-29,2025-12-14,2025-12-20,2026-01-07,2026-01-20,2026-04-26,2026-05-11,2026-05-29,2026-08-21,17,12,2,20,14,NULL,NULL,NULL,NULL,NULL,12,NULL,10,NULL,4,20,14,13,12,9,11,15,17,NULL,18,84,88,Trim,Sheetrock,2026-01-21
20059.0149,262,D1,AVONDALE 40' (A) LOT,6112 VESTER TRAIL,2025-10-16,2025-10-29,2025-11-05,2025-11-10,2025-11-21,2025-12-02,2025-12-19,2026-01-12,2026-01-23,NULL,2025-10-30,2025-11-11,2025-11-09,2025-12-05,2025-12-04,2025-12-20,2026-01-05,2026-01-23,2026-04-26,13,7,5,11,11,17,24,11,NULL,NULL,14,NULL,13,4,6,25,16,13,12,18,18,17,17,11,17,NULL,60,Complete,Final,2026-01-23
20066.0609,20066.55,D2,DEVONSHIRE 55' LOT,2719 KIRKHILL LANE,2025-08-25,2025-09-05,2025-09-15,2025-09-17,2025-09-26,2025-10-09,2025-10-17,2025-11-06,2025-11-26,NULL,2025-09-08,2025-09-15,2025-09-18,2025-10-01,2025-10-08,2025-10-20,2025-11-03,2025-11-26,2026-04-26,11,10,2,9,13,8,20,20,NULL,14,12,10,10,3,4,NULL,14,NULL,12,NULL,11,NULL,17,NULL,18,26,88,Complete,Final,2025-11-26
20066.0635,20066.55,D2,DEVONSHIRE 55' LOT,2716 KIRKHILL LANE,2025-08-25,2025-09-09,2025-09-18,2025-09-22,2025-10-01,2025-10-13,2025-10-27,2025-11-11,2025-12-03,NULL,2025-09-08,2025-09-19,2025-09-21,2025-10-06,2025-10-13,2025-10-24,2025-11-13,2025-12-03,2026-04-26,15,9,4,9,12,14,15,22,NULL,14,12,10,10,3,4,NULL,14,NULL,12,NULL,11,NULL,17,NULL,18,26,88,Complete,Final,2025-12-03
20085.0056,316,D3,MOSAIC 50' LOT,4321 DOUBLE DIAMOND DRIVE,2025-12-26,NULL,NULL,NULL,NULL,NULL,NULL,NULL,NULL,NULL,2026-04-26,2026-05-03,2026-05-06,2026-05-19,2026-06-01,2026-06-21,2026-07-20,2026-08-10,2026-12-14,NULL,NULL,NULL,NULL,NULL,NULL,NULL,NULL,NULL,19,12,7,10,NULL,3,NULL,13,NULL,13,NULL,20,NULL,29,NULL,21,126,92,Foundation,Released,2025-12-26
20096.0014,285,F1,SOUTHERN HILLS 80' LOT,4652 HICKORY OAK DRIVE,2025-07-11,2025-08-12,2025-10-13,NULL,2025-11-04,2025-11-12,2025-12-11,NULL,NULL,NULL,2025-08-04,2025-09-09,NULL,2025-11-13,2025-12-03,2025-12-17,2026-04-26,2026-05-26,2026-06-02,32,62,NULL,22,8,29,NULL,NULL,NULL,24,15,NULL,28,NULL,NULL,NULL,31,29,15,35,22,75,46,30,47,7,17,Interior,Trim,2025-12-11
20096.0073,20096.65,F1,SOUTHERN HILLS 65' LOT,4700 SOUTHERN VALLEY LOOP,2026-01-28,NULL,NULL,NULL,NULL,NULL,NULL,NULL,NULL,NULL,2026-04-26,2026-05-24,NULL,2026-08-05,2026-08-20,2026-09-11,2026-10-27,2026-12-24,2027-02-04,NULL,NULL,NULL,NULL,NULL,NULL,NULL,NULL,NULL,NULL,15,NULL,28,NULL,NULL,73,31,NULL,15,NULL,22,NULL,46,58,47,42,17,Foundation,Released,2026-01-28
20096.0092,20096.65,F1,SOUTHERN HILLS 65' LOT,19662 CYPRESS POND COURT,2025-09-25,2025-11-07,NULL,NULL,NULL,NULL,NULL,NULL,NULL,NULL,2025-10-10,2026-04-26,NULL,2026-07-08,2026-07-23,2026-08-14,2026-09-29,2026-11-26,2027-01-07,43,NULL,NULL,NULL,NULL,NULL,NULL,NULL,NULL,NULL,15,NULL,28,NULL,NULL,73,31,NULL,15,NULL,22,NULL,46,58,47,42,17,Frame,Foundation,2025-11-07
20096.0107,285,F1,SOUTHERN HILLS 80' LOT,4763 HICKORY OAK DRIVE,2025-05-07,2025-06-03,2025-07-26,NULL,2025-08-25,2025-10-08,2025-12-03,NULL,NULL,NULL,2025-05-31,2025-07-01,NULL,2025-08-26,2025-09-23,2025-11-12,2026-04-26,2026-05-26,2026-06-02,27,53,NULL,30,44,56,NULL,NULL,NULL,24,15,NULL,28,NULL,NULL,NULL,31,29,15,35,22,75,46,30,47,7,17,Interior,Trim,2025-12-03
20096.0113,285,F1,SOUTHERN HILLS 80' LOT,4624 MAJESTIC HILLS LOOP,2025-12-30,NULL,NULL,NULL,NULL,NULL,NULL,NULL,NULL,NULL,2026-04-26,2026-05-24,NULL,2026-06-24,2026-07-23,2026-08-27,2026-11-10,2026-12-10,2026-12-17,NULL,NULL,NULL,NULL,NULL,NULL,NULL,NULL,NULL,24,15,NULL,28,NULL,NULL,NULL,31,29,15,35,22,75,46,30,47,7,17,Foundation,Released,2025-12-30
20108.1133,20108.601,H6,SIENNA 60' LOT,2618 REGAL BLOOM DRIVE,2025-12-11,2025-12-19,2026-01-13,2026-01-19,NULL,NULL,NULL,NULL,NULL,NULL,2025-12-21,2026-01-07,2026-01-18,2026-04-26,2026-05-05,2026-05-21,2026-06-10,2026-06-22,2026-08-19,8,25,6,NULL,NULL,NULL,NULL,NULL,NULL,10,10,19,14,5,4,NULL,13,NULL,9,NULL,16,NULL,20,NULL,12,NULL,58,Mechanicals,Cornice,2026-01-19
20108.1134,20108.601,H6,SIENNA 60' LOT,2614 REGAL BLOOM DRIVE,2025-12-15,2025-12-27,2026-01-15,2026-01-19,NULL,NULL,NULL,NULL,NULL,NULL,2025-12-25,2026-01-15,2026-01-20,2026-04-26,2026-05-05,2026-05-21,2026-06-10,2026-06-22,2026-08-19,12,19,4,NULL,NULL,NULL,NULL,NULL,NULL,10,10,19,14,5,4,NULL,13,NULL,9,NULL,16,NULL,20,NULL,12,NULL,58,Mechanicals,Cornice,2026-01-19
20132.0905,272,H1,MERIDIANA 40'/45' LOT,8923 GRAY FOX TRAIL,2025-12-01,2025-12-12,2025-12-29,2026-01-06,2026-01-15,2026-01-22,NULL,NULL,NULL,NULL,2025-12-13,2025-12-28,2026-01-06,2026-01-16,2026-01-22,2026-04-26,2026-05-16,2026-05-28,2026-06-20,11,17,8,9,7,NULL,NULL,NULL,NULL,12,11,16,19,8,8,10,11,7,12,18,19,20,41,12,10,23,88,Trim,Sheetrock,2026-01-22
20132.0911,272,H1,MERIDIANA 40'/45' LOT,9027 GRAY FOX TRAIL,2026-01-06,2026-01-14,2026-01-27,NULL,NULL,NULL,NULL,NULL,NULL,NULL,2026-01-18,2026-01-30,2026-04-26,2026-05-06,2026-05-13,2026-05-31,2026-06-20,2026-07-02,2026-07-25,8,13,NULL,NULL,NULL,NULL,NULL,NULL,NULL,12,11,16,19,8,8,10,11,7,12,18,19,20,41,12,10,23,88,Cornice,Frame,2026-01-27
20132.0914,272,H1,MERIDIANA 40'/45' LOT,6058 COTTONTAIL LANE,2025-12-18,2026-01-02,2026-01-16,2026-01-26,NULL,NULL,NULL,NULL,NULL,NULL,2025-12-30,2026-01-18,2026-01-24,2026-04-26,2026-05-03,2026-05-21,2026-06-10,2026-06-22,2026-07-15,15,14,10,NULL,NULL,NULL,NULL,NULL,NULL,12,11,16,19,8,8,10,11,7,12,18,19,20,41,12,10,23,88,Mechanicals,Cornice,2026-01-26
20132.1178,711,H1,MERIDIANA 50' LOT,9711 MANOR HOUSE LANE,2025-10-22,2025-11-03,2025-11-17,2025-11-24,2025-12-04,2025-12-15,2025-12-23,NULL,NULL,NULL,2025-11-05,2025-11-21,2025-11-22,2025-12-05,2025-12-16,2025-12-23,2026-04-26,2026-05-06,2026-08-02,12,14,7,10,11,8,NULL,NULL,NULL,14,11,18,19,5,8,NULL,11,12,12,8,19,NULL,41,NULL,10,NULL,88,Interior,Trim,2025-12-23
20165.0143,273,H1,VALENCIA 45' LOT,19146 SATSUMA RIDGE DRIVE,2025-10-15,2025-10-28,2025-11-20,2025-11-25,2025-12-08,2025-12-08,2025-12-31,2026-01-15,NULL,NULL,2025-10-26,2025-11-16,2025-12-01,2025-12-06,2025-12-20,2026-01-02,2026-01-16,2026-04-26,2026-07-23,13,23,5,13,0,23,15,NULL,NULL,NULL,11,NULL,19,11,8,11,11,NULL,12,25,19,16,41,NULL,10,NULL,88,Final,Interior,2026-01-15
20178.0141,182,H2,ESCONDIDO 50' LOT,42667 REMINISCENT LANE,2025-09-18,2025-09-23,2025-10-06,2025-10-09,2025-10-24,2025-10-31,2025-11-14,2025-12-03,2025-12-12,NULL,2025-09-27,2025-10-11,2025-10-08,2025-10-19,2025-11-04,2025-11-17,2025-11-30,2025-12-12,2026-04-26,5,13,3,15,7,14,19,9,NULL,9,9,18,17,2,3,10,12,11,11,NULL,17,NULL,16,20,25,68,54,Complete,Final,2025-12-12
20181.0974,203,H5,BRIDGELAND 50' LOT,12403 EASTLAND COUNTY STREET,2025-12-26,2026-01-06,2026-01-22,2026-01-23,NULL,NULL,NULL,NULL,NULL,NULL,2026-01-04,2026-01-20,2026-01-24,2026-04-26,2026-05-09,2026-05-26,2026-06-13,2026-06-26,2026-08-30,11,16,1,NULL,NULL,NULL,NULL,NULL,NULL,9,9,14,15,2,5,14,16,13,12,NULL,17,NULL,18,13,10,65,76,Mechanicals,Cornice,2026-01-23
20181.1045,619,H5,BRIDGELAND 45' LOT,21918 WOODLAND HAWTHORN LANE,2025-10-16,2025-10-27,2025-11-12,2025-11-14,2025-11-26,2025-12-05,2025-12-22,2026-01-14,NULL,NULL,2025-10-27,2025-11-07,2025-11-17,2025-11-30,2025-12-12,2025-12-22,2026-01-14,2026-04-26,2026-06-01,11,16,2,12,9,17,23,NULL,NULL,11,9,11,15,5,5,NULL,16,16,12,17,17,23,18,NULL,10,36,76,Final,Interior,2026-01-14
20182.0847,716,H2,AMIRA 50' LOT,19914 PAINT HORSE DRIVE,2025-07-03,2025-07-10,2025-07-24,2025-07-24,2025-08-05,2025-08-13,2025-09-12,2025-09-18,2025-10-21,NULL,2025-07-12,2025-07-27,2025-07-27,2025-08-05,2025-08-16,2025-08-30,2025-10-02,2025-10-21,2026-04-26,7,14,0,12,8,30,6,33,NULL,NULL,9,NULL,17,NULL,3,NULL,12,NULL,11,NULL,17,20,16,15,25,15,54,Complete,Final,2025-10-21
20205.0206,792,H4,THE HIGHLANDS 65' LOT,22063 BOCA CHITA WAY,2025-11-25,2025-12-03,2025-12-15,2025-12-18,2026-01-02,2026-01-17,NULL,NULL,NULL,NULL,2025-12-07,2025-12-17,2025-12-18,2025-12-28,2026-01-13,2026-04-26,2026-05-25,2026-06-09,2026-06-19,8,12,3,15,15,NULL,NULL,NULL,NULL,12,9,14,12,3,3,10,9,11,10,25,15,29,17,15,13,10,97,Trim,Sheetrock,2026-01-17
20209.0149,300,H4,THE WOODLANDS HILLS 40' LOT,636 CRESTED DUCK COURT,2025-10-09,2025-10-15,2025-10-27,2025-10-30,2025-11-07,2025-11-14,2025-11-24,2025-12-05,2025-12-10,NULL,2025-10-23,2025-10-26,2025-10-30,2025-11-11,2025-11-18,2025-11-25,2025-12-03,2025-12-10,2026-04-26,6,12,3,8,7,10,11,5,NULL,14,9,11,12,3,3,12,9,11,10,11,15,9,17,4,13,96,97,Complete,Final,2025-12-10
20215.0368,735,H4,ARTAVIA 50' LOT,16626 JOLIE STREET,2026-01-21,NULL,NULL,NULL,NULL,NULL,NULL,NULL,NULL,NULL,2026-04-26,2026-05-08,2026-05-11,2026-05-20,2026-05-30,2026-06-28,2026-07-12,2026-07-20,2026-10-22,NULL,NULL,NULL,NULL,NULL,NULL,NULL,NULL,NULL,NULL,9,NULL,12,NULL,3,NULL,9,NULL,10,29,15,14,17,8,13,94,97,Foundation,Released,2026-01-21
20215.0374,735,H4,ARTAVIA 50' LOT,16542 MANDORA LANE,2025-05-14,2025-05-22,2025-06-03,2025-06-09,2025-06-13,2025-06-23,2025-06-27,2025-07-17,2025-07-22,NULL,2025-05-23,2025-06-03,2025-06-06,2025-06-18,2025-06-23,2025-07-22,2025-07-11,2025-07-22,2026-04-26,8,12,6,4,10,4,20,5,NULL,NULL,9,NULL,12,NULL,3,NULL,9,NULL,10,29,15,14,17,8,13,94,97,Complete,Final,2025-07-22
20215.0380,735,H4,ARTAVIA 50' LOT,16611 JOLIE STREET,2026-01-28,NULL,NULL,NULL,NULL,NULL,NULL,NULL,NULL,NULL,2026-04-26,2026-05-08,2026-05-11,2026-05-20,2026-05-30,2026-06-28,2026-07-12,2026-07-20,2026-10-22,NULL,NULL,NULL,NULL,NULL,NULL,NULL,NULL,NULL,NULL,9,NULL,12,NULL,3,NULL,9,NULL,10,29,15,14,17,8,13,94,97,Foundation,Released,2026-01-28
20233.0471,179,H3,JORDAN RANCH 40' LOT,2827 ORANGE LEAF DRIVE,2025-12-08,2025-12-16,2026-01-05,2026-01-07,2026-01-16,2026-01-26,NULL,NULL,NULL,NULL,2025-12-17,2025-12-31,2026-01-09,2026-01-17,2026-01-22,2026-04-26,2026-05-04,2026-05-18,2026-06-05,8,20,2,9,10,NULL,NULL,NULL,NULL,9,9,15,15,4,5,10,12,6,9,20,16,8,23,14,12,18,81,Trim,Sheetrock,2026-01-26
20237.0056,225,H5,KATY COURT 70' LOT,25210 BAMBURGH DRIVE,2025-10-23,2025-11-03,2025-11-18,2025-11-24,2025-12-08,2025-12-17,2026-01-14,2026-01-27,NULL,NULL,2025-11-02,2025-11-19,2025-11-23,2025-12-04,2025-12-19,2026-01-14,2026-01-27,2026-04-26,2026-09-24,11,15,6,14,9,28,13,NULL,NULL,10,9,16,15,5,5,10,16,11,12,28,17,13,18,NULL,10,151,76,Final,Interior,2026-01-27
20252.0531,20252.601,H6,STONECREEK ESTATES 60' LOT (B),2227 ALABASTER ESTATE DRIVE,2025-09-25,2025-10-02,2025-11-18,2025-11-24,2025-12-16,2025-12-26,NULL,NULL,NULL,NULL,2025-10-05,2025-10-23,2025-11-22,2025-12-10,2025-12-25,2026-04-26,2026-05-09,2026-05-23,2026-06-06,7,47,6,22,10,NULL,NULL,NULL,NULL,10,10,21,14,4,4,16,13,9,9,17,16,13,20,14,12,14,58,Trim,Sheetrock,2025-12-26
20252.0537,20252.601,H6,STONECREEK ESTATES 60' LOT (B),2202 CORONET CREEK DRIVE,2025-10-28,2025-11-07,2025-12-17,2025-12-18,2026-01-06,2026-01-09,NULL,NULL,NULL,NULL,2025-11-07,2025-11-28,2025-12-21,2026-01-03,2026-01-15,2026-04-26,2026-05-09,2026-05-23,2026-06-06,10,40,1,19,3,NULL,NULL,NULL,NULL,10,10,21,14,4,4,16,13,9,9,17,16,13,20,14,12,14,58,Trim,Sheetrock,2026-01-09
20252.0545,20252.601,H6,STONECREEK ESTATES 60' LOT (B),5542 VIOLET RIDGE DRIVE,2025-09-22,2025-10-01,2025-11-11,2025-11-17,2025-11-28,2025-12-11,2025-12-26,2026-01-09,2026-01-20,NULL,2025-10-02,2025-10-22,2025-11-15,2025-12-03,2025-12-07,2025-12-28,2026-01-08,2026-01-20,2026-04-26,9,41,6,11,13,15,14,11,NULL,10,10,21,14,4,4,16,13,9,9,17,16,13,20,14,12,14,58,Complete,Final,2026-01-20
20265.0200,226,H3,CROSS CREEK WEST 45' LOT,31223 RILEY HEIGHTS DRIVE,2025-11-17,2025-11-20,2025-12-02,2025-12-04,2025-12-16,2025-12-19,2026-01-09,2026-01-22,NULL,NULL,2025-11-25,2025-11-27,2025-12-07,2025-12-12,2025-12-23,2026-01-10,2026-01-22,2026-04-26,2026-05-29,3,12,2,12,3,21,13,NULL,NULL,8,9,7,15,5,5,8,12,7,9,22,16,13,23,9,12,33,81,Final,Interior,2026-01-22
20267.0564,773,H3,CANDELA 50' LOT,10658 STARFIRE YELLOW DRIVE,2025-09-15,2025-09-24,2025-10-03,2025-10-06,2025-10-17,2025-10-27,NULL,NULL,NULL,NULL,2025-09-24,2025-10-09,2025-10-06,2025-10-17,2025-10-26,2026-04-26,2026-06-29,2026-07-11,2026-09-30,9,9,3,11,10,NULL,NULL,NULL,NULL,9,9,15,15,3,5,11,12,9,9,11,16,64,23,NULL,12,NULL,81,Trim,Sheetrock,2025-10-27
20267.0565,773,H3,CANDELA 50' LOT,10646 STARFIRE YELLOW DRIVE,2025-12-19,2025-12-30,2026-01-16,2026-01-19,NULL,NULL,NULL,NULL,NULL,NULL,2025-12-28,2026-01-14,2026-01-19,2026-04-26,2026-05-05,2026-05-16,2026-07-19,2026-07-31,2026-10-20,11,17,3,NULL,NULL,NULL,NULL,NULL,NULL,9,9,15,15,3,5,11,12,9,9,11,16,64,23,NULL,12,NULL,81,Mechanicals,Cornice,2026-01-19
20288.1299,685,S1,KALLISON RANCH 45' LOT (A),14513 CHAPARRAL RUN,2025-12-19,2025-12-30,2026-01-07,2026-01-13,NULL,NULL,NULL,NULL,NULL,NULL,2025-12-30,2026-01-07,2026-01-13,2026-04-26,2026-05-20,2026-06-06,2026-07-02,2026-07-20,2026-08-21,11,8,6,NULL,NULL,NULL,NULL,NULL,NULL,11,16,8,11,6,7,14,15,24,18,NULL,17,26,28,18,15,32,110,Mechanicals,Cornice,2026-01-13
20294.0039,251,S1,MEGAN'S LANDING 1/2 ACRE LOT,155 CHRISTIAN STREET,2025-11-07,2025-11-21,2025-12-09,2025-12-18,2026-01-12,2026-01-23,NULL,NULL,NULL,NULL,2025-11-23,2025-12-11,2025-12-19,2026-01-06,2026-01-26,2026-04-26,2026-05-27,2026-06-10,2026-07-31,14,18,9,25,11,NULL,NULL,NULL,NULL,NULL,16,20,11,10,7,19,15,14,18,18,17,31,28,14,15,51,110,Trim,Sheetrock,2026-01-23
20294.0045,251,S1,MEGAN'S LANDING 1/2 ACRE LOT,128 BRANDON COVE,2025-08-20,2025-09-04,2025-09-23,2025-09-25,2025-10-23,2025-11-06,NULL,2025-12-15,2025-12-30,NULL,2025-09-05,2025-09-24,2025-10-03,2025-10-14,2025-11-06,2025-11-24,2025-12-25,2025-12-30,2026-04-26,15,19,2,28,14,NULL,NULL,15,NULL,NULL,16,20,11,10,7,19,15,14,18,18,17,31,28,14,15,51,110,Complete,Final,2025-12-30
20315.0070,20315.70,S2,JOHNSON RANCH 70' LOT,31184 CLOVER PASS (M),2025-02-24,2025-02-13,2025-02-24,2025-02-27,2025-03-08,2025-03-17,2025-03-30,2025-05-14,2025-06-06,NULL,2025-03-15,2025-02-23,2025-03-03,2025-03-16,2025-03-19,2025-03-29,2025-04-26,2025-06-06,2026-04-26,-11,11,3,9,9,13,45,23,NULL,19,20,NULL,10,NULL,7,NULL,17,11,12,12,17,27,30,8,16,67,96,Complete,Final,2025-06-06
20315.0148,20315.70,S2,JOHNSON RANCH 70' LOT,31154 OSAGE RUN,2025-10-09,2025-10-17,2025-10-27,2025-10-31,2025-11-12,2025-11-24,2025-12-02,2025-12-28,2026-01-05,NULL,2025-10-28,2025-10-27,2025-11-03,2025-11-17,2025-11-23,2025-12-06,2025-12-29,2026-01-05,2026-04-26,8,10,4,12,12,8,26,8,NULL,19,20,NULL,10,NULL,7,NULL,17,11,12,12,17,27,30,8,16,67,96,Complete,Final,2026-01-05
20320.0095,20320.80,S2,ESPERANZA 80' LOT,108 ALONZO (M),2024-09-04,2024-09-09,2024-09-11,2024-09-17,2024-09-21,2024-09-25,2024-10-16,2024-11-06,2024-12-05,NULL,2024-09-28,2024-09-18,2024-10-02,2024-10-01,2024-10-05,2024-10-27,2024-11-05,2024-12-05,2026-04-26,5,2,6,4,4,21,21,29,NULL,24,20,9,10,21,7,14,17,14,12,32,17,20,30,10,16,258,96,Complete,Final,2024-12-05
20320.0118,20320.60,S2,ESPERANZA 60' LOT,125 LA JARA,2026-01-22,NULL,NULL,NULL,NULL,NULL,NULL,NULL,NULL,NULL,2026-04-26,2026-04-30,2026-05-09,2026-05-19,2026-05-26,2026-06-18,2026-07-18,2026-08-03,2027-03-26,NULL,NULL,NULL,NULL,NULL,NULL,NULL,NULL,NULL,23,20,4,10,9,7,10,17,7,12,23,17,NULL,30,NULL,16,235,96,Foundation,Released,2026-01-22
20325.0255,788,S3,VERAMENDI 60' LOT,645 BORCHERS BOULEVARD,2025-12-31,2026-01-08,2026-01-20,2026-01-20,2026-01-29,NULL,NULL,NULL,NULL,NULL,2026-01-08,2026-01-20,2026-01-26,2026-01-31,2026-04-26,2026-05-11,2026-06-03,2026-06-18,2026-08-17,8,12,0,9,NULL,NULL,NULL,NULL,NULL,8,14,12,12,6,7,11,15,10,12,NULL,15,NULL,23,15,12,60,98,Sheetrock,Mechanical,2026-01-29
20333.0126,20333.50,A3,LA CIMA 50' LOT,336 PUPPY DOG PASS,2024-12-26,2025-01-21,2025-01-28,2025-02-04,2025-02-24,2025-03-07,2025-03-18,2025-04-14,2025-04-24,NULL,2025-01-16,2025-01-30,2025-02-02,2025-02-25,2025-03-09,2025-03-21,2025-04-24,2025-04-24,2026-04-26,26,7,7,20,11,11,27,10,NULL,21,17,NULL,9,NULL,5,NULL,21,NULL,13,NULL,14,NULL,37,11,12,NULL,64,Complete,Final,2025-04-24
20344.0241,289,S3,MEADOWS OF MILL CREEK 60' LOT,1721 WEISSEN WAY,2025-11-13,2025-11-19,2025-12-01,2025-12-09,2025-12-16,2025-12-29,2026-01-21,NULL,NULL,NULL,2025-11-22,2025-12-04,2025-12-10,2025-12-18,2025-12-26,2026-01-11,2026-04-26,2026-05-15,2026-08-01,6,12,8,7,13,23,NULL,NULL,NULL,9,14,15,12,9,7,9,15,10,12,13,15,21,23,19,12,78,98,Interior,Trim,2026-01-21
20344.0244,289,S3,MEADOWS OF MILL CREEK 60' LOT,1734 GYST ROAD,2026-01-29,NULL,NULL,NULL,NULL,NULL,NULL,NULL,NULL,NULL,2026-04-26,2026-05-11,2026-05-20,2026-05-29,2026-06-08,2026-06-21,2026-07-12,2026-07-31,2026-10-17,NULL,NULL,NULL,NULL,NULL,NULL,NULL,NULL,NULL,9,14,15,12,9,7,9,15,10,12,13,15,21,23,19,12,78,98,Foundation,Released,2026-01-29
20344.0249,289,S3,MEADOWS OF MILL CREEK 60' LOT,2956 HARVEST MOON,2025-12-17,2025-12-29,2026-01-09,2026-01-14,2026-01-23,NULL,NULL,NULL,NULL,NULL,2025-12-26,2026-01-13,2026-01-18,2026-01-23,2026-04-26,2026-05-09,2026-05-30,2026-06-18,2026-09-04,12,11,5,9,NULL,NULL,NULL,NULL,NULL,9,14,15,12,9,7,9,15,10,12,13,15,21,23,19,12,78,98,Sheetrock,Mechanical,2026-01-23
20358.0039,20358.50,H2,TWO STEP FARM 50' LOT,8934 CREAKY WHEEL WAY,2026-01-26,NULL,NULL,NULL,NULL,NULL,NULL,NULL,NULL,NULL,2026-04-26,2026-05-15,2026-05-23,2026-06-01,2026-06-11,2026-06-26,2026-07-12,2026-08-06,2026-09-29,NULL,NULL,NULL,NULL,NULL,NULL,NULL,NULL,NULL,18,9,19,17,8,3,9,12,10,11,15,17,NULL,16,NULL,25,NULL,54,Foundation,Released,2026-01-26
20358.0084,20358.60,H2,TWO STEP FARM 60' LOT,9132 CHIRPING BIRD LANE,2025-11-04,2025-11-11,2025-12-09,2025-12-15,2025-12-27,2026-01-07,2026-01-26,NULL,NULL,NULL,2025-11-19,2025-12-07,2025-12-12,2025-12-26,2026-01-07,2026-01-23,2026-04-26,2026-05-21,2026-07-14,7,28,6,12,11,19,NULL,NULL,NULL,15,9,26,17,NULL,3,11,12,11,11,16,17,NULL,16,NULL,25,NULL,54,Interior,Trim,2026-01-26
20358.0096,20358.60,H2,TWO STEP FARM 60' LOT,11662 HOOTING OWL DRIVE,2025-11-18,2025-11-25,2025-12-15,2025-12-19,2025-12-30,2026-01-08,NULL,NULL,NULL,NULL,2025-12-03,2025-12-21,2025-12-18,2025-12-30,2026-01-10,2026-04-26,2026-05-12,2026-06-06,2026-07-30,7,20,4,11,9,NULL,NULL,NULL,NULL,15,9,26,17,NULL,3,11,12,11,11,16,17,NULL,16,NULL,25,NULL,54,Trim,Sheetrock,2026-01-08
20361.0007,20361.70,D4,ADKINS PARK 70' LOT,712 BEAR CREEK DRIVE,2025-05-12,2025-06-02,2025-06-11,2025-06-16,2025-07-14,2025-07-25,2025-08-11,2025-09-29,2025-10-09,NULL,2025-05-29,2025-06-15,2025-06-22,2025-07-06,2025-07-27,2025-08-06,2025-09-04,2025-10-09,2026-04-26,21,9,5,28,11,17,49,10,NULL,17,14,NULL,13,11,5,20,17,NULL,13,NULL,12,NULL,24,NULL,40,NULL,39,Complete,Final,2025-10-09
20361.0010,20361.70,D4,ADKINS PARK 70' LOT,3512 OSPREY DRIVE,2025-04-17,2025-05-02,2025-05-12,2025-05-19,2025-05-30,2025-06-12,2025-06-26,2025-07-17,2025-08-13,NULL,2025-05-04,2025-05-15,2025-05-23,2025-06-08,2025-06-12,2025-06-24,2025-07-20,2025-08-13,2026-04-26,15,10,7,11,13,14,21,27,NULL,17,14,NULL,13,11,5,20,17,NULL,13,NULL,12,NULL,24,NULL,40,NULL,39,Complete,Final,2025-08-13
20361.0023,20361.70,D4,ADKINS PARK 70' LOT,701 DOPPLER COURT (M),2025-01-03,2025-03-13,2025-04-02,2025-04-15,2025-04-30,2025-05-14,2025-05-28,2025-07-10,2025-07-24,NULL,2025-01-20,2025-03-26,2025-04-13,2025-05-05,2025-05-13,2025-05-26,2025-06-21,2025-07-24,2026-04-26,69,20,13,15,14,14,43,14,NULL,17,14,NULL,13,11,5,20,17,NULL,13,NULL,12,NULL,24,NULL,40,NULL,39,Complete,Final,2025-07-24
20364.0043,20364.50,H2,KRESSTON 50' LOT,26536 PIONEER POINTE COURT,2025-02-17,2025-03-10,2025-03-21,2025-04-02,2025-04-12,2025-04-24,2025-05-08,2025-09-15,2025-10-14,NULL,2025-02-22,2025-04-01,2025-03-23,2025-04-14,2025-04-23,2025-05-11,2025-05-24,2025-10-14,2026-04-26,21,11,12,10,12,14,130,29,NULL,5,9,22,17,2,3,12,12,NULL,11,NULL,17,NULL,16,NULL,25,64,54,Complete,Final,2025-10-14
20364.0060,20364.65,H2,KRESSTON 65' LOT,26717 STOCKTON TRAIL,2025-01-27,2025-02-06,2025-02-24,2025-02-28,2025-03-13,2025-03-31,2025-04-16,2025-09-03,2025-09-26,NULL,2025-02-06,2025-03-08,2025-03-01,2025-03-20,2025-03-26,2025-04-12,2025-05-02,2025-09-26,2026-04-26,10,18,4,13,18,16,140,23,NULL,10,9,30,17,5,3,20,12,13,11,12,17,NULL,16,NULL,25,74,54,Complete,Final,2025-09-26
20366.0003,20366.62,D1,TERRACES 62' LOT,913 CANYON DRIVE (M),2024-11-01,2024-11-08,2024-11-19,2024-11-21,2024-12-03,2024-12-11,2024-12-31,2025-01-24,2025-02-07,NULL,2024-11-18,2024-11-20,2024-12-02,2024-12-04,2024-12-17,2024-12-30,2025-01-15,2025-02-07,2026-04-26,7,11,2,12,8,20,24,14,NULL,17,14,12,13,13,6,13,16,14,12,19,18,15,17,13,17,28,60,Complete,Final,2025-02-07
20366.0074,20366.72,D1,TERRACES 72' LOT,1906 TERRACES BOULEVARD,2025-12-08,2025-12-22,2026-01-05,2026-01-06,2026-01-16,2026-01-22,NULL,NULL,NULL,NULL,2025-12-22,2026-01-06,2026-01-07,2026-01-17,2026-01-22,2026-04-26,2026-05-13,2026-05-30,2026-09-30,14,14,1,10,6,NULL,NULL,NULL,NULL,14,14,15,13,2,6,11,16,6,12,NULL,18,NULL,17,NULL,17,123,60,Trim,Sheetrock,2026-01-22
20366.0087,20366.82,D1,TERRACES 82'/100' LOT,1726 GRAND AVENUE,2025-02-20,2025-03-24,2025-04-10,2025-04-14,2025-04-30,2025-05-14,2025-05-27,2025-06-18,2025-07-03,NULL,2025-03-06,2025-04-06,2025-04-16,2025-04-30,2025-05-17,2025-05-30,2025-06-13,2025-07-03,2026-04-26,32,17,4,16,14,13,22,15,NULL,NULL,14,NULL,13,NULL,6,NULL,16,17,12,16,18,NULL,17,28,17,NULL,60,Complete,Final,2025-07-03
20369.0021,20369.50,S1,HABY HILL 50' LOT,287 HABY HOLLOW,2025-10-30,2025-11-10,2025-11-19,2025-11-25,2025-12-10,2026-01-07,NULL,NULL,NULL,NULL,2025-11-14,2025-11-18,2025-11-27,2025-12-09,2025-12-31,2026-04-26,2026-05-24,2026-06-04,2026-08-04,11,9,6,15,28,NULL,NULL,NULL,NULL,15,16,8,11,8,7,14,15,21,18,16,17,NULL,28,11,15,61,110,Trim,Sheetrock,2026-01-07
20369.0076,20369.60,S1,HABY HILL 60' LOT,187 HILLSIDE PARK,2025-05-15,2025-05-27,2025-06-09,2025-06-09,2025-07-02,2025-07-08,2025-07-21,2025-08-15,2025-09-09,NULL,2025-05-26,2025-06-07,2025-06-20,2025-06-26,2025-07-20,2025-07-23,2025-08-18,2025-09-09,2026-04-26,12,13,0,23,6,13,25,25,NULL,11,16,11,11,11,7,17,15,NULL,18,15,17,NULL,28,NULL,15,144,110,Complete,Final,2025-09-09
20369.0079,20369.60,S1,HABY HILL 60' LOT,194 HABY HILL (M),2025-03-17,2025-04-03,2025-04-08,2025-04-16,2025-04-24,2025-05-02,2025-05-27,2025-07-07,2025-07-14,NULL,2025-03-28,2025-04-14,2025-04-19,2025-05-03,2025-05-12,2025-05-17,2025-06-24,2025-07-14,2026-04-26,17,5,8,8,8,25,41,7,NULL,11,16,11,11,11,7,17,15,NULL,18,15,17,NULL,28,NULL,15,144,110,Complete,Final,2025-07-14
20371.0034,20371.40,H3,CANDELA SOUTH 40' LOT,8606 GLEAMING VILLAGE WAY (M),2024-11-04,2024-11-12,2024-11-18,2024-11-21,2024-12-05,2024-12-09,2024-12-30,2025-01-17,2025-01-28,NULL,2024-11-19,2024-11-23,2024-11-24,2024-11-26,2024-12-12,2024-12-22,2025-01-13,2025-01-28,2026-04-26,8,6,3,14,4,21,18,11,NULL,15,9,11,15,6,5,5,12,7,9,13,16,14,23,14,12,NULL,81,Complete,Final,2025-01-28
20371.0096,20371.60,H3,CANDELA SOUTH 60' LOT,8711 INCANDESCE RISE DRIVE,2025-09-18,2025-09-25,2025-10-10,2025-10-16,2025-10-28,2025-11-10,2025-11-20,2025-12-15,2025-12-23,NULL,2025-09-27,2025-10-10,2025-10-15,2025-10-28,2025-11-06,2025-11-26,2025-12-13,2025-12-23,2026-04-26,7,15,6,12,13,10,25,8,NULL,NULL,9,NULL,15,NULL,5,NULL,12,NULL,9,NULL,16,23,23,10,12,NULL,81,Complete,Final,2025-12-23
20372.0042,20372.60,D4,TALON HILLS 60'/70',7325 WAYWARD WIND DRIVE,2026-01-21,NULL,NULL,NULL,NULL,NULL,NULL,NULL,NULL,NULL,2026-04-26,2026-05-09,2026-05-14,2026-05-31,2026-06-13,2026-07-02,2026-07-17,2026-08-10,2027-01-15,NULL,NULL,NULL,NULL,NULL,NULL,NULL,NULL,NULL,NULL,14,NULL,13,NULL,5,NULL,17,NULL,13,19,12,15,24,24,40,158,39,Foundation,Released,2026-01-21
20375.0036,20375.50,F1,TURNLEAF 50' LOT,13068 CAMELOT LANE,2026-01-08,NULL,NULL,NULL,NULL,NULL,NULL,NULL,NULL,NULL,2026-04-26,2026-05-24,NULL,2026-06-24,2026-07-09,2026-07-31,2026-09-15,2026-11-14,2026-12-01,NULL,NULL,NULL,NULL,NULL,NULL,NULL,NULL,NULL,27,15,NULL,28,NULL,NULL,NULL,31,NULL,15,NULL,22,NULL,46,60,47,NULL,17,Foundation,Released,2026-01-08
20376.0005,20376.40,H2,WOODHAVYN 40' LOT,30314 RUBY FOREST COURT,2025-03-10,2025-03-18,2025-03-28,2025-04-01,2025-04-10,2025-04-16,2025-05-30,2025-11-11,2025-11-24,NULL,2025-03-19,2025-03-27,2025-03-31,2025-04-10,2025-04-21,2025-05-03,2025-06-15,2025-11-24,2026-04-26,8,10,4,9,6,44,165,13,NULL,9,9,9,17,3,3,9,12,NULL,11,NULL,17,NULL,16,NULL,25,34,54,Complete,Final,2025-11-24
20377.0003,20377.55,H2,COLTON 55' LOT,41478 THREADGILL WAY,2025-08-07,2025-08-18,2025-09-02,2025-09-08,2025-09-17,2025-09-25,2025-10-15,2025-10-23,2025-11-07,NULL,2025-08-18,2025-09-04,2025-09-05,2025-09-20,2025-09-24,2025-10-08,2025-10-30,2025-11-07,2026-05-26,11,15,6,9,8,20,8,15,NULL,11,9,NULL,17,NULL,3,NULL,12,7,11,13,17,15,16,NULL,25,200,54,Complete,Final,2025-11-07
20377.0020,20377.55,H2,COLTON 55' LOT,1719 EL PINO STREET,2025-04-17,2025-04-24,2025-05-12,2025-05-16,2025-05-27,2025-06-04,2025-06-18,2025-07-15,2025-07-22,NULL,2025-04-28,2025-05-11,2025-05-15,2025-05-28,2025-06-03,2025-06-17,2025-07-03,2025-07-22,2026-04-26,7,18,4,11,8,14,27,7,NULL,11,9,NULL,17,NULL,3,NULL,12,7,11,13,17,15,16,NULL,25,200,54,Complete,Final,2025-07-22
20377.0036,20377.55,H2,COLTON 55' LOT,2017 LOVETT RUN,2025-08-07,2025-08-17,2025-08-28,2025-09-04,2025-09-13,2025-09-19,2025-10-07,2025-10-20,2025-11-03,NULL,2025-08-18,2025-09-03,2025-08-31,2025-09-16,2025-09-20,2025-10-02,2025-10-22,2025-11-03,2026-05-22,10,11,7,9,6,18,13,14,NULL,11,9,NULL,17,NULL,3,NULL,12,7,11,13,17,15,16,NULL,25,200,54,Complete,Final,2025-11-03
20377.0052,20377.55,H2,COLTON 55' LOT,42119 NOKONA WAY (M),2025-02-27,2025-03-06,2025-03-17,2025-03-17,2025-03-28,2025-04-02,2025-04-11,2025-04-21,2025-04-30,NULL,2025-03-10,2025-03-23,2025-03-20,2025-03-29,2025-04-04,2025-04-15,2025-04-26,2025-04-30,2026-04-26,7,11,0,11,5,9,10,9,NULL,11,9,NULL,17,NULL,3,NULL,12,7,11,13,17,15,16,NULL,25,200,54,Complete,Final,2025-04-30
20380.0011,20380.50,F1,GLYNLEA COUNTRY CLUB 50' LOT,10772 NORTHWEST WILGROVE LANE,2026-01-14,2026-01-28,NULL,NULL,NULL,NULL,NULL,NULL,NULL,NULL,2026-01-27,2026-04-26,NULL,2026-05-27,2026-06-11,2026-07-04,2026-08-19,2026-10-05,2026-10-22,14,NULL,NULL,NULL,NULL,NULL,NULL,NULL,NULL,13,15,19,28,NULL,NULL,NULL,31,NULL,15,23,22,NULL,46,NULL,47,NULL,17,Frame,Foundation,2026-01-28
20380.0064,20380.60,F1,GLYNLEA COUNTRY CLUB 60' LOT,10889 NORTHWEST GLYNLEA BOULEVARD NORTH,2025-12-17,2026-01-02,2026-01-28,NULL,NULL,NULL,NULL,NULL,NULL,NULL,2025-12-31,2026-01-27,NULL,2026-04-26,2026-05-11,2026-05-30,2026-07-08,2026-08-24,2026-09-10,16,26,NULL,NULL,NULL,NULL,NULL,NULL,NULL,14,15,25,28,NULL,NULL,22,31,NULL,15,19,22,39,46,NULL,47,NULL,17,Mechanicals,Frame,2026-01-28
20381.0035,20381.65,S3,CIBOLO VALLEY HEIGHTS 65' LOT,139 KRAMM TRAIL,2026-01-29,NULL,NULL,NULL,NULL,NULL,NULL,NULL,NULL,NULL,2026-04-26,2026-05-08,2026-05-15,2026-05-27,2026-06-09,2026-06-27,2026-07-18,2026-07-30,2026-10-30,NULL,NULL,NULL,NULL,NULL,NULL,NULL,NULL,NULL,12,14,12,12,7,7,12,15,13,12,18,15,21,23,NULL,12,92,98,Foundation,Released,2026-01-29
20382.0029,20382.60,D1,MYRTLE CREEK 60' LOT,253 WOODOAT ROAD,2025-06-11,2025-07-02,2025-07-10,2025-07-16,2025-07-25,2025-08-07,2025-08-21,2025-09-19,2025-10-29,NULL,2025-06-21,2025-07-13,2025-07-12,2025-08-01,2025-08-06,2025-08-25,2025-09-07,2025-10-29,2026-04-26,21,8,6,9,13,14,29,40,NULL,10,14,11,13,2,6,NULL,16,NULL,12,NULL,18,NULL,17,NULL,17,81,60,Complete,Final,2025-10-29
20384.0007,20384.70,S2,DOMINION 70' LOT,27 ENIA CIRCLE,2025-05-30,2025-06-16,2025-06-23,2025-06-30,2025-07-11,2025-07-31,2025-08-11,2025-09-08,2025-10-06,NULL,2025-06-11,2025-06-26,2025-07-10,2025-07-23,2025-07-23,2025-08-17,2025-09-09,2025-10-06,2026-04-26,17,7,7,11,20,11,28,28,NULL,12,20,NULL,10,17,7,23,17,NULL,12,NULL,17,29,30,20,16,NULL,96,Complete,Final,2025-10-06
20384.0022,20384.70,S2,DOMINION 70' LOT,22 ENIA CIRCLE,2026-01-07,2026-01-19,NULL,NULL,NULL,NULL,NULL,NULL,NULL,NULL,2026-01-19,2026-04-26,2026-05-13,2026-06-05,2026-06-17,2026-07-04,2026-08-02,2026-08-22,2026-11-26,12,NULL,NULL,NULL,NULL,NULL,NULL,NULL,NULL,12,20,NULL,10,17,7,23,17,NULL,12,NULL,17,29,30,20,16,NULL,96,Frame,Foundation,2026-01-19
20387.0010,20387.60,H6,AUSTIN POINT 60' LOT,4906 PEGASUS WAY,2025-12-30,2026-01-05,2026-01-14,2026-01-19,2026-01-29,NULL,NULL,NULL,NULL,NULL,2026-01-04,2026-01-17,2026-01-18,2026-01-30,2026-04-26,2026-05-12,2026-06-01,2026-06-13,2026-07-03,6,9,5,10,NULL,NULL,NULL,NULL,NULL,5,10,12,14,4,4,11,13,NULL,9,NULL,16,NULL,20,NULL,12,20,58,Sheetrock,Mechanical,2026-01-29
20387.0018,20387.60,H6,AUSTIN POINT 60' LOT,4902 NORTH STAR TRAIL (M),2025-04-29,2025-05-02,2025-05-13,2025-05-19,2025-05-27,2025-06-06,2025-06-30,2025-07-14,2025-08-04,NULL,2025-05-04,2025-05-14,2025-05-17,2025-05-30,2025-06-05,2025-06-22,2025-07-20,2025-08-04,2026-04-26,3,11,6,8,10,24,14,21,NULL,5,10,12,14,4,4,11,13,NULL,9,NULL,16,NULL,20,NULL,12,20,58,Complete,Final,2025-08-04
20387.0070,20387.40,H6,AUSTIN POINT 40' LOT,4647 NORTH STAR TRAIL,2025-06-24,2025-07-03,2025-07-17,2025-07-18,2025-07-31,2025-08-11,2025-09-08,2025-10-20,NULL,NULL,2025-07-05,2025-07-15,2025-07-20,2025-07-28,2025-08-09,2025-08-27,2025-09-28,2026-04-26,2026-06-23,9,14,1,13,11,28,42,NULL,NULL,11,10,12,14,3,4,10,13,NULL,9,NULL,16,NULL,20,NULL,12,NULL,58,Final,Interior,2025-10-20
20389.0005,20389.55,S2,HIDDEN CANYON 55' LOT,443 CANYON PATH,2025-10-15,2025-11-11,2025-11-18,2025-11-18,2025-12-11,2025-12-19,NULL,NULL,NULL,NULL,2025-12-12,2025-11-21,2025-11-21,2025-12-14,2025-12-23,2026-04-26,2026-05-20,2026-06-01,2026-09-05,27,7,0,23,8,NULL,NULL,NULL,NULL,58,20,10,10,3,7,26,17,NULL,12,19,17,24,30,12,16,NULL,96,Trim,Sheetrock,2025-12-19
20390.0004,20390.1A,S3,THE PRESERVE AT ELM CREEK 1 ACRE LOT,212 BERRYWOOD LANE,2025-11-21,2025-12-15,2025-12-22,2025-12-29,2026-01-13,NULL,NULL,NULL,NULL,NULL,2025-12-26,2025-12-25,2026-01-01,2026-01-11,2026-04-26,2026-05-11,2026-06-03,2026-06-15,2026-09-21,24,7,7,15,NULL,NULL,NULL,NULL,NULL,35,14,10,12,10,7,13,15,13,12,NULL,15,NULL,23,NULL,12,NULL,98,Sheetrock,Mechanical,2026-01-13
20398.0027,20398.45,H2,EVERLY 45' LOT,18711 SWEET BASIL DRIVE,2025-12-17,2025-12-23,2026-01-05,2026-01-07,2026-01-17,2026-01-28,NULL,NULL,NULL,NULL,2025-12-23,2026-01-05,2026-01-07,2026-01-18,2026-01-28,2026-04-26,2026-05-12,2026-06-24,2026-08-17,6,13,2,10,11,NULL,NULL,NULL,NULL,6,9,13,17,2,3,11,12,11,11,NULL,17,NULL,16,43,25,NULL,54,Trim,Sheetrock,2026-01-28
20398.0115,20398.50,H2,EVERLY 50' LOT,18819 PEONY MANOR LANE (M),2025-06-13,2025-06-16,2025-06-19,2025-06-23,2025-07-03,2025-07-10,2025-07-10,2025-08-06,2025-08-28,NULL,2025-06-25,2025-06-27,2025-06-27,2025-07-03,2025-07-14,2025-08-10,2025-07-12,2025-08-28,2026-04-26,3,3,4,10,7,0,27,22,NULL,12,9,11,17,8,3,10,12,NULL,11,31,17,2,16,NULL,25,44,54,Complete,Final,2025-08-28
20398.0140,20398.60,H2,EVERLY 60' LOT,18826 CORNELIA FIELDS LANE,2025-06-24,2025-07-02,2025-07-16,2025-07-18,2025-07-30,2025-08-08,2025-08-27,NULL,NULL,NULL,2025-06-30,2025-07-16,2025-07-19,2025-07-28,2025-08-10,2025-08-25,2026-04-26,2026-05-21,2026-07-14,8,14,2,12,9,19,NULL,NULL,NULL,6,9,14,17,3,3,10,12,NULL,11,NULL,17,NULL,16,NULL,25,NULL,54,Interior,Trim,2025-08-27
20399.0006,20399.45,S1,BRIGGS RANCH 45' LOT,13304 SWEET ACACIA (M),2025-11-06,2025-11-07,2025-11-21,2025-12-02,2025-12-12,2025-12-26,2026-01-12,NULL,NULL,NULL,2025-11-19,2025-11-18,2025-11-28,2025-12-19,2025-12-30,2026-01-12,2026-04-26,2026-05-11,2026-08-29,1,14,11,10,14,17,NULL,NULL,NULL,13,16,11,11,7,7,17,15,NULL,18,NULL,17,NULL,28,NULL,15,NULL,110,Interior,Trim,2026-01-12
20403.0015,20403.50,A3,JUNIPER SPRINGS 50' LOT,309 FOXFIRE COVE,2025-09-04,2025-09-25,2025-10-01,2025-10-07,2025-10-23,2025-11-04,2025-11-19,2025-12-16,2025-12-31,NULL,2025-09-11,2025-10-02,2025-10-06,2025-10-24,2025-11-01,2025-11-18,2026-02-08,2025-12-31,2026-04-26,21,6,6,16,12,15,27,15,NULL,7,17,7,9,5,5,17,21,9,13,NULL,14,81,37,9,12,15,64,Complete,Final,2025-12-31
20403.0073,20403.45,A3,JUNIPER SPRINGS 45' LOT,3918 MELODY ROAD,2025-12-19,2025-12-31,2026-01-07,2026-01-09,2026-01-23,NULL,NULL,NULL,NULL,NULL,2025-12-29,2026-01-08,2026-01-09,2026-01-25,2026-04-26,2026-05-10,2026-05-23,2026-06-10,2026-06-21,12,7,2,14,NULL,NULL,NULL,NULL,NULL,10,17,8,9,2,5,16,21,12,13,14,14,13,37,18,12,11,64,Sheetrock,Mechanical,2026-01-23
20405.0024,20405.50,F1,STAR FARMS AT LAKEWOOD RANCH 50' LOT,3810 COUNTRY VIEW COURT,2026-01-28,NULL,NULL,NULL,NULL,NULL,NULL,NULL,NULL,NULL,2026-04-26,2026-05-24,NULL,2026-06-19,2026-06-28,2026-07-20,2026-09-04,2026-10-21,2026-11-07,NULL,NULL,NULL,NULL,NULL,NULL,NULL,NULL,NULL,NULL,15,NULL,28,NULL,NULL,26,31,9,15,NULL,22,NULL,46,NULL,47,NULL,17,Foundation,Released,2026-01-28
20405.0045,20405.50,F1,STAR FARMS AT LAKEWOOD RANCH 50' LOT,3413 COUNTRY VIEW COURT (M),2025-12-02,2025-12-08,2025-12-29,NULL,NULL,NULL,NULL,NULL,NULL,NULL,2025-12-17,2026-01-05,NULL,2026-04-26,2026-05-05,2026-05-27,2026-07-12,2026-08-28,2026-09-14,6,21,NULL,NULL,NULL,NULL,NULL,NULL,NULL,NULL,15,NULL,28,NULL,NULL,26,31,9,15,NULL,22,NULL,46,NULL,47,NULL,17,Mechanicals,Frame,2025-12-29
20408.0105,20408.60,F1,SEAIRE 60' LOT,8034 ROLL TIDE TERRACE,2026-01-14,2026-01-28,NULL,NULL,NULL,NULL,NULL,NULL,NULL,NULL,2026-01-28,2026-04-26,NULL,2026-05-27,2026-06-11,2026-07-03,2026-08-18,2026-10-04,2026-10-21,14,NULL,NULL,NULL,NULL,NULL,NULL,NULL,NULL,14,15,NULL,28,NULL,NULL,NULL,31,NULL,15,NULL,22,NULL,46,NULL,47,NULL,17,Frame,Foundation,2026-01-28
20410.0027,20410.55,H1,MIDLINE 55' LOT,18043 DISCOVERY ELM STREET,2026-01-20,NULL,NULL,NULL,NULL,NULL,NULL,NULL,NULL,NULL,2026-04-26,2026-05-15,2026-05-23,2026-06-03,2026-06-15,2026-07-04,2026-08-14,2026-08-24,2026-11-20,NULL,NULL,NULL,NULL,NULL,NULL,NULL,NULL,NULL,9,11,NULL,19,NULL,8,NULL,11,NULL,12,NULL,19,NULL,41,NULL,10,NULL,88,Foundation,Released,2026-01-20
20413.0074,20413.50,D1,MERAKI 50' LOT,3521 BEAR STREET,2026-01-28,NULL,NULL,NULL,NULL,NULL,NULL,NULL,NULL,NULL,2026-04-26,2026-05-09,2026-05-15,2026-05-31,2026-06-12,2026-06-30,2026-07-17,2026-08-03,2026-10-02,NULL,NULL,NULL,NULL,NULL,NULL,NULL,NULL,NULL,NULL,14,NULL,13,NULL,6,NULL,16,NULL,12,NULL,18,NULL,17,NULL,17,NULL,60,Foundation,Released,2026-01-28
210086,210,A3,CROSSWINDS 50' LOT,580 BAY BREEZE DRIVE,2025-07-24,2025-08-04,2025-08-12,2025-08-17,2025-09-03,2025-09-10,2025-09-29,2025-10-21,2025-10-28,NULL,2025-08-04,2025-08-11,2025-08-16,2025-08-27,2025-09-12,2025-09-24,2025-11-05,2025-10-28,2026-04-26,11,8,5,17,7,19,22,7,NULL,11,17,7,9,4,5,10,21,9,13,NULL,14,NULL,37,12,12,NULL,64,Complete,Final,2025-10-28
220133,220,H2,AUDUBON PARK 45' LOT,14810 WHISTLING DUCK LANE (M),2024-04-30,2024-04-30,2024-05-10,2024-05-16,2024-05-22,2024-05-29,2024-06-03,2024-06-20,2024-07-02,NULL,2024-05-13,2024-05-12,2024-05-12,2024-05-28,2024-06-10,2024-06-11,2024-06-19,2024-07-02,2026-04-26,0,10,6,6,7,5,17,12,NULL,13,9,12,17,2,3,12,12,19,11,13,17,16,16,15,25,36,54,Complete,Final,2024-07-02
251033,251,S1,MEGAN'S LANDING 1/2 ACRE LOT,187 GATHER STREET,2025-01-30,2025-02-12,2025-02-26,2025-03-07,2025-03-26,2025-04-07,2025-04-24,2025-05-29,2025-06-11,NULL,2025-02-15,2025-03-04,2025-03-08,2025-03-26,2025-04-09,2025-04-25,2025-05-25,2025-06-11,2026-04-26,13,14,9,19,12,17,35,13,NULL,NULL,16,20,11,10,7,19,15,14,18,18,17,31,28,14,15,51,110,Complete,Final,2025-06-11
260036,260,D2,THE PARKS AT WILSON CREEK 40' LOT,1712 PALO DURO WAY,2025-05-12,2025-05-29,2025-06-23,2025-06-26,2025-07-21,2025-08-01,2025-08-11,2025-08-21,2025-09-12,NULL,2025-05-24,2025-06-08,2025-06-27,2025-07-10,2025-08-02,2025-08-12,2025-08-28,2025-09-12,2026-04-26,17,25,3,25,11,10,10,22,NULL,NULL,12,NULL,10,NULL,4,NULL,14,NULL,12,NULL,11,NULL,17,NULL,18,94,88,Complete,Final,2025-09-12
266009,266,S2,ARCADIA RIDGE 60' LOT,1331 NICHOLAS COVE (M),2023-07-07,2023-07-11,2023-07-16,2023-07-18,2023-08-02,2023-08-09,2023-08-25,2023-09-14,2023-09-19,NULL,2023-07-27,2023-07-21,2023-07-23,2023-08-04,2023-08-14,2023-08-26,2023-09-24,2023-09-19,2026-04-26,4,5,2,15,7,16,20,5,NULL,NULL,20,NULL,10,NULL,7,NULL,17,NULL,12,NULL,17,NULL,30,NULL,16,NULL,96,Complete,Final,2023-09-19
287023,287,S1,LADERA 45' LOT,2626 VISTABLUE LANE,2025-08-21,2025-09-12,2025-09-19,2025-09-25,2025-10-21,2025-10-30,2025-12-02,2025-12-03,2025-12-18,NULL,2025-09-11,2025-09-19,2025-09-25,2025-10-15,2025-11-08,2025-11-12,2025-12-22,2025-12-18,2026-04-26,22,7,6,26,9,33,1,15,NULL,21,16,7,11,6,7,20,15,NULL,18,13,17,20,28,14,15,NULL,110,Complete,Final,2025-12-18
287024,287,S1,LADERA 45' LOT,2622 VISTABLUE LANE,2025-08-21,2025-09-12,2025-09-19,2025-09-25,2025-10-15,2025-10-24,2025-11-05,2025-12-03,2025-12-17,NULL,2025-09-11,2025-09-19,2025-09-25,2025-10-15,2025-11-02,2025-11-06,2025-11-25,2025-12-17,2026-04-26,22,7,6,20,9,12,28,14,NULL,21,16,7,11,6,7,20,15,NULL,18,13,17,20,28,14,15,NULL,110,Complete,Final,2025-12-17
288009,288,S3,MEADOWS OF MILL CREEK 50' LOT,1829 WINDWARD WAY,2025-12-04,2025-12-18,2026-01-13,2026-01-20,NULL,NULL,NULL,NULL,NULL,NULL,2025-12-24,2026-01-11,2026-01-21,2026-04-26,2026-05-05,2026-05-26,2026-06-10,2026-06-22,2026-10-19,14,26,7,NULL,NULL,NULL,NULL,NULL,NULL,20,14,24,12,8,7,15,15,9,12,21,15,15,23,NULL,12,119,98,Mechanicals,Cornice,2026-01-20
288026,288,S3,MEADOWS OF MILL CREEK 50' LOT,1820 WINDWARD WAY,2025-11-06,2025-12-04,2025-12-31,2026-01-05,2026-01-19,NULL,NULL,NULL,NULL,NULL,2025-11-26,2025-12-28,2026-01-08,2026-01-20,2026-04-26,2026-05-17,2026-06-01,2026-06-13,2026-10-10,28,27,5,14,NULL,NULL,NULL,NULL,NULL,20,14,24,12,8,7,15,15,9,12,21,15,15,23,NULL,12,119,98,Sheetrock,Mechanical,2026-01-19
292120,292,S2,ARCADIA RIDGE 45' LOT,12910 GILMORE BEND,2025-11-20,NULL,NULL,NULL,NULL,NULL,NULL,NULL,NULL,NULL,2026-04-26,2026-05-09,2026-05-15,2026-05-21,2026-06-05,2026-06-22,2026-07-20,2026-08-06,2027-04-01,NULL,NULL,NULL,NULL,NULL,NULL,NULL,NULL,NULL,18,20,13,10,6,7,6,17,15,12,17,17,28,30,17,16,238,96,Foundation,Released,2025-11-20
309044,309,S2,ARCADIA RIDGE 50' LOT,12712 MACAR MANOR,2025-11-20,2025-12-02,NULL,2025-12-15,2025-12-31,2026-01-16,2026-01-27,NULL,NULL,NULL,2025-12-10,2025-12-12,2025-12-19,2025-12-31,2026-01-16,2026-01-27,2026-04-26,2026-06-15,2026-09-19,12,NULL,NULL,16,16,11,NULL,NULL,NULL,NULL,20,NULL,10,NULL,7,16,17,16,12,11,17,24,30,50,16,NULL,96,Interior,Trim,2026-01-27
324101,324,S3,LEGACY AT LAKE DUNLAP 40' LOT,101 LAKE COMO POINT (M),2023-10-19,2023-10-20,2023-10-23,2023-10-25,2023-11-01,2023-11-06,2023-11-17,2023-12-03,2023-12-13,NULL,2023-11-02,2023-11-01,2023-10-30,2023-11-09,2023-11-13,2023-11-21,2023-12-17,2023-12-13,2026-04-26,1,3,2,7,5,11,16,10,NULL,NULL,14,NULL,12,NULL,7,NULL,15,NULL,12,NULL,15,30,23,NULL,12,NULL,98,Complete,Final,2023-12-13
342124,342,S3,MAYFAIR 60' LOT,314 CLEVELAND WAY (M),2024-03-11,2024-03-14,2024-03-14,2024-03-19,2024-03-20,2024-03-27,2024-04-08,2024-04-23,2024-05-13,NULL,2024-03-25,2024-03-26,2024-03-21,2024-04-03,2024-04-01,2024-04-14,2024-05-03,2024-05-13,2026-04-26,3,0,5,1,7,12,15,20,NULL,NULL,14,NULL,12,NULL,7,NULL,15,NULL,12,18,15,25,23,NULL,12,40,98,Complete,Final,2024-05-13
346135,346,D3,NORTH SKY CELINA 55' LOT,3352 CHINABERRY STREET,2025-12-26,2026-01-07,2026-01-16,2026-01-21,NULL,NULL,NULL,NULL,NULL,NULL,2026-01-07,2026-01-19,2026-01-21,2026-04-26,2026-05-12,2026-05-22,2026-06-17,2026-07-21,2026-10-21,12,9,5,NULL,NULL,NULL,NULL,NULL,NULL,12,12,12,10,5,3,NULL,13,16,13,10,20,26,29,34,21,92,92,Mechanicals,Cornice,2026-01-21
678214,678,S1,KALLISON RANCH 60' LOT,9714 ROSETTE PLACE (M),2022-11-04,2022-11-21,2022-12-05,2022-12-21,2023-01-11,2023-01-25,2023-02-27,2023-03-20,2023-04-04,NULL,2022-11-15,2022-12-05,2022-12-09,2022-12-31,2023-01-31,2023-02-15,2023-04-11,2023-04-04,2026-04-26,17,14,16,21,14,33,21,15,NULL,11,16,14,11,4,7,10,15,20,18,21,17,43,28,5,15,189,110,Complete,Final,2023-04-04
678286,678,S1,KALLISON RANCH 60' LOT,10319 REDDING BEND,2026-01-29,NULL,NULL,NULL,NULL,NULL,NULL,NULL,NULL,NULL,2026-04-26,2026-05-10,2026-05-14,2026-05-24,2026-06-13,2026-07-04,2026-08-16,2026-08-21,2027-02-26,NULL,NULL,NULL,NULL,NULL,NULL,NULL,NULL,NULL,11,16,14,11,4,7,10,15,20,18,21,17,43,28,5,15,189,110,Foundation,Released,2026-01-29
678320,678,S1,KALLISON RANCH 60' LOT,10006 FORELOCK CREEK,2025-12-29,2026-01-09,2026-01-22,2026-01-26,NULL,NULL,NULL,NULL,NULL,NULL,2026-01-09,2026-01-23,2026-01-26,2026-04-26,2026-05-16,2026-06-06,2026-07-19,2026-07-24,2027-01-29,11,13,4,NULL,NULL,NULL,NULL,NULL,NULL,11,16,14,11,4,7,10,15,20,18,21,17,43,28,5,15,189,110,Mechanicals,Cornice,2026-01-26
684140,684,S1,LADERA 50' LOT,15023 EARLY DAWN,2025-11-20,2025-12-11,2025-12-19,2025-12-30,2026-01-22,NULL,NULL,NULL,NULL,NULL,2025-12-06,2025-12-22,2025-12-30,2026-01-22,2026-04-26,2026-05-10,2026-06-03,2026-06-26,2027-03-30,21,8,11,23,NULL,NULL,NULL,NULL,NULL,NULL,16,NULL,11,11,7,23,15,NULL,18,14,17,24,28,23,15,277,110,Sheetrock,Mechanical,2026-01-22
710083,710,S3,HOMESTEAD 65' LOT,3127 BEE HILL,2025-10-16,2025-10-31,2025-11-04,2025-11-07,2025-12-11,2026-01-02,NULL,NULL,NULL,NULL,2025-10-30,2025-11-12,2025-11-11,2025-12-14,2025-12-27,2026-04-26,2026-05-19,2026-06-02,2026-11-09,15,4,3,34,22,NULL,NULL,NULL,NULL,NULL,14,NULL,12,NULL,7,37,15,16,12,NULL,15,NULL,23,14,12,160,98,Trim,Sheetrock,2026-01-02
747205,747,S1,STEVENS RANCH 55' LOT,14207 MAY MIST,2025-05-01,2025-05-19,2025-05-22,2025-06-04,2025-06-24,2025-07-07,NULL,2025-09-16,2025-09-26,NULL,2025-05-17,2025-05-30,2025-05-29,2025-06-19,2025-07-12,2025-07-24,2025-08-21,2025-09-26,2026-04-26,18,3,13,20,13,NULL,NULL,10,NULL,NULL,16,NULL,11,NULL,7,NULL,15,NULL,18,NULL,17,NULL,28,NULL,15,148,110,Complete,Final,2025-09-26
754092,754,A3,6 CREEKS 50' LOT,368 PRICKLY POPPY LOOP,2025-01-29,2025-02-10,2025-02-17,2025-02-27,2025-03-24,2025-04-01,2025-04-28,2025-05-29,2025-06-20,NULL,2025-02-15,2025-02-19,2025-02-22,2025-03-20,2025-04-06,2025-04-15,2025-06-04,2025-06-20,2026-04-26,12,7,10,25,8,27,31,22,NULL,NULL,17,NULL,9,NULL,5,NULL,21,NULL,13,NULL,14,NULL,37,NULL,12,119,64,Complete,Final,2025-06-20
754093,754,A3,6 CREEKS 50' LOT,338 PRICKLY POPPY LOOP,2025-04-30,2025-05-16,2025-05-29,2025-06-05,2025-07-28,2025-08-08,2025-08-28,2025-09-15,2025-09-23,NULL,2025-05-17,2025-05-25,2025-06-03,2025-06-26,2025-08-10,2025-08-22,2025-10-04,2025-09-23,2026-04-26,16,13,7,53,11,20,18,8,NULL,NULL,17,NULL,9,NULL,5,NULL,21,NULL,13,NULL,14,NULL,37,NULL,12,119,64,Complete,Final,2025-09-23
763065,763,H4,THE WOODLANDS HILLS 75' LOT,143 PINEHILL TRAILS COURT,2026-01-29,NULL,NULL,NULL,NULL,NULL,NULL,NULL,NULL,NULL,2026-04-26,2026-05-08,2026-05-11,2026-05-20,2026-05-30,2026-06-14,2026-07-01,2026-07-14,2027-04-26,NULL,NULL,NULL,NULL,NULL,NULL,NULL,NULL,NULL,NULL,9,NULL,12,NULL,3,NULL,9,NULL,10,NULL,15,NULL,17,NULL,13,286,97,Foundation,Released,2026-01-29
20007.0108,20007.50,A1,LARIAT 50' LOT,200 GARY WAYNE DRIVE (M),2024-06-25,2024-06-28,2024-06-28,2024-07-08,2024-07-11,2024-07-17,2024-07-28,2024-08-09,2024-08-21,NULL,2024-07-12,2024-07-09,2024-07-04,2024-07-25,2024-07-27,2024-08-03,2024-08-26,2024-08-21,2026-04-26,3,0,10,3,6,11,12,12,NULL,17,15,11,9,6,6,17,15,16,13,NULL,17,29,39,9,11,64,96,Complete,Final,2024-08-21
20007.0124,20007.50,A1,LARIAT 50' LOT,1113 LARIAT LOOP,2025-11-17,2025-12-02,2025-12-11,2025-12-15,2025-12-22,2026-01-13,NULL,NULL,NULL,NULL,2025-12-04,2025-12-13,2025-12-17,2026-01-01,2026-01-07,2026-04-26,2026-05-25,2026-06-03,2026-08-06,15,9,4,7,22,NULL,NULL,NULL,NULL,17,15,11,9,6,6,17,15,16,13,NULL,17,29,39,9,11,64,96,Trim,Sheetrock,2026-01-13
20007.0141,20007.50,A1,LARIAT 50' LOT,1021 LARIAT LOOP,2025-07-10,2025-07-22,2025-07-30,2025-08-07,2025-08-15,2025-08-28,2025-09-11,2025-10-02,2025-10-15,NULL,2025-07-27,2025-08-02,2025-08-05,2025-08-24,2025-08-31,2025-09-14,2025-10-10,2025-10-15,2026-04-26,12,8,8,8,13,14,21,13,NULL,17,15,11,9,6,6,17,15,16,13,NULL,17,29,39,9,11,64,96,Complete,Final,2025-10-15
20007.0149,20007.60,A1,LARIAT 60' LOT,212 SHEEPDOG DRIVE,2025-10-28,2025-11-11,2025-11-24,2025-12-02,2025-12-09,2026-01-02,2026-01-21,NULL,NULL,NULL,2025-11-12,2025-11-20,2025-12-02,2025-12-12,2025-12-30,2026-01-20,2026-04-26,2026-05-07,2026-08-27,14,13,8,7,24,19,NULL,NULL,NULL,NULL,15,NULL,9,8,6,10,15,21,13,18,17,43,39,NULL,11,112,96,Interior,Trim,2026-01-21
20013.0577,741,A1,SANTA RITA RANCH 40' LOT,228 MENLO BEND,2025-12-29,2026-01-14,2026-01-23,2026-01-28,NULL,NULL,NULL,NULL,NULL,NULL,2026-01-13,2026-01-20,2026-01-29,2026-04-26,2026-05-03,2026-05-20,2026-06-19,2026-07-07,2026-07-28,16,9,5,NULL,NULL,NULL,NULL,NULL,NULL,15,15,6,9,6,6,17,15,7,13,NULL,17,30,39,18,11,21,96,Mechanicals,Cornice,2026-01-28
20013.0606,741,A1,SANTA RITA RANCH 40' LOT,105 BLUE SUMMIT BEND,2025-12-26,2026-01-09,2026-01-16,2026-01-22,NULL,NULL,NULL,NULL,NULL,NULL,2026-01-10,2026-01-15,2026-01-22,2026-04-26,2026-05-03,2026-05-20,2026-06-19,2026-07-07,2026-07-28,14,7,6,NULL,NULL,NULL,NULL,NULL,NULL,15,15,6,9,6,6,17,15,7,13,NULL,17,30,39,18,11,21,96,Mechanicals,Cornice,2026-01-22
20016.0223,20016.56,A2,WOLF RANCH 56' LOT,113 BLACKBERRY COVE (M),2024-05-07,2024-05-17,2024-05-28,2024-06-04,2024-07-04,2024-07-11,2024-07-25,2024-08-23,2024-08-30,NULL,2024-05-30,2024-05-26,2024-06-03,2024-06-27,2024-07-14,2024-07-27,2024-08-18,2024-08-30,2026-04-26,10,11,7,30,7,14,29,7,NULL,23,27,9,11,6,6,23,18,NULL,10,NULL,16,24,33,10,16,87,120,Complete,Final,2024-08-30
20016.0277,20016.56,A2,WOLF RANCH 56' LOT,501 SUMMER PLACE LANE,2025-10-07,2025-10-21,2025-10-29,2025-11-05,2025-11-19,2025-11-29,2025-12-12,2026-01-05,2026-01-12,NULL,2025-10-30,2025-10-30,2025-11-04,2025-11-28,2025-11-29,2025-12-15,2026-01-05,2026-01-12,2026-04-26,14,8,7,14,10,13,24,7,NULL,23,27,9,11,6,6,23,18,NULL,10,NULL,16,24,33,10,16,87,120,Complete,Final,2026-01-12
20016.0324,689,A2,WOLF RANCH 51' LOT,545 SUMMER PLACE LANE,2025-09-02,2025-10-29,2025-11-07,2025-11-11,2025-11-26,2025-12-08,2025-12-16,2026-01-09,2026-01-16,NULL,2025-10-03,2025-11-08,2025-11-11,2025-12-05,2025-12-07,2025-12-23,2026-01-09,2026-01-16,2026-04-26,57,9,4,15,12,8,24,7,NULL,31,27,10,11,4,6,24,18,11,10,15,16,24,33,7,16,74,120,Complete,Final,2026-01-16
20020.0314,796,A2,THE COLONY 45' LOT,146 KILDRUMMY PASS,2026-01-22,NULL,NULL,NULL,NULL,NULL,NULL,NULL,NULL,NULL,2026-04-26,2026-05-12,2026-05-17,2026-05-29,2026-06-07,2026-06-21,2026-07-12,2026-07-29,2026-10-30,NULL,NULL,NULL,NULL,NULL,NULL,NULL,NULL,NULL,NULL,27,16,11,5,6,12,18,9,10,14,16,21,33,17,16,93,120,Foundation,Released,2026-01-22
20020.0361,20020.60,A2,THE COLONY 60' LOT,187 KINGSWOOD DRIVE,2025-11-13,2025-12-03,2025-12-08,2025-12-11,2025-12-23,2026-01-05,2026-01-23,NULL,NULL,NULL,2025-11-30,2025-12-07,2025-12-13,2025-12-22,2026-01-02,2026-01-22,2026-04-26,2026-05-07,2026-10-31,20,5,3,12,13,18,NULL,NULL,NULL,17,27,4,11,5,6,11,18,10,10,17,16,33,33,11,16,177,120,Interior,Trim,2026-01-23
20024.0311,20024.40,A3,EASTON PARK 40' LOT,8608 BASIL HAYDEN LANE,2025-09-11,2025-09-21,2025-09-29,2025-10-03,2025-10-14,2025-10-24,2025-10-31,2025-11-17,2025-12-03,NULL,2025-09-21,2025-09-29,2025-10-04,2025-10-28,2025-10-28,2025-11-04,2025-11-15,2025-12-03,2026-04-26,10,8,4,11,10,7,17,16,NULL,10,17,8,9,5,5,25,21,14,13,11,14,15,37,13,12,69,64,Complete,Final,2025-12-03
20031.0168,779,D4,M3 RANCH 50' LOT,801 RUNNING IRON TRAIL,2026-01-26,NULL,NULL,NULL,NULL,NULL,NULL,NULL,NULL,NULL,2026-04-26,2026-05-07,2026-05-14,2026-05-21,2026-06-08,2026-06-16,2026-06-30,2026-07-09,2026-07-28,NULL,NULL,NULL,NULL,NULL,NULL,NULL,NULL,NULL,13,14,11,13,7,5,7,17,18,13,8,12,14,24,9,40,19,39,Foundation,Released,2026-01-26
20034.0288,725,D4,VENTANA 50' LOT,10441 TERRAPIN ROAD,2025-11-17,2025-12-11,2026-01-07,2026-01-12,2026-01-19,NULL,NULL,NULL,NULL,NULL,2025-12-06,2025-12-24,2026-01-10,2026-01-26,2026-04-26,2026-05-25,2026-07-02,2026-07-31,2026-08-04,24,27,5,7,NULL,NULL,NULL,NULL,NULL,19,14,13,13,3,5,14,17,9,13,29,12,38,24,29,40,4,39,Sheetrock,Mechanical,2026-01-19
20037.0420,718,D2,TRINITY FALLS 60' LOT,809 LOST WOODS WAY,2025-07-15,2025-08-01,2025-08-11,2025-08-15,2025-09-04,2025-09-15,2025-09-29,2025-10-10,2025-10-21,NULL,2025-07-27,2025-08-11,2025-08-15,2025-09-04,2025-09-17,2025-09-24,2025-10-14,2025-10-21,2026-04-26,17,10,4,20,11,14,11,11,NULL,NULL,12,NULL,10,NULL,4,20,14,13,12,9,11,15,17,NULL,18,84,88,Complete,Final,2025-10-21
20041.0084,20041.70,D1,SONOMA VERDE 70' LOT,1142 VIA TOSCANA LANE (M),2025-11-06,2025-11-11,2025-11-17,2025-11-20,2025-12-02,2025-12-03,2025-12-15,2025-12-26,2026-01-07,NULL,2025-11-20,2025-11-23,2025-11-23,2025-12-08,2025-12-14,2025-12-21,2026-01-07,2026-01-07,2026-04-26,5,6,3,12,1,12,11,12,NULL,NULL,14,12,13,6,6,18,16,NULL,12,NULL,18,23,17,21,17,8,60,Complete,Final,2026-01-07
20056.0171,648,D2,CAMBRIDGE CROSSING 50' LOT,2816 NORFOLK DRIVE,2025-12-08,2025-12-18,2025-12-31,2026-01-07,2026-01-15,2026-01-26,NULL,NULL,NULL,NULL,2025-12-20,2025-12-29,2026-01-05,2026-01-20,2026-01-27,2026-04-26,2026-05-13,2026-05-31,2026-09-16,10,13,7,8,11,NULL,NULL,NULL,NULL,12,12,11,10,5,4,13,14,12,12,NULL,11,NULL,17,NULL,18,108,88,Trim,Sheetrock,2026-01-26
20066.0606,20066.55,D2,DEVONSHIRE 55' LOT,2725 KIRKHILL LANE,2026-01-15,NULL,NULL,NULL,NULL,NULL,NULL,NULL,NULL,NULL,2026-04-26,2026-05-06,2026-05-09,2026-05-23,2026-06-04,2026-06-15,2026-07-02,2026-07-20,2026-08-15,NULL,NULL,NULL,NULL,NULL,NULL,NULL,NULL,NULL,14,12,10,10,3,4,NULL,14,NULL,12,NULL,11,NULL,17,NULL,18,26,88,Foundation,Released,2026-01-15
20096.0034,285,F1,SOUTHERN HILLS 80' LOT,5489 CREEK RIDGE ROAD,2025-04-25,2025-05-20,2025-07-03,NULL,2025-08-11,2025-09-13,2025-10-09,2025-11-20,2026-01-16,NULL,2025-05-19,2025-06-17,NULL,2025-08-03,2025-09-09,2025-10-18,2025-12-23,2026-01-16,2026-04-26,25,44,NULL,39,33,26,42,57,NULL,24,15,NULL,28,NULL,NULL,NULL,31,29,15,35,22,75,46,30,47,7,17,Complete,Final,2026-01-16
20096.0038,285,F1,SOUTHERN HILLS 80' LOT,5978 CREEK RIDGE ROAD,2025-08-20,2025-08-28,2025-10-16,NULL,2025-11-12,2025-12-11,2026-01-15,NULL,NULL,NULL,2025-09-13,2025-09-25,NULL,2025-11-16,2025-12-11,2026-01-15,2026-04-26,2026-05-26,2026-06-02,8,49,NULL,27,29,35,NULL,NULL,NULL,24,15,NULL,28,NULL,NULL,NULL,31,29,15,35,22,75,46,30,47,7,17,Interior,Trim,2026-01-15
20096.0072,20096.65,F1,SOUTHERN HILLS 65' LOT,4788 SOUTHERN VALLEY LOOP,2025-08-20,2025-08-27,2025-09-29,NULL,2025-10-16,2025-10-28,2025-11-12,NULL,NULL,NULL,2025-09-04,2025-09-24,NULL,2025-12-11,2025-10-31,2025-11-19,2026-04-26,2026-06-23,2026-08-04,7,33,NULL,17,12,15,NULL,NULL,NULL,NULL,15,NULL,28,NULL,NULL,73,31,NULL,15,NULL,22,NULL,46,58,47,42,17,Interior,Trim,2025-11-12
20096.0104,285,F1,SOUTHERN HILLS 80' LOT,5456 CREEK RIDGE ROAD,2025-10-31,2025-11-17,2025-11-05,NULL,NULL,NULL,NULL,NULL,NULL,NULL,2025-11-24,2025-12-15,NULL,2026-04-26,2026-05-25,2026-06-29,2026-09-12,2026-10-12,2026-10-19,17,-12,NULL,NULL,NULL,NULL,NULL,NULL,NULL,24,15,NULL,28,NULL,NULL,NULL,31,29,15,35,22,75,46,30,47,7,17,Mechanicals,Frame,2025-11-17
20124.0169,695,H1,RICELAND 50' LOT,12014 JACOB LANE,2025-12-29,2026-01-12,2026-01-28,NULL,NULL,NULL,NULL,NULL,NULL,NULL,2026-01-12,2026-01-28,2026-04-26,2026-05-07,2026-05-10,2026-06-03,2026-06-27,2026-07-09,2026-09-17,14,16,NULL,NULL,NULL,NULL,NULL,NULL,NULL,14,11,16,19,NULL,8,NULL,11,3,12,24,19,24,41,12,10,70,88,Cornice,Frame,2026-01-28
20132.0789,272,H1,MERIDIANA 40'/45' LOT,8943 RED WOLF PLACE,2025-09-24,2025-10-01,2025-11-07,2025-11-14,2025-11-22,2025-12-01,2025-12-15,2026-01-07,2026-01-15,NULL,2025-10-06,2025-10-17,2025-11-15,2025-11-24,2025-11-29,2025-12-19,2026-01-04,2026-01-15,2026-04-26,7,37,7,8,9,14,23,8,NULL,12,11,16,19,8,8,10,11,7,12,18,19,20,41,12,10,23,88,Complete,Final,2026-01-15
20132.0903,272,H1,MERIDIANA 40'/45' LOT,8903 GRAY FOX TRAIL (C),2025-01-03,2025-01-14,2025-02-03,2025-02-07,2025-02-21,2025-02-24,NULL,NULL,NULL,NULL,2025-01-15,2025-01-30,2025-02-11,2025-02-17,2025-02-28,2026-04-26,2026-05-16,2026-05-28,2026-06-20,11,20,4,14,3,NULL,NULL,NULL,NULL,12,11,16,19,8,8,10,11,7,12,18,19,20,41,12,10,23,88,Trim,Sheetrock,2025-02-24
20132.1129,611,H1,MERIDIANA 55' LOT,9206 LIMESTONE MILL WAY,2025-10-23,2025-10-30,2025-11-26,2025-12-08,2025-12-17,2026-01-06,2026-01-21,NULL,NULL,NULL,2025-11-06,2025-11-15,2025-12-01,2025-12-19,2026-01-01,2026-01-23,2026-04-26,2026-05-06,2026-06-29,7,27,12,9,20,15,NULL,NULL,NULL,14,11,16,19,5,8,NULL,11,15,12,17,19,17,41,10,10,54,88,Interior,Trim,2026-01-21
20132.1165,711,H1,MERIDIANA 50' LOT,9518 CHATEAU HILL DRIVE,2025-10-13,2025-10-21,2025-11-19,2025-11-24,2025-12-04,2025-12-10,2025-12-19,NULL,NULL,NULL,2025-10-27,2025-11-08,2025-11-24,2025-12-05,2025-12-16,2025-12-18,2026-04-26,2026-05-06,2026-08-02,8,29,5,10,6,9,NULL,NULL,NULL,14,11,18,19,5,8,NULL,11,12,12,8,19,NULL,41,NULL,10,NULL,88,Interior,Trim,2025-12-19
20165.0050,280,H1,VALENCIA 60' LOT,6539 SPARKLING CITRUS STREET,2026-01-07,2026-01-15,NULL,NULL,NULL,NULL,NULL,NULL,NULL,NULL,2026-01-15,2026-04-26,2026-05-04,2026-05-15,2026-05-29,2026-06-15,2026-06-21,2026-07-03,2026-10-06,8,NULL,NULL,NULL,NULL,NULL,NULL,NULL,NULL,8,11,NULL,19,NULL,8,11,11,14,12,17,19,6,41,12,10,95,88,Frame,Foundation,2026-01-15
20165.0230,274,H1,VALENCIA 50' LOT,6707 BURGUNDY BLAZE TRAILS,2025-05-20,2025-06-03,2025-06-11,2025-06-20,2025-06-27,2025-07-07,2025-07-29,2025-10-23,2025-11-06,NULL,2025-05-27,2025-06-23,2025-06-19,2025-07-01,2025-07-09,2025-07-26,2025-09-08,2025-11-06,2026-04-26,14,8,9,7,10,22,86,14,NULL,7,11,20,19,8,8,11,11,NULL,12,NULL,19,NULL,41,NULL,10,56,88,Complete,Final,2025-11-06
20165.0279,274,H1,VALENCIA 50' LOT,18406 SHADED SYLVAN PATH,2026-01-22,NULL,NULL,NULL,NULL,NULL,NULL,NULL,NULL,NULL,2026-04-26,2026-05-16,2026-05-24,2026-06-04,2026-06-16,2026-07-05,2026-08-15,2026-08-25,2026-10-20,NULL,NULL,NULL,NULL,NULL,NULL,NULL,NULL,NULL,7,11,20,19,8,8,11,11,NULL,12,NULL,19,NULL,41,NULL,10,56,88,Foundation,Released,2026-01-22
20175.0069,363,H5,JUBILEE 60' LOT,16514 HARMONY LEA LANE,2026-01-05,2026-01-13,NULL,NULL,NULL,NULL,NULL,NULL,NULL,NULL,2026-01-13,2026-04-26,2026-05-03,2026-05-17,2026-05-28,2026-06-14,2026-07-02,2026-07-12,2026-08-31,8,NULL,NULL,NULL,NULL,NULL,NULL,NULL,NULL,8,9,17,15,7,5,14,16,11,12,NULL,17,NULL,18,NULL,10,50,76,Frame,Foundation,2026-01-13
20178.0166,115,H2,ESCONDIDO 45' LOT,42624 MYSTERY LANE,2025-10-29,2025-11-05,2025-11-18,2025-11-20,2025-12-04,2025-12-12,2026-01-06,2026-01-14,NULL,NULL,2025-11-10,2025-11-20,2025-11-21,2025-11-30,2025-12-15,2026-01-03,2026-01-23,2026-04-26,2026-05-25,7,13,2,14,8,25,8,NULL,NULL,12,9,15,17,3,3,10,12,NULL,11,22,17,17,16,12,25,29,54,Final,Interior,2026-01-14
20181.1037,619,H5,BRIDGELAND 45' LOT,21910 GEORGIA HACKBERRY WAY,2025-10-30,2025-11-14,2025-12-04,2025-12-09,2025-12-20,2026-01-05,2026-01-20,NULL,NULL,NULL,2025-11-10,2025-11-25,2025-12-09,2025-12-25,2026-01-05,2026-01-22,2026-04-26,2026-05-06,2026-06-11,15,20,5,11,16,15,NULL,NULL,NULL,11,9,11,15,5,5,NULL,16,16,12,17,17,23,18,NULL,10,36,76,Interior,Trim,2026-01-20
20181.1083,203,H5,BRIDGELAND 50' LOT,12323 BIG PINE CREEK DRIVE,2025-12-31,2026-01-08,2026-01-21,2026-01-23,NULL,NULL,NULL,NULL,NULL,NULL,2026-01-09,2026-01-22,2026-01-23,2026-04-26,2026-05-09,2026-05-26,2026-06-13,2026-06-26,2026-08-30,8,13,2,NULL,NULL,NULL,NULL,NULL,NULL,9,9,14,15,2,5,14,16,13,12,NULL,17,NULL,18,13,10,65,76,Mechanicals,Cornice,2026-01-23
20183.0241,220,H2,AUDUBON PARK 45' LOT,318 PRAIRIE WARBLER STREET,2026-01-13,2026-01-20,NULL,NULL,NULL,NULL,NULL,NULL,NULL,NULL,2026-01-26,2026-04-26,2026-04-28,2026-05-10,2026-05-29,2026-06-11,2026-06-27,2026-07-12,2026-08-17,7,NULL,NULL,NULL,NULL,NULL,NULL,NULL,NULL,13,9,12,17,2,3,12,12,19,11,13,17,16,16,15,25,36,54,Frame,Foundation,2026-01-20
20183.0280,799,H2,AUDUBON PARK 60' LOT,39014 HERON RUN WAY,2025-12-01,2025-12-11,2025-12-22,2025-12-30,2026-01-07,2026-01-20,NULL,NULL,NULL,NULL,2025-12-13,2025-12-26,2025-12-27,2026-01-10,2026-01-18,2026-04-26,2026-05-12,2026-06-06,2026-07-30,10,11,8,8,13,NULL,NULL,NULL,NULL,12,9,15,17,5,3,11,12,11,11,NULL,17,NULL,16,NULL,25,NULL,54,Trim,Sheetrock,2026-01-20
20195.0160,333,H5,THE GRAND PRAIRIE 50' LOT,27403 PRAIRIE RUSH DRIVE,2025-10-06,2025-10-14,2025-11-11,2025-11-14,2025-12-03,2025-12-12,2025-12-29,2026-01-20,NULL,NULL,2025-10-15,2025-10-28,2025-11-17,2025-12-09,2025-12-16,2025-12-27,2026-01-19,2026-04-26,2026-07-11,8,28,3,19,9,17,22,NULL,NULL,NULL,9,14,15,6,5,25,16,13,12,15,17,21,18,17,10,NULL,76,Final,Interior,2026-01-20
20195.0172,339,H5,THE GRAND PRAIRIE 40' LOT,27338 SCARLET PAINT BRUSH DRIVE,2026-01-15,2026-01-28,NULL,NULL,NULL,NULL,NULL,NULL,NULL,NULL,2026-01-25,2026-04-26,2026-05-01,2026-05-17,2026-05-29,2026-06-15,2026-07-03,2026-07-13,2026-11-01,13,NULL,NULL,NULL,NULL,NULL,NULL,NULL,NULL,10,9,NULL,15,NULL,5,NULL,16,NULL,12,NULL,17,NULL,18,NULL,10,111,76,Frame,Foundation,2026-01-28
20195.0191,339,H5,THE GRAND PRAIRIE 40' LOT,27122 TEXAS WILDRYE DRIVE,2026-01-23,NULL,NULL,NULL,NULL,NULL,NULL,NULL,NULL,NULL,2026-04-26,2026-05-11,2026-05-16,2026-06-01,2026-06-13,2026-06-30,2026-07-18,2026-07-28,2026-11-16,NULL,NULL,NULL,NULL,NULL,NULL,NULL,NULL,NULL,10,9,NULL,15,NULL,5,NULL,16,NULL,12,NULL,17,NULL,18,NULL,10,111,76,Foundation,Released,2026-01-23
20215.0278,735,H4,ARTAVIA 50' LOT,17711 MONARCH VISTA LANE,2024-08-08,2024-08-17,2024-09-06,2024-09-09,2024-09-19,2024-09-26,2024-10-13,2024-10-29,2024-11-16,NULL,2024-08-17,2024-08-29,2024-09-09,2024-09-18,2024-09-29,2024-10-25,2024-10-27,2024-11-16,2026-04-26,9,20,3,10,7,17,16,18,NULL,NULL,9,NULL,12,NULL,3,NULL,9,NULL,10,29,15,14,17,8,13,94,97,Complete,Final,2024-11-16
20218.0093,242,H4,EVERGREEN 70' LOT,12596 ROSY PAINTBRUSH DRIVE,2025-07-14,2025-07-29,2025-08-14,2025-08-20,2025-09-05,2025-09-18,2025-09-29,2025-10-23,2025-10-30,NULL,2025-07-26,2025-08-11,2025-08-15,2025-08-29,2025-09-15,2025-10-03,2025-10-16,2025-10-30,2026-04-26,15,16,6,16,13,11,24,7,NULL,12,9,13,12,1,3,9,9,NULL,10,NULL,15,NULL,17,NULL,13,134,97,Complete,Final,2025-10-30
20221.0292,750,H4,GRAND CENTRAL PARK 45' LOT,202 SIERRA STREAM LANE,2025-10-16,2025-10-23,2025-10-31,2025-11-05,2025-11-14,2025-11-24,2025-12-03,2025-12-15,2026-01-02,NULL,2025-10-25,2025-11-04,2025-11-03,2025-11-14,2025-11-24,2025-12-09,2025-12-15,2026-01-02,2026-04-26,7,8,5,9,10,9,12,18,NULL,NULL,9,NULL,12,NULL,3,NULL,9,NULL,10,NULL,15,12,17,13,13,58,97,Complete,Final,2026-01-02
20233.0486,179,H3,JORDAN RANCH 40' LOT,31003 STAR GAZER ROAD (C),2025-01-31,2025-02-08,2025-02-17,2025-02-24,2025-03-06,2025-03-11,NULL,NULL,NULL,NULL,2025-02-09,2025-02-23,2025-02-21,2025-03-06,2025-03-12,2026-04-26,2026-05-04,2026-05-18,2026-06-05,8,9,7,10,5,NULL,NULL,NULL,NULL,9,9,15,15,4,5,10,12,6,9,20,16,8,23,14,12,18,81,Trim,Sheetrock,2025-03-11
20233.0567,657,H3,JORDAN RANCH 65' LOT,31602 ROSEMARY ROAD,2025-08-07,2025-08-28,2025-09-09,2025-09-15,2025-09-30,2025-10-10,2025-10-28,2025-12-07,2025-12-22,NULL,2025-08-21,2025-09-12,2025-09-17,2025-09-25,2025-10-17,2025-10-23,2025-11-16,2025-12-22,2026-04-26,21,12,6,15,10,18,40,15,NULL,14,9,15,15,8,5,10,12,17,9,13,16,19,23,15,12,14,81,Complete,Final,2025-12-22
20233.0596,617,H3,JORDAN RANCH 50' LOT,31502 MEADOW PLACE LANE,2026-01-14,2026-01-28,NULL,NULL,NULL,NULL,NULL,NULL,NULL,NULL,2026-01-25,2026-04-26,2026-05-01,2026-05-15,2026-05-25,2026-06-10,2026-07-03,2026-07-15,2026-10-04,14,NULL,NULL,NULL,NULL,NULL,NULL,NULL,NULL,11,9,17,15,5,5,14,12,10,9,NULL,16,NULL,23,NULL,12,NULL,81,Frame,Foundation,2026-01-28
20238.0776,625,H5,ELYSON 55' LOT,25022 WILDERNESS HAVEN LANE,2025-12-04,2025-12-17,2025-12-29,2026-01-05,2026-01-14,2026-01-23,NULL,NULL,NULL,NULL,2025-12-11,2025-12-30,2026-01-05,2026-01-14,2026-01-23,2026-04-26,2026-05-14,2026-05-19,2026-08-05,13,12,7,9,9,NULL,NULL,NULL,NULL,7,9,13,15,7,5,9,16,9,12,NULL,17,NULL,18,5,10,78,76,Trim,Sheetrock,2026-01-23
20238.0782,625,H5,ELYSON 55' LOT,7210 PRAIRIE RYE DRIVE,2025-06-16,2025-06-30,2025-07-11,2025-07-16,2025-07-25,2025-08-04,2025-08-18,2025-09-02,2025-09-16,NULL,2025-06-23,2025-07-13,2025-07-18,2025-07-25,2025-08-03,2025-08-21,2025-09-05,2025-09-16,2026-04-26,14,11,5,9,10,14,15,14,NULL,7,9,13,15,7,5,9,16,9,12,NULL,17,NULL,18,5,10,78,76,Complete,Final,2025-09-16
20243.0255,175,H5,MARVIDA 45' LOT,8711 BLUE CORAL LANE,2025-10-16,2025-10-24,2025-11-14,2025-11-20,2025-11-27,2025-12-11,2025-12-18,2026-01-05,2026-01-13,NULL,2025-10-25,2025-11-07,2025-11-19,2025-12-04,2025-12-06,2025-12-27,2025-12-31,2026-01-13,2026-04-26,8,21,6,7,14,7,18,8,NULL,9,9,14,15,5,5,14,16,9,12,16,17,13,18,8,10,88,76,Complete,Final,2026-01-13
20243.0296,175,H5,MARVIDA 45' LOT,21311 PALM ARBOR DRIVE,2026-01-26,NULL,NULL,NULL,NULL,NULL,NULL,NULL,NULL,NULL,2026-04-26,2026-05-10,2026-05-15,2026-05-29,2026-06-07,2026-06-23,2026-07-06,2026-07-14,2026-10-10,NULL,NULL,NULL,NULL,NULL,NULL,NULL,NULL,NULL,9,9,14,15,5,5,14,16,9,12,16,17,13,18,8,10,88,76,Foundation,Released,2026-01-26
20252.0399,290,H6,STONECREEK ESTATES 50' LOT,2126 PRIMROSE PASS DRIVE,2025-07-08,2025-07-21,2025-08-04,2025-08-07,2025-08-18,2025-09-02,2025-09-16,2025-10-16,2025-10-31,NULL,2025-07-20,2025-08-05,2025-08-09,2025-08-20,2025-08-28,2025-09-18,2025-10-08,2025-10-31,2026-04-26,13,14,3,11,15,14,30,15,NULL,12,10,15,14,5,4,13,13,10,9,16,16,22,20,13,12,32,58,Complete,Final,2025-10-31
20252.0475,290,H6,STONECREEK ESTATES 50' LOT,2218 OMASHU DRIVE,2025-12-01,2025-12-16,2025-12-26,2025-12-29,2026-01-13,2026-01-23,NULL,NULL,NULL,NULL,2025-12-13,2025-12-31,2025-12-31,2026-01-11,2026-01-23,2026-04-26,2026-05-18,2026-05-31,2026-07-02,15,10,3,15,10,NULL,NULL,NULL,NULL,12,10,15,14,5,4,13,13,10,9,16,16,22,20,13,12,32,58,Trim,Sheetrock,2026-01-23
20252.0540,20252.601,H6,STONECREEK ESTATES 60' LOT (B),2211 CORONET CREEK DRIVE,2025-11-18,2025-12-01,2025-12-23,2025-12-26,2026-01-09,2026-01-19,NULL,NULL,NULL,NULL,2025-11-28,2025-12-22,2025-12-27,2026-01-11,2026-01-18,2026-04-26,2026-05-09,2026-05-23,2026-06-06,13,22,3,14,10,NULL,NULL,NULL,NULL,10,10,21,14,4,4,16,13,9,9,17,16,13,20,14,12,14,58,Trim,Sheetrock,2026-01-19
20265.0194,226,H3,CROSS CREEK WEST 45' LOT,4443 NOAH GROVE LANE,2025-12-31,2026-01-07,2026-01-14,2026-01-19,2026-01-28,NULL,NULL,NULL,NULL,NULL,2026-01-08,2026-01-14,2026-01-19,2026-01-27,2026-04-26,2026-05-18,2026-05-31,2026-06-09,2026-07-12,7,7,5,9,NULL,NULL,NULL,NULL,NULL,8,9,7,15,5,5,8,12,7,9,22,16,13,23,9,12,33,81,Sheetrock,Mechanical,2026-01-28
20267.0539,772,H3,CANDELA 40' LOT,26831 CONCORD DAWN DRIVE,2025-09-11,2025-09-16,2025-09-23,2025-09-29,2025-10-07,2025-10-14,2025-10-29,NULL,NULL,NULL,2025-09-19,2025-09-30,2025-09-28,2025-10-12,2025-10-15,2025-10-30,2026-04-26,2026-05-08,2026-08-21,5,7,6,8,7,15,NULL,NULL,NULL,8,9,14,15,5,5,13,12,8,9,NULL,16,NULL,23,NULL,12,105,81,Interior,Trim,2025-10-29
20267.0576,773,H3,CANDELA 50' LOT,26827 BRILLIANT BROOK DRIVE,2026-01-09,2026-01-16,NULL,NULL,NULL,NULL,NULL,NULL,NULL,NULL,2026-01-18,2026-04-26,2026-04-29,2026-05-10,2026-05-19,2026-05-30,2026-08-02,2026-08-14,2026-11-03,7,NULL,NULL,NULL,NULL,NULL,NULL,NULL,NULL,9,9,15,15,3,5,11,12,9,9,11,16,64,23,NULL,12,NULL,81,Frame,Foundation,2026-01-16
20272.0502,705,H6,HARVEST GREEN 45' LOT,3314 KEY LIME DRIVE,2025-12-22,2026-01-06,2026-01-12,2026-01-14,2026-01-22,2026-01-27,NULL,NULL,NULL,NULL,2026-01-04,2026-01-12,2026-01-15,2026-01-22,2026-01-28,2026-04-26,2026-05-12,2026-05-21,2026-06-29,15,6,2,8,5,NULL,NULL,NULL,NULL,13,10,6,14,3,4,8,13,6,9,15,16,16,20,9,12,39,58,Trim,Sheetrock,2026-01-27
20288.1292,685,S1,KALLISON RANCH 45' LOT (A),10110 JETTY MILLS,2025-09-30,2025-10-13,2025-10-20,2025-10-29,2025-11-19,2025-11-19,2025-12-02,2025-12-17,2026-01-06,NULL,2025-10-11,2025-10-21,2025-10-26,2025-11-12,2025-12-13,2025-12-06,2025-12-28,2026-01-06,2026-04-26,13,7,9,21,0,13,15,20,NULL,11,16,8,11,6,7,14,15,24,18,NULL,17,26,28,18,15,32,110,Complete,Final,2026-01-06
20288.1297,685,S1,KALLISON RANCH 45' LOT (A),14505 CHAPARRAL RUN,2026-01-07,2026-01-21,2026-01-26,NULL,NULL,NULL,NULL,NULL,NULL,NULL,2026-01-18,2026-01-29,2026-04-26,2026-05-10,2026-06-03,2026-06-20,2026-07-16,2026-08-03,2026-09-04,14,5,NULL,NULL,NULL,NULL,NULL,NULL,NULL,11,16,8,11,6,7,14,15,24,18,NULL,17,26,28,18,15,32,110,Cornice,Frame,2026-01-26
20288.1300,685,S1,KALLISON RANCH 45' LOT (A),14517 CHAPARRAL RUN,2025-12-17,2025-12-30,2026-01-13,2026-01-13,NULL,NULL,NULL,NULL,NULL,NULL,2025-12-28,2026-01-07,2026-01-19,2026-04-26,2026-05-20,2026-06-06,2026-07-02,2026-07-20,2026-08-21,13,14,0,NULL,NULL,NULL,NULL,NULL,NULL,11,16,8,11,6,7,14,15,24,18,NULL,17,26,28,18,15,32,110,Mechanicals,Cornice,2026-01-13
20288.1333,605,S1,KALLISON RANCH 50' LOT (A),9651 WAR PARTY TRAIL,2025-12-29,2026-01-12,2026-01-22,NULL,NULL,NULL,NULL,NULL,NULL,NULL,2026-01-10,2026-01-20,2026-04-26,2026-05-07,2026-05-20,2026-06-03,2026-07-07,2026-07-17,2026-08-26,14,10,NULL,NULL,NULL,NULL,NULL,NULL,NULL,12,16,8,11,9,7,11,15,13,18,14,17,34,28,10,15,40,110,Cornice,Frame,2026-01-22
20298.0184,550,S2,STILLWATER RANCH 40' LOT,12612 COTORRA SPRINGS,2025-10-09,2025-10-27,2025-11-04,2025-11-11,2025-12-03,2025-12-16,2026-01-08,NULL,NULL,NULL,2025-10-29,2025-11-06,2025-11-11,2025-11-28,2025-12-15,2026-01-08,2026-04-26,2026-05-13,2026-07-06,18,8,7,22,13,23,NULL,NULL,NULL,NULL,20,NULL,10,NULL,7,NULL,17,NULL,12,23,17,38,30,17,16,54,96,Interior,Trim,2026-01-08
20314.0178,744,S2,KINDER RANCH 70' LOT,1619 YARDZEN LANE,2025-11-11,2025-12-01,2025-12-11,2025-12-18,NULL,NULL,NULL,NULL,NULL,NULL,2025-11-28,2025-12-13,2025-12-17,2026-04-26,2026-05-08,2026-05-25,2026-07-03,2026-07-19,2026-08-16,20,10,7,NULL,NULL,NULL,NULL,NULL,NULL,17,20,12,10,6,7,NULL,17,NULL,12,NULL,17,39,30,NULL,16,28,96,Mechanicals,Cornice,2025-12-18
20315.0145,20315.70,S2,JOHNSON RANCH 70' LOT,31179 OSAGE RUN,2025-11-11,2025-11-19,2025-11-28,2025-12-05,2025-12-18,2025-12-31,2026-01-13,NULL,NULL,NULL,2025-11-30,2025-11-29,2025-12-05,2025-12-22,2025-12-29,2026-01-12,2026-04-26,2026-05-04,2026-07-10,8,9,7,13,13,13,NULL,NULL,NULL,19,20,NULL,10,NULL,7,NULL,17,11,12,12,17,27,30,8,16,67,96,Interior,Trim,2026-01-13
20315.0146,20315.70,S2,JOHNSON RANCH 70' LOT,31175 OSAGE RUN,2025-10-23,2025-10-31,2025-11-11,2025-11-19,2025-12-01,2025-12-10,2025-12-23,2026-01-14,NULL,NULL,2025-11-11,2025-11-10,2025-11-18,2025-12-06,2025-12-12,2025-12-22,2026-01-19,2026-04-26,2026-07-02,8,11,8,12,9,13,22,NULL,NULL,19,20,NULL,10,NULL,7,NULL,17,11,12,12,17,27,30,8,16,67,96,Final,Interior,2026-01-14
20315.0151,20315.HA,S2,JOHNSON RANCH HALF ACRE LOT,3877 WRANGLER LOOP,2025-09-04,2025-09-29,2025-10-07,2025-10-13,2025-10-24,2025-11-10,2025-12-03,2026-01-16,2026-01-27,NULL,2025-09-24,2025-10-09,2025-10-14,2025-10-30,2025-11-05,2025-11-27,2026-01-15,2026-01-27,2026-05-03,25,8,6,11,17,23,44,11,NULL,NULL,20,NULL,10,NULL,7,NULL,17,NULL,12,NULL,17,43,30,10,16,NULL,96,Complete,Final,2026-01-27
20316.0127,20316.55,S3,HOMESTEAD 55' LOT,4756 TERREL POINT,2025-10-16,2025-10-31,2025-11-06,2025-11-12,2025-12-05,2025-12-19,2025-12-29,2026-01-26,2026-01-27,NULL,2025-11-04,2025-11-06,2025-11-13,2025-12-08,2025-12-18,2025-12-30,2026-01-22,2026-01-27,2026-07-04,15,6,6,23,14,10,28,1,NULL,19,14,6,12,7,7,26,15,13,12,11,15,24,23,1,12,158,98,Complete,Final,2026-01-27
20320.0138,140,S2,ESPERANZA 50' LOT,269 SASPARILLA,2025-12-26,2025-12-30,2026-01-12,2026-01-19,NULL,NULL,NULL,NULL,NULL,NULL,2025-12-31,2026-01-10,2026-01-19,2026-04-26,2026-05-07,2026-05-28,2026-06-27,2026-07-11,2026-10-23,4,13,7,NULL,NULL,NULL,NULL,NULL,NULL,5,20,11,10,7,7,9,17,11,12,21,17,NULL,30,14,16,104,96,Mechanicals,Cornice,2026-01-19
20333.0144,737,A3,LA CIMA 60' LOT,204 KNOCKOUT ROSE,2025-12-23,2026-01-21,NULL,NULL,NULL,NULL,NULL,NULL,NULL,NULL,2026-01-21,2026-04-26,2026-05-01,2026-05-22,2026-06-04,2026-06-18,2026-07-15,2026-08-09,2026-10-12,29,NULL,NULL,NULL,NULL,NULL,NULL,NULL,NULL,29,17,NULL,9,NULL,5,NULL,21,NULL,13,NULL,14,27,37,25,12,NULL,64,Frame,Foundation,2026-01-21
20344.0240,289,S3,MEADOWS OF MILL CREEK 60' LOT,1717 WEISSEN WAY,2026-01-22,NULL,NULL,NULL,NULL,NULL,NULL,NULL,NULL,NULL,2026-04-26,2026-05-11,2026-05-20,2026-05-29,2026-06-08,2026-06-21,2026-07-12,2026-07-31,2026-10-17,NULL,NULL,NULL,NULL,NULL,NULL,NULL,NULL,NULL,9,14,15,12,9,7,9,15,10,12,13,15,21,23,19,12,78,98,Foundation,Released,2026-01-22
20352.0029,20352.40,H6,BROOKEWATER 40' LOT,5054 BOWEN PRAIRIE DRIVE,2025-12-05,2025-12-22,2026-01-05,2026-01-06,2026-01-23,NULL,NULL,NULL,NULL,NULL,2025-12-17,2026-01-07,2026-01-08,2026-01-24,2026-04-26,2026-05-14,2026-06-03,2026-06-12,2026-09-21,17,14,1,17,NULL,NULL,NULL,NULL,NULL,12,10,16,14,3,4,18,13,12,9,18,16,20,20,9,12,101,58,Sheetrock,Mechanical,2026-01-23
20353.0071,20353.50,A1,PARMER RANCH 50' LOT,1120 GLEN HEATHER DRIVE,2025-09-30,2025-10-16,2025-10-22,2025-10-28,2025-11-10,2025-11-18,2025-11-26,2025-12-18,2025-12-30,NULL,2025-10-18,2025-10-24,2025-10-27,2025-11-16,2025-11-22,2025-12-02,2025-12-13,2025-12-30,2026-06-13,16,6,6,13,8,8,22,12,NULL,18,15,8,9,5,6,19,15,12,13,14,17,17,39,12,11,165,96,Complete,Final,2025-12-30
20357.0039,20357.50,S3,THE PARKLANDS 40'/50' Lot,5001 OBISPO CIRCLE,2026-01-26,NULL,NULL,NULL,NULL,NULL,NULL,NULL,NULL,NULL,2026-04-26,2026-05-05,2026-05-11,2026-05-26,2026-06-07,2026-06-22,2026-07-15,2026-07-27,2026-11-02,NULL,NULL,NULL,NULL,NULL,NULL,NULL,NULL,NULL,11,14,9,12,6,7,NULL,15,NULL,12,NULL,15,NULL,23,NULL,12,NULL,98,Foundation,Released,2026-01-26
20357.0060,20357.50,S3,THE PARKLANDS 40'/50' Lot,5048 OBISPO CIRCLE,2026-01-15,2026-01-26,NULL,NULL,NULL,NULL,NULL,NULL,NULL,NULL,2026-01-26,2026-04-26,2026-05-02,2026-05-17,2026-05-29,2026-06-13,2026-07-06,2026-07-18,2026-10-24,11,NULL,NULL,NULL,NULL,NULL,NULL,NULL,NULL,11,14,9,12,6,7,NULL,15,NULL,12,NULL,15,NULL,23,NULL,12,NULL,98,Frame,Foundation,2026-01-26
20359.0003,20359.50,H3,GRANGE 50' LOT,417 DOVE MEADOW LANE (M),2025-01-06,2025-01-07,2025-01-23,2025-01-29,2025-02-06,2025-02-10,2025-02-27,2025-03-24,2025-04-03,NULL,2025-01-14,2025-01-24,2025-01-28,2025-02-13,2025-02-15,2025-02-22,2025-03-22,2025-04-03,2026-04-26,1,16,6,8,4,17,25,10,NULL,8,9,17,15,5,5,15,12,9,9,12,16,NULL,23,6,12,84,81,Complete,Final,2025-04-03
20362.0028,20362.50,D3,HILLSTEAD 50' LOT,1711 HILLSIDE STROLL DRIVE,2025-10-09,2025-10-22,2025-10-29,2025-10-31,2025-11-10,2025-11-20,2025-12-08,2025-12-22,2026-01-09,NULL,2025-10-18,2025-11-01,2025-11-01,2025-11-13,2025-11-23,2025-12-10,2025-12-22,2026-01-09,2026-04-26,13,7,2,10,10,18,14,18,NULL,9,12,10,10,3,3,NULL,13,NULL,13,NULL,20,14,29,18,21,87,92,Complete,Final,2026-01-09
20362.0047,20362.50,D3,HILLSTEAD 50' LOT,810 RIVER SKY ROAD,2025-12-29,2026-01-06,2026-01-16,2026-01-21,NULL,NULL,NULL,NULL,NULL,NULL,2026-01-07,2026-01-16,2026-01-19,2026-04-26,2026-05-09,2026-05-29,2026-06-12,2026-06-30,2026-09-25,8,10,5,NULL,NULL,NULL,NULL,NULL,NULL,9,12,10,10,3,3,NULL,13,NULL,13,NULL,20,14,29,18,21,87,92,Mechanicals,Cornice,2026-01-21
20363.0037,20363.45,S3,SOLMS LANDING 45' LOT,436 CONSTANCE DRIVE,2025-12-26,2026-01-08,2026-01-16,2026-01-20,NULL,NULL,NULL,NULL,NULL,NULL,2026-01-08,2026-01-16,2026-01-20,2026-04-26,2026-05-08,2026-05-25,2026-06-17,2026-06-29,2026-09-25,13,8,4,NULL,NULL,NULL,NULL,NULL,NULL,13,14,8,12,4,7,11,15,12,12,17,15,NULL,23,NULL,12,88,98,Mechanicals,Cornice,2026-01-20
20364.0064,20364.65,H2,KRESSTON 65' LOT,26804 MUSTANG SPRINGS COURT,2025-12-08,2025-12-17,2026-01-05,2026-01-08,2026-01-26,NULL,NULL,NULL,NULL,NULL,2025-12-18,2026-01-16,2026-01-10,2026-01-28,2026-04-26,2026-05-08,2026-05-24,2026-06-18,2026-08-31,9,19,3,18,NULL,NULL,NULL,NULL,NULL,10,9,30,17,5,3,20,12,13,11,12,17,NULL,16,NULL,25,74,54,Sheetrock,Mechanical,2026-01-26
20364.0068,20364.65,H2,KRESSTON 65' LOT,27051 WEST RANCH HOUSE ROAD,2025-12-29,2026-01-08,NULL,NULL,NULL,NULL,NULL,NULL,NULL,NULL,2026-01-08,2026-04-26,2026-05-01,2026-05-21,2026-06-03,2026-06-15,2026-07-01,2026-07-26,2026-10-08,10,NULL,NULL,NULL,NULL,NULL,NULL,NULL,NULL,10,9,30,17,5,3,20,12,13,11,12,17,NULL,16,NULL,25,74,54,Frame,Foundation,2026-01-08
20365.0004,20365.1A,S2,GEORGE'S RANCH 1 ACRE LOT,104 DANG PRETTY,2025-05-30,2025-06-11,2025-06-18,2025-06-23,2025-07-11,2025-07-24,2025-08-07,2025-09-22,2025-10-06,NULL,2025-06-13,2025-06-27,2025-06-25,2025-07-29,2025-07-23,2025-08-10,2025-09-06,2025-10-06,2026-04-26,12,7,5,18,13,14,46,14,NULL,14,20,16,10,NULL,7,36,17,NULL,12,NULL,17,NULL,30,NULL,16,64,96,Complete,Final,2025-10-06
20366.0033,20366.62,D1,TERRACES 62' LOT,1942 TERRACES BOULEVARD,2025-12-26,2026-01-14,NULL,NULL,NULL,NULL,NULL,NULL,NULL,NULL,2026-01-12,2026-04-26,2026-05-09,2026-05-22,2026-06-05,2026-06-24,2026-07-09,2026-07-22,2026-08-19,19,NULL,NULL,NULL,NULL,NULL,NULL,NULL,NULL,17,14,12,13,13,6,13,16,14,12,19,18,15,17,13,17,28,60,Frame,Foundation,2026-01-14
20366.0039,20366.62,D1,TERRACES 62' LOT,1914 VANTAGE DRIVE,2025-12-31,2026-01-14,NULL,NULL,NULL,NULL,NULL,NULL,NULL,NULL,2026-01-17,2026-04-26,2026-05-09,2026-05-22,2026-06-05,2026-06-24,2026-07-09,2026-07-22,2026-08-19,14,NULL,NULL,NULL,NULL,NULL,NULL,NULL,NULL,17,14,12,13,13,6,13,16,14,12,19,18,15,17,13,17,28,60,Frame,Foundation,2026-01-14
20366.0053,20366.72,D1,TERRACES 72' LOT,1935 FOOTHILL ROAD,2025-03-04,2025-04-02,2025-04-18,2025-04-22,2025-05-15,2025-06-09,2025-07-01,2025-08-01,2025-08-21,NULL,2025-03-18,2025-04-17,2025-04-20,2025-05-03,2025-05-21,2025-06-27,2025-07-18,2025-08-21,2026-04-26,29,16,4,23,25,22,31,20,NULL,14,14,15,13,2,6,11,16,6,12,NULL,18,NULL,17,NULL,17,123,60,Complete,Final,2025-08-21
20367.0019,20367.55,F1,MANDARIN GROVE 55' LOT,3727 109TH STREET EAST,2026-01-28,NULL,NULL,NULL,NULL,NULL,NULL,NULL,NULL,NULL,2026-04-26,2026-05-26,NULL,2026-06-16,2026-07-01,2026-07-23,2026-08-18,2026-10-04,2026-10-21,NULL,NULL,NULL,NULL,NULL,NULL,NULL,NULL,NULL,14,15,30,28,NULL,NULL,21,31,NULL,15,NULL,22,26,46,NULL,47,NULL,17,Foundation,Released,2026-01-28
20369.0015,20369.50,S1,HABY HILL 50' LOT,231 HABY HOLLOW,2025-11-06,2025-11-14,2025-12-02,2025-12-08,2025-12-26,2026-01-13,NULL,NULL,NULL,NULL,2025-11-21,2025-11-22,2025-12-10,2025-12-22,2026-01-16,2026-04-26,2026-05-24,2026-06-04,2026-08-04,8,18,6,18,18,NULL,NULL,NULL,NULL,15,16,8,11,8,7,14,15,21,18,16,17,NULL,28,11,15,61,110,Trim,Sheetrock,2026-01-13
20369.0037,20369.50,S1,HABY HILL 50' LOT,180 HABY GLEN,2025-11-11,2025-11-18,2025-11-25,2025-12-02,2025-12-12,2026-01-06,NULL,NULL,NULL,NULL,2025-11-26,2025-11-26,2025-12-03,2025-12-16,2026-01-02,2026-04-26,2026-05-24,2026-06-04,2026-08-04,7,7,7,10,25,NULL,NULL,NULL,NULL,15,16,8,11,8,7,14,15,21,18,16,17,NULL,28,11,15,61,110,Trim,Sheetrock,2026-01-06
20369.0044,20369.50,S1,HABY HILL 50' LOT,171 HABY GLEN,2025-12-22,2026-01-06,2026-01-12,2026-01-15,2026-01-29,NULL,NULL,NULL,NULL,NULL,2026-01-06,2026-01-14,2026-01-20,2026-01-29,2026-04-26,2026-05-12,2026-06-09,2026-06-20,2026-08-20,15,6,3,14,NULL,NULL,NULL,NULL,NULL,15,16,8,11,8,7,14,15,21,18,16,17,NULL,28,11,15,61,110,Sheetrock,Mechanical,2026-01-29
20369.0084,20369.60,S1,HABY HILL 60' LOT,252 HABY HILL,2025-03-24,2025-04-07,2025-04-17,2025-04-22,2025-05-05,2025-05-15,2025-05-30,2025-07-01,2025-07-09,NULL,2025-04-04,2025-04-18,2025-04-28,2025-05-09,2025-05-23,2025-05-30,2025-06-27,2025-07-09,2026-04-26,14,10,5,13,10,15,32,8,NULL,11,16,11,11,11,7,17,15,NULL,18,15,17,NULL,28,NULL,15,144,110,Complete,Final,2025-07-09
20370.0054,20370.50,A2,FLORA 50' LOT,515 CYPRUS ROW COURT (M),2024-11-04,2024-11-07,2024-11-12,2024-11-14,2024-12-02,2024-12-09,2024-12-30,2025-01-15,2025-01-25,NULL,2024-11-23,2024-11-16,2024-11-18,2024-12-03,2024-12-12,2025-01-04,2025-01-25,2025-01-25,2026-04-26,3,5,2,18,7,21,16,10,NULL,19,27,9,11,6,6,19,18,10,10,26,16,26,33,11,16,131,120,Complete,Final,2025-01-25
20371.0028,20371.40,H3,CANDELA SOUTH 40' LOT,114 SWEET PIPER LANE,2025-12-29,2026-01-09,2026-01-22,2026-01-28,NULL,NULL,NULL,NULL,NULL,NULL,2026-01-13,2026-01-20,2026-01-28,2026-04-26,2026-05-03,2026-05-16,2026-05-30,2026-06-13,2026-09-02,11,13,6,NULL,NULL,NULL,NULL,NULL,NULL,15,9,11,15,6,5,5,12,7,9,13,16,14,23,14,12,NULL,81,Mechanicals,Cornice,2026-01-28
20371.0128,20371.50,H3,CANDELA SOUTH 50' LOT,322 MERCURY SKY ROAD,2025-04-28,2025-05-08,2025-05-27,2025-05-27,2025-06-03,2025-06-03,2025-06-30,2025-07-14,2025-07-24,NULL,2025-05-07,2025-05-23,2025-06-01,2025-06-08,2025-06-12,2025-06-19,2025-07-23,2025-07-24,2026-04-26,10,19,0,7,0,27,14,10,NULL,NULL,9,NULL,15,NULL,5,NULL,12,NULL,9,NULL,16,NULL,23,NULL,12,136,81,Complete,Final,2025-07-24
20373.0078,20373.60,A2,PARKSIDE ON THE RIVER WEST 60' LOT,1057 SUNSET HILL WAY,2026-01-15,NULL,NULL,NULL,NULL,NULL,NULL,NULL,NULL,NULL,2026-04-26,2026-05-14,2026-05-22,2026-06-10,2026-06-30,2026-07-16,2026-08-18,2026-09-03,2026-11-30,NULL,NULL,NULL,NULL,NULL,NULL,NULL,NULL,NULL,NULL,27,18,11,8,6,19,18,20,10,NULL,16,NULL,33,NULL,16,88,120,Foundation,Released,2026-01-15
20373.0087,20373.70,A2,PARKSIDE ON THE RIVER WEST 70'/80' LOT,1061 SUNSET HILL WAY,2025-12-19,2026-01-22,NULL,NULL,NULL,NULL,NULL,NULL,NULL,NULL,2026-01-26,2026-04-26,2026-05-03,2026-05-21,2026-05-31,2026-06-16,2026-07-29,2026-08-27,2026-09-04,34,NULL,NULL,NULL,NULL,NULL,NULL,NULL,NULL,38,27,15,11,7,6,NULL,18,NULL,10,NULL,16,43,33,29,16,8,120,Frame,Foundation,2026-01-22
20375.0046,20375.50,F1,TURNLEAF 50' LOT,13182 CAMELOT LANE,2025-04-25,2025-05-02,2025-06-02,NULL,2025-07-23,2025-08-08,2025-09-12,2025-10-10,2025-12-12,NULL,2025-05-22,2025-05-30,NULL,2025-07-03,2025-08-07,2025-08-30,2025-10-28,2025-12-12,2026-04-26,7,31,NULL,51,16,35,28,63,NULL,27,15,NULL,28,NULL,NULL,NULL,31,NULL,15,NULL,22,NULL,46,60,47,NULL,17,Complete,Final,2025-12-12
20378.0003,20378.47,A2,WOODSIDE 47' LOT,213 ENDURING PRAISE LANE,2026-01-23,NULL,NULL,NULL,NULL,NULL,NULL,NULL,NULL,NULL,2026-04-26,2026-05-07,2026-05-13,2026-06-03,2026-06-11,2026-06-22,2026-07-25,2026-08-10,2027-01-04,NULL,NULL,NULL,NULL,NULL,NULL,NULL,NULL,NULL,NULL,27,NULL,11,NULL,6,21,18,8,10,11,16,NULL,33,NULL,16,147,120,Foundation,Released,2026-01-23
20379.0042,20379.70,A1,ELDORADO 70' LOT,139 OSWALT WAY,2026-01-07,2026-01-28,NULL,NULL,NULL,NULL,NULL,NULL,NULL,NULL,2026-01-28,2026-04-26,2026-04-30,2026-05-15,2026-06-05,2026-06-16,2026-07-17,2026-07-28,2026-11-01,21,NULL,NULL,NULL,NULL,NULL,NULL,NULL,NULL,21,15,17,9,4,6,NULL,15,21,13,11,17,31,39,NULL,11,NULL,96,Frame,Foundation,2026-01-28
20380.0019,20380.50,F1,GLYNLEA COUNTRY CLUB 50' LOT,10844 NORTHWEST WILGROVE LANE,2025-08-26,2025-09-09,2025-10-01,NULL,2025-10-09,2025-11-13,NULL,2026-01-14,NULL,NULL,2025-09-08,2025-09-28,NULL,2025-11-01,2025-10-24,2025-12-06,2026-01-21,2026-04-26,2026-05-13,14,22,NULL,8,35,NULL,NULL,NULL,NULL,13,15,19,28,NULL,NULL,NULL,31,NULL,15,23,22,NULL,46,NULL,47,NULL,17,Final,Interior,2026-01-14
20381.0032,20381.65,S3,CIBOLO VALLEY HEIGHTS 65' LOT,127 KRAMM TRAIL,2025-12-11,2025-12-23,2026-01-05,2026-01-09,2026-01-23,NULL,NULL,NULL,NULL,NULL,2025-12-23,2026-01-04,2026-01-12,2026-01-21,2026-04-26,2026-05-14,2026-06-04,2026-06-16,2026-09-16,12,13,4,14,NULL,NULL,NULL,NULL,NULL,12,14,12,12,7,7,12,15,13,12,18,15,21,23,NULL,12,92,98,Sheetrock,Mechanical,2026-01-23
20387.0023,20387.60,H6,AUSTIN POINT 60' LOT,4943 NORTH STAR TRAIL,2025-06-11,2025-06-17,2025-06-26,2025-07-01,2025-07-16,2025-07-25,2025-08-08,2025-10-14,2025-12-19,NULL,2025-06-16,2025-06-29,2025-06-30,2025-07-12,2025-07-25,2025-08-10,2025-08-28,2025-12-19,2026-04-26,6,9,5,15,9,14,67,66,NULL,5,10,12,14,4,4,11,13,NULL,9,NULL,16,NULL,20,NULL,12,20,58,Complete,Final,2025-12-19
20387.0054,20387.40,H6,AUSTIN POINT 40' LOT,4622 HYDRA LANE,2025-06-06,2025-06-17,2025-06-25,2025-07-01,2025-07-11,2025-07-22,2025-08-05,2025-10-21,NULL,NULL,2025-06-17,2025-06-29,2025-06-28,2025-07-11,2025-07-20,2025-08-07,2025-08-25,2026-04-26,2026-06-23,11,8,6,10,11,14,77,NULL,NULL,11,10,12,14,3,4,10,13,NULL,9,NULL,16,NULL,20,NULL,12,NULL,58,Final,Interior,2025-10-21
20387.0057,20387.40,H6,AUSTIN POINT 40' LOT,4655 HYDRA LANE,2025-06-11,2025-06-18,2025-06-30,2025-07-01,2025-07-11,2025-07-23,2025-08-06,2025-10-17,NULL,NULL,2025-06-22,2025-06-30,2025-07-03,2025-07-11,2025-07-20,2025-08-08,2025-08-26,2026-04-26,2026-06-23,7,12,1,10,12,14,72,NULL,NULL,11,10,12,14,3,4,10,13,NULL,9,NULL,16,NULL,20,NULL,12,NULL,58,Final,Interior,2025-10-17
20387.0059,20387.40,H6,AUSTIN POINT 40' LOT,4639 HYDRA LANE,2025-12-18,2025-12-29,2026-01-13,2026-01-16,2026-01-27,NULL,NULL,NULL,NULL,NULL,2025-12-29,2026-01-10,2026-01-16,2026-01-26,2026-04-26,2026-05-12,2026-06-01,2026-06-13,2026-08-10,11,15,3,11,NULL,NULL,NULL,NULL,NULL,11,10,12,14,3,4,10,13,NULL,9,NULL,16,NULL,20,NULL,12,NULL,58,Sheetrock,Mechanical,2026-01-27
20387.0076,20387.40,H6,AUSTIN POINT 40' LOT,4714 NORTH STAR TRAIL (M),2025-04-29,2025-05-02,2025-05-12,2025-05-13,2025-05-23,2025-06-03,2025-06-17,2025-07-10,2025-07-21,NULL,2025-05-10,2025-05-14,2025-05-15,2025-05-23,2025-06-01,2025-06-19,2025-07-07,2025-07-21,2026-04-26,3,10,1,10,11,14,23,11,NULL,11,10,12,14,3,4,10,13,NULL,9,NULL,16,NULL,20,NULL,12,NULL,58,Complete,Final,2025-07-21
20388.0004,20388.60,H4,BRIARLEY 60' LOT,623 GUNNER DRIVE,2025-09-18,2025-09-26,2025-10-13,2025-10-15,2025-10-24,2025-11-06,2025-11-19,2025-12-14,2025-12-31,NULL,2025-09-30,2025-10-10,2025-10-18,2025-10-25,2025-11-07,2025-11-21,2025-12-09,2025-12-31,2026-04-26,8,17,2,9,13,13,25,17,NULL,12,9,14,12,5,3,10,9,14,10,15,15,20,17,17,13,10,97,Complete,Final,2025-12-31
20388.0011,20388.60,H4,BRIARLEY 60' LOT,470 LONE RANGER DRIVE,2025-09-18,2025-09-25,2025-10-07,2025-10-10,2025-10-23,2025-10-30,2025-11-14,2025-12-14,2026-01-03,NULL,2025-09-30,2025-10-09,2025-10-12,2025-10-20,2025-11-06,2025-11-14,2025-12-04,2026-01-03,2026-04-26,7,12,3,13,7,15,30,20,NULL,12,9,14,12,5,3,10,9,14,10,15,15,20,17,17,13,10,97,Complete,Final,2026-01-03
20388.0027,20388.60,H4,BRIARLEY 60' LOT,465 LONE RANGER DRIVE,2025-10-02,2025-10-09,2025-10-20,2025-10-24,2025-11-11,2025-11-20,2025-12-04,2025-12-29,2026-01-21,NULL,2025-10-14,2025-10-23,2025-10-25,2025-11-03,2025-11-25,2025-12-05,2025-12-24,2026-01-21,2026-04-26,7,11,4,18,9,14,25,23,NULL,12,9,14,12,5,3,10,9,14,10,15,15,20,17,17,13,10,97,Complete,Final,2026-01-21
20388.0030,20388.60,H4,BRIARLEY 60' LOT,425 LONE RANGER DRIVE,2025-09-08,2025-09-16,2025-09-30,2025-10-03,2025-10-14,2025-10-28,2025-11-11,2025-12-04,2025-12-15,NULL,2025-09-20,2025-09-30,2025-10-05,2025-10-13,2025-10-28,2025-11-12,2025-12-01,2025-12-15,2026-04-26,8,14,3,11,14,14,23,11,NULL,12,9,14,12,5,3,10,9,14,10,15,15,20,17,17,13,10,97,Complete,Final,2025-12-15
20391.0003,20391.50,H1,LEGACY 50' LOT,637 BARREL OAK DRIVE (M),2025-06-20,2025-06-30,2025-07-07,2025-07-14,2025-07-22,2025-08-07,2025-08-12,2025-08-27,2025-09-12,NULL,2025-07-05,2025-07-19,2025-07-15,2025-07-24,2025-07-31,2025-08-29,2025-11-16,2025-09-12,2026-04-26,10,7,7,8,16,5,15,16,NULL,15,11,NULL,19,NULL,8,10,11,9,12,22,19,96,41,10,10,NULL,88,Complete,Final,2025-09-12
20394.0020,20394.50,D4,LAKEWOOD VILLAGE 50' LOT,125 ENCLAVE DRIVE (M),2025-06-23,2025-07-17,2025-07-22,2025-07-24,2025-08-07,2025-08-26,2025-09-02,2025-10-17,2025-11-19,NULL,2025-07-09,2025-07-30,2025-07-27,2025-08-10,2025-08-20,2025-09-07,2025-09-26,2025-11-19,2026-04-26,24,5,2,14,19,7,45,33,NULL,16,14,NULL,13,NULL,5,NULL,17,NULL,13,NULL,12,NULL,24,61,40,7,39,Complete,Final,2025-11-19
20394.0022,20394.50,D4,LAKEWOOD VILLAGE 50' LOT,304 NORTHRIDGE DRIVE,2026-01-22,NULL,NULL,NULL,NULL,NULL,NULL,NULL,NULL,NULL,2026-04-26,2026-05-09,2026-05-14,2026-05-31,2026-06-13,2026-06-25,2026-07-19,2026-09-18,2026-09-25,NULL,NULL,NULL,NULL,NULL,NULL,NULL,NULL,NULL,16,14,NULL,13,NULL,5,NULL,17,NULL,13,NULL,12,NULL,24,61,40,7,39,Foundation,Released,2026-01-22
20396.0019,20396.1A,S2,THORNEBROOK 1 ACRE LOT,1013 SIDDOWAY LANE,2025-09-23,2025-10-03,2025-10-15,2025-10-22,2025-11-14,2025-11-25,2025-12-15,NULL,NULL,NULL,2025-10-10,2025-10-16,2025-10-22,2025-11-08,2025-11-26,2025-12-11,2026-04-26,2026-05-12,2026-08-16,10,12,7,23,11,20,NULL,NULL,NULL,17,20,13,10,NULL,7,NULL,17,NULL,12,16,17,NULL,30,NULL,16,NULL,96,Interior,Trim,2025-12-15
20397.0007,20397.40,H2,WILDTREE 40' LOT,5239 YELLOWSTAR LANE,2026-01-26,NULL,NULL,NULL,NULL,NULL,NULL,NULL,NULL,NULL,2026-04-26,2026-05-08,2026-05-11,2026-05-20,2026-05-31,2026-06-17,2026-07-03,2026-07-28,2026-09-20,NULL,NULL,NULL,NULL,NULL,NULL,NULL,NULL,NULL,7,9,12,17,NULL,3,9,12,NULL,11,NULL,17,NULL,16,NULL,25,NULL,54,Foundation,Released,2026-01-26
20398.0041,20398.45,H2,EVERLY 45' LOT,18711 WILD RASPBERRY DRIVE,2025-06-30,2025-07-07,2025-07-24,2025-07-28,2025-08-05,2025-08-14,2025-08-21,2025-11-13,2025-12-04,NULL,2025-07-06,2025-07-20,2025-07-26,2025-08-08,2025-08-16,2025-08-31,2025-09-06,2025-12-04,2026-04-26,7,17,4,8,9,7,84,21,NULL,6,9,13,17,2,3,11,12,11,11,NULL,17,NULL,16,43,25,NULL,54,Complete,Final,2025-12-04
20398.0117,20398.60,H2,EVERLY 60' LOT,18831 PEONY MANOR LANE (M),2025-06-13,2025-06-13,2025-06-23,2025-06-26,2025-07-08,2025-07-18,2025-07-23,2025-08-25,2025-09-02,NULL,2025-06-19,2025-06-27,2025-06-26,2025-07-06,2025-07-19,2025-08-04,2025-08-08,2025-09-02,2026-04-26,0,10,3,12,10,5,33,8,NULL,6,9,14,17,3,3,10,12,NULL,11,NULL,17,NULL,16,NULL,25,NULL,54,Complete,Final,2025-09-02
20403.0014,20403.60,A3,JUNIPER SPRINGS 60' LOT,240 MELODY ROAD,2025-07-17,2025-08-11,2025-08-19,2025-08-25,2025-09-09,2025-09-22,2025-10-06,2025-12-30,2025-12-31,NULL,2025-08-01,2025-08-14,2025-08-26,2025-09-15,2025-09-22,2025-10-06,2025-12-28,2025-12-31,2026-04-26,25,8,6,15,13,14,85,1,NULL,15,17,3,9,7,5,NULL,21,NULL,13,NULL,14,83,37,10,12,NULL,64,Complete,Final,2025-12-31
20403.0016,20403.50,A3,JUNIPER SPRINGS 50' LOT,312 FOXFIRE COVE,2025-09-04,2025-09-23,2025-09-26,2025-10-02,2025-10-22,2025-11-03,NULL,2025-12-26,2025-12-31,NULL,2025-09-11,2025-09-30,2025-10-01,2025-10-19,2025-10-31,2025-11-17,2026-02-06,2025-12-31,2026-04-26,19,3,6,20,12,NULL,NULL,5,NULL,7,17,7,9,5,5,17,21,9,13,NULL,14,81,37,9,12,15,64,Complete,Final,2025-12-31
20403.0088,20403.50,A3,JUNIPER SPRINGS 50' LOT,305 FOXFIRE COVE,2025-12-04,2025-12-15,2025-12-19,2025-12-23,2026-01-12,2026-01-21,NULL,NULL,NULL,NULL,2025-12-11,2025-12-22,2025-12-24,2026-01-09,2026-01-21,2026-04-26,2026-07-16,2026-07-25,2026-08-09,11,4,4,20,9,NULL,NULL,NULL,NULL,7,17,7,9,5,5,17,21,9,13,NULL,14,81,37,9,12,15,64,Trim,Sheetrock,2026-01-21
206082,206,A3,CROSSWINDS 40' LOT,136 ENDURANCE DRIVE,2025-04-24,2025-06-02,2025-06-16,2025-06-20,2025-07-16,2025-07-24,2025-08-11,2025-08-26,2025-09-05,NULL,2025-05-28,2025-06-10,2025-06-21,2025-06-29,2025-07-29,2025-08-07,2025-09-17,2025-09-05,2026-04-26,39,14,4,26,8,18,15,10,NULL,34,17,8,9,5,5,9,21,NULL,13,NULL,14,NULL,37,NULL,12,168,64,Complete,Final,2025-09-05
210045,210,A3,CROSSWINDS 50' LOT,463 BAY BREEZE DRIVE (C),2023-03-28,2023-04-19,2023-05-02,2023-05-04,2023-05-31,2023-06-13,NULL,NULL,NULL,NULL,2023-04-08,2023-04-26,2023-05-06,2023-05-14,2023-06-09,2026-04-26,2026-06-02,2026-06-14,2026-08-17,22,13,2,27,13,NULL,NULL,NULL,NULL,11,17,7,9,4,5,10,21,9,13,NULL,14,NULL,37,12,12,NULL,64,Trim,Sheetrock,2023-06-13
210085,210,A3,CROSSWINDS 50' LOT,570 BAY BREEZE DRIVE,2025-08-21,2025-09-05,2025-09-16,2025-09-21,2025-10-13,2025-10-24,2025-11-10,2025-11-26,2025-12-12,NULL,2025-09-01,2025-09-12,2025-09-20,2025-10-01,2025-10-22,2025-11-07,2025-12-17,2025-12-12,2026-04-26,15,11,5,22,11,17,16,16,NULL,11,17,7,9,4,5,10,21,9,13,NULL,14,NULL,37,12,12,NULL,64,Complete,Final,2025-12-12
211072,211,D4,WALSH RANCH 55' LOT,2104 MEADOW HOLLY LANE (M),2023-05-17,2023-07-03,2023-07-20,2023-07-26,2023-08-17,2023-08-25,2023-09-19,2023-10-24,2023-11-13,NULL,2023-06-21,2023-07-20,2023-07-25,2023-08-15,2023-08-27,2023-09-01,2023-10-31,2023-11-13,2026-04-26,47,17,6,22,8,25,35,20,NULL,35,14,17,13,5,5,20,17,10,13,7,12,42,24,8,40,12,39,Complete,Final,2023-11-13
233119,233,H4,EVERGREEN 50' LOT,16333 SHERIDAN RIVER TRAIL (M),2022-12-15,2023-01-09,2023-01-12,2023-01-23,2023-02-02,2023-02-06,2023-02-20,2023-03-18,2023-04-03,NULL,2022-12-21,2023-01-20,2023-01-16,2023-01-31,2023-02-08,2023-02-21,2023-03-09,2023-04-03,2026-04-26,25,3,11,10,4,14,26,16,NULL,6,9,11,12,4,3,8,9,6,10,NULL,15,NULL,17,NULL,13,63,97,Complete,Final,2023-04-03
287019,287,S1,LADERA 45' LOT,2658 VISTABLUE LANE,2025-07-24,2025-08-22,2025-09-02,2025-09-03,2025-09-29,2025-10-08,2025-10-22,2025-11-18,2025-12-01,NULL,2025-08-14,2025-08-29,2025-09-08,2025-09-23,2025-10-17,2025-10-21,2025-11-11,2025-12-01,2026-04-26,29,11,1,26,9,14,27,13,NULL,21,16,7,11,6,7,20,15,NULL,18,13,17,20,28,14,15,NULL,110,Complete,Final,2025-12-01
288070,288,S3,MEADOWS OF MILL CREEK 50' LOT,1828 FIELD BROOK,2025-11-13,2025-12-02,2025-12-15,2025-12-26,2026-01-12,2026-01-21,NULL,NULL,NULL,NULL,2025-12-03,2025-12-26,2025-12-23,2026-01-10,2026-01-21,2026-04-26,2026-05-11,2026-05-23,2026-09-19,19,13,11,17,9,NULL,NULL,NULL,NULL,20,14,24,12,8,7,15,15,9,12,21,15,15,23,NULL,12,119,98,Trim,Sheetrock,2026-01-21
288073,288,S3,MEADOWS OF MILL CREEK 50' LOT,1840 FIELD BROOK,2025-10-23,2025-11-12,2025-11-18,2025-11-21,2025-11-24,2025-11-28,2026-01-06,2026-01-21,NULL,NULL,2025-11-12,2025-12-06,2025-11-26,2025-12-06,2025-12-03,2025-12-19,2026-01-21,2026-04-26,2026-08-23,20,6,3,3,4,39,15,NULL,NULL,20,14,24,12,8,7,15,15,9,12,21,15,15,23,NULL,12,119,98,Final,Interior,2026-01-21
290097,290,H6,STONECREEK ESTATES 50' LOT,5435 VIOLET RIDGE DRIVE (M),2023-07-20,2023-07-26,2023-08-02,2023-08-08,2023-08-18,2023-08-25,2023-09-07,2023-09-21,2023-10-03,NULL,2023-08-01,2023-08-10,2023-08-07,2023-08-21,2023-08-28,2023-09-10,2023-09-29,2023-10-03,2026-04-26,6,7,6,10,7,13,14,12,NULL,12,10,15,14,5,4,13,13,10,9,16,16,22,20,13,12,32,58,Complete,Final,2023-10-03
313112,313,A1,NOLINA 60' LOT,208 MEADOW BEAUTY LANE,2025-03-27,2025-04-15,2025-04-23,2025-04-29,2025-05-08,2025-05-23,2025-06-03,2025-07-03,2025-07-17,NULL,2025-04-05,2025-04-26,2025-04-29,2025-05-15,2025-05-14,2025-06-17,2025-07-12,2025-07-17,2026-04-26,19,8,6,9,15,11,30,14,NULL,9,15,11,9,6,6,16,15,6,13,25,17,NULL,39,NULL,11,163,96,Complete,Final,2025-07-17
346082,346,D3,NORTH SKY CELINA 55' LOT,400 ROBINIA ROAD,2025-12-26,2026-01-07,2026-01-22,NULL,NULL,NULL,NULL,NULL,NULL,NULL,2026-01-07,2026-01-19,2026-04-26,2026-05-09,2026-05-25,2026-06-04,2026-06-30,2026-08-03,2026-11-03,12,15,NULL,NULL,NULL,NULL,NULL,NULL,NULL,12,12,12,10,5,3,NULL,13,16,13,10,20,26,29,34,21,92,92,Cornice,Frame,2026-01-22
346128,346,D3,NORTH SKY CELINA 55' LOT,3105 LACEBARK LANE,2025-11-06,2025-11-17,2025-11-27,2025-12-02,2025-12-17,2026-01-02,2026-01-12,NULL,NULL,NULL,2025-11-18,2025-11-29,2025-12-02,2025-12-15,2026-01-02,2026-01-12,2026-04-26,2026-05-30,2026-08-30,11,10,5,15,16,10,NULL,NULL,NULL,12,12,12,10,5,3,NULL,13,16,13,10,20,26,29,34,21,92,92,Interior,Trim,2026-01-12
602308,602,H6,SIENNA 50' LOT,2010 IRONWOOD PASS DRIVE (M),2022-09-06,2022-09-19,2022-09-26,2022-10-03,2022-10-08,2022-10-10,2022-11-10,2022-11-28,2022-12-02,NULL,2022-09-15,2022-09-30,2022-09-30,2022-10-13,2022-10-17,2022-10-26,2022-11-21,2022-12-02,2026-04-26,13,7,7,5,2,31,18,4,NULL,9,10,11,14,4,4,10,13,NULL,9,NULL,16,11,20,15,12,98,58,Complete,Final,2022-12-02
678238,678,S1,KALLISON RANCH 60' LOT,10219 COLD BACK COURT,2025-11-25,2025-12-05,2025-12-26,2025-12-26,2026-01-09,2026-01-22,NULL,NULL,NULL,NULL,2025-12-06,2025-12-19,2025-12-30,2026-01-05,2026-01-29,2026-04-26,2026-06-08,2026-06-13,2026-12-19,10,21,0,14,13,NULL,NULL,NULL,NULL,11,16,14,11,4,7,10,15,20,18,21,17,43,28,5,15,189,110,Trim,Sheetrock,2026-01-22
678239,678,S1,KALLISON RANCH 60' LOT,10303 COLD BACK COURT,2025-10-16,2025-10-22,2025-10-27,2025-11-07,2025-11-14,2025-11-18,2025-12-08,2026-01-26,2026-01-28,NULL,2025-10-27,2025-11-05,2025-10-31,2025-11-17,2025-12-04,2025-12-09,2026-01-20,2026-01-28,2026-08-05,6,5,11,7,4,20,49,2,NULL,11,16,14,11,4,7,10,15,20,18,21,17,43,28,5,15,189,110,Complete,Final,2026-01-28
678243,678,S1,KALLISON RANCH 60' LOT,10406 TAPADEROS DRIVE,2025-09-04,2025-09-11,2025-09-15,2025-09-30,2025-10-14,2025-10-28,2025-11-28,2025-12-15,2025-12-22,NULL,2025-09-15,2025-09-25,2025-09-19,2025-10-10,2025-11-03,2025-11-18,2026-01-10,2025-12-22,2026-06-29,7,4,15,14,14,31,17,7,NULL,11,16,14,11,4,7,10,15,20,18,21,17,43,28,5,15,189,110,Complete,Final,2025-12-22
695028,695,H1,RICELAND 50' LOT,11955 SAWGRASS DRIVE (C),2024-05-21,2024-06-04,2024-06-21,2024-07-09,2024-08-06,2024-08-20,NULL,NULL,NULL,NULL,2024-06-04,2024-06-20,2024-06-29,2024-07-20,2024-08-09,2026-04-26,2026-05-20,2026-06-01,2026-08-10,14,17,18,28,14,NULL,NULL,NULL,NULL,14,11,16,19,NULL,8,NULL,11,3,12,24,19,24,41,12,10,70,88,Trim,Sheetrock,2024-08-20
710094,710,S3,HOMESTEAD 65' LOT,3122 BEE HILL,2025-10-31,2025-11-18,2025-11-26,2025-12-02,2026-01-08,2026-01-21,NULL,NULL,NULL,NULL,2025-11-14,2025-11-30,2025-12-03,2026-01-08,2026-01-24,2026-04-26,2026-05-19,2026-06-02,2026-11-09,18,8,6,37,13,NULL,NULL,NULL,NULL,NULL,14,NULL,12,NULL,7,37,15,16,12,NULL,15,NULL,23,14,12,160,98,Trim,Sheetrock,2026-01-21
734079,734,S1,LADERA 40' LOT,2502 BARKEY SPRINGS,2025-05-22,2025-06-02,2025-06-05,2025-06-09,2025-07-02,2025-07-14,2025-07-25,2025-08-20,2025-10-01,NULL,2025-06-24,2025-06-12,2025-06-11,2025-07-01,2025-07-17,2025-07-28,2025-08-21,2025-10-01,2026-04-26,11,3,4,23,12,11,26,42,NULL,33,16,10,11,6,7,22,15,15,18,14,17,27,28,NULL,15,NULL,110,Complete,Final,2025-10-01
734085,734,S1,LADERA 40' LOT,14910 FARAWAY MEADOW,2025-08-28,2025-09-19,2025-09-23,2025-09-26,2025-10-17,2025-10-27,2025-11-10,2025-11-21,2025-12-05,NULL,2025-09-30,2025-09-29,2025-09-29,2025-10-18,2025-11-01,2025-11-10,2025-12-07,2025-12-05,2026-04-26,22,4,3,21,10,14,11,14,NULL,33,16,10,11,6,7,22,15,15,18,14,17,27,28,NULL,15,NULL,110,Complete,Final,2025-12-05
734097,734,S1,LADERA 40' LOT,2527 OXFORD RIDGE,2025-11-20,2025-12-12,2025-12-22,2025-12-29,NULL,NULL,NULL,NULL,NULL,NULL,2025-12-23,2025-12-22,2025-12-28,2026-04-26,2026-05-11,2026-05-25,2026-06-21,2026-07-06,2026-10-24,22,10,7,NULL,NULL,NULL,NULL,NULL,NULL,33,16,10,11,6,7,22,15,15,18,14,17,27,28,NULL,15,NULL,110,Mechanicals,Cornice,2025-12-29
737003,737,A3,LA CIMA 60' LOT,112 HEARTLEAF ROAD (M),2021-01-11,2021-02-05,2021-03-04,2021-03-16,2021-04-01,2021-04-19,2021-05-08,2021-06-21,2021-07-12,NULL,2021-02-09,2021-02-14,2021-03-09,2021-04-06,2021-04-14,2021-05-03,2021-06-04,2021-07-12,2026-04-26,25,27,12,16,18,19,44,21,NULL,29,17,NULL,9,NULL,5,NULL,21,NULL,13,NULL,14,27,37,25,12,NULL,64,Complete,Final,2021-07-12
754094,754,A3,6 CREEKS 50' LOT,318 PRICKLY POPPY LOOP,2025-07-02,2025-07-17,2025-07-29,2025-08-01,2025-08-20,2025-09-04,2025-09-29,2025-10-14,2025-10-25,NULL,2025-07-19,2025-07-26,2025-08-03,2025-08-22,2025-09-02,2025-09-18,2025-11-05,2025-10-25,2026-04-26,15,12,3,19,15,25,15,11,NULL,NULL,17,NULL,9,NULL,5,NULL,21,NULL,13,NULL,14,NULL,37,NULL,12,119,64,Complete,Final,2025-10-25
754120,754,A3,6 CREEKS 50' LOT,315 PRICKLY POPPY LOOP,2025-05-08,2025-05-29,2025-06-12,2025-06-20,2025-08-01,2025-08-19,2025-09-12,2025-09-23,2025-10-03,NULL,2025-05-25,2025-06-07,2025-06-17,2025-07-11,2025-08-14,2025-09-02,2025-10-19,2025-10-03,2026-04-26,21,14,8,42,18,24,11,10,NULL,NULL,17,NULL,9,NULL,5,NULL,21,NULL,13,NULL,14,NULL,37,NULL,12,119,64,Complete,Final,2025-10-03
755104,755,A3,6 CREEKS 60' LOT,111 BREWER STREET,2025-07-16,2025-07-29,2025-08-11,2025-08-13,2025-09-02,2025-09-17,2025-09-29,2025-10-14,2025-10-24,NULL,2025-08-18,2025-08-08,2025-08-14,2025-09-05,2025-09-15,2025-10-01,2025-11-05,2025-10-24,2026-04-26,13,13,2,20,15,12,15,10,NULL,33,17,10,9,3,5,23,21,13,13,NULL,14,NULL,37,NULL,12,112,64,Complete,Final,2025-10-24
772042,772,H3,CANDELA 40' LOT,26507 GLEAMING DAWN WAY (M),2021-01-13,2021-01-15,2021-01-22,2021-01-29,2021-02-19,2021-02-24,2021-03-01,2021-03-27,2021-03-31,NULL,2021-01-21,2021-01-29,2021-01-27,2021-02-11,2021-02-27,2021-03-12,2021-03-24,2021-03-31,2026-04-26,2,7,7,21,5,5,26,4,NULL,8,9,14,15,5,5,13,12,8,9,NULL,16,NULL,23,NULL,12,105,81,Complete,Final,2021-03-31
799038,799,H2,AUDUBON PARK 60' LOT,15305 LEGACY PARK WAY (C),2022-07-29,2022-08-10,2022-08-18,2022-08-31,2022-09-16,2022-09-21,NULL,NULL,NULL,NULL,2022-08-10,2022-08-25,2022-08-23,2022-09-11,2022-09-27,2026-04-26,2026-05-12,2026-06-06,2026-07-30,12,8,13,16,5,NULL,NULL,NULL,NULL,12,9,15,17,5,3,11,12,11,11,NULL,17,NULL,16,NULL,25,NULL,54,Trim,Sheetrock,2022-09-21
158204,158,H4,THE WOODLANDS HILLS 60' LOT,214 PAINTERS RIDGE COURT (M),2024-03-20,2024-04-03,2024-04-17,2024-04-23,2024-05-15,2024-05-29,2024-06-24,2024-07-30,2024-08-14,NULL,2024-03-29,2024-04-15,2024-04-20,2024-05-02,2024-05-25,2024-06-13,2024-07-11,2024-08-14,2026-04-26,14,14,6,22,14,26,36,15,NULL,NULL,9,NULL,12,NULL,3,NULL,9,NULL,10,NULL,15,NULL,17,NULL,13,NULL,97,Complete,Final,2024-08-14
20007.0177,722,A1,LARIAT 45' LOT,121 TOP VIEW DRIVE,2025-09-30,2025-10-13,2025-10-21,2025-10-24,2025-11-05,2025-11-18,2025-12-03,2026-01-09,2026-01-15,NULL,2025-10-15,2025-10-22,2025-10-29,2025-11-14,2025-11-17,2025-12-05,2026-01-15,2026-01-15,2026-04-21,13,8,3,12,13,15,37,6,NULL,NULL,15,NULL,9,8,6,21,15,12,13,NULL,17,43,39,5,11,NULL,96,Complete,Final,2026-01-15
20007.0190,722,A1,LARIAT 45' LOT,128 TOP VIEW DRIVE,2025-11-20,2025-12-05,2025-12-15,2025-12-23,2026-01-10,2026-01-20,NULL,NULL,NULL,NULL,2025-12-05,2025-12-14,2025-12-23,2026-01-13,2026-01-22,2026-04-26,2026-06-08,2026-06-13,2026-09-17,15,10,8,18,10,NULL,NULL,NULL,NULL,NULL,15,NULL,9,8,6,21,15,12,13,NULL,17,43,39,5,11,NULL,96,Trim,Sheetrock,2026-01-20
20009.0152,20009.70,A1,PALMERA RIDGE 70' LOT,1256 JOLIE ROSE BEND,2025-04-01,2025-05-16,2025-05-20,2025-06-03,2025-06-19,2025-06-30,2025-08-06,2025-08-27,2025-09-12,NULL,2025-04-16,2025-05-25,2025-05-26,2025-06-18,2025-07-02,2025-07-17,2025-09-14,2025-09-12,2026-04-26,45,4,14,16,11,37,21,16,NULL,NULL,15,NULL,9,NULL,6,NULL,15,NULL,13,NULL,17,NULL,39,NULL,11,66,96,Complete,Final,2025-09-12
20010.0350,784,A2,PARKSIDE ON THE RIVER 60' LOT,1321 WHITE DAISY LANE,2025-11-24,2025-12-19,2026-01-02,2026-01-09,NULL,NULL,NULL,NULL,NULL,NULL,2025-12-21,2026-01-02,2026-01-08,2026-04-26,2026-05-08,2026-05-21,2026-06-25,2026-07-11,2026-11-08,25,14,7,NULL,NULL,NULL,NULL,NULL,NULL,NULL,27,14,11,6,6,29,18,12,10,13,16,35,33,NULL,16,NULL,120,Mechanicals,Cornice,2026-01-09
20010.0377,784,A2,PARKSIDE ON THE RIVER 60' LOT,1420 WHITE DAISY LANE,2025-11-17,2025-12-15,2025-12-29,2026-01-05,NULL,NULL,NULL,NULL,NULL,NULL,2025-12-14,2025-12-29,2026-01-04,2026-04-26,2026-05-08,2026-05-21,2026-06-25,2026-07-11,2026-11-08,28,14,7,NULL,NULL,NULL,NULL,NULL,NULL,NULL,27,14,11,6,6,29,18,12,10,13,16,35,33,NULL,16,NULL,120,Mechanicals,Cornice,2026-01-05
20013.0550,746,A1,SANTA RITA RANCH 90' LOT,221 JATES FIELD BEND,2025-11-26,2025-12-11,2025-12-26,2026-01-02,2026-01-15,NULL,NULL,NULL,NULL,NULL,2025-12-16,2025-12-23,2025-12-31,2026-01-17,2026-04-26,2026-05-18,2026-07-12,2026-07-29,2026-09-23,15,15,7,13,NULL,NULL,NULL,NULL,NULL,20,15,12,9,5,6,15,15,11,13,22,17,55,39,17,11,56,96,Sheetrock,Mechanical,2026-01-15
20013.0578,741,A1,SANTA RITA RANCH 40' LOT,249 MENLO BEND,2025-11-20,2025-12-03,2025-12-11,2025-12-22,2026-01-07,2026-01-15,NULL,NULL,NULL,NULL,2025-12-05,2025-12-09,2025-12-17,2026-01-08,2026-01-14,2026-04-26,2026-05-26,2026-06-13,2026-07-04,13,8,11,16,8,NULL,NULL,NULL,NULL,15,15,6,9,6,6,17,15,7,13,NULL,17,30,39,18,11,21,96,Trim,Sheetrock,2026-01-15
20013.0647,687,A1,SANTA RITA RANCH 50' LOT,109 ARCILLA PASS,2025-12-30,2026-01-16,NULL,NULL,NULL,NULL,NULL,NULL,NULL,NULL,2026-01-16,2026-04-26,2026-05-02,2026-05-17,2026-05-28,2026-06-18,2026-07-12,2026-07-26,2027-01-08,17,NULL,NULL,NULL,NULL,NULL,NULL,NULL,NULL,17,15,8,9,NULL,6,NULL,15,11,13,21,17,24,39,14,11,166,96,Frame,Foundation,2026-01-16
20016.0270,20016.56,A2,WOLF RANCH 56' LOT,800 HIGH SUMMIT DRIVE,2026-01-07,NULL,NULL,NULL,NULL,NULL,NULL,NULL,NULL,NULL,2026-04-26,2026-05-05,2026-05-11,2026-06-03,2026-06-13,2026-06-29,2026-07-23,2026-08-02,2026-10-28,NULL,NULL,NULL,NULL,NULL,NULL,NULL,NULL,NULL,23,27,9,11,6,6,23,18,NULL,10,NULL,16,24,33,10,16,87,120,Foundation,Released,2026-01-07
20016.0275,20016.56,A2,WOLF RANCH 56' LOT,412 RIVER OVERLOOK ROAD,2025-07-01,2025-08-01,2025-08-14,2025-08-21,2025-09-10,2025-09-24,2025-10-08,2025-11-05,2025-12-02,NULL,2025-07-24,2025-08-10,2025-08-20,2025-09-13,2025-09-20,2025-10-10,2025-11-01,2025-12-02,2026-04-26,31,13,7,20,14,14,28,27,NULL,23,27,9,11,6,6,23,18,NULL,10,NULL,16,24,33,10,16,87,120,Complete,Final,2025-12-02
20020.0287,796,A2,THE COLONY 45' LOT,271 MADDY WAY,2025-11-20,2025-12-02,2025-12-08,2025-12-10,2025-12-19,2025-12-29,2026-01-13,NULL,NULL,NULL,2025-12-17,2025-12-18,2025-12-13,2025-12-22,2025-12-28,2026-01-12,2026-04-26,2026-05-13,2026-08-14,12,6,2,9,10,15,NULL,NULL,NULL,NULL,27,16,11,5,6,12,18,9,10,14,16,21,33,17,16,93,120,Interior,Trim,2026-01-13
20026.0293,123,A3,6 CREEKS 45' LOT,251 BASKET FLOWER LOOP,2025-06-12,2025-06-28,2025-07-07,2025-07-10,2025-08-04,2025-08-20,2025-09-03,2025-09-18,2025-09-23,NULL,2025-06-29,2025-07-07,2025-07-12,2025-08-10,2025-08-15,2025-09-03,2025-09-22,2025-09-23,2026-04-26,16,9,3,25,16,14,15,5,NULL,NULL,17,NULL,9,NULL,5,31,21,11,13,NULL,14,19,37,2,12,141,64,Complete,Final,2025-09-23
20034.0238,204,D4,VENTANA 70' LOT,10464 GRAY HILLS DRIVE,2025-11-04,2025-11-18,2025-12-04,2025-12-09,2025-12-23,2026-01-05,2026-01-20,NULL,NULL,NULL,2025-11-18,2025-12-01,2025-12-09,2025-12-23,2026-01-05,2026-01-20,2026-04-26,2026-05-19,2026-06-29,14,16,5,14,13,15,NULL,NULL,NULL,NULL,14,NULL,13,NULL,5,14,17,13,13,15,12,NULL,24,23,40,41,39,Interior,Trim,2026-01-20
20034.0260,725,D4,VENTANA 50' LOT,10440 TERRAPIN ROAD,2025-10-02,2025-10-13,2025-10-21,2025-10-23,2025-11-04,2025-11-11,2025-12-07,2026-01-07,NULL,NULL,2025-10-21,2025-10-26,2025-10-24,2025-11-06,2025-11-13,2025-12-10,2026-01-14,2026-04-26,2026-04-30,11,8,2,12,7,26,31,NULL,NULL,19,14,13,13,3,5,14,17,9,13,29,12,38,24,29,40,4,39,Final,Interior,2026-01-07
20043.0117,20043.401,D2,THE PARKS AT WILSON CREEK 40' LOT (B),1604 VICTORIA PLACE,2025-06-09,2025-06-23,2025-07-10,2025-07-16,2025-08-07,2025-08-25,2025-09-08,2025-09-23,2025-10-08,NULL,2025-06-21,2025-07-03,2025-07-14,2025-07-30,2025-08-19,2025-09-05,2025-09-25,2025-10-08,2026-04-26,14,17,6,22,18,14,15,15,NULL,NULL,12,NULL,10,NULL,4,NULL,14,NULL,12,NULL,11,NULL,17,NULL,18,91,88,Complete,Final,2025-10-08
20056.0164,648,D2,CAMBRIDGE CROSSING 50' LOT,2821 BUCKINGHAM LANE,2025-12-02,2025-12-11,2025-12-18,2025-12-22,2026-01-09,2026-01-20,NULL,NULL,NULL,NULL,2025-12-14,2025-12-22,2025-12-23,2026-01-04,2026-01-21,2026-04-26,2026-05-13,2026-05-31,2026-09-16,9,7,4,18,11,NULL,NULL,NULL,NULL,12,12,11,10,5,4,13,14,12,12,NULL,11,NULL,17,NULL,18,108,88,Trim,Sheetrock,2026-01-20
20059.0143,262,D1,AVONDALE 40' (A) LOT,2813 FARGO MEWS,2025-09-18,2025-10-01,2025-10-06,2025-10-08,2025-10-20,2025-10-29,2025-11-19,2025-11-25,2025-12-09,NULL,2025-10-02,2025-10-14,2025-10-10,2025-11-02,2025-11-02,2025-11-16,2025-12-06,2025-12-09,2026-04-26,13,5,2,12,9,21,6,14,NULL,NULL,14,NULL,13,4,6,25,16,13,12,18,18,17,17,11,17,NULL,60,Complete,Final,2025-12-09
20066.0530,665,D2,DEVONSHIRE 45' LOT,2940 SOARING HILLS DRIVE,2026-01-12,2026-01-22,NULL,NULL,NULL,NULL,NULL,NULL,NULL,NULL,2026-01-23,2026-04-26,2026-05-01,2026-05-15,2026-05-29,2026-06-10,2026-06-28,2026-07-08,2026-09-20,10,NULL,NULL,NULL,NULL,NULL,NULL,NULL,NULL,11,12,8,10,5,4,NULL,14,14,12,12,11,18,17,10,18,74,88,Frame,Foundation,2026-01-22
20096.0016,285,F1,SOUTHERN HILLS 80' LOT,19894 ENGLISH WALNUT PLACE,2026-01-21,NULL,NULL,NULL,NULL,NULL,NULL,NULL,NULL,NULL,2026-04-26,2026-05-24,NULL,2026-06-24,2026-07-23,2026-08-27,2026-11-10,2026-12-10,2026-12-17,NULL,NULL,NULL,NULL,NULL,NULL,NULL,NULL,NULL,24,15,NULL,28,NULL,NULL,NULL,31,29,15,35,22,75,46,30,47,7,17,Foundation,Released,2026-01-21
20096.0030,285,F1,SOUTHERN HILLS 80' LOT,5929 CREEK RIDGE ROAD,2025-12-17,2026-01-20,NULL,NULL,NULL,NULL,NULL,NULL,NULL,NULL,2026-01-10,2026-04-26,NULL,2026-05-27,2026-06-25,2026-07-30,2026-10-13,2026-11-12,2026-11-19,34,NULL,NULL,NULL,NULL,NULL,NULL,NULL,NULL,24,15,NULL,28,NULL,NULL,NULL,31,29,15,35,22,75,46,30,47,7,17,Frame,Foundation,2026-01-20
20108.1002,602,H6,SIENNA 50' LOT,10935 SPRING WIND DRIVE,2025-10-15,2025-10-22,2025-11-07,2025-11-14,2025-11-22,2025-12-04,2025-12-18,2025-12-29,2026-01-13,NULL,2025-10-24,2025-11-02,2025-11-11,2025-11-24,2025-12-01,2025-12-20,2025-12-29,2026-01-13,2026-04-21,7,16,7,8,12,14,11,15,NULL,9,10,11,14,4,4,10,13,NULL,9,NULL,16,11,20,15,12,98,58,Complete,Final,2026-01-13
20108.1147,602,H6,SIENNA 50' LOT,1430 WATERMONT DRIVE,2025-12-22,2026-01-05,2026-01-15,2026-01-20,NULL,NULL,NULL,NULL,NULL,NULL,2025-12-31,2026-01-16,2026-01-19,2026-04-26,2026-05-05,2026-05-21,2026-06-01,2026-06-16,2026-09-22,14,10,5,NULL,NULL,NULL,NULL,NULL,NULL,9,10,11,14,4,4,10,13,NULL,9,NULL,16,11,20,15,12,98,58,Mechanicals,Cornice,2026-01-20
20108.1148,602,H6,SIENNA 50' LOT,10922 WHITE MIST DRIVE,2025-12-29,2026-01-07,NULL,NULL,NULL,NULL,NULL,NULL,NULL,NULL,2026-01-07,2026-04-26,2026-04-30,2026-05-10,2026-05-19,2026-06-04,2026-06-15,2026-06-30,2026-10-06,9,NULL,NULL,NULL,NULL,NULL,NULL,NULL,NULL,9,10,11,14,4,4,10,13,NULL,9,NULL,16,11,20,15,12,98,58,Frame,Foundation,2026-01-07
20124.0121,587,H1,RICELAND 70' LOT,12230 JACOB LANE,2025-07-23,2025-08-04,2025-09-04,2025-09-12,2025-09-24,2025-10-03,2025-10-24,NULL,NULL,NULL,2025-08-05,2025-08-26,2025-09-15,2025-09-30,2025-10-08,2025-10-22,2026-04-26,2026-05-06,2026-08-02,12,31,8,12,9,21,NULL,NULL,NULL,13,11,22,19,11,8,18,11,14,12,NULL,19,NULL,41,NULL,10,NULL,88,Interior,Trim,2025-10-24
20124.0161,694,H1,RICELAND 60' LOT,12210 SWEETBRIAR LOOP,2025-09-19,2025-09-29,2025-10-14,2025-10-20,2025-10-28,2025-11-05,NULL,NULL,NULL,NULL,2025-10-02,2025-10-17,2025-10-23,2025-11-01,2025-11-10,2026-04-26,2026-05-15,2026-05-22,2026-08-20,10,15,6,8,8,NULL,NULL,NULL,NULL,13,11,18,19,9,8,12,11,13,12,NULL,19,19,41,7,10,90,88,Trim,Sheetrock,2025-11-05
20132.0829,164,H1,MERIDIANA 60' LOT,6507 YELLOW ROSE COURT,2025-10-07,2025-10-17,2025-11-17,2025-11-24,2025-12-10,2025-12-30,2026-01-12,NULL,NULL,NULL,2025-10-15,2025-11-05,2025-11-24,2025-12-03,2025-12-25,2026-01-18,2026-04-26,2026-05-07,2026-08-03,10,31,7,16,20,13,NULL,NULL,NULL,8,11,19,19,7,8,9,11,15,12,19,19,17,41,11,10,NULL,88,Interior,Trim,2026-01-12
20132.0837,164,H1,MERIDIANA 60' LOT,6539 YELLOW ROSE COURT,2025-12-03,2025-12-17,2026-01-05,2026-01-12,2026-01-21,NULL,NULL,NULL,NULL,NULL,2025-12-11,2026-01-05,2026-01-12,2026-01-21,2026-04-26,2026-05-15,2026-06-01,2026-06-12,2026-09-08,14,19,7,9,NULL,NULL,NULL,NULL,NULL,8,11,19,19,7,8,9,11,15,12,19,19,17,41,11,10,NULL,88,Sheetrock,Mechanical,2026-01-21
20132.0936,272,H1,MERIDIANA 40'/45' LOT,5407 MAJESTIC DRIVE (M),2025-06-24,2025-06-28,2025-07-07,2025-07-16,2025-07-26,2025-07-31,2025-08-14,2026-01-15,NULL,NULL,2025-07-06,2025-07-14,2025-07-15,2025-07-26,2025-08-02,2025-08-18,2025-09-03,2026-04-26,2026-05-19,4,9,9,10,5,14,154,NULL,NULL,12,11,16,19,8,8,10,11,7,12,18,19,20,41,12,10,23,88,Final,Interior,2026-01-15
20132.1092,612,H1,MERIDIANA 70' LOT,6346 GALWAY COURT,2025-08-26,2025-09-03,2025-09-19,2025-09-26,2025-10-01,2025-10-21,2025-11-05,NULL,NULL,NULL,2025-09-08,2025-09-28,2025-09-27,2025-10-09,2025-10-13,2025-11-09,2026-04-26,2026-05-06,2026-08-02,8,16,7,5,20,15,NULL,NULL,NULL,13,11,25,19,8,8,13,11,NULL,12,NULL,19,NULL,41,NULL,10,NULL,88,Interior,Trim,2025-11-05
20132.1168,711,H1,MERIDIANA 50' LOT,9430 CHATEAU HILL DRIVE,2025-09-24,2025-10-02,2025-10-21,2025-10-29,2025-11-07,2025-11-13,2025-11-26,NULL,NULL,NULL,2025-10-08,2025-10-20,2025-10-26,2025-11-09,2025-11-19,2025-11-21,2026-04-26,2026-05-06,2026-08-02,8,19,8,9,6,13,NULL,NULL,NULL,14,11,18,19,5,8,NULL,11,12,12,8,19,NULL,41,NULL,10,NULL,88,Interior,Trim,2025-11-26
20165.0041,274,H1,VALENCIA 50' LOT,6503 SPARKLING CITRUS STREET (M),2024-05-07,2024-05-10,2024-05-20,2024-05-24,2024-06-01,2024-06-10,2024-07-08,2024-07-15,2024-07-16,NULL,2024-05-14,2024-05-30,2024-05-28,2024-06-04,2024-06-13,2024-06-29,2024-08-18,2024-07-16,2026-04-26,3,10,4,8,9,28,7,1,NULL,7,11,20,19,8,8,11,11,NULL,12,NULL,19,NULL,41,NULL,10,56,88,Complete,Final,2024-07-16
20165.0088,280,H1,VALENCIA 60' LOT,18730 PISTACHIO WAY,2025-10-13,2025-10-21,2025-11-14,2025-11-24,2025-12-05,2025-12-16,2026-01-12,2026-01-21,NULL,NULL,2025-10-21,2025-11-09,2025-11-22,2025-12-05,2025-12-19,2026-01-02,2026-01-18,2026-04-26,2026-07-30,8,24,10,11,11,27,9,NULL,NULL,8,11,NULL,19,NULL,8,11,11,14,12,17,19,6,41,12,10,95,88,Final,Interior,2026-01-21
20165.0128,273,H1,VALENCIA 45' LOT,19023 SATSUMA RIDGE DRIVE,2025-11-25,2025-12-09,2025-12-19,2025-12-29,2026-01-09,2026-01-09,NULL,NULL,NULL,NULL,2025-12-06,2025-12-28,2025-12-30,2026-01-09,2026-01-21,2026-04-26,2026-05-12,2026-05-22,2026-08-18,14,10,10,11,0,NULL,NULL,NULL,NULL,NULL,11,NULL,19,11,8,11,11,NULL,12,25,19,16,41,NULL,10,NULL,88,Trim,Sheetrock,2026-01-09
20165.0164,273,H1,VALENCIA 45' LOT,5923 REGALA DRIVE (M),2024-05-08,2024-05-10,2024-05-17,2024-05-28,2024-06-03,2024-06-12,2024-06-25,2024-07-08,2024-07-15,NULL,2024-05-19,2024-05-29,2024-05-28,2024-06-08,2024-06-15,2024-07-07,2024-07-11,2024-07-15,2026-04-26,2,7,11,6,9,13,13,7,NULL,NULL,11,NULL,19,11,8,11,11,NULL,12,25,19,16,41,NULL,10,NULL,88,Complete,Final,2024-07-15
20165.0166,281,H1,VALENCIA 70' LOT,19018 SWEET PEACH COURT,2025-12-16,2025-12-22,2026-01-26,2026-01-28,NULL,NULL,NULL,NULL,NULL,NULL,2025-12-24,2026-01-16,2026-01-28,2026-04-26,2026-05-08,2026-05-27,2026-07-07,2026-07-17,2026-11-01,6,35,2,NULL,NULL,NULL,NULL,NULL,NULL,8,11,25,19,2,8,NULL,11,NULL,12,NULL,19,NULL,41,NULL,10,107,88,Mechanicals,Cornice,2026-01-28
20165.0208,281,H1,VALENCIA 70' LOT,19007 MANDARIN STREET,2025-12-29,2026-01-08,2026-01-23,NULL,NULL,NULL,NULL,NULL,NULL,NULL,2026-01-06,2026-02-02,2026-04-26,2026-05-07,2026-05-19,2026-06-07,2026-07-18,2026-07-28,2026-11-12,10,15,NULL,NULL,NULL,NULL,NULL,NULL,NULL,8,11,25,19,2,8,NULL,11,NULL,12,NULL,19,NULL,41,NULL,10,107,88,Cornice,Frame,2026-01-23
20165.0289,273,H1,VALENCIA 45' LOT,19215 SATSUMA RIDGE DRIVE,2026-01-28,NULL,NULL,NULL,NULL,NULL,NULL,NULL,NULL,NULL,2026-04-26,2026-05-15,2026-05-26,2026-06-06,2026-06-18,2026-07-13,2026-07-29,2026-08-08,2026-11-04,NULL,NULL,NULL,NULL,NULL,NULL,NULL,NULL,NULL,NULL,11,NULL,19,11,8,11,11,NULL,12,25,19,16,41,NULL,10,NULL,88,Foundation,Released,2026-01-28
20175.0042,20175.80,H5,JUBILEE 80' LOT,16611 CHEERFUL TRAIL STREET(M),2025-12-19,2025-12-30,2026-01-20,2026-01-26,NULL,NULL,NULL,NULL,NULL,NULL,2026-01-05,2026-01-14,2026-01-25,2026-04-26,2026-05-08,2026-05-25,2026-06-12,2026-06-22,2026-09-06,11,21,6,NULL,NULL,NULL,NULL,NULL,NULL,17,9,NULL,15,NULL,5,NULL,16,NULL,12,NULL,17,NULL,18,NULL,10,NULL,76,Mechanicals,Cornice,2026-01-26
20178.0155,182,H2,ESCONDIDO 50' LOT,42843 MANZANO STREET,2025-10-01,2025-10-09,2025-10-22,2025-10-28,2025-11-06,2025-11-12,2025-11-22,NULL,2025-12-29,NULL,2025-10-10,2025-10-27,2025-10-24,2025-11-07,2025-11-17,2025-11-29,2025-12-08,2025-12-29,2026-04-26,8,13,6,9,6,10,NULL,NULL,NULL,9,9,18,17,2,3,10,12,11,11,NULL,17,NULL,16,20,25,68,54,Complete,Final,2025-12-29
20178.0202,115,H2,ESCONDIDO 45' LOT,42584 RUSTICO ROAD,2025-06-12,2025-06-24,2025-07-07,2025-07-09,2025-07-22,2025-07-30,2025-08-14,2025-09-25,2025-10-28,NULL,2025-06-24,2025-07-09,2025-07-10,2025-07-19,2025-08-02,2025-08-21,2025-08-31,2025-10-28,2026-04-26,12,13,2,13,8,15,42,33,NULL,12,9,15,17,3,3,10,12,NULL,11,22,17,17,16,12,25,29,54,Complete,Final,2025-10-28
20178.0213,20178.80,H2,ESCONDIDO 80' LOT,1445 SWAYZE STREET,2025-10-28,2025-11-03,2025-11-25,2025-12-01,2025-12-12,2025-12-22,2026-01-13,NULL,NULL,NULL,2025-11-06,2025-11-21,2025-11-26,2025-12-18,2025-12-23,2026-01-13,2026-04-26,2026-05-21,2026-09-11,6,22,6,11,10,22,NULL,NULL,NULL,NULL,9,18,17,1,3,17,12,11,11,22,17,NULL,16,NULL,25,113,54,Interior,Trim,2026-01-13
20181.1009,582,H5,BRIDGELAND 55' LOT,10710 RATTLEBOX COURT,2025-10-02,2025-10-10,2025-10-29,2025-11-04,2025-11-14,2025-11-20,2025-12-10,2026-01-09,2026-01-15,NULL,2025-10-10,2025-10-29,2025-11-03,2025-11-13,2025-11-26,2025-12-04,2026-01-05,2026-01-15,2026-05-01,8,19,6,10,6,20,30,6,NULL,8,9,19,15,NULL,5,9,16,12,12,14,17,26,18,13,10,106,76,Complete,Final,2026-01-15
20181.1207,619,H5,BRIDGELAND 45' LOT,10711 LINNAEUS LANE (M),2026-01-05,2026-01-09,2026-01-20,2026-01-22,NULL,NULL,NULL,NULL,NULL,NULL,2026-01-16,2026-01-20,2026-01-25,2026-04-26,2026-05-12,2026-05-29,2026-06-21,2026-07-01,2026-08-06,4,11,2,NULL,NULL,NULL,NULL,NULL,NULL,11,9,11,15,5,5,NULL,16,16,12,17,17,23,18,NULL,10,36,76,Mechanicals,Cornice,2026-01-22
20183.0234,220,H2,AUDUBON PARK 45' LOT,475 AUDUBONS SHEARWATER WAY,2025-10-27,2025-11-10,2025-11-21,2025-11-26,2025-12-09,2025-12-17,2025-12-31,2026-01-20,NULL,NULL,2025-11-09,2025-11-22,2025-11-23,2025-12-08,2025-12-28,2025-12-30,2026-01-16,2026-04-26,2026-06-01,14,11,5,13,8,14,20,NULL,NULL,13,9,12,17,2,3,12,12,19,11,13,17,16,16,15,25,36,54,Final,Interior,2026-01-20
20205.0182,791,H4,THE HIGHLANDS 45' LOT,9644 MOUNT BREWER LANE,2025-11-10,2025-11-18,2025-11-27,2025-12-03,2025-12-11,2025-12-23,2026-01-09,2026-01-21,NULL,NULL,2025-11-20,2025-11-30,2025-11-30,2025-12-12,2025-12-22,2026-01-07,2026-01-24,2026-04-26,2026-05-27,8,9,6,8,12,17,12,NULL,NULL,10,9,NULL,12,NULL,3,NULL,9,11,10,15,15,15,17,8,13,31,97,Final,Interior,2026-01-21
20215.0307,194,H4,ARTAVIA 45' LOT,18222 UPPER BROOK STREET,2025-07-31,2025-08-05,2025-08-13,2025-08-15,2025-08-26,2025-09-04,2025-09-19,2025-09-26,2025-10-15,NULL,2025-08-07,2025-08-09,2025-08-18,2025-08-24,2025-09-05,2025-09-19,2025-10-06,2025-10-15,2026-04-26,5,8,2,11,9,15,7,19,NULL,7,9,4,12,5,3,NULL,9,NULL,10,NULL,15,NULL,17,NULL,13,152,97,Complete,Final,2025-10-15
20238.0710,626,H5,ELYSON 65' LOT,7114 AUGUSTA GROVE DRIVE,2026-01-05,2026-01-15,NULL,NULL,NULL,NULL,NULL,NULL,NULL,NULL,2026-01-16,2026-04-26,2026-05-03,2026-05-17,2026-05-30,2026-06-16,2026-07-02,2026-07-11,2026-09-26,10,NULL,NULL,NULL,NULL,NULL,NULL,NULL,NULL,11,9,14,15,7,5,14,16,13,12,NULL,17,16,18,9,10,77,76,Frame,Foundation,2026-01-15
20238.0813,159,H5,ELYSON 70' LOT,7106 QUAKER MEADOWS DRIVE,2025-07-17,2025-07-23,2025-08-07,2025-08-12,2025-08-23,2025-09-02,2025-09-15,2025-10-01,2025-10-14,NULL,2025-07-25,2025-08-05,2025-08-13,2025-09-01,2025-09-06,2025-09-19,2025-09-29,2025-10-14,2026-04-26,6,15,5,11,10,13,16,13,NULL,8,9,13,15,6,5,20,16,14,12,17,17,14,18,NULL,10,95,76,Complete,Final,2025-10-14
20243.0256,175,H5,MARVIDA 45' LOT,8707 BLUE CORAL LANE,2025-10-23,2025-10-31,2025-11-13,2025-11-19,2025-12-05,2025-12-12,2025-12-30,2026-01-14,2026-01-22,NULL,2025-11-01,2025-11-14,2025-11-18,2025-12-03,2025-12-14,2025-12-28,2026-01-12,2026-01-22,2026-04-26,8,13,6,16,7,18,15,8,NULL,9,9,14,15,5,5,14,16,9,12,16,17,13,18,8,10,88,76,Complete,Final,2026-01-22
20252.0334,290,H6,STONECREEK ESTATES 50' LOT,5231 FLAT STONE LANE,2025-05-19,2025-05-30,2025-06-16,2025-06-23,2025-07-03,2025-07-14,2025-07-29,2025-08-19,2025-08-29,NULL,2025-05-31,2025-06-14,2025-06-21,2025-07-06,2025-07-13,2025-07-30,2025-08-20,2025-08-29,2026-04-26,11,17,7,10,11,15,21,10,NULL,12,10,15,14,5,4,13,13,10,9,16,16,22,20,13,12,32,58,Complete,Final,2025-08-29
20265.0221,133,H3,CROSS CREEK WEST 55' LOT,4506 VALERIA COTTAGE DRIVE,2025-12-01,2025-12-08,2025-12-23,2026-01-02,2026-01-10,2026-01-23,NULL,NULL,NULL,NULL,2025-12-09,2025-12-24,2025-12-27,2026-01-16,2026-01-21,2026-04-26,2026-05-19,2026-05-31,2026-07-05,7,15,10,8,13,NULL,NULL,NULL,NULL,8,9,16,15,4,5,14,12,11,9,14,16,NULL,23,NULL,12,35,81,Trim,Sheetrock,2026-01-23
20267.0407,774,H3,CANDELA 60' LOT,26711 SEPIA CIELO CIRCLE,2025-11-06,2025-11-12,2025-11-24,2025-12-01,2025-12-09,2025-12-16,2025-12-30,2026-01-15,2026-01-23,NULL,2025-11-11,2025-11-29,2025-12-01,2025-12-10,2025-12-21,2025-12-31,2026-01-15,2026-01-23,2026-04-26,6,12,7,8,7,14,16,8,NULL,5,9,17,15,7,5,9,12,12,9,15,16,16,23,8,12,NULL,81,Complete,Final,2026-01-23
20267.0532,772,H3,CANDELA 40' LOT,10422 STARFIRE YELLOW DRIVE,2025-10-07,2025-10-14,2025-11-05,2025-11-10,2025-11-15,2025-11-21,2025-12-03,NULL,NULL,NULL,2025-10-15,2025-10-28,2025-11-10,2025-11-23,2025-11-23,2025-12-07,2026-04-26,2026-05-08,2026-08-21,7,22,5,5,6,12,NULL,NULL,NULL,8,9,14,15,5,5,13,12,8,9,NULL,16,NULL,23,NULL,12,105,81,Interior,Trim,2025-12-03
20267.0570,773,H3,CANDELA 50' LOT,10510 STARFIRE YELLOW DRIVE,2025-11-20,2025-11-25,2025-12-04,2025-12-09,2025-12-19,2026-01-02,2026-01-13,NULL,NULL,NULL,2025-11-29,2025-12-10,2025-12-07,2025-12-20,2025-12-28,2026-01-13,2026-04-26,2026-05-08,2026-07-28,5,9,5,10,14,11,NULL,NULL,NULL,9,9,15,15,3,5,11,12,9,9,11,16,64,23,NULL,12,NULL,81,Interior,Trim,2026-01-13
20272.0458,705,H6,HARVEST GREEN 45' LOT,152 GINGER GARLIC LOOP,2025-09-19,2025-09-30,2025-10-07,2025-10-13,2025-10-22,2025-10-28,2025-11-17,2025-11-26,2025-12-08,NULL,2025-10-02,2025-10-06,2025-10-10,2025-10-21,2025-10-28,2025-11-12,2025-12-03,2025-12-08,2026-04-26,11,7,6,9,6,20,9,12,NULL,13,10,6,14,3,4,8,13,6,9,15,16,16,20,9,12,39,58,Complete,Final,2025-12-08
20286.0111,190,S1,VIDA 50' LOT,10818 SALEH CORNER,2026-01-20,NULL,NULL,NULL,NULL,NULL,NULL,NULL,NULL,NULL,2026-04-26,2026-05-12,2026-05-17,2026-05-31,2026-06-16,2026-07-04,2026-07-25,2026-08-26,2027-01-02,NULL,NULL,NULL,NULL,NULL,NULL,NULL,NULL,NULL,20,16,16,11,5,7,14,15,16,18,18,17,21,28,32,15,129,110,Foundation,Released,2026-01-20
20288.1254,685,S1,KALLISON RANCH 45' LOT (A),9940 PALADIN RIDGE,2025-10-09,2025-10-20,2025-10-29,2025-10-30,2025-11-11,2025-11-19,2025-12-08,2025-12-29,2026-01-21,NULL,2025-10-20,2025-10-28,2025-11-04,2025-11-13,2025-12-05,2025-12-06,2026-01-03,2026-01-21,2026-04-26,11,9,1,12,8,19,21,23,NULL,11,16,8,11,6,7,14,15,24,18,NULL,17,26,28,18,15,32,110,Complete,Final,2026-01-21
20288.1278,685,S1,KALLISON RANCH 45' LOT (A),9933 PALADIN RIDGE,2025-09-23,2025-10-02,2025-10-10,2025-10-10,2025-10-27,2025-11-11,NULL,2025-12-12,2025-12-30,NULL,2025-10-04,2025-10-10,2025-10-16,2025-10-24,2025-11-20,2025-11-28,2025-12-24,2025-12-30,2026-04-26,9,8,0,17,15,NULL,NULL,18,NULL,11,16,8,11,6,7,14,15,24,18,NULL,17,26,28,18,15,32,110,Complete,Final,2025-12-30
20288.1385,685,S1,KALLISON RANCH 45' LOT (A),10219 BELLE PARKWAY,2026-01-29,NULL,NULL,NULL,NULL,NULL,NULL,NULL,NULL,NULL,2026-04-26,2026-05-04,2026-05-10,2026-05-24,2026-06-17,2026-07-04,2026-07-30,2026-08-17,2026-09-18,NULL,NULL,NULL,NULL,NULL,NULL,NULL,NULL,NULL,11,16,8,11,6,7,14,15,24,18,NULL,17,26,28,18,15,32,110,Foundation,Released,2026-01-29
20313.0046,160,S2,CORLEY FARMS 50' LOT,144 MERRY CALF LANE,2025-09-04,2025-09-17,2025-09-25,2025-09-29,2025-10-13,2025-10-22,2025-11-05,2025-11-25,2025-12-09,NULL,2025-09-24,2025-09-27,2025-09-30,2025-10-16,2025-10-26,2025-11-07,2025-11-26,2025-12-09,2026-04-26,13,8,4,14,9,14,20,14,NULL,NULL,20,10,10,5,7,17,17,13,12,16,17,21,30,14,16,88,96,Complete,Final,2025-12-09
20314.0156,744,S2,KINDER RANCH 70' LOT,28321 SEPPENFIELD,2025-10-09,2025-10-20,2025-10-29,2025-11-03,2025-11-14,2025-11-24,2025-12-03,2026-01-09,NULL,NULL,2025-10-26,2025-11-01,2025-11-04,2025-11-20,2025-11-26,2025-12-11,2026-01-11,2026-04-26,2026-05-24,11,9,5,11,10,9,37,NULL,NULL,17,20,12,10,6,7,NULL,17,NULL,12,NULL,17,39,30,NULL,16,28,96,Final,Interior,2026-01-09
20315.0099,740,S2,JOHNSON RANCH 55' LOT,31241 FALLOW WAY,2025-08-07,2025-08-15,2025-08-25,2025-08-29,2025-09-10,2025-09-22,2025-10-03,2025-11-14,2025-12-01,NULL,2025-08-21,2025-08-27,2025-09-01,2025-09-13,2025-09-17,2025-10-12,2025-11-05,2025-12-01,2026-04-26,8,10,4,12,12,11,42,17,NULL,14,20,12,10,7,7,15,17,7,12,20,17,33,30,15,16,75,96,Complete,Final,2025-12-01
20315.0140,20315.70,S2,JOHNSON RANCH 70' LOT,31164 CLOVER PASS,2025-11-11,2025-11-20,2025-12-01,2025-12-08,2025-12-18,2025-12-30,2026-01-12,NULL,NULL,NULL,2025-11-30,2025-11-30,2025-12-08,2025-12-25,2025-12-29,2026-01-11,2026-04-26,2026-05-04,2026-07-10,9,11,7,10,12,13,NULL,NULL,NULL,19,20,NULL,10,NULL,7,NULL,17,11,12,12,17,27,30,8,16,67,96,Interior,Trim,2026-01-12
20320.0100,20320.80,S2,ESPERANZA 80' LOT,105 TORTUGA,2025-08-07,2025-08-18,2025-08-29,2025-09-03,2025-09-16,2025-10-13,2025-10-21,2025-11-10,2025-12-15,NULL,2025-08-31,2025-08-27,2025-09-19,2025-09-17,2025-09-30,2025-11-14,2025-11-10,2025-12-15,2026-08-30,11,11,5,13,27,8,20,35,NULL,24,20,9,10,21,7,14,17,14,12,32,17,20,30,10,16,258,96,Complete,Final,2025-12-15
20320.0121,20320.60,S2,ESPERANZA 60' LOT,429 VERDAD WAY,2025-12-04,2025-12-31,2025-12-31,2026-01-09,2026-01-19,2026-01-20,NULL,NULL,NULL,NULL,2025-12-27,2026-01-04,2026-01-09,2026-01-19,2026-01-26,2026-04-26,2026-05-26,2026-06-11,2027-02-01,27,0,9,10,1,NULL,NULL,NULL,NULL,23,20,4,10,9,7,10,17,7,12,23,17,NULL,30,NULL,16,235,96,Trim,Sheetrock,2026-01-20
20344.0226,289,S3,MEADOWS OF MILL CREEK 60' LOT,2913 HARVEST MOON,2025-12-03,2025-12-15,2026-01-12,2026-01-14,2026-01-23,NULL,NULL,NULL,NULL,NULL,2025-12-12,2025-12-30,2026-01-21,2026-01-23,2026-04-26,2026-05-09,2026-05-30,2026-06-18,2026-09-04,12,28,2,9,NULL,NULL,NULL,NULL,NULL,9,14,15,12,9,7,9,15,10,12,13,15,21,23,19,12,78,98,Sheetrock,Mechanical,2026-01-23
20345.0066,283,S3,MAYFAIR 50' LOT,414 CLEVELAND WAY,2026-01-26,NULL,NULL,NULL,NULL,NULL,NULL,NULL,NULL,NULL,2026-04-26,2026-05-03,2026-05-07,2026-05-22,2026-06-03,2026-06-18,2026-07-11,2026-07-23,2026-09-18,NULL,NULL,NULL,NULL,NULL,NULL,NULL,NULL,NULL,12,14,7,12,4,7,NULL,15,NULL,12,NULL,15,NULL,23,NULL,12,57,98,Foundation,Released,2026-01-26
20352.0014,20352.40,H6,BROOKEWATER 40' LOT,418 BIG PINE TRAIL,2025-11-18,2025-11-25,2025-12-10,2025-12-18,2026-01-06,2026-01-06,NULL,NULL,NULL,NULL,2025-11-30,2025-12-11,2025-12-13,2026-01-05,2026-01-18,2026-04-26,2026-05-16,2026-05-25,2026-09-03,7,15,8,19,0,NULL,NULL,NULL,NULL,12,10,16,14,3,4,18,13,12,9,18,16,20,20,9,12,101,58,Trim,Sheetrock,2026-01-06
20352.0045,20352.40,H6,BROOKEWATER 40' LOT,5202 ELOISE HARPER LANE (M),2024-05-24,2024-05-28,2024-05-31,2024-06-06,2024-06-12,2024-06-18,2024-07-10,2024-08-05,2024-08-13,NULL,2024-06-05,2024-06-13,2024-06-03,2024-06-24,2024-06-24,2024-07-06,2024-07-30,2024-08-13,2026-04-26,4,3,6,6,6,22,26,8,NULL,12,10,16,14,3,4,18,13,12,9,18,16,20,20,9,12,101,58,Complete,Final,2024-08-13
20353.0023,20353.50,A1,PARMER RANCH 50' LOT,717 ESTACADO LANE,2025-11-20,NULL,NULL,NULL,NULL,NULL,NULL,NULL,NULL,NULL,2026-04-26,2026-05-04,2026-05-09,2026-05-28,2026-06-09,2026-06-23,2026-07-10,2026-07-22,2027-01-03,NULL,NULL,NULL,NULL,NULL,NULL,NULL,NULL,NULL,18,15,8,9,5,6,19,15,12,13,14,17,17,39,12,11,165,96,Foundation,Released,2025-11-20
20353.0046,20353.50,A1,PARMER RANCH 50' LOT,1325 GLEN HEATHER DRIVE (C),2024-06-28,2024-07-17,2024-07-18,2024-07-25,2024-08-06,2024-08-19,NULL,NULL,NULL,NULL,2024-07-16,2024-07-25,2024-07-23,2024-08-13,2024-08-18,2026-04-26,2026-05-13,2026-05-25,2026-11-06,19,1,7,12,13,NULL,NULL,NULL,NULL,18,15,8,9,5,6,19,15,12,13,14,17,17,39,12,11,165,96,Trim,Sheetrock,2024-08-19
20358.0011,20358.50,H2,TWO STEP FARM 50' LOT,11446 GOOD CHEER LANE (C),2025-11-13,2025-12-01,2025-12-09,2025-12-12,2025-12-19,2026-01-05,NULL,NULL,NULL,NULL,2025-12-01,2025-12-20,2025-12-17,2025-12-21,2025-12-29,2026-04-26,2026-05-12,2026-06-06,2026-07-30,18,8,3,7,17,NULL,NULL,NULL,NULL,18,9,19,17,8,3,9,12,10,11,15,17,NULL,16,NULL,25,NULL,54,Trim,Sheetrock,2026-01-05
20359.0032,20359.50,H3,GRANGE 50' LOT,433 SPRIGTAIL DRIVE,2026-01-27,NULL,NULL,NULL,NULL,NULL,NULL,NULL,NULL,NULL,2026-04-26,2026-05-13,2026-05-18,2026-06-02,2026-06-11,2026-06-23,2026-07-16,2026-07-22,2026-10-14,NULL,NULL,NULL,NULL,NULL,NULL,NULL,NULL,NULL,8,9,17,15,5,5,15,12,9,9,12,16,NULL,23,6,12,84,81,Foundation,Released,2026-01-27
20360.0024,20360.65,A3,PARTEN 65' LOT,529 LEANING ROCK RIDGE (C),2025-04-29,2025-05-16,2025-05-23,2025-06-03,2025-06-18,2025-07-03,NULL,NULL,NULL,NULL,2025-05-21,2025-05-28,2025-05-27,2025-06-29,2025-07-06,2026-04-26,2026-06-07,2026-06-14,2026-08-19,17,7,11,15,15,NULL,NULL,NULL,NULL,22,17,12,9,4,5,26,21,18,13,16,14,42,37,7,12,66,64,Trim,Sheetrock,2025-07-03
20361.0028,20361.70,D4,ADKINS PARK 70' LOT,725 BEAR CREEK DRIVE,2026-01-26,NULL,NULL,NULL,NULL,NULL,NULL,NULL,NULL,NULL,2026-04-26,2026-05-09,2026-05-20,2026-06-09,2026-06-22,2026-07-04,2026-07-28,2026-09-06,2026-10-15,NULL,NULL,NULL,NULL,NULL,NULL,NULL,NULL,NULL,17,14,NULL,13,11,5,20,17,NULL,13,NULL,12,NULL,24,NULL,40,NULL,39,Foundation,Released,2026-01-26
20366.0019,20366.62,D1,TERRACES 62' LOT,1927 DESCENT LANE,2025-07-28,2025-08-12,2025-08-26,2025-08-29,2025-09-11,2025-09-25,2025-10-17,2025-11-13,2025-11-18,NULL,2025-08-14,2025-08-24,2025-09-08,2025-09-11,2025-09-25,2025-10-14,2025-11-01,2025-11-18,2026-04-26,15,14,3,13,14,22,27,5,NULL,17,14,12,13,13,6,13,16,14,12,19,18,15,17,13,17,28,60,Complete,Final,2025-11-18
20366.0030,20366.62,D1,TERRACES 62' LOT,1109 VISTA WAY,2026-01-28,NULL,NULL,NULL,NULL,NULL,NULL,NULL,NULL,NULL,2026-04-26,2026-05-08,2026-05-21,2026-06-03,2026-06-17,2026-07-06,2026-07-21,2026-08-03,2026-08-31,NULL,NULL,NULL,NULL,NULL,NULL,NULL,NULL,NULL,17,14,12,13,13,6,13,16,14,12,19,18,15,17,13,17,28,60,Foundation,Released,2026-01-28
20366.0060,20366.72,D1,TERRACES 72' LOT,1936 FOOTHILL ROAD,2025-12-08,2025-12-19,2026-01-05,2026-01-08,2026-01-21,NULL,NULL,NULL,NULL,NULL,2025-12-22,2026-01-03,2026-01-07,2026-01-19,2026-04-26,2026-05-14,2026-05-31,2026-06-17,2026-10-18,11,17,3,13,NULL,NULL,NULL,NULL,NULL,14,14,15,13,2,6,11,16,6,12,NULL,18,NULL,17,NULL,17,123,60,Sheetrock,Mechanical,2026-01-21
20366.0115,20366.82,D1,TERRACES 82'/100' LOT,1903 GRAND AVENUE,2025-02-27,2025-04-09,2025-04-24,2025-04-30,2025-05-17,2025-05-29,2025-06-16,2025-07-15,2025-08-11,NULL,2025-03-13,2025-04-22,2025-04-30,2025-05-16,2025-06-03,2025-06-14,2025-07-03,2025-08-11,2026-04-26,41,15,6,17,12,18,29,27,NULL,NULL,14,NULL,13,NULL,6,NULL,16,17,12,16,18,NULL,17,28,17,NULL,60,Complete,Final,2025-08-11
20367.0026,20367.55,F1,MANDARIN GROVE 55' LOT,3901 109TH STREET EAST,2025-12-12,2025-12-29,NULL,NULL,NULL,NULL,NULL,NULL,NULL,NULL,2025-12-26,2026-04-26,NULL,2026-05-17,2026-06-01,2026-06-23,2026-07-19,2026-09-04,2026-09-21,17,NULL,NULL,NULL,NULL,NULL,NULL,NULL,NULL,14,15,30,28,NULL,NULL,21,31,NULL,15,NULL,22,26,46,NULL,47,NULL,17,Frame,Foundation,2025-12-29
20367.0052,20367.55,F1,MANDARIN GROVE 55' LOT,11118 37TH AVENUE EAST (M),2024-10-31,2024-11-13,2024-12-10,2025-01-17,2025-02-11,2025-02-24,2025-03-04,2025-04-02,2025-05-22,NULL,2024-11-14,2024-12-13,NULL,2024-12-31,2025-02-26,2025-03-18,2025-03-30,2025-05-22,2026-04-26,13,27,NULL,63,13,8,29,50,NULL,14,15,30,28,NULL,NULL,21,31,NULL,15,NULL,22,26,46,NULL,47,NULL,17,Complete,Final,2025-05-22
20371.0011,20371.40,H3,CANDELA SOUTH 40' LOT,8607 MAE JAMES TRAIL,2025-10-02,2025-10-08,2025-10-29,2025-11-04,2025-11-10,2025-11-13,2025-12-01,2025-12-10,2025-12-19,NULL,2025-10-17,2025-10-19,2025-11-04,2025-11-09,2025-11-17,2025-11-26,2025-12-15,2025-12-19,2026-04-26,6,21,6,6,3,18,9,9,NULL,15,9,11,15,6,5,5,12,7,9,13,16,14,23,14,12,NULL,81,Complete,Final,2025-12-19
20372.0011,20372.60,D4,TALON HILLS 60'/70',7412 HARRIER STREET,2026-01-20,NULL,NULL,NULL,NULL,NULL,NULL,NULL,NULL,NULL,2026-04-26,2026-05-09,2026-05-14,2026-05-31,2026-06-13,2026-07-02,2026-07-17,2026-08-10,2027-01-15,NULL,NULL,NULL,NULL,NULL,NULL,NULL,NULL,NULL,NULL,14,NULL,13,NULL,5,NULL,17,NULL,13,19,12,15,24,24,40,158,39,Foundation,Released,2026-01-20
20372.0029,20372.60,D4,TALON HILLS 60'/70',7412 WAYWARD WIND DRIVE (M),2025-02-27,2025-03-04,2025-03-10,2025-03-12,2025-03-21,2025-03-28,2025-04-11,2025-04-16,2025-04-23,NULL,2025-03-13,2025-03-17,2025-03-15,2025-03-29,2025-04-03,2025-04-16,2025-04-26,2025-04-23,2026-04-26,5,6,2,9,7,14,5,7,NULL,NULL,14,NULL,13,NULL,5,NULL,17,NULL,13,19,12,15,24,24,40,158,39,Complete,Final,2025-04-23
20372.0041,20372.60,D4,TALON HILLS 60'/70',7317 WAYWARD WIND DRIVE,2026-01-26,NULL,NULL,NULL,NULL,NULL,NULL,NULL,NULL,NULL,2026-04-26,2026-05-09,2026-05-14,2026-05-31,2026-06-13,2026-07-02,2026-07-17,2026-08-10,2027-01-15,NULL,NULL,NULL,NULL,NULL,NULL,NULL,NULL,NULL,NULL,14,NULL,13,NULL,5,NULL,17,NULL,13,19,12,15,24,24,40,158,39,Foundation,Released,2026-01-26
20373.0089,20373.70,A2,PARKSIDE ON THE RIVER WEST 70'/80' LOT,1069 SUNSET HILL WAY,2025-09-10,2025-09-27,2025-10-10,2025-10-15,2025-11-07,2025-11-20,2025-12-04,2026-01-13,NULL,NULL,2025-10-18,2025-10-12,2025-10-17,2025-11-02,2025-11-17,2025-12-06,2026-01-16,2026-04-26,2026-05-04,17,13,5,23,13,14,40,NULL,NULL,38,27,15,11,7,6,NULL,18,NULL,10,NULL,16,43,33,29,16,8,120,Final,Interior,2026-01-13
20374.0036,20374.50,F1,MAGNOLIA BAY 50' LOT,395 SUN CHASER DRIVE,2025-11-20,2025-12-08,2026-01-06,NULL,NULL,NULL,NULL,NULL,NULL,NULL,2025-12-06,2026-01-09,NULL,2026-04-26,2026-05-10,2026-05-22,2026-07-07,2026-08-23,2026-09-12,18,29,NULL,NULL,NULL,NULL,NULL,NULL,NULL,16,15,32,28,NULL,NULL,22,31,14,15,12,22,NULL,46,NULL,47,20,17,Mechanicals,Frame,2026-01-06
20375.0063,20375.60,F1,TURNLEAF 60' LOT,13092 CAMELOT LANE,2025-05-29,2025-06-11,2025-07-25,NULL,2025-08-26,2025-09-15,2025-10-27,2025-11-24,NULL,NULL,2025-06-13,2025-07-09,NULL,2025-08-25,2025-09-10,2025-10-07,2025-12-12,2026-04-26,2026-05-13,13,44,NULL,32,20,42,28,NULL,NULL,NULL,15,NULL,28,NULL,NULL,NULL,31,NULL,15,NULL,22,NULL,46,72,47,NULL,17,Final,Interior,2025-11-24
20376.0009,20376.40,H2,WOODHAVYN 40' LOT,30414 CREEK VALLEY COURT,2025-04-10,2025-04-16,2025-04-29,2025-05-05,2025-05-14,2025-05-19,2025-06-06,2025-11-12,2025-11-26,NULL,2025-04-19,2025-04-25,2025-05-02,2025-05-14,2025-05-25,2025-06-05,2025-06-22,2025-11-26,2026-04-26,6,13,6,9,5,18,159,14,NULL,9,9,9,17,3,3,9,12,NULL,11,NULL,17,NULL,16,NULL,25,34,54,Complete,Final,2025-11-26
20379.0007,20379.50,A1,ELDORADO 50' LOT,112 ENSBERG LANE,2025-03-06,2025-03-27,2025-04-07,2025-04-08,2025-04-17,2025-04-23,2025-05-27,2025-09-05,2025-09-23,NULL,2025-03-13,2025-04-03,2025-04-14,2025-04-19,2025-04-26,2025-05-08,2025-07-05,2025-09-23,2026-04-26,21,11,1,9,6,34,101,18,NULL,7,15,7,9,7,6,11,15,9,13,15,17,NULL,39,NULL,11,103,96,Complete,Final,2025-09-23
20379.0015,20379.50,A1,ELDORADO 50' LOT,108 BURKE STREET,2025-03-12,2025-03-31,2025-04-10,2025-04-10,2025-04-28,2025-05-05,2025-06-23,2025-09-05,2025-09-15,NULL,2025-03-19,2025-04-07,2025-04-17,2025-04-21,2025-05-07,2025-05-20,2025-08-01,2025-09-15,2026-04-26,19,10,0,18,7,49,74,10,NULL,7,15,7,9,7,6,11,15,9,13,15,17,NULL,39,NULL,11,103,96,Complete,Final,2025-09-15
20380.0004,20380.60,F1,GLYNLEA COUNTRY CLUB 60' LOT,6703 NW GLYNLEA BOULEVARD SOUTH (M),2025-05-30,2025-06-03,2025-06-30,NULL,2025-08-07,2025-08-20,2025-09-12,2025-10-02,2025-11-11,NULL,2025-06-13,2025-06-28,NULL,2025-07-22,2025-08-22,2025-09-08,2025-10-21,2025-11-11,2026-04-26,4,27,NULL,38,13,23,20,40,NULL,14,15,25,28,NULL,NULL,22,31,NULL,15,19,22,39,46,NULL,47,NULL,17,Complete,Final,2025-11-11
20380.0056,20380.60,F1,GLYNLEA COUNTRY CLUB 60' LOT,10953 NORTHWEST GLYNLEA BOULEVARD NORTH,2025-12-18,2026-01-06,NULL,NULL,NULL,NULL,NULL,NULL,NULL,NULL,2026-01-01,2026-04-26,NULL,2026-05-18,2026-06-02,2026-06-21,2026-07-30,2026-09-15,2026-10-02,19,NULL,NULL,NULL,NULL,NULL,NULL,NULL,NULL,14,15,25,28,NULL,NULL,22,31,NULL,15,19,22,39,46,NULL,47,NULL,17,Frame,Foundation,2026-01-06
20380.0063,20380.60,F1,GLYNLEA COUNTRY CLUB 60' LOT,10897 NORTHWEST GLYNLEA BOULEVARD NORTH,2025-12-03,2025-12-11,2026-01-05,NULL,2026-01-27,NULL,NULL,NULL,NULL,NULL,2025-12-17,2026-01-05,NULL,2026-01-27,2026-04-26,2026-05-15,2026-06-23,2026-08-09,2026-08-26,8,25,NULL,22,NULL,NULL,NULL,NULL,NULL,14,15,25,28,NULL,NULL,22,31,NULL,15,19,22,39,46,NULL,47,NULL,17,Sheetrock,Mechanical,2026-01-27
20381.0043,20381.65,S3,CIBOLO VALLEY HEIGHTS 65' LOT,114 KRAMM TRAIL,2025-11-24,2025-12-05,2025-12-18,2025-12-29,2026-01-09,2026-01-22,NULL,NULL,NULL,NULL,2025-12-06,2025-12-17,2025-12-25,2026-01-10,2026-01-22,2026-04-26,2026-05-17,2026-05-29,2026-08-29,11,13,11,11,13,NULL,NULL,NULL,NULL,12,14,12,12,7,7,12,15,13,12,18,15,21,23,NULL,12,92,98,Trim,Sheetrock,2026-01-22
20381.0055,20381.65,S3,CIBOLO VALLEY HEIGHTS 65' LOT,207 KRUEGER WAY,2026-01-28,NULL,NULL,NULL,NULL,NULL,NULL,NULL,NULL,NULL,2026-04-26,2026-05-08,2026-05-15,2026-05-27,2026-06-09,2026-06-27,2026-07-18,2026-07-30,2026-10-30,NULL,NULL,NULL,NULL,NULL,NULL,NULL,NULL,NULL,12,14,12,12,7,7,12,15,13,12,18,15,21,23,NULL,12,92,98,Foundation,Released,2026-01-28
20382.0023,20382.60,D1,MYRTLE CREEK 60' LOT,277 WOODOAT ROAD,2025-06-11,2025-07-07,2025-07-17,2025-07-25,2025-08-05,2025-08-18,2025-09-01,2025-09-24,2025-10-29,NULL,2025-06-21,2025-07-18,2025-07-19,2025-08-10,2025-08-17,2025-09-05,2025-09-18,2025-10-29,2026-04-26,26,10,8,11,13,14,23,35,NULL,10,14,11,13,2,6,NULL,16,NULL,12,NULL,18,NULL,17,NULL,17,81,60,Complete,Final,2025-10-29
20383.0086,20383.50,D3,THE HEIGHTS AT UPTOWN CELINA 50' LOT,808 DUKE LANE,2026-01-26,NULL,NULL,NULL,NULL,NULL,NULL,NULL,NULL,NULL,2026-04-26,2026-05-06,2026-05-09,2026-05-22,2026-06-04,2026-06-24,2026-07-23,2026-08-13,2026-12-26,NULL,NULL,NULL,NULL,NULL,NULL,NULL,NULL,NULL,NULL,12,NULL,10,NULL,3,NULL,13,NULL,13,NULL,20,NULL,29,NULL,21,135,92,Foundation,Released,2026-01-26
20384.0009,20384.70,S2,DOMINION 70' LOT,35 ENIA CIRCLE,2025-06-03,2025-06-25,2025-07-02,2025-07-10,2025-07-25,2025-08-07,2025-08-22,2025-09-23,2025-10-16,NULL,2025-06-15,2025-07-05,2025-07-19,2025-08-02,2025-08-06,2025-08-24,2025-09-20,2025-10-16,2026-04-26,22,7,8,15,13,15,32,23,NULL,12,20,NULL,10,17,7,23,17,NULL,12,NULL,17,29,30,20,16,NULL,96,Complete,Final,2025-10-16
20387.0006,20387.60,H6,AUSTIN POINT 60' LOT,4911 ARA DRIVE,2025-05-19,2025-05-23,2025-06-09,2025-06-18,2025-06-30,2025-07-14,2025-08-05,2025-10-20,2025-12-08,NULL,2025-05-24,2025-06-04,2025-06-13,2025-06-29,2025-07-09,2025-07-30,2025-08-25,2025-12-08,2026-04-26,4,17,9,12,14,22,76,49,NULL,5,10,12,14,4,4,11,13,NULL,9,NULL,16,NULL,20,NULL,12,20,58,Complete,Final,2025-12-08
20389.0008,20389.55,S2,HIDDEN CANYON 55' LOT,423 CANYON PATH,2025-07-24,2025-08-06,2025-08-13,2025-08-18,2025-09-11,2025-09-29,2025-10-14,2025-11-04,2025-11-19,NULL,2025-09-20,2025-08-16,2025-08-16,2025-09-13,2025-09-23,2025-10-18,2025-11-07,2025-11-19,2026-04-26,13,7,5,24,18,15,21,15,NULL,58,20,10,10,3,7,26,17,NULL,12,19,17,24,30,12,16,NULL,96,Complete,Final,2025-11-19
20390.0014,20390.1A,S3,THE PRESERVE AT ELM CREEK 1 ACRE LOT,207 ALDER LANE,2025-06-30,2025-07-08,2025-07-08,2025-07-24,2025-08-01,2025-08-22,2025-09-09,2025-10-14,2025-11-26,NULL,2025-08-04,2025-07-18,2025-07-18,2025-08-06,2025-08-14,2025-09-06,2025-10-02,2025-11-26,2026-04-26,8,0,16,8,21,18,35,43,NULL,35,14,10,12,10,7,13,15,13,12,NULL,15,NULL,23,NULL,12,NULL,98,Complete,Final,2025-11-26
20391.0025,20391.50,H1,LEGACY 50' LOT,749 EAGLE FORD LANE (C),2025-07-28,2025-08-11,2025-08-20,2025-09-02,2025-09-05,2025-09-15,NULL,NULL,NULL,NULL,2025-08-12,2025-08-30,2025-08-28,2025-09-12,2025-09-14,2026-04-26,2026-07-31,2026-08-10,2026-11-06,14,9,13,3,10,NULL,NULL,NULL,NULL,15,11,NULL,19,NULL,8,10,11,9,12,22,19,96,41,10,10,NULL,88,Trim,Sheetrock,2025-09-15
20394.0046,20394.70,D4,LAKEWOOD VILLAGE 70'/90' LOT,1505 SUNSET POINT DRIVE,2026-01-28,NULL,NULL,NULL,NULL,NULL,NULL,NULL,NULL,NULL,2026-04-26,2026-05-09,2026-05-14,2026-05-31,2026-06-13,2026-06-25,2026-07-19,2026-08-29,2026-09-04,NULL,NULL,NULL,NULL,NULL,NULL,NULL,NULL,NULL,NULL,14,NULL,13,NULL,5,NULL,17,NULL,13,NULL,12,NULL,24,41,40,6,39,Foundation,Released,2026-01-28
20398.0024,20398.45,H2,EVERLY 45' LOT,18726 BUTTERCUP FARMS LANE,2025-08-13,2025-08-20,2025-08-27,2025-09-05,2025-09-10,2025-09-18,2025-09-30,2025-11-24,2026-01-09,NULL,2025-08-19,2025-09-02,2025-08-29,2025-09-16,2025-09-21,2025-10-05,2025-10-16,2026-01-09,2026-04-26,7,7,9,5,8,12,55,46,NULL,6,9,13,17,2,3,11,12,11,11,NULL,17,NULL,16,43,25,NULL,54,Complete,Final,2026-01-09
20398.0118,20398.60,H2,EVERLY 60' LOT,18811 CORNELIA FIELDS LANE,2025-06-13,2025-06-23,2025-07-17,2025-07-18,2025-07-31,2025-08-08,2025-08-25,NULL,NULL,NULL,2025-06-19,2025-07-07,2025-07-20,2025-07-28,2025-08-11,2025-08-25,2026-04-26,2026-05-21,2026-07-14,10,24,1,13,8,17,NULL,NULL,NULL,6,9,14,17,3,3,10,12,NULL,11,NULL,17,NULL,16,NULL,25,NULL,54,Interior,Trim,2025-08-25
20399.0024,20399.50,S1,BRIGGS RANCH 50' LOT,13322 BLUE CEDAR,2025-12-10,2025-12-26,2026-01-09,2026-01-20,2026-01-29,NULL,NULL,NULL,NULL,NULL,2025-12-26,2026-01-08,2026-01-16,2026-02-02,2026-04-26,2026-05-13,2026-06-10,2026-06-25,2026-10-13,16,14,11,9,NULL,NULL,NULL,NULL,NULL,16,16,13,11,7,7,13,15,NULL,18,NULL,17,NULL,28,NULL,15,NULL,110,Sheetrock,Mechanical,2026-01-29
20400.0022,20400.1A,D3,ENCHANTED CREEK 1 ACRE LOT,201 COTTAR DRIVE,2025-08-22,2025-09-04,2025-09-23,2025-09-23,2025-10-27,2025-11-14,2025-12-09,2026-01-28,NULL,NULL,2025-09-07,2025-09-12,2025-09-26,2025-10-06,2025-11-09,2025-12-04,2026-01-27,2026-04-26,2026-07-27,13,19,0,34,18,25,50,NULL,NULL,16,12,8,10,NULL,3,NULL,13,NULL,13,NULL,20,49,29,NULL,21,NULL,92,Final,Interior,2026-01-28
20405.0078,20405.60,F1,STAR FARMS AT LAKEWOOD RANCH 60' LOT,3409 COUNTRY VIEW COURT (M),2025-12-02,2025-12-10,2026-01-07,NULL,NULL,NULL,NULL,NULL,NULL,NULL,2025-12-11,2026-01-07,NULL,2026-04-26,2026-05-11,2026-06-02,2026-07-18,2026-09-03,2026-09-20,8,28,NULL,NULL,NULL,NULL,NULL,NULL,NULL,9,15,NULL,28,NULL,NULL,NULL,31,NULL,15,NULL,22,NULL,46,NULL,47,NULL,17,Mechanicals,Frame,2026-01-07
20410.0003,20410.55,H1,MIDLINE 55' LOT,18114 MIDLINE LANDING TRAIL (M),2025-12-01,2025-12-05,2025-12-17,2025-12-29,2026-01-07,2026-01-15,NULL,NULL,NULL,NULL,2025-12-10,2025-12-24,2025-12-25,2026-01-09,2026-01-19,2026-04-26,2026-06-06,2026-06-16,2026-09-12,4,12,12,9,8,NULL,NULL,NULL,NULL,9,11,NULL,19,NULL,8,NULL,11,NULL,12,NULL,19,NULL,41,NULL,10,NULL,88,Trim,Sheetrock,2026-01-15
210091,210,A3,CROSSWINDS 50' LOT,626 BAY BREEZE DRIVE,2025-12-23,2026-01-03,2026-01-09,2026-01-14,2026-01-23,NULL,NULL,NULL,NULL,NULL,2026-01-03,2026-01-10,2026-01-13,2026-01-24,2026-04-26,2026-05-10,2026-06-16,2026-06-28,2026-08-31,11,6,5,9,NULL,NULL,NULL,NULL,NULL,11,17,7,9,4,5,10,21,9,13,NULL,14,NULL,37,12,12,NULL,64,Sheetrock,Mechanical,2026-01-23
210094,210,A3,CROSSWINDS 50' LOT,654 BAY BREEZE DRIVE,2025-12-05,2025-12-18,2025-12-28,2025-12-31,2026-01-12,2026-01-21,NULL,NULL,NULL,NULL,2025-12-16,2025-12-25,2026-01-01,2026-01-10,2026-01-21,2026-04-26,2026-06-02,2026-06-14,2026-08-17,13,10,3,12,9,NULL,NULL,NULL,NULL,11,17,7,9,4,5,10,21,9,13,NULL,14,NULL,37,12,12,NULL,64,Trim,Sheetrock,2026-01-21
261031,261,S2,STILLWATER RANCH 50' LOT,9303 PIONEER JUNCTION,2023-07-17,2023-07-19,2023-07-20,2023-07-24,2023-07-26,2023-08-04,2023-08-15,2023-09-10,2023-09-15,NULL,2023-08-06,2023-07-29,2023-07-27,2023-08-10,2023-08-07,2023-08-21,2023-09-14,2023-09-15,2026-04-26,2,1,4,2,9,11,26,5,NULL,NULL,20,NULL,10,NULL,7,NULL,17,NULL,12,NULL,17,NULL,30,NULL,16,NULL,96,Complete,Final,2023-09-15
263040,263,D2,THE PARKS AT WILSON CREEK 60' LOT,2424 LIBERTY COURT (M),2023-04-27,2023-05-12,2023-06-06,2023-06-09,2023-07-19,2023-08-14,2023-08-22,2023-09-18,2023-10-24,NULL,2023-05-09,2023-05-22,2023-06-10,2023-06-23,2023-07-31,2023-08-25,2023-09-08,2023-10-24,2026-04-26,15,25,3,40,26,8,27,36,NULL,NULL,12,NULL,10,NULL,4,NULL,14,NULL,12,NULL,11,NULL,17,NULL,18,NULL,88,Complete,Final,2023-10-24
268093,268,D1,AVONDALE 45' LOT,2331 BUTLER AVENUE,2025-11-03,2025-11-13,2025-11-21,2025-11-26,2025-12-10,2025-12-22,2026-01-09,2026-01-21,NULL,NULL,2025-11-17,2025-11-28,2025-11-27,2025-12-10,2025-12-22,2026-01-12,2026-01-24,2026-04-26,2026-05-22,10,8,5,14,12,18,12,NULL,NULL,NULL,14,15,13,NULL,6,14,16,12,12,21,18,15,17,7,17,26,60,Final,Interior,2026-01-21
268107,268,D1,AVONDALE 45' LOT,2519 AUBURN STREET,2025-10-14,2025-10-23,2025-11-03,2025-11-06,2025-12-02,2025-12-15,2026-01-09,2026-01-21,NULL,NULL,2025-10-28,2025-11-07,2025-11-09,2025-11-20,2025-12-14,2026-01-05,2026-01-24,2026-04-26,2026-05-22,9,11,3,26,13,25,12,NULL,NULL,NULL,14,15,13,NULL,6,14,16,12,12,21,18,15,17,7,17,26,60,Final,Interior,2026-01-21
268111,268,D1,AVONDALE 45' LOT,2601 FARGO PLACE,2025-12-08,2025-12-18,2026-01-02,2026-01-02,2026-01-16,NULL,NULL,NULL,NULL,NULL,2025-12-22,2026-01-02,2026-01-08,2026-01-16,2026-04-26,2026-05-17,2026-06-01,2026-06-08,2026-07-04,10,15,0,14,NULL,NULL,NULL,NULL,NULL,NULL,14,15,13,NULL,6,14,16,12,12,21,18,15,17,7,17,26,60,Sheetrock,Mechanical,2026-01-16
287051,287,S1,LADERA 45' LOT,2603 VISTABLUE LANE,2026-01-22,NULL,NULL,NULL,NULL,NULL,NULL,NULL,NULL,NULL,2026-04-26,2026-05-03,2026-05-09,2026-05-29,2026-06-16,2026-06-29,2026-07-19,2026-08-02,2026-11-20,NULL,NULL,NULL,NULL,NULL,NULL,NULL,NULL,NULL,21,16,7,11,6,7,20,15,NULL,18,13,17,20,28,14,15,NULL,110,Foundation,Released,2026-01-22
604181,604,H6,HARVEST GREEN 60' LOT,2310 HOME SWEET HOME STREET (M),2022-12-29,2023-01-04,2023-01-11,2023-01-20,2023-02-02,2023-02-06,2023-02-16,2023-03-06,2023-03-20,NULL,2023-01-10,2023-01-16,2023-01-16,2023-01-31,2023-02-13,2023-02-25,2023-03-09,2023-03-20,2026-04-26,6,7,9,13,4,10,18,14,NULL,12,10,12,14,5,4,11,13,11,9,19,16,21,20,NULL,12,NULL,58,Complete,Final,2023-03-20
605488,605,S1,KALLISON RANCH 50' LOT (A),10202 RYDER BEND,2026-01-22,NULL,NULL,NULL,NULL,NULL,NULL,NULL,NULL,NULL,2026-04-26,2026-05-04,2026-05-13,2026-05-24,2026-06-06,2026-06-20,2026-07-24,2026-08-03,2026-09-12,NULL,NULL,NULL,NULL,NULL,NULL,NULL,NULL,NULL,12,16,8,11,9,7,11,15,13,18,14,17,34,28,10,15,40,110,Foundation,Released,2026-01-22
605490,605,S1,KALLISON RANCH 50' LOT (A),10210 RYDER BEND,2025-12-10,2025-12-23,2025-12-29,2026-01-09,2026-01-19,NULL,NULL,NULL,NULL,NULL,2025-12-22,2025-12-31,2026-01-07,2026-01-20,2026-04-26,2026-05-10,2026-06-13,2026-06-23,2026-08-02,13,6,11,10,NULL,NULL,NULL,NULL,NULL,12,16,8,11,9,7,11,15,13,18,14,17,34,28,10,15,40,110,Sheetrock,Mechanical,2026-01-19
606129,606,S2,RANCHES AT CREEKSIDE 55' LOT,113 RAINWATER CREEK,2025-12-18,2026-01-05,2026-01-14,2026-01-23,NULL,NULL,NULL,NULL,NULL,NULL,2026-01-06,2026-01-11,2026-01-21,2026-04-26,2026-05-11,2026-05-25,2026-06-20,2026-07-03,2026-09-09,18,9,9,NULL,NULL,NULL,NULL,NULL,NULL,19,20,6,10,7,7,13,17,15,12,14,17,26,30,13,16,68,96,Mechanicals,Cornice,2026-01-23
611135,611,H1,MERIDIANA 55' LOT,5307 ELEGANCE COURT,2022-03-01,2022-03-16,2022-04-04,2022-04-12,2022-04-18,2022-04-29,2022-05-19,2022-07-05,2022-07-08,NULL,2022-03-15,2022-04-01,2022-04-09,2022-04-23,2022-05-03,2022-05-16,2022-06-05,2022-07-08,2026-04-26,15,19,8,6,11,20,47,3,NULL,14,11,16,19,5,8,NULL,11,15,12,17,19,17,41,10,10,54,88,Complete,Final,2022-07-08
619222,619,H5,BRIDGELAND 45' LOT,21206 FLOWER NECTAR COURT (M),2021-12-16,2021-12-22,2022-01-05,2022-01-14,2022-01-28,2022-02-12,2022-03-03,2022-03-18,2022-04-14,NULL,2021-12-27,2022-01-02,2022-01-10,2022-01-30,2022-02-13,2022-03-01,2022-03-26,2022-04-14,2026-04-26,6,14,9,14,15,19,15,27,NULL,11,9,11,15,5,5,NULL,16,16,12,17,17,23,18,NULL,10,36,76,Complete,Final,2022-04-14
694017,694,H1,RICELAND 60' LOT,11915 GREENWOOD DRIVE,2025-09-24,2025-10-03,2025-11-10,2025-11-19,2025-11-27,2025-12-05,2025-12-19,2026-01-07,2026-01-14,NULL,2025-10-07,2025-10-21,2025-11-19,2025-12-01,2025-12-10,2025-12-24,2026-01-07,2026-01-14,2026-04-26,9,38,9,8,8,14,19,7,NULL,13,11,18,19,9,8,12,11,13,12,NULL,19,19,41,7,10,90,88,Complete,Final,2026-01-14
695029,695,H1,RICELAND 50' LOT,12347 SWEET GUM DRIVE,2025-07-21,2025-08-04,2025-08-13,2025-08-18,2025-08-26,2025-09-09,2025-09-23,2025-09-30,2025-10-06,NULL,2025-08-04,2025-08-20,2025-08-21,2025-08-29,2025-08-29,2025-10-03,2025-10-17,2025-10-06,2026-04-26,14,9,5,8,14,14,7,6,NULL,14,11,16,19,NULL,8,NULL,11,3,12,24,19,24,41,12,10,70,88,Complete,Final,2025-10-06
723122,723,H4,THE GROVES 45' LOT,16623 YAKLIN MEADOW COURT,2025-04-09,2025-04-17,2025-04-24,2025-05-02,2025-05-13,2025-05-20,2025-05-30,2025-06-11,2025-06-17,NULL,2025-04-18,2025-04-29,2025-04-27,2025-05-11,2025-05-23,2025-06-04,2025-06-16,2025-06-17,2026-04-26,8,7,8,11,7,10,12,6,NULL,NULL,9,NULL,12,NULL,3,NULL,9,NULL,10,NULL,15,NULL,17,NULL,13,162,97,Complete,Final,2025-06-17
734089,734,S1,LADERA 40' LOT,14926 FARAWAY MEADOW,2025-12-11,2026-01-09,2026-01-20,NULL,NULL,NULL,NULL,NULL,NULL,NULL,2026-01-13,2026-01-19,2026-04-26,2026-05-18,2026-06-02,2026-06-16,2026-07-13,2026-07-28,2026-11-15,29,11,NULL,NULL,NULL,NULL,NULL,NULL,NULL,33,16,10,11,6,7,22,15,15,18,14,17,27,28,NULL,15,NULL,110,Cornice,Frame,2026-01-20
735141,735,H4,ARTAVIA 50' LOT,15307 LE REVE LANE (M),2023-10-30,2023-11-07,2023-11-17,2023-11-22,2023-11-29,2023-12-05,2023-12-19,2023-12-29,2024-01-11,NULL,2023-11-08,2023-11-19,2023-11-20,2023-12-01,2023-12-09,2024-01-03,2024-01-02,2024-01-11,2026-04-26,8,10,5,7,6,14,10,13,NULL,NULL,9,NULL,12,NULL,3,NULL,9,NULL,10,29,15,14,17,8,13,94,97,Complete,Final,2024-01-11
755106,755,A3,6 CREEKS 60' LOT,122 SEASIDE SPARROW WAY (C),2023-12-14,2023-12-27,2024-01-04,2024-01-12,2024-02-19,2024-03-05,NULL,NULL,NULL,NULL,2024-01-16,2024-01-06,2024-01-07,2024-02-04,2024-03-03,2026-04-26,2026-06-02,2026-06-14,2026-10-04,13,8,8,38,15,NULL,NULL,NULL,NULL,33,17,10,9,3,5,23,21,13,13,NULL,14,NULL,37,NULL,12,112,64,Trim,Sheetrock,2024-03-05
796090,796,A2,THE COLONY 45' LOT,103 HORSETAIL COVE,2025-05-06,2025-05-15,2025-05-19,2025-05-21,2025-06-02,2025-06-09,2025-06-20,2025-07-08,2025-07-29,NULL,2025-06-02,2025-05-31,2025-05-24,2025-06-02,2025-06-11,2025-06-23,2025-07-11,2025-07-29,2026-04-26,9,4,2,12,7,11,18,21,NULL,NULL,27,16,11,5,6,12,18,9,10,14,16,21,33,17,16,93,120,Complete,Final,2025-07-29
160037,160,S2,CORLEY FARMS 50' LOT,154 TROTTING HORSE (C),2024-01-26,2024-02-06,2024-02-13,2024-02-19,2024-03-01,2024-03-05,NULL,NULL,NULL,NULL,2024-02-15,2024-02-16,2024-02-18,2024-03-07,2024-03-14,2026-04-26,2026-05-17,2026-05-31,2026-08-27,11,7,6,11,4,NULL,NULL,NULL,NULL,NULL,20,10,10,5,7,17,17,13,12,16,17,21,30,14,16,88,96,Trim,Sheetrock,2024-03-05
169365,169,D4,REUNION 60'/70' LOT,113 SHOREVIEW DRIVE (M),2022-10-12,2022-10-27,2022-11-02,2022-11-07,2022-11-22,2022-11-28,2022-12-21,2023-01-25,2023-03-08,NULL,2022-10-26,2022-11-09,2022-11-07,2022-11-24,2022-12-05,2022-12-10,2023-01-14,2023-03-08,2026-04-26,15,6,5,15,6,23,35,42,NULL,NULL,14,NULL,13,NULL,5,NULL,17,NULL,13,NULL,12,NULL,24,NULL,40,NULL,39,Complete,Final,2023-03-08
182025,182,H2,ESCONDIDO 50' LOT,1186 WANDERING BROOK STREET (M),2021-10-08,2021-10-15,2021-10-28,2021-11-01,2021-11-15,2021-11-26,2021-12-07,2022-01-21,2022-01-31,NULL,2021-10-17,2021-11-02,2021-10-30,2021-11-11,2021-11-26,2021-12-13,2021-12-23,2022-01-31,2026-04-26,7,13,4,14,11,11,45,10,NULL,9,9,18,17,2,3,10,12,11,11,NULL,17,NULL,16,20,25,68,54,Complete,Final,2022-01-31
20013.0505,687,A1,SANTA RITA RANCH 50' LOT,168 LA VENTA LOOP,2025-06-12,2025-06-26,2025-07-05,2025-07-11,2025-07-21,2025-08-08,2025-08-21,2025-09-22,2025-09-29,NULL,2025-06-29,2025-07-04,2025-07-11,2025-07-26,2025-08-01,2025-08-29,2025-09-14,2025-09-29,2026-04-26,14,9,6,10,18,13,32,7,NULL,17,15,8,9,NULL,6,NULL,15,11,13,21,17,24,39,14,11,166,96,Complete,Final,2025-09-29
20016.0274,20016.56,A2,WOLF RANCH 56' LOT,420 RIVER OVERLOOK ROAD,2025-11-17,NULL,NULL,NULL,NULL,NULL,NULL,NULL,NULL,NULL,2026-04-26,2026-05-05,2026-05-11,2026-06-03,2026-06-13,2026-06-29,2026-07-23,2026-08-02,2026-10-28,NULL,NULL,NULL,NULL,NULL,NULL,NULL,NULL,NULL,23,27,9,11,6,6,23,18,NULL,10,NULL,16,24,33,10,16,87,120,Foundation,Released,2025-11-17
20016.0316,689,A2,WOLF RANCH 51' LOT,513 SUMMER PLACE LANE,2025-12-03,2025-12-30,2026-01-12,2026-01-16,NULL,NULL,NULL,NULL,NULL,NULL,2026-01-03,2026-01-09,2026-01-16,2026-04-26,2026-05-07,2026-05-22,2026-06-15,2026-06-22,2026-09-04,27,13,4,NULL,NULL,NULL,NULL,NULL,NULL,31,27,10,11,4,6,24,18,11,10,15,16,24,33,7,16,74,120,Mechanicals,Cornice,2026-01-16
20020.0281,20020.60,A2,THE COLONY 60' LOT,174 PALO PINTO BEND,2026-01-22,NULL,NULL,NULL,NULL,NULL,NULL,NULL,NULL,NULL,2026-04-26,2026-04-30,2026-05-05,2026-05-16,2026-05-26,2026-06-12,2026-07-15,2026-07-26,2027-01-19,NULL,NULL,NULL,NULL,NULL,NULL,NULL,NULL,NULL,17,27,4,11,5,6,11,18,10,10,17,16,33,33,11,16,177,120,Foundation,Released,2026-01-22
20024.0315,20024.40,A3,EASTON PARK 40' LOT,7002 STITZEL WELLER DRIVE,2025-11-18,2025-12-03,2025-12-15,2025-12-18,2026-01-07,2026-01-21,NULL,NULL,NULL,NULL,2025-11-28,2025-12-11,2025-12-20,2026-01-12,2026-01-21,2026-04-26,2026-05-11,2026-05-24,2026-08-01,15,12,3,20,14,NULL,NULL,NULL,NULL,10,17,8,9,5,5,25,21,14,13,11,14,15,37,13,12,69,64,Trim,Sheetrock,2026-01-21
20024.0328,20024.40,A3,EASTON PARK 40' LOT,7013 WOODFORD WAY,2025-11-04,2025-11-12,2025-11-21,2025-11-25,2025-12-11,2025-12-29,2026-01-07,NULL,NULL,NULL,2025-11-14,2025-11-20,2025-11-26,2025-12-20,2025-12-25,2026-01-09,2026-04-26,2026-05-09,2026-07-17,8,9,4,16,18,9,NULL,NULL,NULL,10,17,8,9,5,5,25,21,14,13,11,14,15,37,13,12,69,64,Interior,Trim,2026-01-07
20026.0305,123,A3,6 CREEKS 45' LOT,175 HIGH ROCK PASS,2025-06-11,2025-06-27,2025-07-07,2025-07-07,2025-08-04,2025-08-19,2025-08-25,2025-09-15,2025-09-19,NULL,2025-06-28,2025-07-06,2025-07-12,2025-08-07,2025-08-15,2025-09-02,2025-09-13,2025-09-19,2026-04-26,16,10,0,28,15,6,21,4,NULL,NULL,17,NULL,9,NULL,5,31,21,11,13,NULL,14,19,37,2,12,141,64,Complete,Final,2025-09-19
20037.0402,718,D2,TRINITY FALLS 60' LOT,313 BAY LAUREL ROAD,2025-05-21,2025-06-03,2025-06-16,2025-06-23,2025-07-24,2025-08-04,2025-08-18,2025-09-05,2025-09-12,NULL,2025-06-02,2025-06-13,2025-06-20,2025-07-13,2025-08-06,2025-08-13,2025-09-02,2025-09-12,2026-04-26,13,13,7,31,11,14,18,7,NULL,NULL,12,NULL,10,NULL,4,20,14,13,12,9,11,15,17,NULL,18,84,88,Complete,Final,2025-09-12
20041.0061,20041.70,D1,SONOMA VERDE 70' LOT,1914 BENEDETTO WAY,2025-10-06,2025-10-16,2025-10-27,2025-10-29,2025-11-14,2025-12-01,2025-12-11,2026-01-07,2026-01-28,NULL,2025-10-20,2025-10-28,2025-11-02,2025-11-16,2025-11-26,2025-12-19,2026-01-03,2026-01-28,2026-04-26,10,11,2,16,17,10,27,21,NULL,NULL,14,12,13,6,6,18,16,NULL,12,NULL,18,23,17,21,17,8,60,Complete,Final,2026-01-28
20043.0118,20043.401,D2,THE PARKS AT WILSON CREEK 40' LOT (B),1709 PALO DURO WAY,2025-06-04,2025-06-23,2025-07-13,2025-07-18,2025-08-08,2025-08-20,2025-09-02,2025-09-16,2025-09-29,NULL,2025-06-16,2025-07-03,2025-07-17,2025-08-01,2025-08-20,2025-08-31,2025-09-19,2025-09-29,2026-04-26,19,20,5,21,12,13,14,13,NULL,NULL,12,NULL,10,NULL,4,NULL,14,NULL,12,NULL,11,NULL,17,NULL,18,91,88,Complete,Final,2025-09-29
20056.0165,648,D2,CAMBRIDGE CROSSING 50' LOT,2825 BUCKINGHAM LANE,2025-12-01,2025-12-11,2025-12-19,2025-12-23,2026-01-09,2026-01-23,NULL,NULL,NULL,NULL,2025-12-13,2025-12-22,2025-12-24,2026-01-05,2026-01-21,2026-04-26,2026-05-13,2026-05-31,2026-09-16,10,8,4,17,14,NULL,NULL,NULL,NULL,12,12,11,10,5,4,13,14,12,12,NULL,11,NULL,17,NULL,18,108,88,Trim,Sheetrock,2026-01-23
20059.0142,262,D1,AVONDALE 40' (A) LOT,2809 FARGO MEWS,2025-10-10,2025-10-21,2025-10-28,2025-10-31,2025-11-13,2025-11-24,2025-12-09,2025-12-16,2025-12-27,NULL,2025-10-24,2025-11-03,2025-11-01,2025-11-25,2025-11-26,2025-12-12,2025-12-26,2025-12-27,2026-04-26,11,7,3,13,11,15,7,11,NULL,NULL,14,NULL,13,4,6,25,16,13,12,18,18,17,17,11,17,NULL,60,Complete,Final,2025-12-27
20096.0010,285,F1,SOUTHERN HILLS 80' LOT,4815 HICKORY OAK DRIVE,2025-03-31,2025-05-11,2025-06-17,NULL,2025-06-27,2025-07-18,2025-08-05,2025-11-21,NULL,NULL,2025-04-24,2025-06-08,NULL,2025-07-18,2025-07-26,2025-08-22,2025-10-19,2026-04-26,2026-05-03,41,37,NULL,10,21,18,108,NULL,NULL,24,15,NULL,28,NULL,NULL,NULL,31,29,15,35,22,75,46,30,47,7,17,Final,Interior,2025-11-21
20108.1103,102,H6,SIENNA 55' LOT,2035 PLAYA VALENCIA,2025-10-13,2025-10-21,2025-11-04,2025-11-09,2025-11-19,2025-12-02,2025-12-12,2026-01-13,2026-01-22,NULL,2025-10-22,2025-11-08,2025-11-08,2025-11-21,2025-11-29,2025-12-14,2026-01-06,2026-01-22,2026-04-26,8,14,5,10,13,10,32,9,NULL,9,10,18,14,4,4,12,13,10,9,12,16,25,20,13,12,58,58,Complete,Final,2026-01-22
20108.1121,602,H6,SIENNA 50' LOT,1914 CROWN WOOD DRIVE (M),2025-09-29,2025-10-03,2025-10-16,2025-10-22,2025-11-04,2025-11-14,2025-11-25,NULL,NULL,NULL,2025-10-08,2025-10-14,2025-10-20,2025-11-01,2025-11-13,2025-11-30,2026-04-26,2026-05-11,2026-08-17,4,13,6,13,10,11,NULL,NULL,NULL,9,10,11,14,4,4,10,13,NULL,9,NULL,16,11,20,15,12,98,58,Interior,Trim,2025-11-25
20108.1143,602,H6,SIENNA 50' LOT,1315 WATERMONT DRIVE,2025-12-29,2026-01-07,2026-01-15,2026-01-19,2026-01-29,NULL,NULL,NULL,NULL,NULL,2026-01-07,2026-01-18,2026-01-19,2026-01-29,2026-04-26,2026-05-12,2026-05-23,2026-06-07,2026-09-13,9,8,4,10,NULL,NULL,NULL,NULL,NULL,9,10,11,14,4,4,10,13,NULL,9,NULL,16,11,20,15,12,98,58,Sheetrock,Mechanical,2026-01-29
20108.1145,602,H6,SIENNA 50' LOT,1422 WATERMONT DRIVE,2025-12-17,2025-12-23,2026-01-06,2026-01-09,2026-01-20,NULL,NULL,NULL,NULL,NULL,2025-12-26,2026-01-03,2026-01-10,2026-01-19,2026-04-26,2026-05-12,2026-05-23,2026-06-07,2026-09-13,6,14,3,11,NULL,NULL,NULL,NULL,NULL,9,10,11,14,4,4,10,13,NULL,9,NULL,16,11,20,15,12,98,58,Sheetrock,Mechanical,2026-01-20
20132.0828,164,H1,MERIDIANA 60' LOT,6503 YELLOW ROSE COURT,2025-10-07,2025-10-17,2025-11-07,2025-11-12,2025-11-20,2025-12-03,2025-12-12,2025-12-29,2026-01-09,NULL,2025-10-15,2025-11-05,2025-11-14,2025-11-21,2025-12-05,2025-12-22,2025-12-29,2026-01-09,2026-04-26,10,21,5,8,13,9,17,11,NULL,8,11,19,19,7,8,9,11,15,12,19,19,17,41,11,10,NULL,88,Complete,Final,2026-01-09
20132.0904,272,H1,MERIDIANA 40'/45' LOT,8907 GRAY FOX TRAIL (C),2025-01-13,2025-01-24,2025-02-05,2025-02-12,2025-02-21,2025-02-26,NULL,NULL,NULL,NULL,2025-01-25,2025-02-09,2025-02-13,2025-02-22,2025-02-28,2026-04-26,2026-05-16,2026-05-28,2026-06-20,11,12,7,9,5,NULL,NULL,NULL,NULL,12,11,16,19,8,8,10,11,7,12,18,19,20,41,12,10,23,88,Trim,Sheetrock,2025-02-26
20132.1088,612,H1,MERIDIANA 70' LOT,6307 GALWAY COURT,2025-09-11,2025-09-19,2025-10-10,2025-10-17,2025-10-25,2025-11-05,2025-11-17,NULL,NULL,NULL,2025-09-24,2025-10-14,2025-10-18,2025-10-30,2025-11-06,2025-11-24,2026-04-26,2026-05-06,2026-08-02,8,21,7,8,11,12,NULL,NULL,NULL,13,11,25,19,8,8,13,11,NULL,12,NULL,19,NULL,41,NULL,10,NULL,88,Interior,Trim,2025-11-17
20132.1134,611,H1,MERIDIANA 55' LOT,9106 LIMESTONE MILL WAY,2025-10-15,2025-10-28,2025-11-12,2025-11-21,2025-12-04,2025-12-16,2025-12-29,2026-01-19,NULL,NULL,2025-10-29,2025-11-13,2025-11-17,2025-12-02,2025-12-19,2026-01-02,2026-01-15,2026-04-26,2026-06-19,13,15,9,13,12,13,21,NULL,NULL,14,11,16,19,5,8,NULL,11,15,12,17,19,17,41,10,10,54,88,Final,Interior,2026-01-19
20165.0196,281,H1,VALENCIA 70' LOT,19010 AUTUMN HAZELNUT LANE,2026-01-28,NULL,NULL,NULL,NULL,NULL,NULL,NULL,NULL,NULL,2026-04-26,2026-05-21,2026-05-23,2026-06-03,2026-06-15,2026-07-04,2026-08-14,2026-08-24,2026-12-09,NULL,NULL,NULL,NULL,NULL,NULL,NULL,NULL,NULL,8,11,25,19,2,8,NULL,11,NULL,12,NULL,19,NULL,41,NULL,10,107,88,Foundation,Released,2026-01-28
20165.0229,274,H1,VALENCIA 50' LOT,6703 BURGUNDY BLAZE TRAILS,2025-12-17,2025-12-23,2026-01-09,2026-01-15,2026-01-26,NULL,NULL,NULL,NULL,NULL,2025-12-24,2026-01-12,2026-01-17,2026-01-26,2026-04-26,2026-05-15,2026-06-25,2026-07-05,2026-08-30,6,17,6,11,NULL,NULL,NULL,NULL,NULL,7,11,20,19,8,8,11,11,NULL,12,NULL,19,NULL,41,NULL,10,56,88,Sheetrock,Mechanical,2026-01-26
20165.0235,274,H1,VALENCIA 50' LOT,6727 BURGUNDY BLAZE TRAILS,2025-07-11,2025-07-23,2025-08-19,2025-08-29,2025-09-24,2025-09-30,2025-10-17,2025-10-23,2025-11-04,NULL,2025-07-18,2025-08-12,2025-08-27,2025-09-09,2025-10-06,2025-10-19,2025-11-27,2025-11-04,2026-04-26,12,27,10,26,6,17,6,12,NULL,7,11,20,19,8,8,11,11,NULL,12,NULL,19,NULL,41,NULL,10,56,88,Complete,Final,2025-11-04
20175.0057,363,H5,JUBILEE 60' LOT,16518 BLISSFUL FIELDS STREET,2025-11-25,2025-12-09,2025-12-26,2025-12-30,2026-01-16,2026-01-27,NULL,NULL,NULL,NULL,2025-12-03,2025-12-26,2026-01-02,2026-01-13,2026-01-27,2026-04-26,2026-05-14,2026-05-24,2026-07-13,14,17,4,17,11,NULL,NULL,NULL,NULL,8,9,17,15,7,5,14,16,11,12,NULL,17,NULL,18,NULL,10,50,76,Trim,Sheetrock,2026-01-27
20178.0161,182,H2,ESCONDIDO 50' LOT,42659 MYSTERY LANE,2025-12-03,2025-12-12,2025-12-26,2025-12-29,2026-01-09,2026-01-20,NULL,NULL,NULL,NULL,2025-12-12,2025-12-30,2025-12-28,2026-01-08,2026-01-20,2026-04-26,2026-05-12,2026-06-01,2026-08-08,9,14,3,11,11,NULL,NULL,NULL,NULL,9,9,18,17,2,3,10,12,11,11,NULL,17,NULL,16,20,25,68,54,Trim,Sheetrock,2026-01-20
20178.0200,115,H2,ESCONDIDO 45' LOT,42560 RUSTICO ROAD,2025-10-08,2025-10-20,2025-10-29,2025-11-03,2025-11-14,2025-11-24,2025-12-08,2026-01-05,2026-01-13,NULL,2025-10-20,2025-11-04,2025-11-01,2025-11-13,2025-11-25,2025-12-16,2025-12-25,2026-01-13,2026-04-26,12,9,5,11,10,14,28,8,NULL,12,9,15,17,3,3,10,12,NULL,11,22,17,17,16,12,25,29,54,Complete,Final,2026-01-13
20181.1034,243,H5,BRIDGELAND 80' LOT,22623 CASSIUS BLUE DRIVE,2025-10-21,2025-11-04,2025-11-26,2025-12-08,2025-12-30,2026-01-13,NULL,NULL,NULL,NULL,2025-10-30,2025-12-14,2025-12-03,2025-12-26,2026-01-12,2026-04-26,2026-05-14,2026-05-24,2026-08-07,14,22,12,22,14,NULL,NULL,NULL,NULL,NULL,9,40,15,7,5,18,16,13,12,NULL,17,NULL,18,NULL,10,75,76,Trim,Sheetrock,2026-01-13
20181.1182,619,H5,BRIDGELAND 45' LOT,22242 POWDER BLUE COURT,2026-01-28,NULL,NULL,NULL,NULL,NULL,NULL,NULL,NULL,NULL,2026-04-26,2026-05-07,2026-05-12,2026-05-28,2026-06-13,2026-06-30,2026-07-23,2026-08-02,2026-09-07,NULL,NULL,NULL,NULL,NULL,NULL,NULL,NULL,NULL,11,9,11,15,5,5,NULL,16,16,12,17,17,23,18,NULL,10,36,76,Foundation,Released,2026-01-28
20183.0204,785,H2,AUDUBON PARK 70' LOT,15698 AUDUBON PARK DRIVE,2025-03-31,2025-04-15,2025-05-02,2025-05-05,2025-05-17,2025-05-30,2025-06-18,NULL,2025-08-15,NULL,2025-04-07,2025-05-07,2025-05-07,2025-05-21,2025-05-28,2025-06-16,2025-07-04,2025-08-15,2026-04-26,15,17,3,12,13,19,NULL,NULL,NULL,7,9,22,17,5,3,16,12,NULL,11,NULL,17,NULL,16,NULL,25,NULL,54,Complete,Final,2025-08-15
20183.0222,785,H2,AUDUBON PARK 70' LOT,39007 HERONRY WAY (M),2025-10-29,2025-11-13,2025-12-01,2025-12-03,2025-12-11,2025-12-22,2026-01-22,2026-01-26,NULL,NULL,2025-11-05,2025-12-05,2025-12-06,2025-12-19,2025-12-22,2026-01-08,2026-02-07,2026-04-26,2026-06-19,15,18,2,8,11,31,4,NULL,NULL,7,9,22,17,5,3,16,12,NULL,11,NULL,17,NULL,16,NULL,25,NULL,54,Final,Interior,2026-01-26
20205.0185,791,H4,THE HIGHLANDS 45' LOT,9620 MOUNT BREWER LANE,2025-07-24,2025-08-01,2025-08-13,2025-08-14,2025-08-23,2025-09-03,2025-09-12,2025-10-31,2025-11-20,NULL,2025-08-03,2025-08-13,2025-08-16,2025-08-23,2025-09-03,2025-09-18,2025-09-27,2025-11-20,2026-04-26,8,12,1,9,11,9,49,20,NULL,10,9,NULL,12,NULL,3,NULL,9,11,10,15,15,15,17,8,13,31,97,Complete,Final,2025-11-20
20215.0338,194,H4,ARTAVIA 45' LOT,18130 RAMSEY WAY LANE,2025-09-11,2025-09-17,2025-09-30,2025-10-02,2025-10-13,2025-10-20,2025-10-29,2025-11-11,2025-12-04,NULL,2025-09-18,2025-09-21,2025-10-05,2025-10-11,2025-10-23,2025-11-04,2025-11-15,2025-12-04,2026-05-05,6,13,2,11,7,9,13,23,NULL,7,9,4,12,5,3,NULL,9,NULL,10,NULL,15,NULL,17,NULL,13,152,97,Complete,Final,2025-12-04
20215.0391,253,H4,ARTAVIA 55' LOT,18718 WILD STRIPES COURT,2025-06-27,2025-07-03,2025-07-15,2025-07-17,2025-07-25,2025-08-04,2025-08-26,2025-09-15,2025-10-01,NULL,2025-07-08,2025-07-16,2025-07-16,2025-07-28,2025-08-04,2025-08-19,2025-09-17,2025-10-01,2026-04-26,6,12,2,8,10,22,20,16,NULL,11,9,13,12,1,3,11,9,NULL,10,NULL,15,22,17,8,13,17,97,Complete,Final,2025-10-01
20218.0089,233,H4,EVERGREEN 50' LOT,15825 WILD ROSE BEND DRIVE,2025-12-26,2026-01-05,2026-01-15,2026-01-21,2026-01-28,NULL,NULL,NULL,NULL,NULL,2026-01-01,2026-01-16,2026-01-19,2026-01-29,2026-04-26,2026-05-11,2026-05-28,2026-06-10,2026-08-12,10,10,6,7,NULL,NULL,NULL,NULL,NULL,6,9,11,12,4,3,8,9,6,10,NULL,15,NULL,17,NULL,13,63,97,Sheetrock,Mechanical,2026-01-28
20233.0522,179,H3,JORDAN RANCH 40' LOT,30922 STAR GAZER ROAD,2025-11-24,2025-12-08,2025-12-18,2025-12-22,2026-01-06,2026-01-09,2026-01-26,NULL,NULL,NULL,2025-12-03,2025-12-23,2025-12-22,2026-01-01,2026-01-12,2026-01-29,2026-04-26,2026-05-10,2026-05-28,14,10,4,15,3,17,NULL,NULL,NULL,9,9,15,15,4,5,10,12,6,9,20,16,8,23,14,12,18,81,Interior,Trim,2026-01-26
20233.0570,657,H3,JORDAN RANCH 65' LOT,31519 BLUEBELL AVENUE,2025-08-07,2025-08-28,2025-09-15,2025-09-23,2025-10-01,2025-10-11,2025-10-28,2025-12-07,2025-12-18,NULL,2025-08-21,2025-09-12,2025-09-23,2025-10-03,2025-10-18,2025-10-24,2025-11-16,2025-12-18,2026-04-26,21,18,8,8,10,17,40,11,NULL,14,9,15,15,8,5,10,12,17,9,13,16,19,23,15,12,14,81,Complete,Final,2025-12-18
20233.0598,617,H3,JORDAN RANCH 50' LOT,31430 MEADOW PLACE LANE,2025-11-21,2025-12-05,2025-12-18,2025-12-19,2026-01-08,2026-01-20,NULL,NULL,NULL,NULL,2025-12-02,2025-12-22,2025-12-23,2026-01-02,2026-01-18,2026-04-26,2026-05-19,2026-05-31,2026-08-20,14,13,1,20,12,NULL,NULL,NULL,NULL,11,9,17,15,5,5,14,12,10,9,NULL,16,NULL,23,NULL,12,NULL,81,Trim,Sheetrock,2026-01-20
20238.0724,626,H5,ELYSON 65' LOT,7138 RUSTIC FOREST DRIVE,2025-09-29,2025-10-09,2025-11-04,2025-11-07,2025-11-19,2025-12-02,2025-12-15,2025-12-30,2026-01-08,NULL,2025-10-10,2025-10-23,2025-11-11,2025-11-21,2025-12-02,2025-12-19,2025-12-31,2026-01-08,2026-04-26,10,26,3,12,13,13,15,9,NULL,11,9,14,15,7,5,14,16,13,12,NULL,17,16,18,9,10,77,76,Complete,Final,2026-01-08
20238.0741,730,H5,ELYSON 45' LOT,7431 FRASER PEAK DRIVE,2026-01-28,NULL,NULL,NULL,NULL,NULL,NULL,NULL,NULL,NULL,2026-04-26,2026-05-07,2026-05-10,2026-05-26,2026-06-06,2026-06-20,2026-07-07,2026-07-10,2026-07-29,NULL,NULL,NULL,NULL,NULL,NULL,NULL,NULL,NULL,9,9,11,15,3,5,16,16,11,12,14,17,17,18,3,10,19,76,Foundation,Released,2026-01-28
20238.0742,730,H5,ELYSON 45' LOT,7443 FRASER PEAK DRIVE,2025-12-05,2025-12-12,2025-12-23,2025-12-23,2026-01-08,2026-01-20,NULL,NULL,NULL,NULL,2025-12-14,2025-12-23,2025-12-26,2026-01-08,2026-01-19,2026-04-26,2026-05-13,2026-05-16,2026-06-04,7,11,0,16,12,NULL,NULL,NULL,NULL,9,9,11,15,3,5,16,16,11,12,14,17,17,18,3,10,19,76,Trim,Sheetrock,2026-01-20
20238.0764,730,H5,ELYSON 45' LOT,7435 HEMLOCK CREST DRIVE,2025-11-17,2025-12-01,2025-12-08,2025-12-10,2025-12-19,2025-12-30,2026-01-08,2026-01-21,2026-01-28,NULL,2025-11-26,2025-12-12,2025-12-11,2025-12-26,2025-12-30,2026-01-13,2026-01-25,2026-01-28,2026-04-26,14,7,2,9,11,9,13,7,NULL,9,9,11,15,3,5,16,16,11,12,14,17,17,18,3,10,19,76,Complete,Final,2026-01-28
20238.0784,625,H5,ELYSON 55' LOT,25011 GRASSDALE LANE,2026-01-29,NULL,NULL,NULL,NULL,NULL,NULL,NULL,NULL,NULL,2026-04-26,2026-05-09,2026-05-16,2026-05-25,2026-06-03,2026-06-20,2026-07-08,2026-07-13,2026-09-29,NULL,NULL,NULL,NULL,NULL,NULL,NULL,NULL,NULL,7,9,13,15,7,5,9,16,9,12,NULL,17,NULL,18,5,10,78,76,Foundation,Released,2026-01-29
20238.0795,625,H5,ELYSON 55' LOT,25103 WILDERNESS HAVEN LANE,2025-12-30,2026-01-07,2026-01-22,NULL,NULL,NULL,NULL,NULL,NULL,NULL,2026-01-06,2026-01-20,2026-04-26,2026-05-05,2026-05-14,2026-05-31,2026-06-18,2026-06-23,2026-09-09,8,15,NULL,NULL,NULL,NULL,NULL,NULL,NULL,7,9,13,15,7,5,9,16,9,12,NULL,17,NULL,18,5,10,78,76,Cornice,Frame,2026-01-22
20252.0338,290,H6,STONECREEK ESTATES 50' LOT,5215 FLAT STONE LANE,2025-10-02,2025-10-09,2025-11-13,2025-11-19,2025-12-02,2025-12-10,2025-12-30,2026-01-21,NULL,NULL,2025-10-14,2025-10-24,2025-11-18,2025-12-02,2025-12-12,2025-12-26,2026-01-21,2026-04-26,2026-05-28,7,35,6,13,8,20,22,NULL,NULL,12,10,15,14,5,4,13,13,10,9,16,16,22,20,13,12,32,58,Final,Interior,2026-01-21
20252.0400,290,H6,STONECREEK ESTATES 50' LOT,2130 PRIMROSE PASS DRIVE,2025-10-02,2025-10-13,2025-11-07,2025-11-13,2025-11-24,2025-12-02,2025-12-19,2026-01-07,2026-01-21,NULL,2025-10-14,2025-10-28,2025-11-12,2025-11-26,2025-12-04,2025-12-18,2026-01-10,2026-01-21,2026-04-26,11,25,6,11,8,17,19,14,NULL,12,10,15,14,5,4,13,13,10,9,16,16,22,20,13,12,32,58,Complete,Final,2026-01-21
20252.0473,290,H6,STONECREEK ESTATES 50' LOT,5214 MOMO LANE,2025-12-18,2026-01-05,2026-01-16,2026-01-20,NULL,NULL,NULL,NULL,NULL,NULL,2025-12-30,2026-01-20,2026-01-21,2026-04-26,2026-05-06,2026-05-22,2026-06-13,2026-06-26,2026-07-28,18,11,4,NULL,NULL,NULL,NULL,NULL,NULL,12,10,15,14,5,4,13,13,10,9,16,16,22,20,13,12,32,58,Mechanicals,Cornice,2026-01-20
20252.0507,20252.601,H6,STONECREEK ESTATES 60' LOT (B),2314 ALABASTER ESTATE DRIVE,2025-10-15,2025-10-23,2025-12-16,2025-12-18,2026-01-05,2026-01-13,NULL,NULL,NULL,NULL,2025-10-25,2025-11-13,2025-12-20,2026-01-03,2026-01-14,2026-04-26,2026-05-09,2026-05-23,2026-06-06,8,54,2,18,8,NULL,NULL,NULL,NULL,10,10,21,14,4,4,16,13,9,9,17,16,13,20,14,12,14,58,Trim,Sheetrock,2026-01-13
20265.0253,133,H3,CROSS CREEK WEST 55' LOT,30915 GOLDEN FELIPE STREET,2025-11-14,2025-11-21,2025-12-05,2025-12-08,2025-12-19,2026-01-05,2026-01-21,NULL,NULL,NULL,2025-11-22,2025-12-07,2025-12-09,2025-12-22,2025-12-30,2026-01-19,2026-04-26,2026-05-08,2026-06-12,7,14,3,11,17,16,NULL,NULL,NULL,8,9,16,15,4,5,14,12,11,9,14,16,NULL,23,NULL,12,35,81,Interior,Trim,2026-01-21
20265.0254,133,H3,CROSS CREEK WEST 55' LOT,30927 GOLDEN FELIPE STREET,2025-11-24,2025-12-02,2025-12-17,2025-12-19,2026-01-06,2026-01-14,2026-01-28,NULL,NULL,NULL,2025-12-02,2025-12-18,2025-12-21,2026-01-02,2026-01-17,2026-01-28,2026-04-26,2026-05-08,2026-06-12,8,15,2,18,8,14,NULL,NULL,NULL,8,9,16,15,4,5,14,12,11,9,14,16,NULL,23,NULL,12,35,81,Interior,Trim,2026-01-28
20267.0569,773,H3,CANDELA 50' LOT,10522 STARFIRE YELLOW DRIVE,2025-12-10,2025-12-16,2025-12-29,2026-01-02,2026-01-13,2026-01-21,NULL,NULL,NULL,NULL,2025-12-19,2025-12-31,2026-01-01,2026-01-13,2026-01-22,2026-04-26,2026-06-29,2026-07-11,2026-09-30,6,13,4,11,8,NULL,NULL,NULL,NULL,9,9,15,15,3,5,11,12,9,9,11,16,64,23,NULL,12,NULL,81,Trim,Sheetrock,2026-01-21
20288.1380,685,S1,KALLISON RANCH 45' LOT (A),13302 KALLISON BEND,2026-01-06,2026-01-15,2026-01-22,2026-01-28,NULL,NULL,NULL,NULL,NULL,NULL,2026-01-17,2026-01-23,2026-01-28,2026-04-26,2026-05-20,2026-06-06,2026-07-02,2026-07-20,2026-08-21,9,7,6,NULL,NULL,NULL,NULL,NULL,NULL,11,16,8,11,6,7,14,15,24,18,NULL,17,26,28,18,15,32,110,Mechanicals,Cornice,2026-01-28
20290.0067,20290.60,S1,ALSATIAN OAKS 60' LOT,244 LACEY OAK,2025-08-21,2025-09-18,2025-10-02,2025-10-13,2025-10-21,2025-11-07,2025-11-18,2025-12-05,2025-12-29,NULL,2025-09-06,2025-09-30,2025-10-10,2025-10-26,2025-11-08,2025-11-24,2025-12-16,2025-12-29,2026-04-26,28,14,11,8,17,11,17,24,NULL,NULL,16,12,11,8,7,13,15,NULL,18,NULL,17,NULL,28,18,15,NULL,110,Complete,Final,2025-12-29
20290.0106,152,S1,ALSATIAN OAKS 50' LOT,137 CHERRYBARK OAK,2026-01-29,NULL,NULL,NULL,NULL,NULL,NULL,NULL,NULL,NULL,2026-04-26,2026-05-05,2026-05-11,2026-05-25,2026-06-12,2026-06-29,2026-07-26,2026-07-31,2027-01-03,NULL,NULL,NULL,NULL,NULL,NULL,NULL,NULL,NULL,12,16,9,11,6,7,14,15,NULL,18,NULL,17,27,28,5,15,156,110,Foundation,Released,2026-01-29
20298.0178,550,S2,STILLWATER RANCH 40' LOT,12636 COTORRA SPRINGS,2025-08-14,2025-08-25,2025-09-02,2025-09-11,2025-09-22,2025-10-07,2025-10-14,2025-11-25,2025-12-22,NULL,2025-09-03,2025-09-04,2025-09-09,2025-09-28,2025-10-04,2025-10-30,2025-11-21,2025-12-22,2026-04-26,11,8,9,11,15,7,42,27,NULL,NULL,20,NULL,10,NULL,7,NULL,17,NULL,12,23,17,38,30,17,16,54,96,Complete,Final,2025-12-22
20313.0065,160,S2,CORLEY FARMS 50' LOT,129 BROWN SWISS RIDGE,2025-07-24,2025-08-01,2025-08-08,2025-08-14,2025-08-22,2025-09-02,2025-09-12,2025-10-02,2025-10-17,NULL,2025-08-13,2025-08-11,2025-08-13,2025-08-31,2025-09-04,2025-09-18,2025-10-03,2025-10-17,2026-04-26,8,7,6,8,11,10,20,15,NULL,NULL,20,10,10,5,7,17,17,13,12,16,17,21,30,14,16,88,96,Complete,Final,2025-10-17
20313.0076,160,S2,CORLEY FARMS 50' LOT,108 BROWN SWISS RIDGE,2026-01-29,NULL,NULL,NULL,NULL,NULL,NULL,NULL,NULL,NULL,2026-04-26,2026-05-06,2026-05-11,2026-05-28,2026-06-10,2026-06-26,2026-07-17,2026-07-31,2026-10-27,NULL,NULL,NULL,NULL,NULL,NULL,NULL,NULL,NULL,NULL,20,10,10,5,7,17,17,13,12,16,17,21,30,14,16,88,96,Foundation,Released,2026-01-29
20315.0107,740,S2,JOHNSON RANCH 55' LOT,3620 AGARITA PASS,2025-09-30,2025-10-14,2025-10-20,2025-10-24,2025-11-05,2025-11-13,2025-11-24,2025-12-30,2026-01-12,NULL,2025-10-14,2025-10-26,2025-10-27,2025-11-08,2025-11-12,2025-12-03,2025-12-27,2026-01-12,2026-04-26,14,6,4,12,8,11,36,13,NULL,14,20,12,10,7,7,15,17,7,12,20,17,33,30,15,16,75,96,Complete,Final,2026-01-12
20315.0118,740,S2,JOHNSON RANCH 55' LOT,3629 AGARITA PASS,2025-12-04,2025-12-17,2025-12-26,2025-12-30,2026-01-14,2026-01-21,NULL,NULL,NULL,NULL,2025-12-18,2025-12-29,2026-01-02,2026-01-14,2026-01-21,2026-04-26,2026-05-29,2026-06-13,2026-08-27,13,9,4,15,7,NULL,NULL,NULL,NULL,14,20,12,10,7,7,15,17,7,12,20,17,33,30,15,16,75,96,Trim,Sheetrock,2026-01-21
20316.0146,20316.55,S3,HOMESTEAD 55' LOT,5032 KIMBLE WAY,2026-01-22,NULL,NULL,NULL,NULL,NULL,NULL,NULL,NULL,NULL,2026-04-26,2026-05-02,2026-05-09,2026-06-04,2026-06-17,2026-06-28,2026-07-22,2026-07-23,2026-12-28,NULL,NULL,NULL,NULL,NULL,NULL,NULL,NULL,NULL,19,14,6,12,7,7,26,15,13,12,11,15,24,23,1,12,158,98,Foundation,Released,2026-01-22
20320.0109,20320.60,S2,ESPERANZA 60' LOT,405 FANDANGO,2025-12-31,2026-01-19,2026-01-23,NULL,NULL,NULL,NULL,NULL,NULL,NULL,2026-01-23,2026-01-23,2026-04-26,2026-05-06,2026-05-13,2026-06-05,2026-07-05,2026-07-21,2027-03-13,19,4,NULL,NULL,NULL,NULL,NULL,NULL,NULL,23,20,4,10,9,7,10,17,7,12,23,17,NULL,30,NULL,16,235,96,Cornice,Frame,2026-01-23
20320.0163,140,S2,ESPERANZA 50' LOT,237 HIDALGO,2025-08-14,2025-08-20,2025-08-27,2025-09-03,2025-10-02,2025-10-09,NULL,2025-11-13,2025-11-26,NULL,2025-08-19,2025-08-31,2025-09-03,2025-09-12,2025-10-13,2025-10-30,2025-11-29,2025-11-26,2026-04-26,6,7,7,29,7,NULL,NULL,13,NULL,5,20,11,10,7,7,9,17,11,12,21,17,NULL,30,14,16,104,96,Complete,Final,2025-11-26
20321.0051,306,S2,VERANDA SA 40' LOT,1529 ALSATIAN AVENUE,2025-08-28,2025-09-05,2025-09-12,2025-09-17,2025-10-02,2025-10-14,2025-10-22,2025-12-30,2026-01-13,NULL,2025-09-17,2025-09-15,2025-09-19,2025-10-04,2025-10-14,2025-10-31,2025-12-30,2026-01-13,2026-04-26,8,7,5,15,12,8,69,14,NULL,NULL,20,NULL,10,NULL,7,NULL,17,NULL,12,NULL,17,69,30,14,16,NULL,96,Complete,Final,2026-01-13
20321.0074,306,S2,VERANDA SA 40' LOT,1556 ALSATIAN AVENUE,2025-08-11,2025-08-14,2025-08-18,2025-08-23,2025-09-16,2025-09-26,2025-10-04,2025-10-31,2025-11-13,NULL,2025-08-31,2025-08-24,2025-08-25,2025-09-09,2025-09-28,2025-10-13,2025-12-12,2025-11-13,2026-04-26,3,4,5,24,10,8,27,13,NULL,NULL,20,NULL,10,NULL,7,NULL,17,NULL,12,NULL,17,69,30,14,16,NULL,96,Complete,Final,2025-11-13
20325.0238,788,S3,VERAMENDI 60' LOT,2212 SUR AVENUE,2025-07-08,2025-08-20,2025-08-29,2025-09-05,2025-09-12,2025-09-22,2025-10-13,2025-11-12,2025-11-21,NULL,2025-07-16,2025-09-01,2025-09-04,2025-09-16,2025-09-22,2025-10-07,2025-11-05,2025-11-21,2026-04-26,43,9,7,7,10,21,30,9,NULL,8,14,12,12,6,7,11,15,10,12,NULL,15,NULL,23,15,12,60,98,Complete,Final,2025-11-21
20325.0244,788,S3,VERAMENDI 60' LOT,658 BORCHERS BOULEVARD,2025-11-26,2025-12-10,2025-12-16,2025-12-23,2026-01-06,2026-01-15,NULL,NULL,NULL,NULL,2025-12-04,2025-12-22,2025-12-22,2026-01-03,2026-01-16,2026-04-26,2026-05-19,2026-06-03,2026-08-02,14,6,7,14,9,NULL,NULL,NULL,NULL,8,14,12,12,6,7,11,15,10,12,NULL,15,NULL,23,15,12,60,98,Trim,Sheetrock,2026-01-15
20333.0143,20333.50,A3,LA CIMA 50' LOT,108 HEARTLEAF ROAD,2026-01-29,NULL,NULL,NULL,NULL,NULL,NULL,NULL,NULL,NULL,2026-04-26,2026-05-05,2026-05-10,2026-05-31,2026-06-13,2026-06-27,2026-08-03,2026-08-14,2026-10-17,NULL,NULL,NULL,NULL,NULL,NULL,NULL,NULL,NULL,21,17,NULL,9,NULL,5,NULL,21,NULL,13,NULL,14,NULL,37,11,12,NULL,64,Foundation,Released,2026-01-29
20345.0073,283,S3,MAYFAIR 50' LOT,417 HULDA TRAIL,2026-01-26,NULL,NULL,NULL,NULL,NULL,NULL,NULL,NULL,NULL,2026-04-26,2026-05-03,2026-05-07,2026-05-22,2026-06-03,2026-06-18,2026-07-11,2026-07-23,2026-09-18,NULL,NULL,NULL,NULL,NULL,NULL,NULL,NULL,NULL,12,14,7,12,4,7,NULL,15,NULL,12,NULL,15,NULL,23,NULL,12,57,98,Foundation,Released,2026-01-26
20357.0012,20357.50,S3,THE PARKLANDS 40'/50' Lot,4964 PARK CAPE (M),2024-07-05,2024-07-08,2024-07-15,2024-07-19,2024-07-31,2024-08-06,2024-08-16,2024-08-30,2024-09-14,NULL,2024-07-16,2024-07-17,2024-07-21,2024-08-03,2024-08-12,2024-08-21,2024-09-08,2024-09-14,2026-04-26,3,7,4,12,6,10,14,15,NULL,11,14,9,12,6,7,NULL,15,NULL,12,NULL,15,NULL,23,NULL,12,NULL,98,Complete,Final,2024-09-14
20359.0043,20359.50,H3,GRANGE 50' LOT,490 DARLING CREEK LANE,2025-12-04,2025-12-12,2026-01-02,2026-01-05,2026-01-20,NULL,NULL,NULL,NULL,NULL,2025-12-12,2025-12-29,2026-01-07,2026-01-20,2026-04-26,2026-05-08,2026-05-31,2026-06-06,2026-08-29,8,21,3,15,NULL,NULL,NULL,NULL,NULL,8,9,17,15,5,5,15,12,9,9,12,16,NULL,23,6,12,84,81,Sheetrock,Mechanical,2026-01-20
20359.0053,20359.50,H3,GRANGE 50' LOT,444 DOVE MEADOW LANE,2026-01-21,NULL,NULL,NULL,NULL,NULL,NULL,NULL,NULL,NULL,2026-04-26,2026-05-13,2026-05-18,2026-06-02,2026-06-11,2026-06-23,2026-07-16,2026-07-22,2026-10-14,NULL,NULL,NULL,NULL,NULL,NULL,NULL,NULL,NULL,8,9,17,15,5,5,15,12,9,9,12,16,NULL,23,6,12,84,81,Foundation,Released,2026-01-21
20359.0085,20359.60,H3,GRANGE 60' LOT,416 STARLIGHT GROVE COURT,2025-12-29,2026-01-08,2026-01-27,NULL,NULL,NULL,NULL,NULL,NULL,NULL,2026-01-08,2026-01-27,2026-04-26,2026-05-11,2026-05-22,2026-06-01,2026-06-23,2026-07-05,2026-11-28,10,19,NULL,NULL,NULL,NULL,NULL,NULL,NULL,10,9,19,15,3,5,15,12,11,9,10,16,22,23,NULL,12,146,81,Cornice,Frame,2026-01-27
20360.0027,20360.65,A3,PARTEN 65' LOT,145 LEANING ROCK RIDGE,2025-11-12,2025-11-25,2025-12-09,2025-12-12,2026-01-13,NULL,NULL,NULL,NULL,NULL,2025-12-04,2025-12-07,2025-12-13,2026-01-07,2026-04-26,2026-05-12,2026-06-23,2026-06-30,2026-09-04,13,14,3,32,NULL,NULL,NULL,NULL,NULL,22,17,12,9,4,5,26,21,18,13,16,14,42,37,7,12,66,64,Sheetrock,Mechanical,2026-01-13
20360.0040,20360.75,A3,PARTEN 75'/85' LOT,240 TRICKLING BROOK ROAD,2025-10-23,2025-11-06,2025-11-11,2025-11-20,2025-11-21,2025-12-03,2025-12-26,NULL,NULL,NULL,2025-11-10,2025-11-15,2025-11-23,2025-12-13,2025-12-04,2025-12-26,2026-04-26,2026-05-23,2026-06-24,14,5,9,1,12,23,NULL,NULL,NULL,18,17,9,9,12,5,23,21,NULL,13,23,14,NULL,37,27,12,32,64,Interior,Trim,2025-12-26
20362.0032,20362.50,D3,HILLSTEAD 50' LOT,1727 HILLSIDE STROLL DRIVE,2025-12-29,2026-01-08,2026-01-16,2026-01-20,NULL,NULL,NULL,NULL,NULL,NULL,2026-01-07,2026-01-18,2026-01-19,2026-04-26,2026-05-09,2026-05-29,2026-06-12,2026-06-30,2026-09-25,10,8,4,NULL,NULL,NULL,NULL,NULL,NULL,9,12,10,10,3,3,NULL,13,NULL,13,NULL,20,14,29,18,21,87,92,Mechanicals,Cornice,2026-01-20
20362.0089,20362.60,D3,HILLSTEAD 60' LOT,914 RIVER SKY ROAD,2025-12-31,2026-01-09,2026-01-20,2026-01-20,NULL,NULL,NULL,NULL,NULL,NULL,2026-01-11,2026-01-20,2026-01-23,2026-04-26,2026-05-07,2026-05-25,2026-06-23,2026-07-15,2026-11-05,9,11,0,NULL,NULL,NULL,NULL,NULL,NULL,11,12,11,10,3,3,14,13,11,13,18,20,NULL,29,22,21,113,92,Mechanicals,Cornice,2026-01-20
20363.0039,20363.45,S3,SOLMS LANDING 45' LOT,431 ALEXANDER AVENUE,2025-05-23,2025-06-06,2025-06-12,2025-06-16,2025-07-08,2025-07-15,2025-08-07,2025-08-20,2025-09-02,NULL,2025-06-05,2025-06-14,2025-06-16,2025-06-27,2025-07-20,2025-08-01,2025-08-30,2025-09-02,2026-04-26,14,6,4,22,7,23,13,13,NULL,13,14,8,12,4,7,11,15,12,12,17,15,NULL,23,NULL,12,88,98,Complete,Final,2025-09-02
20364.0012,20364.50,H2,KRESSTON 50' LOT,26444 NORTH WAYLAND CHASE,2024-12-02,2024-12-12,2025-01-02,2025-01-06,2025-01-21,2025-02-07,2025-02-17,2025-09-15,2025-10-03,NULL,2024-12-07,2025-01-03,2025-01-04,2025-01-18,2025-02-01,2025-02-24,2025-03-05,2025-10-03,2026-04-26,10,21,4,15,17,10,210,18,NULL,5,9,22,17,2,3,12,12,NULL,11,NULL,17,NULL,16,NULL,25,64,54,Complete,Final,2025-10-03
20369.0067,20369.50,S1,HABY HILL 50' LOT,364 HABY HOLLOW,2025-05-22,2025-06-04,2025-06-13,2025-06-16,2025-06-30,2025-07-14,2025-07-25,2025-09-12,2025-10-03,NULL,2025-06-06,2025-06-12,2025-06-21,2025-06-30,2025-07-21,2025-07-30,2025-08-22,2025-10-03,2026-04-26,13,9,3,14,14,11,49,21,NULL,15,16,8,11,8,7,14,15,21,18,16,17,NULL,28,11,15,61,110,Complete,Final,2025-10-03
20371.0088,20371.60,H3,CANDELA SOUTH 60' LOT,531 VIVID VILLAGE WAY,2025-10-02,2025-10-07,2025-10-28,2025-11-03,2025-11-11,2025-11-20,2025-12-15,2026-01-07,2026-01-19,NULL,2025-10-11,2025-10-22,2025-11-02,2025-11-15,2025-11-20,2025-12-06,2026-01-07,2026-01-19,2026-04-26,5,21,6,8,9,25,23,12,NULL,NULL,9,NULL,15,NULL,5,NULL,12,NULL,9,NULL,16,23,23,10,12,NULL,81,Complete,Final,2026-01-19
20372.0022,20372.60,D4,TALON HILLS 60'/70',7336 WAYWARD WIND DRIVE,2025-10-06,2025-10-20,2025-11-04,2025-11-07,2025-11-21,2025-12-03,2025-12-22,2026-01-06,NULL,NULL,2025-10-20,2025-11-02,2025-11-09,2025-11-24,2025-12-04,2025-12-22,2026-01-06,2026-04-26,2026-10-01,14,15,3,14,12,19,15,NULL,NULL,NULL,14,NULL,13,NULL,5,NULL,17,NULL,13,19,12,15,24,24,40,158,39,Final,Interior,2026-01-06
20372.0036,20372.60,D4,TALON HILLS 60'/70',7341 SAKER STREET,2025-09-25,2025-10-07,2025-10-20,2025-10-22,2025-11-04,2025-11-13,2025-12-02,2025-12-19,2026-01-12,NULL,2025-10-09,2025-10-20,2025-10-25,2025-11-08,2025-11-17,2025-12-02,2025-12-17,2026-01-12,2026-06-19,12,13,2,13,9,19,17,24,NULL,NULL,14,NULL,13,NULL,5,NULL,17,NULL,13,19,12,15,24,24,40,158,39,Complete,Final,2026-01-12
20373.0098,20373.70,A2,PARKSIDE ON THE RIVER WEST 70'/80' LOT,1125 SUNSET HILL WAY,2025-07-15,2025-07-25,2025-08-04,2025-08-12,2025-09-02,2025-09-16,2025-09-30,2025-11-10,2025-12-12,NULL,2025-08-22,2025-08-09,2025-08-11,2025-08-30,2025-09-12,2025-10-02,2025-11-12,2025-12-12,2026-04-26,10,10,8,21,14,14,41,32,NULL,38,27,15,11,7,6,NULL,18,NULL,10,NULL,16,43,33,29,16,8,120,Complete,Final,2025-12-12
20373.0124,20373.70,A2,PARKSIDE ON THE RIVER WEST 70'/80' LOT,1304 SUNSET HILL WAY,2025-10-28,2025-11-19,2025-12-11,2025-12-18,NULL,NULL,NULL,NULL,NULL,NULL,2025-12-05,2025-12-04,2025-12-18,2026-04-26,2026-05-06,2026-05-22,2026-07-04,2026-08-02,2026-08-10,22,22,7,NULL,NULL,NULL,NULL,NULL,NULL,38,27,15,11,7,6,NULL,18,NULL,10,NULL,16,43,33,29,16,8,120,Mechanicals,Cornice,2025-12-18
20374.0037,20374.50,F1,MAGNOLIA BAY 50' LOT,401 SUN CHASER DRIVE,2025-07-31,2025-08-11,2025-09-02,NULL,2025-09-25,2025-10-06,2025-11-25,2025-11-26,2025-12-17,NULL,2025-08-16,2025-09-12,NULL,2025-09-24,2025-10-09,2025-10-18,2026-01-10,2025-12-17,2026-04-26,11,22,NULL,23,11,50,1,21,NULL,16,15,32,28,NULL,NULL,22,31,14,15,12,22,NULL,46,NULL,47,20,17,Complete,Final,2025-12-17
20374.0038,20374.50,F1,MAGNOLIA BAY 50' LOT,407 SUN CHASER DRIVE,2025-10-16,2025-10-30,2025-12-05,NULL,NULL,NULL,NULL,NULL,NULL,NULL,2025-11-01,2025-12-01,NULL,2026-04-26,2026-05-10,2026-05-22,2026-07-07,2026-08-23,2026-09-12,14,36,NULL,NULL,NULL,NULL,NULL,NULL,NULL,16,15,32,28,NULL,NULL,22,31,14,15,12,22,NULL,46,NULL,47,20,17,Mechanicals,Frame,2025-12-05
20375.0066,20375.60,F1,TURNLEAF 60' LOT,13110 CAMELOT LANE,2025-04-30,2025-05-06,2025-06-03,NULL,2025-07-07,2025-08-13,2025-09-12,2025-10-17,2025-11-17,NULL,2025-05-15,2025-06-03,NULL,2025-07-04,2025-07-22,2025-09-04,2025-10-28,2025-11-17,2026-04-26,6,28,NULL,34,37,30,35,31,NULL,NULL,15,NULL,28,NULL,NULL,NULL,31,NULL,15,NULL,22,NULL,46,72,47,NULL,17,Complete,Final,2025-11-17
20376.0032,20376.50,H2,WOODHAVYN 50' LOT,29854 AMBER BROOK DRIVE,2025-03-17,2025-03-25,2025-04-04,2025-04-09,2025-04-19,2025-04-29,2025-05-19,2025-11-04,2025-11-26,NULL,2025-03-22,2025-04-10,2025-04-10,2025-04-19,2025-04-30,2025-05-16,2025-06-04,2025-11-26,2026-04-26,8,10,5,10,10,20,169,22,NULL,5,9,16,17,6,3,10,12,NULL,11,NULL,17,NULL,16,NULL,25,36,54,Complete,Final,2025-11-26
20376.0035,20376.50,H2,WOODHAVYN 50' LOT,29781 BRUSHY GABLES DRIVE,2025-05-20,2025-05-28,2025-06-10,2025-06-16,2025-06-27,2025-07-10,2025-07-21,2025-11-01,2025-11-19,NULL,2025-05-25,2025-06-13,2025-06-16,2025-06-26,2025-07-08,2025-07-27,2025-08-06,2025-11-19,2026-04-26,8,13,6,11,13,11,103,18,NULL,5,9,16,17,6,3,10,12,NULL,11,NULL,17,NULL,16,NULL,25,36,54,Complete,Final,2025-11-19
20378.0043,20378.47,A2,WOODSIDE 47' LOT,312 BRIGHT LIGHT WAY (C),2025-05-27,2025-06-11,2025-06-25,2025-07-02,2025-07-15,2025-07-30,NULL,NULL,NULL,NULL,2025-06-23,2025-06-22,2025-07-01,2025-07-23,2025-07-23,2026-04-26,2026-05-29,2026-06-14,2026-11-08,15,14,7,13,15,NULL,NULL,NULL,NULL,NULL,27,NULL,11,NULL,6,21,18,8,10,11,16,NULL,33,NULL,16,147,120,Trim,Sheetrock,2025-07-30
20379.0014,20379.50,A1,ELDORADO 50' LOT,205 ENSBERG LANE,2025-03-05,2025-03-17,2025-03-27,2025-04-01,2025-04-10,2025-04-21,2025-05-01,2025-09-24,2025-09-26,NULL,2025-03-12,2025-03-24,2025-04-03,2025-04-12,2025-04-19,2025-05-06,2025-06-09,2025-09-26,2026-04-26,12,10,5,9,11,10,146,2,NULL,7,15,7,9,7,6,11,15,9,13,15,17,NULL,39,NULL,11,103,96,Complete,Final,2025-09-26
20379.0033,20379.60,A1,ELDORADO 60' LOT,205 MATON WAY,2026-01-23,NULL,NULL,NULL,NULL,NULL,NULL,NULL,NULL,NULL,2026-04-26,2026-05-05,2026-05-11,2026-05-20,2026-06-01,2026-06-15,2026-07-24,2026-07-28,2026-11-01,NULL,NULL,NULL,NULL,NULL,NULL,NULL,NULL,NULL,NULL,15,NULL,9,NULL,6,9,15,12,13,14,17,NULL,39,4,11,NULL,96,Foundation,Released,2026-01-23
20379.0056,20379.50,A1,ELDORADO 50' LOT,145 BURKE STREET,2025-11-18,2025-12-03,2025-12-15,2025-12-18,2026-01-03,2026-01-08,NULL,NULL,NULL,NULL,2025-11-25,2025-12-10,2025-12-22,2025-12-29,2026-01-12,2026-04-26,2026-06-04,2026-06-15,2026-09-26,15,12,3,16,5,NULL,NULL,NULL,NULL,7,15,7,9,7,6,11,15,9,13,15,17,NULL,39,NULL,11,103,96,Trim,Sheetrock,2026-01-08
20379.0058,20379.70,A1,ELDORADO 70' LOT,201 OSWALT WAY,2025-12-09,2025-12-19,2026-01-05,2026-01-09,NULL,NULL,NULL,NULL,NULL,NULL,2025-12-30,2026-01-05,2026-01-09,2026-04-26,2026-05-17,2026-05-28,2026-06-28,2026-07-09,2026-10-13,10,17,4,NULL,NULL,NULL,NULL,NULL,NULL,21,15,17,9,4,6,NULL,15,21,13,11,17,31,39,NULL,11,NULL,96,Mechanicals,Cornice,2026-01-09
20380.0003,20380.50,F1,GLYNLEA COUNTRY CLUB 50' LOT,6695 NW GLYNLEA BOULEVARD SOUTH (M),2025-05-30,2025-06-12,2025-07-14,NULL,2025-08-01,2025-08-12,2025-09-03,2025-09-26,2025-10-31,NULL,2025-06-12,2025-07-01,NULL,2025-08-14,2025-08-16,2025-09-04,2025-10-19,2025-10-31,2026-04-26,13,32,NULL,18,11,22,23,35,NULL,13,15,19,28,NULL,NULL,NULL,31,NULL,15,23,22,NULL,46,NULL,47,NULL,17,Complete,Final,2025-10-31
20380.0057,20380.60,F1,GLYNLEA COUNTRY CLUB 60' LOT,10945 NORTHWEST GLYNLEA BOULEVARD NORTH,2025-08-22,2025-09-05,2025-09-22,NULL,2025-10-03,2025-11-11,2025-12-12,2026-01-20,NULL,NULL,2025-09-05,2025-09-30,NULL,2025-10-14,2025-10-18,2025-11-30,2026-01-20,2026-04-26,2026-05-13,14,17,NULL,11,39,31,39,NULL,NULL,14,15,25,28,NULL,NULL,22,31,NULL,15,19,22,39,46,NULL,47,NULL,17,Final,Interior,2026-01-20
20380.0062,20380.60,F1,GLYNLEA COUNTRY CLUB 60' LOT,10905 NORTHWEST GLYNLEA BOULEVARD NORTH,2026-01-28,NULL,NULL,NULL,NULL,NULL,NULL,NULL,NULL,NULL,2026-04-26,2026-05-21,NULL,2026-06-12,2026-06-27,2026-07-16,2026-08-24,2026-10-10,2026-10-27,NULL,NULL,NULL,NULL,NULL,NULL,NULL,NULL,NULL,14,15,25,28,NULL,NULL,22,31,NULL,15,19,22,39,46,NULL,47,NULL,17,Foundation,Released,2026-01-28
20381.0007,20381.65,S3,CIBOLO VALLEY HEIGHTS 65' LOT,319 BELLA ROSA WAY,2026-01-28,NULL,NULL,NULL,NULL,NULL,NULL,NULL,NULL,NULL,2026-04-26,2026-05-08,2026-05-15,2026-05-27,2026-06-09,2026-06-27,2026-07-18,2026-07-30,2026-10-30,NULL,NULL,NULL,NULL,NULL,NULL,NULL,NULL,NULL,12,14,12,12,7,7,12,15,13,12,18,15,21,23,NULL,12,92,98,Foundation,Released,2026-01-28
20381.0020,20381.65,S3,CIBOLO VALLEY HEIGHTS 65' LOT,140 KRUEGER WAY,2025-12-31,2026-01-12,2026-01-22,2026-01-28,NULL,NULL,NULL,NULL,NULL,NULL,2026-01-12,2026-01-24,2026-01-29,2026-04-26,2026-05-09,2026-05-27,2026-06-17,2026-06-29,2026-09-29,12,10,6,NULL,NULL,NULL,NULL,NULL,NULL,12,14,12,12,7,7,12,15,13,12,18,15,21,23,NULL,12,92,98,Mechanicals,Cornice,2026-01-28
20381.0033,20381.65,S3,CIBOLO VALLEY HEIGHTS 65' LOT,131 KRAMM TRAIL,2025-11-20,2025-12-03,2025-12-15,2025-12-19,2026-01-02,2026-01-14,NULL,NULL,NULL,NULL,2025-12-02,2025-12-15,2025-12-22,2025-12-31,2026-01-15,2026-04-26,2026-05-17,2026-05-29,2026-08-29,13,12,4,14,12,NULL,NULL,NULL,NULL,12,14,12,12,7,7,12,15,13,12,18,15,21,23,NULL,12,92,98,Trim,Sheetrock,2026-01-14
20381.0060,20381.65,S3,CIBOLO VALLEY HEIGHTS 65' LOT,240 KOVE LANE,2025-10-30,2025-11-10,2025-11-19,2025-12-01,2025-12-09,2025-12-23,2026-01-08,NULL,NULL,NULL,2025-11-11,2025-11-22,2025-11-26,2025-12-13,2025-12-22,2026-01-10,2026-04-26,2026-05-08,2026-08-08,11,9,12,8,14,16,NULL,NULL,NULL,12,14,12,12,7,7,12,15,13,12,18,15,21,23,NULL,12,92,98,Interior,Trim,2026-01-08
20384.0008,20384.70,S2,DOMINION 70' LOT,31 ENIA CIRCLE,2025-06-03,2025-06-25,2025-07-06,2025-07-11,2025-07-25,2025-08-18,2025-08-29,2025-09-24,2025-10-19,NULL,2025-06-15,2025-07-05,2025-07-23,2025-08-03,2025-08-06,2025-09-04,2025-09-27,2025-10-19,2026-04-26,22,11,5,14,24,11,26,25,NULL,12,20,NULL,10,17,7,23,17,NULL,12,NULL,17,29,30,20,16,NULL,96,Complete,Final,2025-10-19
20387.0008,20387.60,H6,AUSTIN POINT 60' LOT,4922 PEGASUS WAY,2025-06-11,2025-06-17,2025-06-30,2025-07-07,2025-07-18,2025-07-29,2025-08-12,2025-10-13,2025-12-11,NULL,2025-06-16,2025-06-29,2025-07-04,2025-07-18,2025-07-27,2025-08-14,2025-09-01,2025-12-11,2026-04-26,6,13,7,11,11,14,62,59,NULL,5,10,12,14,4,4,11,13,NULL,9,NULL,16,NULL,20,NULL,12,20,58,Complete,Final,2025-12-11
20388.0028,20388.60,H4,BRIARLEY 60' LOT,459 LONE RANGER DRIVE,2025-08-29,2025-09-06,2025-09-25,2025-10-01,2025-10-16,2025-10-27,2025-11-12,2025-12-10,2025-12-23,NULL,2025-09-10,2025-09-20,2025-09-30,2025-10-11,2025-10-30,2025-11-11,2025-12-02,2025-12-23,2026-04-26,8,19,6,15,11,16,28,13,NULL,12,9,14,12,5,3,10,9,14,10,15,15,20,17,17,13,10,97,Complete,Final,2025-12-23
20388.0054,20388.70,H4,BRIARLEY 70' LOT,115 PLOTT HOUND DRIVE (M),2025-05-19,2025-05-16,2025-05-23,2025-06-02,2025-06-06,2025-06-16,2025-06-26,2025-07-10,2025-07-31,NULL,2025-05-31,2025-06-07,2025-05-29,2025-06-11,2025-06-18,2025-06-28,2025-07-22,2025-07-31,2026-04-26,-3,7,10,4,10,10,14,21,NULL,12,9,22,12,6,3,NULL,9,12,10,12,15,26,17,18,13,10,97,Complete,Final,2025-07-31
20388.0065,20388.70,H4,BRIARLEY 70' LOT,1159 BASSET HOUND DRIVE,2025-09-17,2025-09-26,2025-10-09,2025-10-13,2025-10-24,2025-11-03,2025-11-14,2025-12-14,2025-12-31,NULL,2025-09-29,2025-10-18,2025-10-15,2025-10-22,2025-11-05,2025-11-15,2025-12-10,2025-12-31,2026-04-26,9,13,4,11,10,11,30,17,NULL,12,9,22,12,6,3,NULL,9,12,10,12,15,26,17,18,13,10,97,Complete,Final,2025-12-31
20390.0011,20390.1A,S3,THE PRESERVE AT ELM CREEK 1 ACRE LOT,1108 ELM FOREST DRIVE,2025-04-28,2025-05-12,2025-05-15,2025-05-20,2025-05-31,2025-06-02,2025-07-14,2025-09-03,2025-09-15,NULL,2025-06-02,2025-05-22,2025-05-25,2025-06-02,2025-06-13,2025-06-17,2025-08-06,2025-09-15,2026-04-26,14,3,5,11,2,42,51,12,NULL,35,14,10,12,10,7,13,15,13,12,NULL,15,NULL,23,NULL,12,NULL,98,Complete,Final,2025-09-15
20390.0022,20390.1A,S3,THE PRESERVE AT ELM CREEK 1 ACRE LOT,1130 HIGHLAND OAKS,2025-12-08,2025-12-15,2025-12-19,2025-12-29,2026-01-09,2026-01-22,NULL,NULL,NULL,NULL,2026-01-12,2025-12-25,2025-12-29,2026-01-11,2026-01-22,2026-04-26,2026-05-19,2026-05-31,2026-09-06,7,4,10,11,13,NULL,NULL,NULL,NULL,35,14,10,12,10,7,13,15,13,12,NULL,15,NULL,23,NULL,12,NULL,98,Trim,Sheetrock,2026-01-22
20391.0023,20391.50,H1,LEGACY 50' LOT,729 EAGLE FORD LANE,2025-07-31,2025-08-12,2025-08-26,2025-09-02,2025-09-09,2025-09-18,2025-09-26,2026-01-05,2026-01-09,NULL,2025-08-15,2025-08-31,2025-09-03,2025-09-12,2025-09-18,2025-10-10,2025-12-31,2026-01-09,2026-04-26,12,14,7,7,9,8,101,4,NULL,15,11,NULL,19,NULL,8,10,11,9,12,22,19,96,41,10,10,NULL,88,Complete,Final,2026-01-09
20394.0047,20394.70,D4,LAKEWOOD VILLAGE 70'/90' LOT,1501 SUNSET POINT DRIVE,2026-01-26,NULL,NULL,NULL,NULL,NULL,NULL,NULL,NULL,NULL,2026-04-26,2026-05-09,2026-05-14,2026-05-31,2026-06-13,2026-06-25,2026-07-19,2026-08-29,2026-09-04,NULL,NULL,NULL,NULL,NULL,NULL,NULL,NULL,NULL,NULL,14,NULL,13,NULL,5,NULL,17,NULL,13,NULL,12,NULL,24,41,40,6,39,Foundation,Released,2026-01-26
20394.0048,20394.70,D4,LAKEWOOD VILLAGE 70'/90' LOT,1417 HIDDEN COVE DRIVE,2025-07-01,2025-08-29,2025-09-05,2025-09-11,2025-09-26,2025-10-03,2025-10-27,2025-12-17,NULL,NULL,2025-07-15,2025-09-11,2025-09-10,2025-09-28,2025-10-09,2025-10-15,2025-11-20,2026-04-26,2026-05-02,59,7,6,15,7,24,51,NULL,NULL,NULL,14,NULL,13,NULL,5,NULL,17,NULL,13,NULL,12,NULL,24,41,40,6,39,Final,Interior,2025-12-17
20394.0049,20394.70,D4,LAKEWOOD VILLAGE 70'/90' LOT,1413 HIDDEN COVE DRIVE,2025-07-02,2025-08-25,2025-09-05,2025-09-11,2025-09-26,2025-09-30,2025-10-27,2025-12-09,2026-01-28,NULL,2025-07-16,2025-09-07,2025-09-10,2025-09-28,2025-10-09,2025-10-12,2025-11-20,2026-01-28,2026-04-26,54,11,6,15,4,27,43,50,NULL,NULL,14,NULL,13,NULL,5,NULL,17,NULL,13,NULL,12,NULL,24,41,40,6,39,Complete,Final,2026-01-28
20397.0034,20397.40,H2,WILDTREE 40' LOT,26731 TEXAS LANTANA LANE,2026-01-13,2026-01-22,NULL,NULL,NULL,NULL,NULL,NULL,NULL,NULL,2026-01-20,2026-04-26,2026-04-29,2026-05-08,2026-05-19,2026-06-05,2026-06-21,2026-07-16,2026-09-08,9,NULL,NULL,NULL,NULL,NULL,NULL,NULL,NULL,7,9,12,17,NULL,3,9,12,NULL,11,NULL,17,NULL,16,NULL,25,NULL,54,Frame,Foundation,2026-01-22
20398.0020,20398.45,H2,EVERLY 45' LOT,18723 BUTTERCUP FARMS LANE,2025-06-13,2025-06-21,2025-06-26,2025-06-30,2025-07-11,2025-07-22,2025-08-01,2025-11-24,2026-01-08,NULL,2025-06-19,2025-07-04,2025-06-28,2025-07-11,2025-07-22,2025-08-08,2025-08-17,2026-01-08,2026-04-26,8,5,4,11,11,10,115,45,NULL,6,9,13,17,2,3,11,12,11,11,NULL,17,NULL,16,43,25,NULL,54,Complete,Final,2026-01-08
20398.0112,20398.50,H2,EVERLY 50' LOT,22306 JAPANESE MAPLE LANE,2025-06-19,2025-06-27,2025-07-10,2025-07-16,2025-07-18,2025-07-30,2025-08-11,2025-10-30,2025-11-11,NULL,2025-07-01,2025-07-08,2025-07-18,2025-07-26,2025-07-29,2025-08-30,2025-08-13,2025-11-11,2026-04-26,8,13,6,2,12,12,80,12,NULL,12,9,11,17,8,3,10,12,NULL,11,31,17,2,16,NULL,25,44,54,Complete,Final,2025-11-11
20403.0021,20403.60,A3,JUNIPER SPRINGS 60' LOT,241 MELODY LANE,2025-09-02,2025-09-22,2025-09-26,2025-10-02,2025-10-20,2025-11-06,2025-11-11,2025-12-16,2025-12-31,NULL,2025-09-17,2025-09-25,2025-10-03,2025-10-23,2025-11-02,2025-11-20,2026-02-02,2025-12-31,2026-04-26,20,4,6,18,17,5,35,15,NULL,15,17,3,9,7,5,NULL,21,NULL,13,NULL,14,83,37,10,12,NULL,64,Complete,Final,2025-12-31
20403.0028,20403.45,A3,JUNIPER SPRINGS 45' LOT,3927 MELODY ROAD,2026-01-02,2026-01-13,2026-01-20,2026-01-21,NULL,NULL,NULL,NULL,NULL,NULL,2026-01-12,2026-01-21,2026-01-22,2026-04-26,2026-05-08,2026-05-22,2026-06-04,2026-06-22,2026-07-03,11,7,1,NULL,NULL,NULL,NULL,NULL,NULL,10,17,8,9,2,5,16,21,12,13,14,14,13,37,18,12,11,64,Mechanicals,Cornice,2026-01-21
20403.0032,20403.45,A3,JUNIPER SPRINGS 45' LOT,3919 MELODY ROAD,2026-01-02,2026-01-14,2026-01-22,NULL,NULL,NULL,NULL,NULL,NULL,NULL,2026-01-12,2026-01-22,2026-04-26,2026-05-12,2026-05-24,2026-06-07,2026-06-20,2026-07-08,2026-07-19,12,8,NULL,NULL,NULL,NULL,NULL,NULL,NULL,10,17,8,9,2,5,16,21,12,13,14,14,13,37,18,12,11,64,Cornice,Frame,2026-01-22
20403.0097,20403.50,A3,JUNIPER SPRINGS 50' LOT,308 FOXFIRE COVE,2026-01-02,2026-01-13,2026-01-20,2026-01-26,NULL,NULL,NULL,NULL,NULL,NULL,2026-01-09,2026-01-20,2026-01-25,2026-04-26,2026-05-05,2026-05-19,2026-08-08,2026-08-17,2026-09-01,11,7,6,NULL,NULL,NULL,NULL,NULL,NULL,7,17,7,9,5,5,17,21,9,13,NULL,14,81,37,9,12,15,64,Mechanicals,Cornice,2026-01-26
20405.0055,20405.60,F1,STAR FARMS AT LAKEWOOD RANCH 60' LOT,4011 COUNTRY VIEW COURT,2026-01-15,2026-01-27,NULL,NULL,NULL,NULL,NULL,NULL,NULL,NULL,2026-01-24,2026-04-26,NULL,2026-05-27,2026-06-11,2026-07-03,2026-08-18,2026-10-04,2026-10-21,12,NULL,NULL,NULL,NULL,NULL,NULL,NULL,NULL,9,15,NULL,28,NULL,NULL,NULL,31,NULL,15,NULL,22,NULL,46,NULL,47,NULL,17,Frame,Foundation,2026-01-27
20405.0059,20405.60,F1,STAR FARMS AT LAKEWOOD RANCH 60' LOT,3903 COUNTRY VIEW COURT,2025-12-30,2026-01-06,NULL,NULL,NULL,NULL,NULL,NULL,NULL,NULL,2026-01-08,2026-04-26,NULL,2026-05-27,2026-06-11,2026-07-03,2026-08-18,2026-10-04,2026-10-21,7,NULL,NULL,NULL,NULL,NULL,NULL,NULL,NULL,9,15,NULL,28,NULL,NULL,NULL,31,NULL,15,NULL,22,NULL,46,NULL,47,NULL,17,Frame,Foundation,2026-01-06
20405.0067,20405.60,F1,STAR FARMS AT LAKEWOOD RANCH 60' LOT,3719 COUNTRY VIEW COURT,2026-01-28,NULL,NULL,NULL,NULL,NULL,NULL,NULL,NULL,NULL,2026-04-26,2026-05-24,NULL,2026-06-24,2026-07-09,2026-07-31,2026-09-15,2026-11-01,2026-11-18,NULL,NULL,NULL,NULL,NULL,NULL,NULL,NULL,NULL,9,15,NULL,28,NULL,NULL,NULL,31,NULL,15,NULL,22,NULL,46,NULL,47,NULL,17,Foundation,Released,2026-01-28
20406.0004,20406.100,S3,WINDBORNE 100' LOT,5230 LOTTCHEN LANE,2025-10-29,2025-11-17,2025-11-25,2025-12-03,2025-12-17,2025-12-29,2026-01-12,NULL,NULL,NULL,2025-11-12,2025-11-29,2025-12-02,2025-12-17,2026-01-01,2026-01-11,2026-04-26,2026-05-08,2026-08-14,19,8,8,14,12,14,NULL,NULL,NULL,NULL,14,NULL,12,NULL,7,14,15,15,12,13,15,NULL,23,NULL,12,NULL,98,Interior,Trim,2026-01-12
20406.0024,20406.100,S3,WINDBORNE 100' LOT,5147 LOTTCHEN LANE,2025-10-29,2025-11-17,2025-12-01,2025-12-08,2025-12-23,2026-01-07,2026-01-19,NULL,NULL,NULL,2025-11-12,2025-11-29,2025-12-08,2025-12-22,2026-01-07,2026-01-20,2026-04-26,2026-05-08,2026-08-14,19,14,7,15,15,12,NULL,NULL,NULL,NULL,14,NULL,12,NULL,7,14,15,15,12,13,15,NULL,23,NULL,12,NULL,98,Interior,Trim,2026-01-19
20406.0028,20406.100,S3,WINDBORNE 100' LOT,5352 NETHERFIELD PARK,2025-10-21,2025-11-10,2025-11-24,2025-12-03,2025-12-18,2026-01-07,2026-01-20,NULL,NULL,NULL,2025-11-04,2025-11-22,2025-12-01,2025-12-17,2026-01-02,2026-01-20,2026-04-26,2026-05-08,2026-08-14,20,14,9,15,20,13,NULL,NULL,NULL,NULL,14,NULL,12,NULL,7,14,15,15,12,13,15,NULL,23,NULL,12,NULL,98,Interior,Trim,2026-01-20
20410.0019,20410.55,H1,MIDLINE 55' LOT,18011 SERENE HAVEN STREET,2026-01-14,2026-01-22,NULL,NULL,NULL,NULL,NULL,NULL,NULL,NULL,2026-01-23,2026-04-26,2026-05-04,2026-05-15,2026-05-27,2026-06-15,2026-07-26,2026-08-05,2026-11-01,8,NULL,NULL,NULL,NULL,NULL,NULL,NULL,NULL,9,11,NULL,19,NULL,8,NULL,11,NULL,12,NULL,19,NULL,41,NULL,10,NULL,88,Frame,Foundation,2026-01-22
206103,206,A3,CROSSWINDS 40' LOT,178 BLACKBORROW DRIVE,2026-01-14,NULL,NULL,NULL,NULL,NULL,NULL,NULL,NULL,NULL,2026-04-26,2026-05-04,2026-05-09,2026-05-18,2026-05-31,2026-06-14,2026-07-21,2026-08-02,2027-01-17,NULL,NULL,NULL,NULL,NULL,NULL,NULL,NULL,NULL,34,17,8,9,5,5,9,21,NULL,13,NULL,14,NULL,37,NULL,12,168,64,Foundation,Released,2026-01-14
210043,210,A3,CROSSWINDS 50' LOT,445 BAY BREEZE DRIVE (M),2023-03-06,2023-04-18,2023-04-21,2023-05-02,2023-05-22,2023-06-08,2023-06-23,2023-07-28,2023-08-25,NULL,2023-03-17,2023-04-25,2023-04-25,2023-05-12,2023-05-31,2023-06-22,2023-07-30,2023-08-25,2026-04-26,43,3,11,20,17,15,35,28,NULL,11,17,7,9,4,5,10,21,9,13,NULL,14,NULL,37,12,12,NULL,64,Complete,Final,2023-08-25
226049,226,H3,CROSS CREEK WEST 45' LOT,5318 BIRCH SHADOW DRIVE (C),2022-09-15,2022-09-28,2022-10-06,2022-10-13,2022-10-26,2022-10-27,NULL,NULL,NULL,NULL,2022-09-23,2022-10-05,2022-10-11,2022-10-21,2022-11-02,2026-04-26,2026-05-09,2026-05-18,2026-06-20,13,8,7,13,1,NULL,NULL,NULL,NULL,8,9,7,15,5,5,8,12,7,9,22,16,13,23,9,12,33,81,Trim,Sheetrock,2022-10-27
251026,251,S1,MEGAN'S LANDING 1/2 ACRE LOT,325 FALCON COVE (M),2023-10-12,2023-10-20,2023-11-09,2023-11-20,2023-12-23,2024-01-05,2024-01-24,2024-02-21,2024-03-04,NULL,2023-10-28,2023-11-09,2023-11-19,2023-12-09,2024-01-06,2024-01-23,2024-02-24,2024-03-04,2026-04-26,8,20,11,33,13,19,28,12,NULL,NULL,16,20,11,10,7,19,15,14,18,18,17,31,28,14,15,51,110,Complete,Final,2024-03-04
287058,287,S1,LADERA 45' LOT,2654 SUNCADIA LANE,2025-12-17,2026-01-07,2026-01-14,2026-01-20,NULL,NULL,NULL,NULL,NULL,NULL,2026-01-07,2026-01-14,2026-01-20,2026-04-26,2026-05-14,2026-05-27,2026-06-16,2026-06-30,2026-10-18,21,7,6,NULL,NULL,NULL,NULL,NULL,NULL,21,16,7,11,6,7,20,15,NULL,18,13,17,20,28,14,15,NULL,110,Mechanicals,Cornice,2026-01-20
288006,288,S3,MEADOWS OF MILL CREEK 50' LOT,1817 WINDWARD WAY,2025-10-23,2025-11-13,2025-11-25,2025-12-02,2025-12-17,2025-12-29,2026-01-09,NULL,NULL,NULL,2025-11-12,2025-12-07,2025-12-03,2025-12-17,2025-12-26,2026-01-19,2026-04-26,2026-05-08,2026-09-04,21,12,7,15,12,11,NULL,NULL,NULL,20,14,24,12,8,7,15,15,9,12,21,15,15,23,NULL,12,119,98,Interior,Trim,2026-01-09
313082,313,A1,NOLINA 60' LOT,503 WATERSHIELD COVE,2025-07-10,2025-07-23,2025-08-01,2025-08-07,2025-08-19,2025-08-26,2025-09-08,2025-09-30,2025-10-17,NULL,2025-07-19,2025-08-03,2025-08-07,2025-08-23,2025-08-25,2025-09-20,2025-10-17,2025-10-17,2026-04-26,13,9,6,12,7,13,22,17,NULL,9,15,11,9,6,6,16,15,6,13,25,17,NULL,39,NULL,11,163,96,Complete,Final,2025-10-17
344042,344,D1,SOMERSET PARK 80' LOT,4501 SYLVAN PARK DRIVE (M),2024-04-02,2024-04-17,2024-05-06,2024-05-10,2024-06-03,2024-06-17,2024-06-27,2024-07-17,2024-08-10,NULL,2024-04-16,2024-04-30,2024-05-12,2024-05-26,2024-06-15,2024-07-01,2024-07-13,2024-08-10,2026-04-26,15,19,4,24,14,10,20,24,NULL,NULL,14,NULL,13,NULL,6,NULL,16,NULL,12,14,18,16,17,20,17,182,60,Complete,Final,2024-08-10
605498,605,S1,KALLISON RANCH 50' LOT (A),10139 SUMLIN COURT,2025-09-04,2025-09-17,2025-09-25,2025-10-01,2025-10-13,2025-10-23,2025-11-04,2025-12-04,2025-12-15,NULL,2025-09-16,2025-09-25,2025-10-04,2025-10-12,2025-10-26,2025-11-06,2025-12-08,2025-12-15,2026-04-26,13,8,6,12,10,12,30,11,NULL,12,16,8,11,9,7,11,15,13,18,14,17,34,28,10,15,40,110,Complete,Final,2025-12-15
666171,666,D2,DEVONSHIRE 50' LOT,1002 BILTMORE COURT,2025-11-04,2025-11-17,2025-11-25,2025-12-02,2025-12-10,2025-12-22,2025-12-29,2026-01-15,NULL,NULL,2025-11-16,2025-11-27,2025-11-29,2025-12-16,2025-12-22,2026-01-01,2026-01-15,2026-04-26,2026-06-14,13,8,7,8,12,7,17,NULL,NULL,NULL,12,NULL,10,NULL,4,NULL,14,12,12,10,11,17,17,20,18,49,88,Final,Interior,2026-01-15
711108,711,H1,MERIDIANA 50' LOT,5310 MAJESTIC COURT,2022-03-08,2022-03-22,2022-04-14,2022-04-26,2022-05-05,2022-05-18,2022-06-03,2022-07-08,2022-07-18,NULL,2022-03-22,2022-04-09,2022-04-19,2022-05-07,2022-05-17,2022-05-26,2022-07-14,2022-07-18,2026-04-26,14,23,12,9,13,16,35,10,NULL,14,11,18,19,5,8,NULL,11,12,12,8,19,NULL,41,NULL,10,NULL,88,Complete,Final,2022-07-18
774124,774,H3,CANDELA 60' LOT,26535 GLEAMING DAWN WAY (M),2021-01-13,2021-01-18,2021-02-19,2021-02-23,2021-02-25,2021-03-01,2021-03-05,2021-04-01,2021-04-01,NULL,2021-01-18,2021-02-04,2021-02-26,2021-03-04,2021-03-09,2021-03-16,2021-03-21,2021-04-01,2026-04-26,5,32,4,2,4,4,27,0,NULL,5,9,17,15,7,5,9,12,12,9,15,16,16,23,8,12,NULL,81,Complete,Final,2021-04-01
788005,788,S3,VERAMENDI 60' LOT,1904 BIGHORN TRAIL (M),2022-08-17,2022-08-31,2022-09-06,2022-09-12,2022-10-26,2022-11-07,2022-11-14,2023-01-13,2023-01-27,NULL,2022-08-25,2022-09-12,2022-09-12,2022-09-23,2022-11-05,2022-11-22,2022-12-07,2023-01-27,2026-04-26,14,6,6,44,12,7,60,14,NULL,8,14,12,12,6,7,11,15,10,12,NULL,15,NULL,23,15,12,60,98,Complete,Final,2023-01-27
796082,796,A2,THE COLONY 45' LOT,167 PLUMBAGO LOOP,2025-10-14,2025-10-21,2025-10-24,2025-10-29,2025-11-06,2025-11-13,2025-11-24,2025-12-11,2025-12-31,NULL,2025-11-10,2025-11-06,2025-10-29,2025-11-10,2025-11-15,2025-11-27,2025-12-15,2025-12-31,2026-04-26,7,3,5,8,7,11,17,20,NULL,NULL,27,16,11,5,6,12,18,9,10,14,16,21,33,17,16,93,120,Complete,Final,2025-12-31
131055,131,H5,MARVIDA 55' LOT,21204 PALM ARBOR DRIVE (C),2022-06-03,2022-06-23,2022-07-12,2022-07-27,2022-11-30,2022-11-30,NULL,NULL,NULL,NULL,2022-06-12,2022-07-08,2022-07-17,2022-08-12,2022-12-12,2026-04-26,2026-05-10,2026-05-25,2026-07-17,20,19,15,126,0,NULL,NULL,NULL,NULL,NULL,9,NULL,15,NULL,5,NULL,16,NULL,12,NULL,17,14,18,15,10,53,76,Trim,Sheetrock,2022-11-30
152251,152,S1,ALSATIAN OAKS 50' LOT,293 WHITE OAK,2024-12-19,2025-01-08,2025-01-08,2025-01-15,2025-01-27,2025-02-19,2025-02-25,2025-03-25,2025-03-28,NULL,2024-12-31,2025-01-17,2025-01-14,2025-01-29,2025-02-14,2025-03-08,2025-03-24,2025-03-28,2026-04-26,20,0,7,12,23,6,28,3,NULL,12,16,9,11,6,7,14,15,NULL,18,NULL,17,27,28,5,15,156,110,Complete,Final,2025-03-28
175288,175,H5,MARVIDA 45' LOT,8707 FAIRWAY PALMS DRIVE (M),2022-05-25,2022-06-13,2022-06-28,2022-07-08,2022-07-29,2022-08-03,2022-08-17,2022-09-29,2022-10-12,NULL,2022-06-03,2022-06-27,2022-07-03,2022-07-22,2022-08-07,2022-08-19,2022-08-30,2022-10-12,2026-04-26,19,15,10,21,5,14,43,13,NULL,9,9,14,15,5,5,14,16,9,12,16,17,13,18,8,10,88,76,Complete,Final,2022-10-12
188230,188,H6,SIENNA 65' LOT,9019 SERENITY FOREST,2025-10-15,2025-10-23,2025-11-05,2025-11-07,2025-11-21,2025-12-05,2025-12-19,2026-01-07,NULL,NULL,2025-10-22,2025-11-06,2025-11-09,2025-11-20,2025-12-02,2025-12-26,2026-01-07,2026-04-26,2026-07-29,8,13,2,14,14,14,19,NULL,NULL,7,10,NULL,14,NULL,4,NULL,13,11,9,21,16,19,20,NULL,12,94,58,Final,Interior,2026-01-07
20007.0158,20007.60,A1,LARIAT 60' LOT,108 GARY WAYNE DRIVE,2025-10-28,2025-11-11,2025-11-17,2025-11-24,2025-12-01,2025-12-15,2026-01-02,NULL,NULL,NULL,2025-11-12,2025-11-20,2025-11-25,2025-12-04,2025-12-22,2026-01-02,2026-04-26,2026-05-07,2026-08-27,14,6,7,7,14,18,NULL,NULL,NULL,NULL,15,NULL,9,8,6,10,15,21,13,18,17,43,39,NULL,11,112,96,Interior,Trim,2026-01-02
20007.0167,20007.50,A1,LARIAT 50' LOT,101 GREEN BRUSH DRIVE (M),2025-11-05,2025-11-11,2025-11-18,2025-11-24,2025-12-08,2025-12-16,2026-01-06,2026-01-28,NULL,NULL,2025-11-22,2025-11-22,2025-11-24,2025-12-11,2025-12-24,2026-01-02,2026-02-04,2026-04-26,2026-06-29,6,7,6,14,8,21,22,NULL,NULL,17,15,11,9,6,6,17,15,16,13,NULL,17,29,39,9,11,64,96,Final,Interior,2026-01-28
20008.0066,313,A1,NOLINA 60' LOT,201 SNAKEROOT TRAIL,2026-01-07,2026-01-16,2026-01-27,NULL,NULL,NULL,NULL,NULL,NULL,NULL,2026-01-16,2026-01-27,2026-04-26,2026-05-12,2026-05-18,2026-06-12,2026-07-21,2026-08-01,2027-01-11,9,11,NULL,NULL,NULL,NULL,NULL,NULL,NULL,9,15,11,9,6,6,16,15,6,13,25,17,NULL,39,NULL,11,163,96,Cornice,Frame,2026-01-27
20010.0337,783,A2,PARKSIDE ON THE RIVER 50' LOT,1416 PANSY TRAIL,2025-10-21,2025-11-06,2025-11-17,2025-11-24,2025-12-06,2025-12-15,2025-12-29,NULL,NULL,NULL,2025-11-17,2025-11-17,2025-11-28,2025-12-09,2025-12-14,2025-12-28,2026-04-26,2026-05-10,2026-10-04,16,11,7,12,9,14,NULL,NULL,NULL,NULL,27,NULL,11,11,6,15,18,8,10,13,16,42,33,14,16,147,120,Interior,Trim,2025-12-29
20010.0372,784,A2,PARKSIDE ON THE RIVER 60' LOT,1413 WHITE DAISY LANE,2025-07-15,2025-07-30,2025-08-12,2025-08-19,2025-08-29,2025-09-09,2025-10-01,2025-10-30,2025-11-14,NULL,2025-08-11,2025-08-13,2025-08-18,2025-09-17,2025-09-10,2025-09-22,2025-11-05,2025-11-14,2026-04-26,15,13,7,10,11,22,29,15,NULL,NULL,27,14,11,6,6,29,18,12,10,13,16,35,33,NULL,16,NULL,120,Complete,Final,2025-11-14
20013.0504,687,A1,SANTA RITA RANCH 50' LOT,160 LA VENTA LOOP,2025-07-17,2025-07-26,2025-08-07,2025-08-12,2025-08-28,2025-09-08,2025-09-22,2025-10-27,2025-11-03,NULL,2025-08-03,2025-08-03,2025-08-13,2025-08-27,2025-09-08,2025-09-29,2025-10-16,2025-11-03,2026-04-26,9,12,5,16,11,14,35,7,NULL,17,15,8,9,NULL,6,NULL,15,11,13,21,17,24,39,14,11,166,96,Complete,Final,2025-11-03
20013.0549,746,A1,SANTA RITA RANCH 90' LOT,229 JATES FIELD BEND,2025-11-18,2025-12-04,2025-12-18,2025-12-22,2026-01-10,2026-01-19,NULL,NULL,NULL,NULL,2025-12-08,2025-12-16,2025-12-23,2026-01-06,2026-01-21,2026-04-26,2026-06-20,2026-07-07,2026-09-01,16,14,4,19,9,NULL,NULL,NULL,NULL,20,15,12,9,5,6,15,15,11,13,22,17,55,39,17,11,56,96,Trim,Sheetrock,2026-01-19
20013.0575,741,A1,SANTA RITA RANCH 40' LOT,510 MENLO CIRCLE,2025-12-03,2025-12-15,2025-12-22,2025-12-26,2026-01-13,2026-01-20,NULL,NULL,NULL,NULL,2025-12-18,2025-12-21,2025-12-28,2026-01-12,2026-01-20,2026-04-26,2026-05-26,2026-06-13,2026-07-04,12,7,4,18,7,NULL,NULL,NULL,NULL,15,15,6,9,6,6,17,15,7,13,NULL,17,30,39,18,11,21,96,Trim,Sheetrock,2026-01-20
20013.0576,741,A1,SANTA RITA RANCH 40' LOT,248 MENLO BEND,2025-09-23,2025-10-01,2025-10-08,2025-10-13,2025-10-24,2025-11-07,2025-11-26,2025-12-23,2026-01-15,NULL,2025-10-08,2025-10-07,2025-10-14,2025-10-30,2025-10-31,2025-11-24,2025-12-26,2026-01-15,2026-04-26,8,7,5,11,14,19,27,23,NULL,15,15,6,9,6,6,17,15,7,13,NULL,17,30,39,18,11,21,96,Complete,Final,2026-01-15
20016.0248,20016.56,A2,WOLF RANCH 56' LOT,1524 RODEO RIDGE DRIVE,2025-06-11,2025-06-30,2025-07-10,2025-07-17,2025-08-04,2025-08-18,2025-08-25,2025-10-21,2025-10-30,NULL,2025-07-04,2025-07-09,2025-07-16,2025-08-09,2025-08-14,2025-09-03,2025-09-18,2025-10-30,2026-04-26,19,10,7,18,14,7,57,9,NULL,23,27,9,11,6,6,23,18,NULL,10,NULL,16,24,33,10,16,87,120,Complete,Final,2025-10-30
20020.0327,796,A2,THE COLONY 45' LOT,332 MADDY WAY,2025-10-21,2025-11-07,2025-11-12,2025-11-14,2025-11-25,2025-12-04,2025-12-18,2026-01-08,2026-01-23,NULL,2025-11-17,2025-11-23,2025-11-17,2025-11-26,2025-12-04,2025-12-18,2026-01-08,2026-01-23,2026-04-26,17,5,2,11,9,14,21,15,NULL,NULL,27,16,11,5,6,12,18,9,10,14,16,21,33,17,16,93,120,Complete,Final,2026-01-23
20026.0281,123,A3,6 CREEKS 45' LOT,172 BASKET FLOWER LOOP,2025-10-15,2025-10-21,2025-10-27,2025-10-30,2025-11-12,2025-11-24,2025-12-10,2025-12-29,2025-12-31,NULL,2025-11-01,2025-10-30,2025-11-01,2025-11-30,2025-11-23,2025-12-08,2025-12-29,2025-12-31,2026-05-21,6,6,3,13,12,16,19,2,NULL,NULL,17,NULL,9,NULL,5,31,21,11,13,NULL,14,19,37,2,12,141,64,Complete,Final,2025-12-31
20041.0077,20041.70,D1,SONOMA VERDE 70' LOT,1711 GRENACHE DRIVE,2026-01-27,NULL,NULL,NULL,NULL,NULL,NULL,NULL,NULL,NULL,2026-04-26,2026-05-08,2026-05-14,2026-06-01,2026-06-13,2026-07-01,2026-07-24,2026-08-14,2026-08-22,NULL,NULL,NULL,NULL,NULL,NULL,NULL,NULL,NULL,NULL,14,12,13,6,6,18,16,NULL,12,NULL,18,23,17,21,17,8,60,Foundation,Released,2026-01-27
20085.0044,316,D3,MOSAIC 50' LOT,4413 DAISY LANE,2025-04-10,2025-04-14,2025-04-29,2025-05-06,2025-06-04,2025-06-09,2025-06-17,2025-08-25,2025-08-30,NULL,2025-04-29,2025-04-21,2025-05-02,2025-05-19,2025-06-17,2025-06-29,2025-07-16,2025-08-30,2026-04-26,4,15,7,29,5,8,69,5,NULL,19,12,7,10,NULL,3,NULL,13,NULL,13,NULL,20,NULL,29,NULL,21,126,92,Complete,Final,2025-08-30
20088.0138,148,D4,SWEETGRASS 50' LOT,734 RED CEDAR ROAD,2025-12-31,2026-01-08,2026-01-19,2026-01-22,NULL,NULL,NULL,NULL,NULL,NULL,2026-01-07,2026-01-19,2026-01-22,2026-04-26,2026-05-09,2026-05-21,2026-06-14,2026-07-24,2026-09-01,8,11,3,NULL,NULL,NULL,NULL,NULL,NULL,7,14,11,13,3,5,NULL,17,NULL,13,NULL,12,NULL,24,NULL,40,NULL,39,Mechanicals,Cornice,2026-01-22
20090.0188,660,D3,STAR TRAIL 76' LOT,2591 FOUNTAIN STREET,2026-01-20,NULL,NULL,NULL,NULL,NULL,NULL,NULL,NULL,NULL,2026-04-26,2026-05-06,2026-05-09,2026-05-22,2026-06-04,2026-06-24,2026-07-23,2026-08-13,2026-11-13,NULL,NULL,NULL,NULL,NULL,NULL,NULL,NULL,NULL,13,12,NULL,10,NULL,3,NULL,13,NULL,13,NULL,20,NULL,29,NULL,21,NULL,92,Foundation,Released,2026-01-20
20090.0195,660,D3,STAR TRAIL 76' LOT,2641 LIVE OAK LANE,2026-01-22,NULL,NULL,NULL,NULL,NULL,NULL,NULL,NULL,NULL,2026-04-26,2026-05-06,2026-05-09,2026-05-22,2026-06-04,2026-06-24,2026-07-23,2026-08-13,2026-11-13,NULL,NULL,NULL,NULL,NULL,NULL,NULL,NULL,NULL,13,12,NULL,10,NULL,3,NULL,13,NULL,13,NULL,20,NULL,29,NULL,21,NULL,92,Foundation,Released,2026-01-22
20096.0003,285,F1,SOUTHERN HILLS 80' LOT,5119 SUMMIT VIEW DRIVE,2025-05-30,2025-06-26,2025-08-18,NULL,2025-10-03,2025-10-16,2025-11-13,2026-01-27,NULL,NULL,2025-06-23,2025-07-24,NULL,2025-09-18,2025-11-01,2025-11-20,2026-01-27,2026-04-26,2026-05-03,27,53,NULL,46,13,28,75,NULL,NULL,24,15,NULL,28,NULL,NULL,NULL,31,29,15,35,22,75,46,30,47,7,17,Final,Interior,2026-01-27
20096.0041,285,F1,SOUTHERN HILLS 80' LOT,19535 AUTUMN OAK LANE,2025-05-30,2025-06-10,2025-07-22,NULL,2025-09-15,2025-09-26,2025-10-21,NULL,NULL,NULL,2025-06-23,2025-07-08,NULL,2025-08-22,2025-10-14,2025-10-31,2026-04-26,2026-05-26,2026-06-02,11,42,NULL,55,11,25,NULL,NULL,NULL,24,15,NULL,28,NULL,NULL,NULL,31,29,15,35,22,75,46,30,47,7,17,Interior,Trim,2025-10-21
20108.0965,188,H6,SIENNA 65' LOT,1502 ASHWOOD RUN COURT (M),2024-06-13,2024-06-14,2024-07-10,2024-07-18,2024-08-06,2024-08-19,2024-09-17,2024-10-15,2024-11-05,NULL,2024-06-20,2024-06-28,2024-07-14,2024-07-31,2024-08-17,2024-09-09,2024-10-06,2024-11-05,2026-04-26,1,26,8,19,13,29,28,21,NULL,7,10,NULL,14,NULL,4,NULL,13,11,9,21,16,19,20,NULL,12,94,58,Complete,Final,2024-11-05
20108.1080,102,H6,SIENNA 55' LOT,2030 ORCHARD ROSE DRIVE,2025-11-13,2025-11-19,2025-12-03,2025-12-08,2025-12-17,2025-12-29,2026-01-12,NULL,NULL,NULL,2025-11-22,2025-12-07,2025-12-07,2025-12-20,2025-12-27,2026-01-10,2026-04-26,2026-05-09,2026-07-06,6,14,5,9,12,14,NULL,NULL,NULL,9,10,18,14,4,4,12,13,10,9,12,16,25,20,13,12,58,58,Interior,Trim,2026-01-12
20132.0785,272,H1,MERIDIANA 40'/45' LOT,8922 RED WOLF PLACE,2025-09-30,2025-10-08,2025-11-10,2025-11-18,2025-11-26,2025-12-08,2025-12-17,2026-01-08,2026-01-23,NULL,2025-10-12,2025-10-24,2025-11-18,2025-11-28,2025-12-03,2025-12-26,2026-01-06,2026-01-23,2026-04-26,8,33,8,8,12,9,22,15,NULL,12,11,16,19,8,8,10,11,7,12,18,19,20,41,12,10,23,88,Complete,Final,2026-01-23
20132.0908,272,H1,MERIDIANA 40'/45' LOT,8947 GRAY FOX TRAIL,2025-11-25,2025-12-08,2025-12-17,2025-12-26,2026-01-07,2026-01-16,NULL,NULL,NULL,NULL,2025-12-07,2025-12-24,2025-12-25,2026-01-05,2026-01-14,2026-04-26,2026-05-16,2026-05-28,2026-06-20,13,9,9,12,9,NULL,NULL,NULL,NULL,12,11,16,19,8,8,10,11,7,12,18,19,20,41,12,10,23,88,Trim,Sheetrock,2026-01-16
20132.0983,20132.601,H1,MERIDIANA SERENITY 60' LOT,9514 TURNSTONE DRIVE,2025-07-01,2025-07-10,2025-07-25,2025-08-05,2025-08-14,2025-08-25,2025-09-03,2025-09-19,2025-09-26,NULL,2025-07-19,2025-07-19,2025-07-31,2025-08-12,2025-08-26,2025-09-13,2025-10-14,2025-09-26,2026-04-26,9,15,11,9,11,9,16,7,NULL,18,11,9,19,6,8,7,11,NULL,12,NULL,19,NULL,41,NULL,10,NULL,88,Complete,Final,2025-09-26
20132.0984,20132.601,H1,MERIDIANA SERENITY 60' LOT,9506 TURNSTONE DRIVE,2025-07-01,2025-07-14,2025-08-01,2025-08-08,2025-08-18,2025-08-27,2025-09-10,2025-09-25,2025-10-06,NULL,2025-07-19,2025-07-23,2025-08-07,2025-08-15,2025-08-30,2025-09-15,2025-10-21,2025-10-06,2026-04-26,13,18,7,10,9,14,15,11,NULL,18,11,9,19,6,8,7,11,NULL,12,NULL,19,NULL,41,NULL,10,NULL,88,Complete,Final,2025-10-06
20132.1013,164,H1,MERIDIANA 60' LOT,6239 KING RANCH LOOP,2025-11-03,2025-11-13,2025-11-25,2025-12-08,2025-12-16,2025-12-22,2026-01-13,NULL,NULL,NULL,2025-11-11,2025-12-02,2025-12-02,2025-12-17,2025-12-31,2026-01-10,2026-04-26,2026-05-07,2026-08-03,10,12,13,8,6,22,NULL,NULL,NULL,8,11,19,19,7,8,9,11,15,12,19,19,17,41,11,10,NULL,88,Interior,Trim,2026-01-13
20132.1181,711,H1,MERIDIANA 50' LOT,9607 CHATEAU HILL DRIVE,2025-12-17,2025-12-31,NULL,NULL,NULL,NULL,NULL,NULL,NULL,NULL,2025-12-31,2026-04-26,2026-05-01,2026-05-12,2026-05-24,2026-06-01,2026-07-12,2026-07-22,2026-10-18,14,NULL,NULL,NULL,NULL,NULL,NULL,NULL,NULL,14,11,18,19,5,8,NULL,11,12,12,8,19,NULL,41,NULL,10,NULL,88,Frame,Foundation,2025-12-31
20178.0178,115,H2,ESCONDIDO 45' LOT,42431 PEARL TRACE LANE,2025-10-20,2025-10-27,2025-11-07,2025-11-10,2025-11-20,2025-12-02,2025-12-16,2026-01-06,2026-01-21,NULL,2025-11-01,2025-11-11,2025-11-10,2025-11-20,2025-12-01,2025-12-24,2026-01-02,2026-01-21,2026-04-26,7,11,3,10,12,14,21,15,NULL,12,9,15,17,3,3,10,12,NULL,11,22,17,17,16,12,25,29,54,Complete,Final,2026-01-21
20178.0180,115,H2,ESCONDIDO 45' LOT,42591 RUSTICO ROAD,2025-12-18,2025-12-30,2026-01-13,2026-01-14,2026-01-24,NULL,NULL,NULL,NULL,NULL,2025-12-30,2026-01-14,2026-01-16,2026-01-24,2026-04-26,2026-05-18,2026-06-04,2026-06-16,2026-07-15,12,14,1,10,NULL,NULL,NULL,NULL,NULL,12,9,15,17,3,3,10,12,NULL,11,22,17,17,16,12,25,29,54,Sheetrock,Mechanical,2026-01-24
20181.1016,582,H5,BRIDGELAND 55' LOT,10710 SUNDIAL LUPINE COURT,2025-11-14,2025-11-21,2025-12-11,2025-12-15,2025-12-24,2026-01-05,2026-01-20,NULL,NULL,NULL,2025-11-22,2025-12-10,2025-12-16,2025-12-24,2026-01-05,2026-01-19,2026-04-26,2026-05-09,2026-08-23,7,20,4,9,12,15,NULL,NULL,NULL,8,9,19,15,NULL,5,9,16,12,12,14,17,26,18,13,10,106,76,Interior,Trim,2026-01-20
20181.1038,619,H5,BRIDGELAND 45' LOT,21903 GEORGIA HACKBERRY WAY,2026-01-05,2026-01-14,NULL,NULL,NULL,NULL,NULL,NULL,NULL,NULL,2026-01-16,2026-04-26,2026-05-01,2026-05-17,2026-06-02,2026-06-19,2026-07-12,2026-07-22,2026-08-27,9,NULL,NULL,NULL,NULL,NULL,NULL,NULL,NULL,11,9,11,15,5,5,NULL,16,16,12,17,17,23,18,NULL,10,36,76,Frame,Foundation,2026-01-14
20181.1057,619,H5,BRIDGELAND 45' LOT,11147 MIDLAND HAWTHORN PLACE,2025-06-12,2025-06-25,2025-07-11,2025-07-14,2025-07-25,2025-08-05,2025-08-19,2025-09-05,2025-09-23,NULL,2025-06-23,2025-07-06,2025-07-16,2025-07-30,2025-08-10,2025-08-22,2025-09-11,2025-09-23,2026-04-26,13,16,3,11,11,14,17,18,NULL,11,9,11,15,5,5,NULL,16,16,12,17,17,23,18,NULL,10,36,76,Complete,Final,2025-09-23
20181.1209,582,H5,BRIDGELAND 55' LOT,21102 MILKWEED COURT (M),2026-01-05,2025-12-30,2026-01-12,2026-01-15,2026-01-22,NULL,NULL,NULL,NULL,NULL,2026-01-13,2026-01-18,2026-01-17,2026-01-24,2026-04-26,2026-05-10,2026-06-05,2026-06-18,2026-10-02,-6,13,3,7,NULL,NULL,NULL,NULL,NULL,8,9,19,15,NULL,5,9,16,12,12,14,17,26,18,13,10,106,76,Sheetrock,Mechanical,2026-01-22
20182.0840,716,H2,AMIRA 50' LOT,19935 EPONA CREEK DRIVE,2025-08-07,2025-08-19,2025-08-28,2025-09-02,2025-09-10,2025-09-18,2025-09-29,2025-10-13,2025-10-31,NULL,2025-08-16,2025-09-05,2025-08-31,2025-09-14,2025-09-21,2025-10-05,2025-10-19,2025-10-31,2026-04-26,12,9,5,8,8,11,14,18,NULL,NULL,9,NULL,17,NULL,3,NULL,12,NULL,11,NULL,17,20,16,15,25,15,54,Complete,Final,2025-10-31
20195.0155,333,H5,THE GRAND PRAIRIE 50' LOT,27323 PRAIRIE RUSH DRIVE,2025-10-29,2025-11-05,2025-11-13,2025-11-17,2025-12-03,2025-12-12,2025-12-31,2026-01-21,NULL,NULL,2025-11-07,2025-11-19,2025-11-19,2025-12-12,2025-12-16,2025-12-27,2026-01-21,2026-04-26,2026-07-11,7,8,4,16,9,19,21,NULL,NULL,NULL,9,14,15,6,5,25,16,13,12,15,17,21,18,17,10,NULL,76,Final,Interior,2026-01-21
20205.0166,792,H4,THE HIGHLANDS 65' LOT,21830 JEDEDIAH RIVER WAY (M),2025-04-04,2025-04-07,2025-04-11,2025-04-15,2025-04-23,2025-05-02,2025-05-12,2025-05-28,2025-06-20,NULL,2025-04-16,2025-04-21,2025-04-14,2025-04-25,2025-05-04,2025-05-27,2025-06-10,2025-06-20,2026-04-26,3,4,4,8,9,10,16,23,NULL,12,9,14,12,3,3,10,9,11,10,25,15,29,17,15,13,10,97,Complete,Final,2025-06-20
20205.0194,791,H4,THE HIGHLANDS 45' LOT,9635 MOUNT BREWER LANE,2025-10-30,2025-11-06,2025-11-17,2025-11-20,2025-12-01,2025-12-11,2025-12-16,2026-01-06,2026-01-14,NULL,2025-11-09,2025-11-18,2025-11-20,2025-11-29,2025-12-12,2025-12-26,2025-12-31,2026-01-14,2026-04-26,7,11,3,11,10,5,21,8,NULL,10,9,NULL,12,NULL,3,NULL,9,11,10,15,15,15,17,8,13,31,97,Complete,Final,2026-01-14
20205.0199,792,H4,THE HIGHLANDS 65' LOT,8802 JONES LAGOON DRIVE,2025-12-08,2025-12-16,2025-12-29,2026-01-02,2026-01-13,2026-01-28,NULL,NULL,NULL,NULL,2025-12-20,2025-12-30,2026-01-01,2026-01-12,2026-01-24,2026-04-26,2026-05-25,2026-06-09,2026-06-19,8,13,4,11,15,NULL,NULL,NULL,NULL,12,9,14,12,3,3,10,9,11,10,25,15,29,17,15,13,10,97,Trim,Sheetrock,2026-01-28
20205.0207,792,H4,THE HIGHLANDS 65' LOT,22059 BOCA CHITA WAY,2025-11-20,2025-11-27,2025-12-11,2025-12-16,2025-12-26,2026-01-02,2026-01-27,NULL,NULL,NULL,2025-12-02,2025-12-11,2025-12-14,2025-12-26,2026-01-06,2026-01-27,2026-04-26,2026-05-11,2026-05-21,7,14,5,10,7,25,NULL,NULL,NULL,12,9,14,12,3,3,10,9,11,10,25,15,29,17,15,13,10,97,Interior,Trim,2026-01-27
20215.0318,194,H4,ARTAVIA 45' LOT,18153 RAMSEY WAY LANE,2025-02-10,2025-02-17,2025-02-26,2025-02-27,2025-03-08,2025-03-17,2025-03-31,2025-05-30,2025-06-05,NULL,2025-02-17,2025-02-21,2025-03-03,2025-03-08,2025-03-18,2025-04-01,2025-04-17,2025-06-05,2026-04-26,7,9,1,9,9,14,60,6,NULL,7,9,4,12,5,3,NULL,9,NULL,10,NULL,15,NULL,17,NULL,13,152,97,Complete,Final,2025-06-05
20215.0354,735,H4,ARTAVIA 50' LOT,16511 MANDORA LANE,2025-06-19,2025-06-25,2025-07-09,2025-07-14,2025-07-22,2025-08-01,2025-08-20,2025-08-29,2025-09-16,NULL,2025-06-28,2025-07-07,2025-07-12,2025-07-23,2025-08-01,2025-08-30,2025-09-03,2025-09-16,2026-04-26,6,14,5,8,10,19,9,18,NULL,NULL,9,NULL,12,NULL,3,NULL,9,NULL,10,29,15,14,17,8,13,94,97,Complete,Final,2025-09-16
20218.0063,233,H4,EVERGREEN 50' LOT,15982 MAHOGANY MIST DRIVE,2025-06-16,2025-06-24,2025-07-07,2025-07-16,2025-07-17,2025-08-11,2025-08-20,2025-09-19,2025-10-07,NULL,2025-06-22,2025-07-05,2025-07-11,2025-07-24,2025-07-23,2025-08-26,2025-09-06,2025-10-07,2026-04-26,8,13,9,1,25,9,30,18,NULL,6,9,11,12,4,3,8,9,6,10,NULL,15,NULL,17,NULL,13,63,97,Complete,Final,2025-10-07
20218.0090,233,H4,EVERGREEN 50' LOT,15831 WILD ROSE BEND DRIVE,2025-04-17,2025-04-25,2025-05-07,2025-05-14,2025-05-21,2025-06-19,2025-07-15,2025-08-01,2025-09-16,NULL,2025-04-23,2025-05-06,2025-05-11,2025-05-22,2025-05-27,2025-07-04,2025-08-01,2025-09-16,2026-04-26,8,12,7,7,29,26,17,46,NULL,6,9,11,12,4,3,8,9,6,10,NULL,15,NULL,17,NULL,13,63,97,Complete,Final,2025-09-16
20221.0280,621,H4,GRAND CENTRAL PARK 50' LOT,522 BLACK CREEK TRAIL,2025-12-18,2025-12-29,2026-01-08,2026-01-09,2026-01-16,2026-01-28,NULL,NULL,NULL,NULL,2025-12-27,2026-01-08,2026-01-12,2026-01-16,2026-01-25,2026-04-26,2026-05-13,2026-05-26,2026-10-21,11,10,1,7,12,NULL,NULL,NULL,NULL,9,9,10,12,4,3,7,9,9,10,NULL,15,NULL,17,NULL,13,148,97,Trim,Sheetrock,2026-01-28
20233.0558,657,H3,JORDAN RANCH 65' LOT,31730 ROSEMARY ROAD,2025-12-29,2026-01-12,NULL,NULL,NULL,NULL,NULL,NULL,NULL,NULL,2026-01-12,2026-04-26,2026-05-04,2026-05-14,2026-05-31,2026-06-13,2026-07-02,2026-07-17,2026-07-31,14,NULL,NULL,NULL,NULL,NULL,NULL,NULL,NULL,14,9,15,15,8,5,10,12,17,9,13,16,19,23,15,12,14,81,Frame,Foundation,2026-01-12
20237.0084,225,H5,KATY COURT 70' LOT,3823 BLUE INDIGO WAY (M),2025-10-15,2025-10-22,2025-11-05,2025-11-10,2025-11-18,2025-12-05,2025-12-21,NULL,NULL,NULL,2025-10-25,2025-11-07,2025-11-10,2025-11-20,2025-11-29,2026-01-02,2026-04-26,2026-05-06,2026-10-04,7,14,5,8,17,16,NULL,NULL,NULL,10,9,16,15,5,5,10,16,11,12,28,17,13,18,NULL,10,151,76,Interior,Trim,2025-12-21
20238.0761,730,H5,ELYSON 45' LOT,7407 HEMLOCK CREST DRIVE,2025-07-30,2025-08-07,2025-08-15,2025-08-19,2025-08-30,2025-09-10,2025-09-22,2025-10-02,2025-10-07,NULL,2025-08-08,2025-08-18,2025-08-18,2025-09-04,2025-09-10,2025-09-24,2025-10-09,2025-10-07,2026-04-26,8,8,4,11,11,12,10,5,NULL,9,9,11,15,3,5,16,16,11,12,14,17,17,18,3,10,19,76,Complete,Final,2025-10-07
20238.0792,625,H5,ELYSON 55' LOT,25015 WILDERNESS HAVEN LANE,2026-01-16,2026-01-23,NULL,NULL,NULL,NULL,NULL,NULL,NULL,NULL,2026-01-23,2026-04-26,2026-05-03,2026-05-12,2026-05-21,2026-06-07,2026-06-25,2026-06-30,2026-09-16,7,NULL,NULL,NULL,NULL,NULL,NULL,NULL,NULL,7,9,13,15,7,5,9,16,9,12,NULL,17,NULL,18,5,10,78,76,Frame,Foundation,2026-01-23
20252.0336,290,H6,STONECREEK ESTATES 50' LOT,5223 FLAT STONE LANE,2025-07-24,2025-07-31,2025-08-12,2025-08-14,2025-08-26,2025-09-08,2025-10-06,2025-10-31,2025-10-31,NULL,2025-08-05,2025-08-15,2025-08-17,2025-08-27,2025-09-05,2025-09-24,2025-10-28,2025-10-31,2026-04-26,7,12,2,12,13,28,25,0,NULL,12,10,15,14,5,4,13,13,10,9,16,16,22,20,13,12,32,58,Complete,Final,2025-10-31
20252.0416,290,H6,STONECREEK ESTATES 50' LOT,5123 MOMO LANE,2025-12-18,2025-12-30,2026-01-13,2026-01-20,2026-01-29,NULL,NULL,NULL,NULL,NULL,2025-12-30,2026-01-14,2026-01-18,2026-02-02,2026-04-26,2026-05-12,2026-06-03,2026-06-16,2026-07-18,12,14,7,9,NULL,NULL,NULL,NULL,NULL,12,10,15,14,5,4,13,13,10,9,16,16,22,20,13,12,32,58,Sheetrock,Mechanical,2026-01-29
20267.0418,774,H3,CANDELA 60' LOT,26702 COPERNICUS COVE COURT,2025-09-18,2025-09-25,2025-10-13,2025-10-20,2025-10-31,2025-11-10,2025-11-24,2025-12-10,2025-12-20,NULL,2025-09-23,2025-10-12,2025-10-20,2025-10-29,2025-11-12,2025-11-25,2025-12-10,2025-12-20,2026-04-26,7,18,7,11,10,14,16,10,NULL,5,9,17,15,7,5,9,12,12,9,15,16,16,23,8,12,NULL,81,Complete,Final,2025-12-20
20272.0522,705,H6,HARVEST GREEN 45' LOT,218 GRAPEFRUIT GARDEN DRIVE,2026-01-26,NULL,NULL,NULL,NULL,NULL,NULL,NULL,NULL,NULL,2026-04-26,2026-05-02,2026-05-05,2026-05-13,2026-05-19,2026-06-03,2026-06-19,2026-06-28,2026-08-06,NULL,NULL,NULL,NULL,NULL,NULL,NULL,NULL,NULL,13,10,6,14,3,4,8,13,6,9,15,16,16,20,9,12,39,58,Foundation,Released,2026-01-26
20272.0533,604,H6,HARVEST GREEN 60' LOT,810 FENUGREEK FIELDS COURT,2025-12-01,2025-12-11,2025-12-31,2026-01-05,2026-01-16,2026-01-27,NULL,NULL,NULL,NULL,2025-12-13,2025-12-23,2026-01-05,2026-01-16,2026-01-27,2026-04-26,2026-05-17,2026-05-29,2026-07-26,10,20,5,11,11,NULL,NULL,NULL,NULL,12,10,12,14,5,4,11,13,11,9,19,16,21,20,NULL,12,NULL,58,Trim,Sheetrock,2026-01-27
20272.0537,604,H6,HARVEST GREEN 60' LOT,3110 TULIP TERRACE TRAIL,2025-12-18,2025-12-29,2026-01-07,2026-01-13,2026-01-24,NULL,NULL,NULL,NULL,NULL,2025-12-30,2026-01-10,2026-01-12,2026-01-24,2026-04-26,2026-05-15,2026-06-05,2026-06-17,2026-08-14,11,9,6,11,NULL,NULL,NULL,NULL,NULL,12,10,12,14,5,4,11,13,11,9,19,16,21,20,NULL,12,NULL,58,Sheetrock,Mechanical,2026-01-24
20286.0094,190,S1,VIDA 50' LOT,10735 SALEH CORNER,2025-10-14,2025-11-04,2025-11-05,2025-11-07,2025-11-25,2025-12-08,2025-12-23,2026-01-20,NULL,NULL,2025-11-03,2025-11-20,2025-11-10,2025-11-21,2025-12-11,2025-12-26,2026-01-13,2026-04-26,2026-09-02,21,1,2,18,13,15,28,NULL,NULL,20,16,16,11,5,7,14,15,16,18,18,17,21,28,32,15,129,110,Final,Interior,2026-01-20
20290.0047,20290.60,S1,ALSATIAN OAKS 60' LOT,333 LACEY OAK,2025-11-25,2025-12-18,2025-12-30,2026-01-07,2026-01-20,NULL,NULL,NULL,NULL,NULL,2025-12-11,2025-12-30,2026-01-07,2026-01-20,2026-04-26,2026-05-13,2026-06-10,2026-06-28,2026-10-16,23,12,8,13,NULL,NULL,NULL,NULL,NULL,NULL,16,12,11,8,7,13,15,NULL,18,NULL,17,NULL,28,18,15,NULL,110,Sheetrock,Mechanical,2026-01-20
20290.0065,20290.60,S1,ALSATIAN OAKS 60' LOT,354 LACEY OAK,2025-05-15,2025-06-02,2025-06-09,2025-06-16,2025-07-02,2025-07-15,2025-07-24,2025-08-27,2025-09-12,NULL,2025-05-31,2025-06-14,2025-06-17,2025-06-29,2025-07-20,2025-08-01,2025-08-21,2025-09-12,2026-04-26,18,7,7,16,13,9,34,16,NULL,NULL,16,12,11,8,7,13,15,NULL,18,NULL,17,NULL,28,18,15,NULL,110,Complete,Final,2025-09-12
20294.0036,251,S1,MEGAN'S LANDING 1/2 ACRE LOT,289 CHRISTIAN STREET,2025-10-21,2025-11-03,2025-11-17,2025-12-01,2025-12-17,2026-01-05,NULL,NULL,NULL,NULL,2025-11-06,2025-11-23,2025-11-27,2025-12-20,2025-12-31,2026-04-26,2026-05-27,2026-06-10,2026-07-31,13,14,14,16,19,NULL,NULL,NULL,NULL,NULL,16,20,11,10,7,19,15,14,18,18,17,31,28,14,15,51,110,Trim,Sheetrock,2026-01-05
20294.0051,251,S1,MEGAN'S LANDING 1/2 ACRE LOT,351 BOBS COVE,2025-11-13,2025-12-03,2025-12-23,2026-01-02,2026-01-20,NULL,NULL,NULL,NULL,NULL,2025-11-29,2025-12-23,2026-01-02,2026-01-21,2026-04-26,2026-05-14,2026-06-14,2026-06-28,2026-08-18,20,20,10,18,NULL,NULL,NULL,NULL,NULL,NULL,16,20,11,10,7,19,15,14,18,18,17,31,28,14,15,51,110,Sheetrock,Mechanical,2026-01-20
20298.0183,550,S2,STILLWATER RANCH 40' LOT,12616 COTORRA SPRINGS,2025-10-09,2025-10-28,2025-11-04,2025-11-12,2025-12-03,2025-12-16,2026-01-08,NULL,NULL,NULL,2025-10-29,2025-11-07,2025-11-11,2025-11-29,2025-12-15,2026-01-08,2026-04-26,2026-05-13,2026-07-06,19,7,8,21,13,23,NULL,NULL,NULL,NULL,20,NULL,10,NULL,7,NULL,17,NULL,12,23,17,38,30,17,16,54,96,Interior,Trim,2026-01-08
20313.0059,160,S2,CORLEY FARMS 50' LOT,129 MERRY CALF LANE,2025-10-09,2025-10-20,2025-10-28,2025-11-05,2025-11-13,2025-11-24,2025-12-05,2026-01-02,2026-01-16,NULL,2025-10-29,2025-10-30,2025-11-02,2025-11-22,2025-11-26,2025-12-10,2025-12-26,2026-01-16,2026-04-26,11,8,8,8,11,11,28,14,NULL,NULL,20,10,10,5,7,17,17,13,12,16,17,21,30,14,16,88,96,Complete,Final,2026-01-16
20313.0063,160,S2,CORLEY FARMS 50' LOT,113 BROWN SWISS RIDGE,2025-09-11,2025-09-22,2025-09-29,2025-10-03,2025-10-16,2025-10-24,2025-11-05,2025-12-01,2025-12-16,NULL,2025-10-01,2025-10-02,2025-10-04,2025-10-20,2025-10-29,2025-11-09,2025-11-26,2025-12-16,2026-04-26,11,7,4,13,8,12,26,15,NULL,NULL,20,10,10,5,7,17,17,13,12,16,17,21,30,14,16,88,96,Complete,Final,2025-12-16
20315.0122,740,S2,JOHNSON RANCH 55' LOT,3613 AGARITA PASS,2025-09-05,2025-09-11,2025-09-16,2025-09-19,2025-10-01,2025-10-10,2025-10-21,2025-11-21,2025-12-01,NULL,2025-09-19,2025-09-23,2025-09-23,2025-10-04,2025-10-08,2025-10-30,2025-11-23,2025-12-01,2026-04-26,6,5,3,12,9,11,31,10,NULL,14,20,12,10,7,7,15,17,7,12,20,17,33,30,15,16,75,96,Complete,Final,2025-12-01
20316.0137,20316.55,S3,HOMESTEAD 55' LOT,4730 SHERMAN SQUARE,2025-07-03,2025-07-09,2025-07-16,2025-07-24,2025-08-01,2025-08-18,2025-08-26,2025-09-22,2025-09-29,NULL,2025-07-22,2025-07-15,2025-07-23,2025-08-19,2025-08-14,2025-08-29,2025-09-19,2025-09-29,2026-04-26,6,7,8,8,17,8,27,7,NULL,19,14,6,12,7,7,26,15,13,12,11,15,24,23,1,12,158,98,Complete,Final,2025-09-29
20316.0175,20316.55,S3,HOMESTEAD 55' LOT,5150 ELLIS WAY,2025-12-12,2025-12-31,2026-01-07,2026-01-14,NULL,NULL,NULL,NULL,NULL,NULL,2025-12-31,2026-01-06,2026-01-14,2026-04-26,2026-05-09,2026-05-20,2026-06-13,2026-06-14,2026-11-19,19,7,7,NULL,NULL,NULL,NULL,NULL,NULL,19,14,6,12,7,7,26,15,13,12,11,15,24,23,1,12,158,98,Mechanicals,Cornice,2026-01-14
20320.0122,20320.60,S2,ESPERANZA 60' LOT,433 VERDAD WAY,2025-07-31,2025-08-14,2025-08-26,2025-08-29,2025-09-10,2025-09-25,2025-10-20,2025-11-04,2025-12-04,NULL,2025-08-23,2025-08-18,2025-09-04,2025-09-08,2025-09-17,2025-10-18,2025-11-19,2025-12-04,2026-07-27,14,12,3,12,15,25,15,30,NULL,23,20,4,10,9,7,10,17,7,12,23,17,NULL,30,NULL,16,235,96,Complete,Final,2025-12-04
20320.0127,20320.60,S2,ESPERANZA 60' LOT,406 FANDANGO,2025-02-18,2025-03-07,2025-03-17,2025-03-21,2025-04-09,2025-04-21,2025-05-13,2025-05-28,2025-07-08,NULL,2025-03-13,2025-03-11,2025-03-26,2025-03-31,2025-04-16,2025-05-14,2025-06-12,2025-07-08,2026-04-26,17,10,4,19,12,22,15,41,NULL,23,20,4,10,9,7,10,17,7,12,23,17,NULL,30,NULL,16,235,96,Complete,Final,2025-07-08
20320.0137,140,S2,ESPERANZA 50' LOT,253 SASPARILLA,2025-12-30,2026-01-06,2026-01-14,2026-01-21,NULL,NULL,NULL,NULL,NULL,NULL,2026-01-04,2026-01-17,2026-01-21,2026-04-26,2026-05-07,2026-05-28,2026-06-27,2026-07-11,2026-10-23,7,8,7,NULL,NULL,NULL,NULL,NULL,NULL,5,20,11,10,7,7,9,17,11,12,21,17,NULL,30,14,16,104,96,Mechanicals,Cornice,2026-01-21
20333.0125,20333.50,A3,LA CIMA 50' LOT,404 PUPPY DOG PASS,2025-01-15,2025-02-03,2025-02-14,2025-02-18,2025-03-07,2025-03-21,2025-03-31,2025-04-22,2025-05-02,NULL,2025-02-05,2025-02-12,2025-02-19,2025-03-11,2025-03-20,2025-04-04,2025-05-07,2025-05-02,2026-04-26,19,11,4,17,14,10,22,10,NULL,21,17,NULL,9,NULL,5,NULL,21,NULL,13,NULL,14,NULL,37,11,12,NULL,64,Complete,Final,2025-05-02
20345.0072,283,S3,MAYFAIR 50' LOT,421 HULDA TRAIL,2026-01-26,NULL,NULL,NULL,NULL,NULL,NULL,NULL,NULL,NULL,2026-04-26,2026-05-03,2026-05-07,2026-05-22,2026-06-03,2026-06-18,2026-07-11,2026-07-23,2026-09-18,NULL,NULL,NULL,NULL,NULL,NULL,NULL,NULL,NULL,12,14,7,12,4,7,NULL,15,NULL,12,NULL,15,NULL,23,NULL,12,57,98,Foundation,Released,2026-01-26
20352.0003,20352.40,H6,BROOKEWATER 40' LOT,403 BIG PINE TRAIL (C),2024-07-25,2024-08-07,2024-08-14,2024-08-19,2024-08-28,2024-09-04,NULL,NULL,NULL,NULL,2024-08-06,2024-08-23,2024-08-17,2024-09-06,2024-09-09,2026-04-26,2026-05-16,2026-05-25,2026-09-03,13,7,5,9,7,NULL,NULL,NULL,NULL,12,10,16,14,3,4,18,13,12,9,18,16,20,20,9,12,101,58,Trim,Sheetrock,2024-09-04
20356.0004,20356.80,H3,Fulshear Lakes 80' Lot,32406 SEDGE SPRITE COURT,2025-11-10,2025-11-20,2025-12-22,2026-01-05,2026-01-17,NULL,NULL,NULL,NULL,NULL,2025-11-19,2025-12-22,2026-01-05,2026-01-19,2026-04-26,2026-05-12,2026-06-04,2026-06-16,2026-11-17,10,32,14,12,NULL,NULL,NULL,NULL,NULL,9,9,32,15,14,5,14,12,12,9,NULL,16,NULL,23,NULL,12,154,81,Sheetrock,Mechanical,2026-01-17
20356.0009,20356.80,H3,Fulshear Lakes 80' Lot,7722 UNICORN CLUBTAIL COURT,2025-11-04,2025-11-11,2025-12-04,2025-12-15,2025-12-31,2026-01-12,NULL,NULL,NULL,NULL,2025-11-13,2025-12-13,2025-12-18,2025-12-29,2026-01-12,2026-04-26,2026-05-19,2026-05-31,2026-11-01,7,23,11,16,12,NULL,NULL,NULL,NULL,9,9,32,15,14,5,14,12,12,9,NULL,16,NULL,23,NULL,12,154,81,Trim,Sheetrock,2026-01-12
20356.0023,20356.80,H3,Fulshear Lakes 80' Lot,32327 LAKESIDE PARK DRIVE,2025-04-25,2025-05-14,2025-05-29,2025-06-04,2025-06-20,2025-07-03,2025-08-07,2025-08-25,2025-09-13,NULL,2025-05-04,2025-06-15,2025-06-12,2025-06-18,2025-07-02,2025-07-19,2025-08-30,2025-09-13,2026-04-26,19,15,6,16,13,35,18,19,NULL,9,9,32,15,14,5,14,12,12,9,NULL,16,NULL,23,NULL,12,154,81,Complete,Final,2025-09-13
20357.0070,20357.60,S3,THE PARKLANDS 60' LOT,4011 PARCHMAN,2026-01-22,NULL,NULL,NULL,NULL,NULL,NULL,NULL,NULL,NULL,2026-04-26,2026-05-01,2026-05-05,2026-05-20,2026-06-01,2026-06-16,2026-07-09,2026-07-21,2026-10-27,NULL,NULL,NULL,NULL,NULL,NULL,NULL,NULL,NULL,19,14,5,12,4,7,NULL,15,NULL,12,NULL,15,NULL,23,NULL,12,NULL,98,Foundation,Released,2026-01-22
20358.0087,20358.60,H2,TWO STEP FARM 60' LOT,9121 CHIRPING BIRD LANE,2025-11-10,2025-11-18,2025-12-03,2025-12-08,2025-12-17,2025-12-30,2026-01-12,NULL,NULL,NULL,2025-11-25,2025-12-14,2025-12-06,2025-12-19,2025-12-28,2026-01-15,2026-04-26,2026-05-21,2026-07-14,8,15,5,9,13,13,NULL,NULL,NULL,15,9,26,17,NULL,3,11,12,11,11,16,17,NULL,16,NULL,25,NULL,54,Interior,Trim,2026-01-12
20359.0042,20359.50,H3,GRANGE 50' LOT,494 DARLING CREEK LANE,2025-08-18,2025-08-27,2025-09-09,2025-09-12,2025-09-25,2025-10-07,2025-10-20,2025-11-05,2025-11-14,NULL,2025-08-26,2025-09-13,2025-09-14,2025-09-27,2025-10-04,2025-10-19,2025-11-12,2025-11-14,2026-04-26,9,13,3,13,12,13,16,9,NULL,8,9,17,15,5,5,15,12,9,9,12,16,NULL,23,6,12,84,81,Complete,Final,2025-11-14
20360.0034,20360.65,A3,PARTEN 65' LOT,373 LEANING ROCK RIDGE,2025-10-23,2025-11-13,2025-11-25,2025-12-04,2025-12-19,2026-01-06,2026-01-22,NULL,NULL,NULL,2025-11-14,2025-11-25,2025-11-29,2025-12-30,2026-01-06,2026-01-22,2026-04-26,2026-05-03,2026-07-08,21,12,9,15,18,16,NULL,NULL,NULL,22,17,12,9,4,5,26,21,18,13,16,14,42,37,7,12,66,64,Interior,Trim,2026-01-22
20361.0011,20361.70,D4,ADKINS PARK 70' LOT,708 CORSAIR COURT,2025-12-29,2026-01-15,NULL,NULL,NULL,NULL,NULL,NULL,NULL,NULL,2026-01-15,2026-04-26,2026-05-07,2026-05-27,2026-06-09,2026-06-21,2026-07-15,2026-08-24,2026-10-02,17,NULL,NULL,NULL,NULL,NULL,NULL,NULL,NULL,17,14,NULL,13,11,5,20,17,NULL,13,NULL,12,NULL,24,NULL,40,NULL,39,Frame,Foundation,2026-01-15
20362.0006,20362.50,D3,HILLSTEAD 50' LOT,827 STONEY BRIDGE WAY,2026-01-20,NULL,NULL,NULL,NULL,NULL,NULL,NULL,NULL,NULL,2026-04-26,2026-05-06,2026-05-09,2026-05-22,2026-06-04,2026-06-24,2026-07-08,2026-07-26,2026-10-21,NULL,NULL,NULL,NULL,NULL,NULL,NULL,NULL,NULL,9,12,10,10,3,3,NULL,13,NULL,13,NULL,20,14,29,18,21,87,92,Foundation,Released,2026-01-20
20364.0014,20364.50,H2,KRESSTON 50' LOT,26428 NORTH WAYLAND CHASE,2025-03-19,2025-03-26,2025-04-14,2025-04-17,2025-04-26,2025-05-08,2025-05-27,2025-09-17,2025-10-08,NULL,2025-03-24,2025-04-17,2025-04-16,2025-04-29,2025-05-07,2025-05-25,2025-06-12,2025-10-08,2026-04-26,7,19,3,9,12,19,113,21,NULL,5,9,22,17,2,3,12,12,NULL,11,NULL,17,NULL,16,NULL,25,64,54,Complete,Final,2025-10-08
20366.0009,20366.62,D1,TERRACES 62' LOT,2008 GRAND AVENUE,2025-12-26,2026-01-14,NULL,NULL,NULL,NULL,NULL,NULL,NULL,NULL,2026-01-12,2026-04-26,2026-05-09,2026-05-22,2026-06-05,2026-06-24,2026-07-09,2026-07-22,2026-08-19,19,NULL,NULL,NULL,NULL,NULL,NULL,NULL,NULL,17,14,12,13,13,6,13,16,14,12,19,18,15,17,13,17,28,60,Frame,Foundation,2026-01-14
20369.0089,20369.60,S1,HABY HILL 60' LOT,338 HABY HILL,2026-01-22,NULL,NULL,NULL,NULL,NULL,NULL,NULL,NULL,NULL,2026-04-26,2026-05-07,2026-05-18,2026-06-04,2026-06-22,2026-07-07,2026-08-04,2026-08-19,2027-01-10,NULL,NULL,NULL,NULL,NULL,NULL,NULL,NULL,NULL,11,16,11,11,11,7,17,15,NULL,18,15,17,NULL,28,NULL,15,144,110,Foundation,Released,2026-01-22
20370.0025,20370.50,A2,FLORA 50' LOT,508 ROCK DAISY TRAIL,2026-01-29,NULL,NULL,NULL,NULL,NULL,NULL,NULL,NULL,NULL,2026-04-26,2026-05-05,2026-05-11,2026-05-30,2026-06-09,2026-07-05,2026-07-31,2026-08-11,2026-12-20,NULL,NULL,NULL,NULL,NULL,NULL,NULL,NULL,NULL,19,27,9,11,6,6,19,18,10,10,26,16,26,33,11,16,131,120,Foundation,Released,2026-01-29
20374.0050,20374.50,F1,MAGNOLIA BAY 50' LOT,305 HOLLY BANK AVENUE,2025-10-20,2025-11-03,2025-12-01,NULL,2025-12-12,2025-12-26,2026-01-07,NULL,NULL,NULL,2025-11-05,2025-12-05,NULL,2025-12-23,2025-12-26,2026-01-07,2026-04-26,2026-06-12,2026-07-02,14,28,NULL,11,14,12,NULL,NULL,NULL,16,15,32,28,NULL,NULL,22,31,14,15,12,22,NULL,46,NULL,47,20,17,Interior,Trim,2026-01-07
20375.0033,20375.50,F1,TURNLEAF 50' LOT,13050 CAMELOT LANE,2025-05-29,2025-06-13,2025-07-11,NULL,2025-08-20,2025-09-12,2025-10-21,2025-11-17,NULL,NULL,2025-06-25,2025-07-11,NULL,2025-08-11,2025-09-04,2025-10-04,2025-12-06,2026-04-26,2026-05-13,15,28,NULL,40,23,39,27,NULL,NULL,27,15,NULL,28,NULL,NULL,NULL,31,NULL,15,NULL,22,NULL,46,60,47,NULL,17,Final,Interior,2025-11-17
20375.0065,20375.60,F1,TURNLEAF 60' LOT,13104 CAMELOT LANE,2025-04-30,2025-05-08,2025-07-08,NULL,2025-08-01,2025-09-15,2025-11-06,2025-11-25,NULL,NULL,2025-05-15,2025-06-05,NULL,2025-08-08,2025-08-16,2025-10-07,2025-12-22,2026-04-26,2026-05-13,8,61,NULL,24,45,52,19,NULL,NULL,NULL,15,NULL,28,NULL,NULL,NULL,31,NULL,15,NULL,22,NULL,46,72,47,NULL,17,Final,Interior,2025-11-25
20376.0038,20376.50,H2,WOODHAVYN 50' LOT,29763 BRUSHY GABLES DRIVE,2025-03-04,2025-03-17,2025-03-29,2025-04-04,2025-04-12,2025-04-23,2025-05-08,2025-11-04,2025-11-13,NULL,2025-03-09,2025-04-02,2025-04-04,2025-04-14,2025-04-23,2025-05-10,2025-05-24,2025-11-13,2026-04-26,13,12,6,8,11,15,180,9,NULL,5,9,16,17,6,3,10,12,NULL,11,NULL,17,NULL,16,NULL,25,36,54,Complete,Final,2025-11-13
20376.0044,20376.50,H2,WOODHAVYN 50' LOT,29760 BRUSHY GABLES DRIVE,2025-03-25,2025-04-05,2025-04-11,2025-04-18,2025-05-01,2025-05-13,2025-05-30,2025-11-11,2025-11-18,NULL,2025-03-30,2025-04-21,2025-04-17,2025-04-28,2025-05-12,2025-05-30,2025-06-15,2025-11-18,2026-04-26,11,6,7,13,12,17,165,7,NULL,5,9,16,17,6,3,10,12,NULL,11,NULL,17,NULL,16,NULL,25,36,54,Complete,Final,2025-11-18
20378.0048,20378.47,A2,WOODSIDE 47' LOT,218 BRIGHT LIGHT WAY,2025-11-17,2025-12-05,2025-12-10,2025-12-17,2026-01-07,2026-01-16,NULL,NULL,NULL,NULL,2025-12-14,2025-12-16,2025-12-16,2026-01-07,2026-01-15,2026-04-26,2026-05-29,2026-06-14,2026-11-08,18,5,7,21,9,NULL,NULL,NULL,NULL,NULL,27,NULL,11,NULL,6,21,18,8,10,11,16,NULL,33,NULL,16,147,120,Trim,Sheetrock,2026-01-16
20378.0049,20378.47,A2,WOODSIDE 47' LOT,214 BRIGHT LIGHT WAY,2025-11-17,2025-12-05,2025-12-14,2025-12-19,2026-01-09,2026-01-16,NULL,NULL,NULL,NULL,2025-12-14,2025-12-16,2025-12-20,2026-01-09,2026-01-17,2026-04-26,2026-05-29,2026-06-14,2026-11-08,18,9,5,21,7,NULL,NULL,NULL,NULL,NULL,27,NULL,11,NULL,6,21,18,8,10,11,16,NULL,33,NULL,16,147,120,Trim,Sheetrock,2026-01-16
20379.0028,20379.60,A1,ELDORADO 60' LOT,113 KEUCHEL LANE,2025-07-07,2025-07-16,2025-07-25,2025-07-30,2025-08-07,2025-08-28,2025-09-02,2025-10-07,2025-10-14,NULL,2025-07-22,2025-07-25,2025-07-31,2025-08-08,2025-08-19,2025-09-11,2025-10-11,2025-10-14,2026-04-26,9,9,5,8,21,5,35,7,NULL,NULL,15,NULL,9,NULL,6,9,15,12,13,14,17,NULL,39,4,11,NULL,96,Complete,Final,2025-10-14
20379.0047,20379.50,A1,ELDORADO 50' LOT,129 ENSBERG LANE,2025-11-13,2025-12-03,2025-12-11,2025-12-16,2025-12-26,2026-01-05,2026-01-20,NULL,NULL,NULL,2025-11-20,2025-12-10,2025-12-18,2025-12-27,2026-01-04,2026-01-20,2026-04-26,2026-05-07,2026-08-18,20,8,5,10,10,15,NULL,NULL,NULL,7,15,7,9,7,6,11,15,9,13,15,17,NULL,39,NULL,11,103,96,Interior,Trim,2026-01-20
20380.0018,20380.50,F1,GLYNLEA COUNTRY CLUB 50' LOT,10836 NORTHWEST WILGROVE LANE,2025-12-17,2025-12-30,2026-01-16,NULL,NULL,NULL,NULL,NULL,NULL,NULL,2025-12-30,2026-01-18,NULL,2026-04-26,2026-05-11,2026-06-03,2026-07-19,2026-09-04,2026-09-21,13,17,NULL,NULL,NULL,NULL,NULL,NULL,NULL,13,15,19,28,NULL,NULL,NULL,31,NULL,15,23,22,NULL,46,NULL,47,NULL,17,Mechanicals,Frame,2026-01-16
20380.0059,20380.60,F1,GLYNLEA COUNTRY CLUB 60' LOT,10929 NORTHWEST GLYNLEA BOULEVARD NORTH,2026-01-14,2026-01-21,NULL,NULL,NULL,NULL,NULL,NULL,NULL,NULL,2026-01-28,2026-04-26,NULL,2026-05-18,2026-06-02,2026-06-21,2026-07-30,2026-09-15,2026-10-02,7,NULL,NULL,NULL,NULL,NULL,NULL,NULL,NULL,14,15,25,28,NULL,NULL,22,31,NULL,15,19,22,39,46,NULL,47,NULL,17,Frame,Foundation,2026-01-21
20382.0056,20382.71,D1,MYRTLE CREEK 71' LOT,281 ROSEMALLOW LANE,2025-06-12,2025-07-03,2025-07-17,2025-07-28,2025-08-05,2025-08-26,2025-09-15,2025-09-30,2025-10-24,NULL,2025-06-26,2025-07-16,2025-07-23,2025-08-13,2025-08-17,2025-09-13,2025-10-02,2025-10-24,2026-04-26,21,14,11,8,21,20,15,24,NULL,NULL,14,NULL,13,NULL,6,NULL,16,NULL,12,NULL,18,NULL,17,NULL,17,NULL,60,Complete,Final,2025-10-24
20382.0057,20382.71,D1,MYRTLE CREEK 71' LOT,277 ROSEMALLOW LANE,2025-06-17,2025-07-02,2025-07-17,2025-07-25,2025-08-18,2025-08-26,2025-09-10,2025-09-30,2025-10-13,NULL,2025-07-01,2025-07-15,2025-07-23,2025-08-10,2025-08-30,2025-09-13,2025-09-27,2025-10-13,2026-04-26,15,15,8,24,8,15,20,13,NULL,NULL,14,NULL,13,NULL,6,NULL,16,NULL,12,NULL,18,NULL,17,NULL,17,NULL,60,Complete,Final,2025-10-13
20382.0066,20382.71,D1,MYRTLE CREEK 71' LOT,241 ROSEMALLOW LANE,2025-06-18,2025-07-03,2025-07-25,2025-08-11,2025-09-12,2025-09-25,2025-10-06,2025-11-03,2025-11-26,NULL,2025-07-02,2025-07-16,2025-07-31,2025-08-27,2025-09-24,2025-10-13,2025-10-23,2025-11-26,2026-04-26,15,22,17,32,13,11,28,23,NULL,NULL,14,NULL,13,NULL,6,NULL,16,NULL,12,NULL,18,NULL,17,NULL,17,NULL,60,Complete,Final,2025-11-26
20383.0018,20383.45,D3,THE HEIGHTS AT UPTOWN CELINA 40'/45' LOT,704 GARRETT PARKWAY,2025-05-28,2025-06-23,2025-06-27,2025-07-03,2025-07-21,2025-07-30,2025-08-04,2025-08-27,2025-09-12,NULL,2025-06-09,2025-07-03,2025-06-30,2025-07-16,2025-08-03,2025-08-19,2025-09-02,2025-09-12,2026-04-26,26,4,6,18,9,5,23,16,NULL,NULL,12,NULL,10,NULL,3,NULL,13,NULL,13,NULL,20,NULL,29,NULL,21,133,92,Complete,Final,2025-09-12
20383.0062,20383.45,D3,THE HEIGHTS AT UPTOWN CELINA 40'/45' LOT,612 GARRETT PARKWAY,2025-05-27,2025-06-12,2025-06-23,2025-06-25,2025-07-15,2025-07-30,NULL,2025-08-27,2025-09-12,NULL,2025-06-08,2025-06-22,2025-06-26,2025-07-08,2025-07-28,2025-08-19,2025-09-17,2025-09-12,2026-04-26,16,11,2,20,15,NULL,NULL,16,NULL,NULL,12,NULL,10,NULL,3,NULL,13,NULL,13,NULL,20,NULL,29,NULL,21,133,92,Complete,Final,2025-09-12
20384.0026,20384.70,S2,DOMINION 70' LOT,38 ENIA CIRCLE,2025-11-11,2025-11-25,2025-12-05,2025-12-22,2026-01-27,NULL,NULL,NULL,NULL,NULL,2025-11-23,2025-12-05,2025-12-22,2026-01-14,2026-04-26,2026-05-13,2026-06-11,2026-07-01,2026-10-05,14,10,17,36,NULL,NULL,NULL,NULL,NULL,12,20,NULL,10,17,7,23,17,NULL,12,NULL,17,29,30,20,16,NULL,96,Sheetrock,Mechanical,2026-01-27
20387.0055,20387.40,H6,AUSTIN POINT 40' LOT,4634 HYDRA LANE,2025-06-11,2025-06-19,2025-07-03,2025-07-09,2025-07-17,2025-07-24,2025-08-08,2025-10-17,NULL,NULL,2025-06-22,2025-07-01,2025-07-06,2025-07-19,2025-07-26,2025-08-09,2025-08-28,2026-04-26,2026-06-23,8,14,6,8,7,15,70,NULL,NULL,11,10,12,14,3,4,10,13,NULL,9,NULL,16,NULL,20,NULL,12,NULL,58,Final,Interior,2025-10-17
20388.0060,20388.70,H4,BRIARLEY 70' LOT,238 CATAHOULA COURT,2025-08-29,2025-09-10,2025-09-23,2025-09-29,2025-10-10,2025-10-23,2025-11-05,2025-11-25,2025-12-10,NULL,2025-09-10,2025-10-02,2025-09-29,2025-10-08,2025-10-22,2025-11-04,2025-12-01,2025-12-10,2026-04-26,12,13,6,11,13,13,20,15,NULL,12,9,22,12,6,3,NULL,9,12,10,12,15,26,17,18,13,10,97,Complete,Final,2025-12-10
20390.0016,20390.1A,S3,THE PRESERVE AT ELM CREEK 1 ACRE LOT,1133 ELM FOREST DRIVE,2025-11-24,2025-12-29,2026-01-12,2026-01-27,NULL,NULL,NULL,NULL,NULL,NULL,2025-12-29,2026-01-08,2026-01-22,2026-04-26,2026-05-09,2026-05-24,2026-06-16,2026-06-28,2026-10-04,35,14,15,NULL,NULL,NULL,NULL,NULL,NULL,35,14,10,12,10,7,13,15,13,12,NULL,15,NULL,23,NULL,12,NULL,98,Mechanicals,Cornice,2026-01-27
20391.0018,20391.50,H1,LEGACY 50' LOT,6702 MOUNTAIN BROOK WAY,2026-01-27,NULL,NULL,NULL,NULL,NULL,NULL,NULL,NULL,NULL,2026-04-26,2026-05-15,2026-05-23,2026-06-02,2026-06-11,2026-07-03,2026-10-07,2026-10-17,2027-01-13,NULL,NULL,NULL,NULL,NULL,NULL,NULL,NULL,NULL,15,11,NULL,19,NULL,8,10,11,9,12,22,19,96,41,10,10,NULL,88,Foundation,Released,2026-01-27
20391.0027,20391.50,H1,LEGACY 50' LOT,6709 MOUNTAIN BROOK WAY,2025-07-31,2025-08-11,2025-08-26,2025-09-03,2025-09-09,2025-09-18,2025-09-26,2026-01-05,2026-01-09,NULL,2025-08-15,2025-08-30,2025-09-03,2025-09-13,2025-09-18,2025-10-10,2025-12-31,2026-01-09,2026-04-26,11,15,8,6,9,8,101,4,NULL,15,11,NULL,19,NULL,8,10,11,9,12,22,19,96,41,10,10,NULL,88,Complete,Final,2026-01-09
20394.0011,20394.50,D4,LAKEWOOD VILLAGE 50' LOT,185 ENCLAVE DRIVE,2025-06-23,2025-07-22,2025-07-31,2025-08-04,2025-08-14,2025-08-28,2025-09-17,2025-10-24,NULL,NULL,2025-07-09,2025-08-04,2025-08-05,2025-08-21,2025-08-27,2025-09-09,2025-10-11,2026-04-26,2026-05-03,29,9,4,10,14,20,37,NULL,NULL,16,14,NULL,13,NULL,5,NULL,17,NULL,13,NULL,12,NULL,24,61,40,7,39,Final,Interior,2025-10-24
20394.0052,20394.70,D4,LAKEWOOD VILLAGE 70'/90' LOT,1100 BROOKWOOD DRIVE,2026-01-22,NULL,NULL,NULL,NULL,NULL,NULL,NULL,NULL,NULL,2026-04-26,2026-05-09,2026-05-14,2026-05-31,2026-06-13,2026-06-25,2026-07-19,2026-08-29,2026-09-04,NULL,NULL,NULL,NULL,NULL,NULL,NULL,NULL,NULL,NULL,14,NULL,13,NULL,5,NULL,17,NULL,13,NULL,12,NULL,24,41,40,6,39,Foundation,Released,2026-01-22
20396.0007,20396.1A,S2,THORNEBROOK 1 ACRE LOT,802 RAPIDAN LANE,2026-01-13,2026-01-26,NULL,NULL,NULL,NULL,NULL,NULL,NULL,NULL,2026-01-30,2026-04-26,2026-05-03,2026-05-20,2026-06-01,2026-06-17,2026-07-17,2026-08-02,2026-11-06,13,NULL,NULL,NULL,NULL,NULL,NULL,NULL,NULL,17,20,13,10,NULL,7,NULL,17,NULL,12,16,17,NULL,30,NULL,16,NULL,96,Frame,Foundation,2026-01-26
20397.0005,20397.40,H2,WILDTREE 40' LOT,5223 YELLOWSTAR LANE,2026-01-26,NULL,NULL,NULL,NULL,NULL,NULL,NULL,NULL,NULL,2026-04-26,2026-05-08,2026-05-11,2026-05-20,2026-05-31,2026-06-17,2026-07-03,2026-07-28,2026-09-20,NULL,NULL,NULL,NULL,NULL,NULL,NULL,NULL,NULL,7,9,12,17,NULL,3,9,12,NULL,11,NULL,17,NULL,16,NULL,25,NULL,54,Foundation,Released,2026-01-26
20398.0124,20398.60,H2,EVERLY 60' LOT,22002 GOLDEN AZALEA DRIVE,2025-12-17,2025-12-23,2026-01-07,2026-01-12,2026-01-22,NULL,NULL,NULL,NULL,NULL,2025-12-23,2026-01-06,2026-01-10,2026-01-22,2026-04-26,2026-05-13,2026-05-29,2026-06-23,2026-08-16,6,15,5,10,NULL,NULL,NULL,NULL,NULL,6,9,14,17,3,3,10,12,NULL,11,NULL,17,NULL,16,NULL,25,NULL,54,Sheetrock,Mechanical,2026-01-22
20403.0072,20403.45,A3,JUNIPER SPRINGS 45' LOT,3926 MELODY ROAD,2025-12-26,2026-01-02,2026-01-08,2026-01-09,2026-01-27,NULL,NULL,NULL,NULL,NULL,2026-01-05,2026-01-10,2026-01-10,2026-01-25,2026-04-26,2026-05-10,2026-05-23,2026-06-10,2026-06-21,7,6,1,18,NULL,NULL,NULL,NULL,NULL,10,17,8,9,2,5,16,21,12,13,14,14,13,37,18,12,11,64,Sheetrock,Mechanical,2026-01-27
20405.0031,20405.50,F1,STAR FARMS AT LAKEWOOD RANCH 50' LOT,4020 COUNTRY VIEW COURT,2026-01-28,NULL,NULL,NULL,NULL,NULL,NULL,NULL,NULL,NULL,2026-04-26,2026-05-24,NULL,2026-06-19,2026-06-28,2026-07-20,2026-09-04,2026-10-21,2026-11-07,NULL,NULL,NULL,NULL,NULL,NULL,NULL,NULL,NULL,NULL,15,NULL,28,NULL,NULL,26,31,9,15,NULL,22,NULL,46,NULL,47,NULL,17,Foundation,Released,2026-01-28
20408.0136,20408.50,F1,SEAIRE 50' LOT,8113 WILD COAST TRAIL (M),2025-12-30,2026-01-12,2026-01-27,NULL,NULL,NULL,NULL,NULL,NULL,NULL,2026-01-13,2026-02-09,NULL,2026-04-26,2026-05-11,2026-06-02,2026-07-18,2026-09-03,2026-09-20,13,15,NULL,NULL,NULL,NULL,NULL,NULL,NULL,14,15,NULL,28,NULL,NULL,NULL,31,NULL,15,NULL,22,NULL,46,NULL,47,NULL,17,Mechanicals,Frame,2026-01-27
20413.0010,20413.45,D1,MERAKI 45' LOT,2817 STANDING CYPRESS STREET,2026-01-26,NULL,NULL,NULL,NULL,NULL,NULL,NULL,NULL,NULL,2026-04-26,2026-05-09,2026-05-15,2026-05-31,2026-06-12,2026-06-30,2026-07-17,2026-08-03,2026-10-02,NULL,NULL,NULL,NULL,NULL,NULL,NULL,NULL,NULL,NULL,14,NULL,13,NULL,6,NULL,16,NULL,12,NULL,18,NULL,17,NULL,17,NULL,60,Foundation,Released,2026-01-26
20413.0060,20413.50,D1,MERAKI 50' LOT,3518 BEAR STREET,2026-01-28,NULL,NULL,NULL,NULL,NULL,NULL,NULL,NULL,NULL,2026-04-26,2026-05-09,2026-05-15,2026-05-31,2026-06-12,2026-06-30,2026-07-17,2026-08-03,2026-10-02,NULL,NULL,NULL,NULL,NULL,NULL,NULL,NULL,NULL,NULL,14,NULL,13,NULL,6,NULL,16,NULL,12,NULL,18,NULL,17,NULL,17,NULL,60,Foundation,Released,2026-01-28
210062,210,A3,CROSSWINDS 50' LOT,619 BAY BREEZE DRIVE,2025-05-29,2025-06-12,2025-06-17,2025-06-20,2025-07-08,2025-07-18,2025-08-01,2025-08-28,2025-09-08,NULL,2025-06-09,2025-06-19,2025-06-21,2025-06-30,2025-07-17,2025-08-01,2025-09-07,2025-09-08,2026-04-26,14,5,3,18,10,14,27,11,NULL,11,17,7,9,4,5,10,21,9,13,NULL,14,NULL,37,12,12,NULL,64,Complete,Final,2025-09-08
210090,210,A3,CROSSWINDS 50' LOT,618 BAY BREEZE DRIVE,2025-12-23,2026-01-03,2026-01-09,2026-01-14,2026-01-23,NULL,NULL,NULL,NULL,NULL,2026-01-03,2026-01-10,2026-01-13,2026-01-24,2026-04-26,2026-05-10,2026-06-16,2026-06-28,2026-08-31,11,6,5,9,NULL,NULL,NULL,NULL,NULL,11,17,7,9,4,5,10,21,9,13,NULL,14,NULL,37,12,12,NULL,64,Sheetrock,Mechanical,2026-01-23
243056,243,H5,BRIDGELAND 80' LOT,10703 MONARCH BUTTERFLY DRIVE (M),2022-12-16,2023-01-04,2023-01-13,2023-01-24,2023-02-06,2023-02-14,2023-02-23,2023-03-27,2023-05-16,NULL,2022-12-25,2023-02-13,2023-01-20,2023-02-11,2023-02-19,2023-03-03,2023-03-13,2023-05-16,2026-04-26,19,9,11,13,8,9,32,50,NULL,NULL,9,40,15,7,5,18,16,13,12,NULL,17,NULL,18,NULL,10,75,76,Complete,Final,2023-05-16
251047,251,S1,MEGAN'S LANDING 1/2 ACRE LOT,200 VIOLET WAY,2025-06-26,2025-07-09,2025-07-22,2025-07-29,2025-08-14,2025-08-27,2025-09-09,2025-10-13,2025-11-03,NULL,2025-07-12,2025-07-29,2025-08-01,2025-08-17,2025-08-28,2025-09-14,2025-10-10,2025-11-03,2026-04-26,13,13,7,16,13,13,34,21,NULL,NULL,16,20,11,10,7,19,15,14,18,18,17,31,28,14,15,51,110,Complete,Final,2025-11-03
266010,266,S2,ARCADIA RIDGE 60' LOT,1327 NICHOLAS COVE (M),2023-06-19,2023-06-20,2023-06-22,2023-06-23,2023-07-04,2023-07-09,2023-07-18,2023-08-02,2023-08-07,NULL,2023-07-09,2023-06-30,2023-06-29,2023-07-10,2023-07-16,2023-07-26,2023-08-17,2023-08-07,2026-04-26,1,2,1,11,5,9,15,5,NULL,NULL,20,NULL,10,NULL,7,NULL,17,NULL,12,NULL,17,NULL,30,NULL,16,NULL,96,Complete,Final,2023-08-07
277101,277,S3,LEGACY AT LAKE DUNLAP 50' LOT,511 ATHABASKA TRAIL (C),2023-11-20,2023-12-01,2023-12-11,2023-12-18,2024-01-08,2024-01-13,NULL,NULL,NULL,NULL,2023-12-04,2023-12-13,2023-12-18,2024-01-02,2024-01-20,2026-04-26,2026-05-19,2026-05-31,2026-10-21,11,10,7,21,5,NULL,NULL,NULL,NULL,NULL,14,NULL,12,NULL,7,NULL,15,NULL,12,NULL,15,NULL,23,NULL,12,143,98,Trim,Sheetrock,2024-01-13
284079,284,D3,FIELDS 60' LOT,14205 MALINDA DRIVE,2025-10-16,2025-11-05,2025-11-17,2025-11-19,2025-12-17,2025-12-17,2026-01-12,NULL,NULL,NULL,2025-11-03,2025-11-15,2025-11-20,2025-12-02,2025-12-30,2026-01-13,2026-04-26,2026-05-17,2026-07-28,20,12,2,28,0,26,NULL,NULL,NULL,18,12,NULL,10,NULL,3,NULL,13,NULL,13,27,20,NULL,29,NULL,21,72,92,Interior,Trim,2026-01-12
289029,289,S3,MEADOWS OF MILL CREEK 60' LOT,2813 PEARL BARLEY (M),2023-07-11,2023-07-12,2023-07-15,2023-07-18,2023-07-23,2023-07-24,2023-08-04,2023-08-18,2023-08-28,NULL,2023-07-20,2023-07-27,2023-07-24,2023-07-27,2023-08-02,2023-08-06,2023-08-25,2023-08-28,2026-04-26,1,3,3,5,1,11,14,10,NULL,9,14,15,12,9,7,9,15,10,12,13,15,21,23,19,12,78,98,Complete,Final,2023-08-28
292092,292,S2,ARCADIA RIDGE 45' LOT,13020 MACAR MANOR,2025-10-30,2025-11-11,2025-11-18,2025-11-21,2025-12-04,2025-12-14,2026-01-02,2026-01-23,NULL,NULL,2025-11-17,2025-11-24,2025-11-24,2025-11-27,2025-12-19,2025-12-31,2026-01-30,2026-04-26,2026-12-20,12,7,3,13,10,19,21,NULL,NULL,18,20,13,10,6,7,6,17,15,12,17,17,28,30,17,16,238,96,Final,Interior,2026-01-23
292104,292,S2,ARCADIA RIDGE 45' LOT,13080 MACAR MANOR,2025-09-11,2025-09-17,2025-09-22,2025-09-26,2025-10-07,2025-10-14,2025-10-30,2025-11-17,2025-12-01,NULL,2025-09-29,2025-09-30,2025-09-28,2025-10-02,2025-10-22,2025-10-31,2025-11-27,2025-12-01,2026-07-27,6,5,4,11,7,16,18,14,NULL,18,20,13,10,6,7,6,17,15,12,17,17,28,30,17,16,238,96,Complete,Final,2025-12-01
309040,309,S2,ARCADIA RIDGE 50' LOT,12713 MOYA FLATS,2025-09-11,2025-09-24,2025-10-02,2025-10-06,2025-10-24,2025-11-05,2025-11-18,2025-12-09,NULL,NULL,2025-10-01,2025-10-04,2025-10-09,2025-10-22,2025-11-09,2025-11-16,2025-12-12,2026-04-26,2026-07-31,13,8,4,18,12,13,21,NULL,NULL,NULL,20,NULL,10,NULL,7,16,17,16,12,11,17,24,30,50,16,NULL,96,Final,Interior,2025-12-09
309080,309,S2,ARCADIA RIDGE 50' LOT,12706 MOYA FLATS,2025-07-15,2025-07-18,2025-07-28,2025-08-04,2025-08-20,2025-09-02,2025-09-15,2025-10-07,2025-10-28,NULL,2025-08-04,2025-07-28,2025-08-04,2025-08-20,2025-09-05,2025-09-13,2025-10-09,2025-10-28,2026-04-26,3,10,7,16,13,13,22,21,NULL,NULL,20,NULL,10,NULL,7,16,17,16,12,11,17,24,30,50,16,NULL,96,Complete,Final,2025-10-28
344044,344,D1,SOMERSET PARK 80' LOT,4221 OLMSTED DRIVE,2025-05-27,2025-06-23,2025-07-08,2025-07-11,2025-08-05,2025-08-19,2025-09-03,2025-09-25,2025-10-10,NULL,2025-06-10,2025-07-06,2025-07-14,2025-07-27,2025-08-17,2025-09-02,2025-09-19,2025-10-10,2026-04-26,27,15,3,25,14,15,22,15,NULL,NULL,14,NULL,13,NULL,6,NULL,16,NULL,12,14,18,16,17,20,17,182,60,Complete,Final,2025-10-10
346130,346,D3,NORTH SKY CELINA 55' LOT,3304 CHINABERRY STREET,2025-04-29,2025-05-19,2025-05-30,2025-06-03,2025-06-18,2025-07-01,2025-07-17,2025-07-28,2025-08-12,NULL,2025-05-11,2025-05-31,2025-06-04,2025-06-16,2025-07-04,2025-07-11,2025-08-12,2025-08-12,2026-04-26,20,11,4,15,13,16,11,15,NULL,12,12,12,10,5,3,NULL,13,16,13,10,20,26,29,34,21,92,92,Complete,Final,2025-08-12
605502,605,S1,KALLISON RANCH 50' LOT (A),10123 SUMLIN COURT,2026-01-29,NULL,NULL,NULL,NULL,NULL,NULL,NULL,NULL,NULL,2026-04-26,2026-05-04,2026-05-13,2026-05-24,2026-06-06,2026-06-20,2026-07-24,2026-08-03,2026-09-12,NULL,NULL,NULL,NULL,NULL,NULL,NULL,NULL,NULL,12,16,8,11,9,7,11,15,13,18,14,17,34,28,10,15,40,110,Foundation,Released,2026-01-29
606093,606,S2,RANCHES AT CREEKSIDE 55' LOT,234 BOULDER CREEK,2025-11-13,2025-12-01,2025-12-02,2025-12-15,2025-12-30,2026-01-07,2026-01-21,NULL,NULL,NULL,2025-12-02,2025-12-07,2025-12-09,2025-12-28,2026-01-14,2026-01-21,2026-04-26,2026-05-09,2026-07-16,18,1,13,15,8,14,NULL,NULL,NULL,19,20,6,10,7,7,13,17,15,12,14,17,26,30,13,16,68,96,Interior,Trim,2026-01-21
606111,606,S2,RANCHES AT CREEKSIDE 55' LOT,150 OLMOS CREEK,2025-07-24,2025-08-06,2025-08-18,2025-08-22,2025-09-03,2025-09-17,2025-09-24,2025-10-22,2025-10-30,NULL,2025-08-12,2025-08-12,2025-08-25,2025-09-04,2025-09-18,2025-10-01,2025-10-20,2025-10-30,2026-04-26,13,12,4,12,14,7,28,8,NULL,19,20,6,10,7,7,13,17,15,12,14,17,26,30,13,16,68,96,Complete,Final,2025-10-30
678317,678,S1,KALLISON RANCH 60' LOT,10020 FORELOCK CREEK,2025-10-09,2025-10-16,2025-10-24,2025-10-28,2025-11-07,2025-11-19,2025-12-02,2026-01-09,2026-01-21,NULL,2025-10-20,2025-10-30,2025-10-28,2025-11-07,2025-11-27,2025-12-10,2026-01-14,2026-01-21,2026-07-29,7,8,4,10,12,13,38,12,NULL,11,16,14,11,4,7,10,15,20,18,21,17,43,28,5,15,189,110,Complete,Final,2026-01-21
684142,684,S1,LADERA 50' LOT,2915 EAGLE RISE,2025-06-05,2025-06-23,2025-07-07,2025-07-15,2025-07-29,2025-08-15,2025-09-02,2025-10-13,2025-10-28,NULL,2025-06-21,2025-07-04,2025-07-18,2025-08-07,2025-08-16,2025-08-29,2025-09-26,2025-10-28,2026-08-01,18,14,8,14,17,18,41,15,NULL,NULL,16,NULL,11,11,7,23,15,NULL,18,14,17,24,28,23,15,277,110,Complete,Final,2025-10-28
689106,689,A2,WOLF RANCH 51' LOT,109 BLACKBERRY COVE (M),2020-10-13,2020-10-24,2020-11-16,2020-11-19,2020-12-19,2020-12-29,2021-01-13,2021-03-16,2021-03-22,NULL,2020-11-13,2020-11-03,2020-11-20,2020-12-13,2020-12-30,2021-01-13,2021-02-06,2021-03-22,2026-04-26,11,23,3,30,10,15,62,6,NULL,31,27,10,11,4,6,24,18,11,10,15,16,24,33,7,16,74,120,Complete,Final,2021-03-22
734070,734,S1,LADERA 40' LOT,2645 MOONLIGHT RUN,2025-12-10,2026-01-09,2026-01-20,NULL,NULL,NULL,NULL,NULL,NULL,NULL,2026-01-12,2026-01-19,2026-04-26,2026-05-18,2026-06-02,2026-06-16,2026-07-13,2026-07-28,2026-11-15,30,11,NULL,NULL,NULL,NULL,NULL,NULL,NULL,33,16,10,11,6,7,22,15,15,18,14,17,27,28,NULL,15,NULL,110,Cornice,Frame,2026-01-20
779094,779,D4,M3 RANCH 50' LOT,1622 BULLS EYE ROAD,2025-10-24,2025-11-06,2025-11-14,2025-11-18,2025-11-26,2025-12-09,2025-12-16,2026-01-06,2026-01-15,NULL,2025-11-06,2025-11-17,2025-11-21,2025-11-25,2025-12-14,2025-12-17,2025-12-30,2026-01-15,2026-04-26,13,8,4,8,13,7,21,9,NULL,13,14,11,13,7,5,7,17,18,13,8,12,14,24,9,40,19,39,Complete,Final,2026-01-15
796009,796,A2,THE COLONY 45' LOT,129 IRONBARK BEND (C),2021-07-12,2021-07-30,2021-09-03,2021-10-11,2021-11-10,2021-11-18,NULL,NULL,NULL,NULL,2021-08-08,2021-08-15,2021-09-08,2021-10-23,2021-11-19,2026-04-26,2026-05-17,2026-06-03,2026-09-04,18,35,38,30,8,NULL,NULL,NULL,NULL,NULL,27,16,11,5,6,12,18,9,10,14,16,21,33,17,16,93,120,Trim,Sheetrock,2021-11-18
140016,140,S2,ESPERANZA 50' LOT,222 NAVARRO (M),2022-03-23,2022-04-11,2022-04-22,2022-04-27,2022-05-20,2022-05-31,2022-06-10,2022-07-22,2022-08-05,NULL,2022-03-28,2022-04-22,2022-04-29,2022-05-06,2022-05-31,2022-06-21,2022-07-10,2022-08-05,2026-04-26,19,11,5,23,11,10,42,14,NULL,5,20,11,10,7,7,9,17,11,12,21,17,NULL,30,14,16,104,96,Complete,Final,2022-08-05
20007.0113,20007.50,A1,LARIAT 50' LOT,1108 LARIAT LOOP,2025-09-30,2025-10-21,2025-10-24,2025-10-28,2025-11-08,2025-11-18,2025-12-09,2026-01-07,2026-01-16,NULL,2025-10-17,2025-11-01,2025-10-30,2025-11-14,2025-11-24,2025-12-05,2026-01-07,2026-01-16,2026-04-26,21,3,4,11,10,21,29,9,NULL,17,15,11,9,6,6,17,15,16,13,NULL,17,29,39,9,11,64,96,Complete,Final,2026-01-16
20007.0133,20007.50,A1,LARIAT 50' LOT,212 FOUNDATION LANE,2026-01-15,NULL,NULL,NULL,NULL,NULL,NULL,NULL,NULL,NULL,2026-04-26,2026-05-07,2026-05-13,2026-05-30,2026-06-15,2026-07-02,2026-07-31,2026-08-09,2026-10-12,NULL,NULL,NULL,NULL,NULL,NULL,NULL,NULL,NULL,17,15,11,9,6,6,17,15,16,13,NULL,17,29,39,9,11,64,96,Foundation,Released,2026-01-15
20007.0147,20007.60,A1,LARIAT 60' LOT,220 SHEEPDOG DRIVE,2025-07-17,2025-08-01,2025-08-08,2025-08-13,2025-08-22,2025-09-02,2025-09-22,2025-10-20,2025-10-28,NULL,2025-08-01,2025-08-10,2025-08-16,2025-08-23,2025-09-12,2025-09-20,2025-11-04,2025-10-28,2026-04-26,15,7,5,9,11,20,28,8,NULL,NULL,15,NULL,9,8,6,10,15,21,13,18,17,43,39,NULL,11,112,96,Complete,Final,2025-10-28
20008.0041,313,A1,NOLINA 60' LOT,121 MEADOW BEAUTY,2025-06-27,2025-07-16,2025-08-01,2025-08-06,2025-08-25,2025-09-02,2025-09-16,2025-10-07,2025-10-21,NULL,2025-07-06,2025-07-27,2025-08-07,2025-08-22,2025-08-31,2025-09-27,2025-10-25,2025-10-21,2026-04-26,19,16,5,19,8,14,21,14,NULL,9,15,11,9,6,6,16,15,6,13,25,17,NULL,39,NULL,11,163,96,Complete,Final,2025-10-21
20010.0328,783,A2,PARKSIDE ON THE RIVER 50' LOT,1137 PANSY TRAIL,2025-11-06,2025-11-18,2025-11-26,2025-12-01,2025-12-12,2025-12-22,2026-01-02,NULL,NULL,NULL,2025-12-03,2025-11-29,2025-12-07,2025-12-16,2025-12-20,2026-01-04,2026-04-26,2026-05-10,2026-10-04,12,8,5,11,10,11,NULL,NULL,NULL,NULL,27,NULL,11,11,6,15,18,8,10,13,16,42,33,14,16,147,120,Interior,Trim,2026-01-02
20010.0352,784,A2,PARKSIDE ON THE RIVER 60' LOT,1332 WHITE DAISY LANE,2025-07-10,2025-07-31,2025-08-13,2025-08-20,2025-09-03,2025-09-15,2025-10-06,2025-11-01,2025-11-21,NULL,2025-08-06,2025-08-14,2025-08-19,2025-09-18,2025-09-15,2025-09-28,2025-11-10,2025-11-21,2026-04-26,21,13,7,14,12,21,26,20,NULL,NULL,27,14,11,6,6,29,18,12,10,13,16,35,33,NULL,16,NULL,120,Complete,Final,2025-11-21
20013.0562,746,A1,SANTA RITA RANCH 90' LOT,289 JATES FIELD BEND,2025-10-28,2025-11-12,2025-11-24,2025-12-01,2025-12-18,2025-12-29,2026-01-20,NULL,NULL,NULL,2025-11-17,2025-11-24,2025-11-29,2025-12-16,2025-12-29,2026-01-20,2026-04-26,2026-05-13,2026-07-08,15,12,7,17,11,22,NULL,NULL,NULL,20,15,12,9,5,6,15,15,11,13,22,17,55,39,17,11,56,96,Interior,Trim,2026-01-20
20016.0272,20016.56,A2,WOLF RANCH 56' LOT,524 RIVER OVERLOOK ROAD,2025-12-19,2026-01-15,2026-01-27,NULL,NULL,NULL,NULL,NULL,NULL,NULL,2026-01-11,2026-01-24,2026-04-26,2026-05-19,2026-05-29,2026-06-14,2026-07-08,2026-07-18,2026-10-13,27,12,NULL,NULL,NULL,NULL,NULL,NULL,NULL,23,27,9,11,6,6,23,18,NULL,10,NULL,16,24,33,10,16,87,120,Cornice,Frame,2026-01-27
20016.0327,689,A2,WOLF RANCH 51' LOT,532 SUMMER PLACE LANE,2025-12-10,2025-12-31,2026-01-09,2026-01-13,NULL,NULL,NULL,NULL,NULL,NULL,2026-01-10,2026-01-10,2026-01-13,2026-04-26,2026-05-07,2026-05-22,2026-06-15,2026-06-22,2026-09-04,21,9,4,NULL,NULL,NULL,NULL,NULL,NULL,31,27,10,11,4,6,24,18,11,10,15,16,24,33,7,16,74,120,Mechanicals,Cornice,2026-01-13
20024.0260,767,A3,EASTON PARK 60' LOT,9600 WIGGY WAY,2025-12-30,NULL,NULL,NULL,NULL,NULL,NULL,NULL,NULL,NULL,2026-04-26,2026-05-06,2026-05-15,2026-06-09,2026-06-22,2026-07-06,2026-08-12,2026-08-24,2026-10-19,NULL,NULL,NULL,NULL,NULL,NULL,NULL,NULL,NULL,21,17,10,9,9,5,25,21,13,13,NULL,14,NULL,37,NULL,12,56,64,Foundation,Released,2025-12-30
20024.0305,767,A3,EASTON PARK 60' LOT,9004 FALLKILL DRIVE,2025-12-18,2026-01-07,2026-01-19,2026-01-28,NULL,NULL,NULL,NULL,NULL,NULL,2026-01-08,2026-01-17,2026-01-28,2026-04-26,2026-05-09,2026-05-23,2026-06-29,2026-07-11,2026-09-05,20,12,9,NULL,NULL,NULL,NULL,NULL,NULL,21,17,10,9,9,5,25,21,13,13,NULL,14,NULL,37,NULL,12,56,64,Mechanicals,Cornice,2026-01-28
20026.0277,123,A3,6 CREEKS 45' LOT,120 HIGH ROCK PASS (M),2025-05-09,2025-05-13,2025-05-15,2025-05-17,2025-06-04,2025-06-17,2025-06-28,2025-07-14,2025-07-20,NULL,2025-05-26,2025-05-22,2025-05-20,2025-06-17,2025-06-15,2025-07-01,2025-07-17,2025-07-20,2026-04-26,4,2,2,18,13,11,16,6,NULL,NULL,17,NULL,9,NULL,5,31,21,11,13,NULL,14,19,37,2,12,141,64,Complete,Final,2025-07-20
20031.0196,779,D4,M3 RANCH 50' LOT,2201 HEREFORD DRIVE,2025-11-06,2025-11-18,2025-11-26,2025-12-01,2025-12-11,2025-12-29,2026-01-05,2026-01-16,NULL,NULL,2025-11-19,2025-11-29,2025-12-03,2025-12-08,2025-12-29,2026-01-06,2026-01-19,2026-04-26,2026-05-15,12,8,5,10,18,7,11,NULL,NULL,13,14,11,13,7,5,7,17,18,13,8,12,14,24,9,40,19,39,Final,Interior,2026-01-16
20034.0313,725,D4,VENTANA 50' LOT,5824 MEGS CREEK ROAD,2025-11-17,2025-12-11,2025-12-18,2025-12-22,2026-01-14,2026-01-23,NULL,NULL,NULL,NULL,2025-12-06,2025-12-24,2025-12-21,2026-01-05,2026-01-23,2026-04-26,2026-06-03,2026-07-02,2026-07-06,24,7,4,23,9,NULL,NULL,NULL,NULL,19,14,13,13,3,5,14,17,9,13,29,12,38,24,29,40,4,39,Trim,Sheetrock,2026-01-23
20041.0057,20041.70,D1,SONOMA VERDE 70' LOT,1946 BENEDETTO WAY,2026-01-20,NULL,NULL,NULL,NULL,NULL,NULL,NULL,NULL,NULL,2026-04-26,2026-05-08,2026-05-14,2026-06-01,2026-06-13,2026-07-01,2026-07-24,2026-08-14,2026-08-22,NULL,NULL,NULL,NULL,NULL,NULL,NULL,NULL,NULL,NULL,14,12,13,6,6,18,16,NULL,12,NULL,18,23,17,21,17,8,60,Foundation,Released,2026-01-20
20055.0108,301,D3,NORTH SKY CELINA 65' LOT,3321 SANTOLINA WAY,2025-06-04,2025-06-26,2025-07-10,2025-07-16,2025-08-01,2025-08-13,2025-08-25,2025-09-15,2025-09-30,NULL,2025-06-16,2025-07-06,2025-07-13,2025-07-28,2025-08-16,2025-08-25,2025-09-09,2025-09-30,2026-04-26,22,14,6,16,12,12,21,15,NULL,NULL,12,NULL,10,NULL,3,12,13,15,13,12,20,15,29,13,21,56,92,Complete,Final,2025-09-30
20066.0566,665,D2,DEVONSHIRE 45' LOT,2417 LYREBIRD LANE,2025-11-06,2025-11-14,2025-11-18,2025-11-21,2025-12-02,2025-12-12,2025-12-22,2026-01-13,NULL,NULL,2025-11-17,2025-11-22,2025-11-23,2025-12-05,2025-12-16,2025-12-24,2026-01-09,2026-04-26,2026-07-09,8,4,3,11,10,10,22,NULL,NULL,11,12,8,10,5,4,NULL,14,14,12,12,11,18,17,10,18,74,88,Final,Interior,2026-01-13
20096.0021,285,F1,SOUTHERN HILLS 80' LOT,19893 ENGLISH WALNUT PLACE,2025-08-20,2025-09-02,2025-10-21,NULL,2025-12-19,2026-01-17,NULL,NULL,NULL,NULL,2025-09-13,2025-09-30,NULL,2025-11-21,2026-01-17,2026-04-26,2026-07-10,2026-08-09,2026-08-16,13,49,NULL,59,29,NULL,NULL,NULL,NULL,24,15,NULL,28,NULL,NULL,NULL,31,29,15,35,22,75,46,30,47,7,17,Trim,Sheetrock,2026-01-17
20096.0078,20096.65,F1,SOUTHERN HILLS 65' LOT,4516 SOUTHERN VALLEY LOOP,2025-12-22,NULL,NULL,NULL,NULL,NULL,NULL,NULL,NULL,NULL,2026-04-26,2026-05-24,NULL,2026-08-05,2026-08-20,2026-09-11,2026-10-27,2026-12-24,2027-02-04,NULL,NULL,NULL,NULL,NULL,NULL,NULL,NULL,NULL,NULL,15,NULL,28,NULL,NULL,73,31,NULL,15,NULL,22,NULL,46,58,47,42,17,Foundation,Released,2025-12-22
20108.1104,102,H6,SIENNA 55' LOT,2031 ORCHARD ROSE DRIVE,2025-11-25,2025-12-03,2025-12-13,2025-12-17,2025-12-31,2026-01-09,2026-01-26,NULL,NULL,NULL,2025-12-04,2025-12-21,2025-12-17,2025-12-29,2026-01-10,2026-01-21,2026-04-26,2026-05-09,2026-07-06,8,10,4,14,9,17,NULL,NULL,NULL,9,10,18,14,4,4,12,13,10,9,12,16,25,20,13,12,58,58,Interior,Trim,2026-01-26
20108.1110,102,H6,SIENNA 55' LOT,2007 ORCHARD ROSE DRIVE,2025-12-29,2026-01-07,2026-01-20,2026-01-26,NULL,NULL,NULL,NULL,NULL,NULL,2026-01-07,2026-01-25,2026-01-24,2026-04-26,2026-05-06,2026-05-18,2026-06-12,2026-06-25,2026-08-22,9,13,6,NULL,NULL,NULL,NULL,NULL,NULL,9,10,18,14,4,4,12,13,10,9,12,16,25,20,13,12,58,58,Mechanicals,Cornice,2026-01-26
20108.1120,20108.451,H6,SIENNA 45' LOT,1930 CROWN WOOD DRIVE (M),2025-09-29,2025-09-29,2025-10-09,2025-10-13,2025-10-22,2025-10-28,2025-11-10,NULL,NULL,NULL,2025-10-09,2025-10-13,2025-10-13,2025-10-26,2025-10-31,2025-11-13,2026-04-26,2026-05-08,2026-07-05,0,10,4,9,6,13,NULL,NULL,NULL,NULL,10,NULL,14,NULL,4,NULL,13,NULL,9,NULL,16,NULL,20,NULL,12,NULL,58,Interior,Trim,2025-11-10
20124.0162,694,H1,RICELAND 60' LOT,12150 SWEETBRIAR LOOP,2025-11-18,2025-12-02,2025-12-23,2026-01-07,2026-01-23,NULL,NULL,NULL,NULL,NULL,2025-12-01,2025-12-20,2026-01-01,2026-01-19,2026-04-26,2026-05-15,2026-06-03,2026-06-10,2026-09-08,14,21,15,16,NULL,NULL,NULL,NULL,NULL,13,11,18,19,9,8,12,11,13,12,NULL,19,19,41,7,10,90,88,Sheetrock,Mechanical,2026-01-23
20124.0193,587,H1,RICELAND 70' LOT,12431 SUNCHASE DRIVE,2025-11-07,2025-11-13,2025-12-03,2025-12-12,2026-01-09,2026-01-23,NULL,NULL,NULL,NULL,2025-11-20,2025-12-05,2025-12-14,2025-12-30,2026-01-23,2026-04-26,2026-06-06,2026-06-16,2026-09-12,6,20,9,28,14,NULL,NULL,NULL,NULL,13,11,22,19,11,8,18,11,14,12,NULL,19,NULL,41,NULL,10,NULL,88,Trim,Sheetrock,2026-01-23
20132.0856,164,H1,MERIDIANA 60' LOT,8923 HEIRLOOM COURT,2025-11-25,2025-12-12,2025-12-29,2026-01-06,2026-01-16,NULL,NULL,NULL,NULL,NULL,2025-12-03,2025-12-31,2026-01-05,2026-01-15,2026-04-26,2026-05-15,2026-06-01,2026-06-12,2026-09-08,17,17,8,10,NULL,NULL,NULL,NULL,NULL,8,11,19,19,7,8,9,11,15,12,19,19,17,41,11,10,NULL,88,Sheetrock,Mechanical,2026-01-16
20132.0907,272,H1,MERIDIANA 40'/45' LOT,8943 GRAY FOX TRAIL,2025-11-19,2025-11-26,2025-12-09,2025-12-15,2025-12-26,2026-01-02,2026-01-22,NULL,NULL,NULL,2025-12-01,2025-12-12,2025-12-17,2025-12-25,2026-01-02,2026-01-20,2026-04-26,2026-05-08,2026-05-31,7,13,6,11,7,20,NULL,NULL,NULL,12,11,16,19,8,8,10,11,7,12,18,19,20,41,12,10,23,88,Interior,Trim,2026-01-22
20132.1183,711,H1,MERIDIANA 50' LOT,9511 CHATEAU HILL DRIVE,2025-12-17,2025-12-31,2026-01-18,2026-01-23,NULL,NULL,NULL,NULL,NULL,NULL,2025-12-31,2026-01-18,2026-01-23,2026-04-26,2026-05-08,2026-05-16,2026-06-26,2026-07-06,2026-10-02,14,18,5,NULL,NULL,NULL,NULL,NULL,NULL,14,11,18,19,5,8,NULL,11,12,12,8,19,NULL,41,NULL,10,NULL,88,Mechanicals,Cornice,2026-01-23
20165.0101,280,H1,VALENCIA 60' LOT,18807 PISTACHIO WAY,2026-01-21,NULL,NULL,NULL,NULL,NULL,NULL,NULL,NULL,NULL,2026-04-26,2026-05-15,2026-05-23,2026-06-03,2026-06-17,2026-07-04,2026-07-10,2026-07-22,2026-10-25,NULL,NULL,NULL,NULL,NULL,NULL,NULL,NULL,NULL,8,11,NULL,19,NULL,8,11,11,14,12,17,19,6,41,12,10,95,88,Foundation,Released,2026-01-21
20165.0173,281,H1,VALENCIA 70' LOT,19011 AUTUMN HAZELNUT LANE,2025-01-24,2025-02-10,2025-02-24,2025-03-04,2025-03-08,2025-03-24,2025-04-09,2025-05-07,2025-05-29,NULL,2025-02-01,2025-03-07,2025-02-26,2025-03-15,2025-03-20,2025-04-12,2025-05-20,2025-05-29,2026-04-26,17,14,8,4,16,16,28,22,NULL,8,11,25,19,2,8,NULL,11,NULL,12,NULL,19,NULL,41,NULL,10,107,88,Complete,Final,2025-05-29
20165.0236,274,H1,VALENCIA 50' LOT,18422 MAHOGANY GLOW LANE,2025-05-30,2025-06-18,2025-07-07,2025-07-11,2025-07-18,2025-07-28,2025-08-08,2025-10-23,2025-11-11,NULL,2025-06-06,2025-07-08,2025-07-15,2025-07-22,2025-07-30,2025-08-16,2025-09-18,2025-11-11,2026-04-26,19,19,4,7,10,11,76,19,NULL,7,11,20,19,8,8,11,11,NULL,12,NULL,19,NULL,41,NULL,10,56,88,Complete,Final,2025-11-11
20178.0183,115,H2,ESCONDIDO 45' LOT,42635 MYSTERY LANE,2025-10-15,2025-10-22,2025-11-03,2025-11-07,2025-11-20,2025-12-01,2025-12-12,2025-12-29,2026-01-13,NULL,2025-10-27,2025-11-06,2025-11-06,2025-11-17,2025-12-01,2025-12-23,2025-12-29,2026-01-13,2026-04-26,7,12,4,13,11,11,17,15,NULL,12,9,15,17,3,3,10,12,NULL,11,22,17,17,16,12,25,29,54,Complete,Final,2026-01-13
20181.1020,582,H5,BRIDGELAND 55' LOT,10715 WILD BLUE LUPINE WAY,2025-07-01,2025-07-08,2025-07-21,2025-07-24,2025-08-02,2025-08-12,2025-08-25,2025-09-15,2025-09-22,NULL,2025-07-09,2025-07-27,2025-07-26,2025-08-02,2025-08-14,2025-08-26,2025-09-20,2025-09-22,2026-04-26,7,13,3,9,10,13,21,7,NULL,8,9,19,15,NULL,5,9,16,12,12,14,17,26,18,13,10,106,76,Complete,Final,2025-09-22
20181.1081,203,H5,BRIDGELAND 50' LOT,12307 BIG PINE CREEK DRIVE,2025-12-26,2026-01-05,2026-01-20,2026-01-20,NULL,NULL,NULL,NULL,NULL,NULL,2026-01-04,2026-01-19,2026-01-22,2026-04-26,2026-05-09,2026-05-26,2026-06-13,2026-06-26,2026-08-30,10,15,0,NULL,NULL,NULL,NULL,NULL,NULL,9,9,14,15,2,5,14,16,13,12,NULL,17,NULL,18,13,10,65,76,Mechanicals,Cornice,2026-01-20
20181.1206,20181.40,H5,BRIDGELAND CENTRAL 40' LOT,12502 EMERALD ENCLAVE DRIVE (M),2026-01-13,2026-01-14,NULL,NULL,NULL,NULL,NULL,NULL,NULL,NULL,2026-01-22,2026-04-26,2026-05-01,2026-05-17,2026-05-29,2026-06-15,2026-07-03,2026-07-13,2026-09-27,1,NULL,NULL,NULL,NULL,NULL,NULL,NULL,NULL,NULL,9,NULL,15,NULL,5,NULL,16,NULL,12,NULL,17,NULL,18,NULL,10,NULL,76,Frame,Foundation,2026-01-14
20183.0317,785,H2,AUDUBON PARK 70' LOT,39142 HERON FLEDGE COURT,2025-12-16,2025-12-23,2026-01-09,2026-01-14,NULL,NULL,NULL,NULL,NULL,NULL,2025-12-23,2026-01-14,2026-01-14,2026-04-26,2026-05-07,2026-05-24,2026-06-09,2026-07-04,2026-08-27,7,17,5,NULL,NULL,NULL,NULL,NULL,NULL,7,9,22,17,5,3,16,12,NULL,11,NULL,17,NULL,16,NULL,25,NULL,54,Mechanicals,Cornice,2026-01-14
20205.0165,791,H4,THE HIGHLANDS 45' LOT,21814 JEDEDIAH RIVER WAY (M),2025-04-04,2025-04-08,2025-04-14,2025-04-17,2025-04-23,2025-05-02,2025-05-09,2025-05-16,2025-05-30,NULL,2025-04-14,2025-04-20,2025-04-17,2025-04-26,2025-05-04,2025-05-17,2025-05-24,2025-05-30,2026-04-26,4,6,3,6,9,7,7,14,NULL,10,9,NULL,12,NULL,3,NULL,9,11,10,15,15,15,17,8,13,31,97,Complete,Final,2025-05-30
20221.0300,621,H4,GRAND CENTRAL PARK 50' LOT,118 SIERRA STREAM COURT,2026-01-05,2026-01-13,2026-01-21,2026-01-26,NULL,NULL,NULL,NULL,NULL,NULL,2026-01-14,2026-01-23,2026-01-25,2026-04-26,2026-05-05,2026-05-20,2026-06-06,2026-06-19,2026-11-14,8,8,5,NULL,NULL,NULL,NULL,NULL,NULL,9,9,10,12,4,3,7,9,9,10,NULL,15,NULL,17,NULL,13,148,97,Mechanicals,Cornice,2026-01-26
20233.0584,657,H3,JORDAN RANCH 65' LOT,2507 THISTLE COURT,2026-01-26,NULL,NULL,NULL,NULL,NULL,NULL,NULL,NULL,NULL,2026-04-26,2026-05-11,2026-05-19,2026-05-29,2026-06-15,2026-06-28,2026-07-17,2026-08-01,2026-08-15,NULL,NULL,NULL,NULL,NULL,NULL,NULL,NULL,NULL,14,9,15,15,8,5,10,12,17,9,13,16,19,23,15,12,14,81,Foundation,Released,2026-01-26
20233.0593,617,H3,JORDAN RANCH 50' LOT,31534 MEADOW PLACE LANE,2025-11-21,2025-12-05,2025-12-15,2025-12-18,2026-01-06,2026-01-16,NULL,NULL,NULL,NULL,2025-12-02,2025-12-22,2025-12-20,2026-01-01,2026-01-16,2026-04-26,2026-05-19,2026-05-31,2026-08-20,14,10,3,19,10,NULL,NULL,NULL,NULL,11,9,17,15,5,5,14,12,10,9,NULL,16,NULL,23,NULL,12,NULL,81,Trim,Sheetrock,2026-01-16
20237.0094,225,H5,KATY COURT 70' LOT,3814 DESERT WILLOW WAY,2026-01-22,NULL,NULL,NULL,NULL,NULL,NULL,NULL,NULL,NULL,2026-04-26,2026-05-12,2026-05-17,2026-05-27,2026-06-07,2026-07-05,2026-07-18,2026-07-28,2026-12-26,NULL,NULL,NULL,NULL,NULL,NULL,NULL,NULL,NULL,10,9,16,15,5,5,10,16,11,12,28,17,13,18,NULL,10,151,76,Foundation,Released,2026-01-22
20238.0736,730,H5,ELYSON 45' LOT,25431 BALSAM RUN TRAIL,2025-08-21,2025-09-03,2025-09-12,2025-09-15,2025-09-27,2025-10-02,2025-10-21,2025-10-31,2025-11-07,NULL,2025-08-30,2025-09-14,2025-09-15,2025-10-01,2025-10-08,2025-10-16,2025-11-07,2025-11-07,2026-04-26,13,9,3,12,5,19,10,7,NULL,9,9,11,15,3,5,16,16,11,12,14,17,17,18,3,10,19,76,Complete,Final,2025-11-07
20238.0787,625,H5,ELYSON 55' LOT,7215 VALLEY MINT DRIVE,2026-01-14,2026-01-21,NULL,NULL,NULL,NULL,NULL,NULL,NULL,NULL,2026-01-21,2026-04-26,2026-05-03,2026-05-12,2026-05-21,2026-06-07,2026-06-25,2026-06-30,2026-09-16,7,NULL,NULL,NULL,NULL,NULL,NULL,NULL,NULL,7,9,13,15,7,5,9,16,9,12,NULL,17,NULL,18,5,10,78,76,Frame,Foundation,2026-01-21
20252.0333,290,H6,STONECREEK ESTATES 50' LOT,5235 FLAT STONE LANE,2025-11-20,2025-12-08,2026-01-02,2026-01-06,2026-01-15,2026-01-23,NULL,NULL,NULL,NULL,2025-12-02,2025-12-23,2026-01-07,2026-01-19,2026-01-25,2026-04-26,2026-05-18,2026-05-31,2026-07-02,18,25,4,9,8,NULL,NULL,NULL,NULL,12,10,15,14,5,4,13,13,10,9,16,16,22,20,13,12,32,58,Trim,Sheetrock,2026-01-23
20252.0342,290,H6,STONECREEK ESTATES 50' LOT,2102 GYPSUM DRIVE,2025-11-20,2025-11-26,2025-12-19,2025-12-22,2026-01-07,2026-01-14,NULL,NULL,NULL,NULL,2025-12-02,2025-12-11,2025-12-24,2026-01-04,2026-01-17,2026-04-26,2026-05-18,2026-05-31,2026-07-02,6,23,3,16,7,NULL,NULL,NULL,NULL,12,10,15,14,5,4,13,13,10,9,16,16,22,20,13,12,32,58,Trim,Sheetrock,2026-01-14
20252.0376,290,H6,STONECREEK ESTATES 50' LOT,5202 OBSIDIAN FIELD DRIVE,2025-10-15,2025-10-24,2025-11-21,2025-11-26,2025-12-12,2025-12-19,2026-01-05,2026-01-26,NULL,NULL,2025-10-27,2025-11-08,2025-11-26,2025-12-09,2025-12-22,2026-01-04,2026-01-27,2026-04-26,2026-05-28,9,28,5,16,7,17,21,NULL,NULL,12,10,15,14,5,4,13,13,10,9,16,16,22,20,13,12,32,58,Final,Interior,2026-01-26
20252.0381,290,H6,STONECREEK ESTATES 50' LOT,5222 OBSIDIAN FIELD DRIVE,2025-10-07,2025-10-14,2025-11-04,2025-11-07,2025-11-18,2025-11-24,2025-12-15,2026-01-07,2026-01-23,NULL,2025-10-19,2025-10-29,2025-11-09,2025-11-20,2025-11-28,2025-12-10,2026-01-06,2026-01-23,2026-04-26,7,21,3,11,6,21,23,16,NULL,12,10,15,14,5,4,13,13,10,9,16,16,22,20,13,12,32,58,Complete,Final,2026-01-23
20252.0415,290,H6,STONECREEK ESTATES 50' LOT,5119 MOMO LANE,2025-12-01,2025-12-09,2025-12-23,2025-12-30,2026-01-13,2026-01-20,NULL,NULL,NULL,NULL,2025-12-13,2025-12-24,2025-12-28,2026-01-12,2026-01-23,2026-04-26,2026-05-18,2026-05-31,2026-07-02,8,14,7,14,7,NULL,NULL,NULL,NULL,12,10,15,14,5,4,13,13,10,9,16,16,22,20,13,12,32,58,Trim,Sheetrock,2026-01-20
20252.0525,20252.601,H6,STONECREEK ESTATES 60' LOT (B),2203 ALABASTER ESTATE DRIVE,2025-10-09,2025-10-17,2025-11-25,2025-12-03,2025-12-17,2025-12-26,NULL,NULL,NULL,NULL,2025-10-19,2025-11-07,2025-11-29,2025-12-19,2025-12-26,2026-04-26,2026-05-09,2026-05-23,2026-06-06,8,39,8,14,9,NULL,NULL,NULL,NULL,10,10,21,14,4,4,16,13,9,9,17,16,13,20,14,12,14,58,Trim,Sheetrock,2025-12-26
20265.0251,226,H3,CROSS CREEK WEST 45' LOT,4411 RUBY GARDEN COURT,2026-01-05,2026-01-13,2026-01-21,2026-01-28,NULL,NULL,NULL,NULL,NULL,NULL,2026-01-13,2026-01-20,2026-01-26,2026-04-26,2026-05-03,2026-05-25,2026-06-07,2026-06-16,2026-07-19,8,8,7,NULL,NULL,NULL,NULL,NULL,NULL,8,9,7,15,5,5,8,12,7,9,22,16,13,23,9,12,33,81,Mechanicals,Cornice,2026-01-28
20265.0257,133,H3,CROSS CREEK WEST 55' LOT,30947 GOLDEN FELIPE STREET,2025-12-26,2026-01-05,2026-01-20,2026-01-22,NULL,NULL,NULL,NULL,NULL,NULL,2026-01-03,2026-01-21,2026-01-24,2026-04-26,2026-05-07,2026-05-21,2026-06-13,2026-06-25,2026-07-30,10,15,2,NULL,NULL,NULL,NULL,NULL,NULL,8,9,16,15,4,5,14,12,11,9,14,16,NULL,23,NULL,12,35,81,Mechanicals,Cornice,2026-01-22
20267.0426,774,H3,CANDELA 60' LOT,26818 BEACON LODGE LANE,2025-12-18,2025-12-23,2026-01-12,2026-01-20,2026-01-26,NULL,NULL,NULL,NULL,NULL,2025-12-23,2026-01-09,2026-01-19,2026-01-29,2026-04-26,2026-05-11,2026-05-27,2026-06-04,2026-08-24,5,20,8,6,NULL,NULL,NULL,NULL,NULL,5,9,17,15,7,5,9,12,12,9,15,16,16,23,8,12,NULL,81,Sheetrock,Mechanical,2026-01-26
20272.0464,705,H6,HARVEST GREEN 45' LOT,100 GINGER GARLIC LOOP,2025-10-23,2025-11-05,2025-11-20,2025-11-25,2025-12-08,2025-12-10,2025-12-26,2026-01-12,2026-01-17,NULL,2025-11-05,2025-11-11,2025-11-23,2025-12-03,2025-12-14,2025-12-25,2026-01-11,2026-01-17,2026-04-26,13,15,5,13,2,16,17,5,NULL,13,10,6,14,3,4,8,13,6,9,15,16,16,20,9,12,39,58,Complete,Final,2026-01-17
20272.0532,604,H6,HARVEST GREEN 60' LOT,826 FENUGREEK FIELDS COURT,2026-01-05,2026-01-14,NULL,NULL,NULL,NULL,NULL,NULL,NULL,NULL,2026-01-17,2026-04-26,2026-05-01,2026-05-12,2026-05-23,2026-06-11,2026-07-02,2026-07-14,2026-09-10,9,NULL,NULL,NULL,NULL,NULL,NULL,NULL,NULL,12,10,12,14,5,4,11,13,11,9,19,16,21,20,NULL,12,NULL,58,Frame,Foundation,2026-01-14
20272.0538,604,H6,HARVEST GREEN 60' LOT,823 FENUGREEK FIELDS COURT,2025-12-29,2026-01-12,2026-01-27,NULL,NULL,NULL,NULL,NULL,NULL,NULL,2026-01-10,2026-01-24,2026-04-26,2026-05-07,2026-05-18,2026-06-06,2026-06-27,2026-07-09,2026-09-05,14,15,NULL,NULL,NULL,NULL,NULL,NULL,NULL,12,10,12,14,5,4,11,13,11,9,19,16,21,20,NULL,12,NULL,58,Cornice,Frame,2026-01-27
20286.0127,190,S1,VIDA 50' LOT,1103 NERIA LOOP,2025-11-21,2025-12-16,2026-01-06,2026-01-12,NULL,NULL,NULL,NULL,NULL,NULL,2025-12-11,2026-01-01,2026-01-11,2026-04-26,2026-05-12,2026-05-30,2026-06-20,2026-07-22,2026-11-28,25,21,6,NULL,NULL,NULL,NULL,NULL,NULL,20,16,16,11,5,7,14,15,16,18,18,17,21,28,32,15,129,110,Mechanicals,Cornice,2026-01-12
20288.1275,685,S1,KALLISON RANCH 45' LOT (A),9945 PALADIN RIDGE,2025-10-09,2025-10-21,2025-10-28,2025-10-31,2025-11-25,2025-11-25,2025-12-10,2026-01-14,2026-01-16,NULL,2025-10-20,2025-10-29,2025-11-03,2025-11-14,2025-12-19,2025-12-12,2026-01-05,2026-01-16,2026-04-26,12,7,3,25,0,15,35,2,NULL,11,16,8,11,6,7,14,15,24,18,NULL,17,26,28,18,15,32,110,Complete,Final,2026-01-16
20288.1375,685,S1,KALLISON RANCH 45' LOT (A),13322 KALLISON BEND,2026-01-29,NULL,NULL,NULL,NULL,NULL,NULL,NULL,NULL,NULL,2026-04-26,2026-05-04,2026-05-10,2026-05-24,2026-06-17,2026-07-04,2026-07-30,2026-08-17,2026-09-18,NULL,NULL,NULL,NULL,NULL,NULL,NULL,NULL,NULL,11,16,8,11,6,7,14,15,24,18,NULL,17,26,28,18,15,32,110,Foundation,Released,2026-01-29
203075,203,H5,BRIDGELAND 50' LOT,20931 MEDINA RIVER DRIVE (M),2023-02-17,2023-03-02,2023-03-09,2023-03-14,2023-03-24,2023-04-04,2023-04-11,2023-05-01,2023-05-15,NULL,2023-02-26,2023-03-16,2023-03-11,2023-03-28,2023-04-06,2023-04-21,2023-04-29,2023-05-15,2026-04-26,13,7,5,10,11,7,20,14,NULL,9,9,14,15,2,5,14,16,13,12,NULL,17,NULL,18,13,10,65,76,Complete,Final,2023-05-15
20314.0179,744,S2,KINDER RANCH 70' LOT,1607 YARDZEN LANE,2025-12-04,2025-12-24,2026-01-07,2026-01-13,NULL,NULL,NULL,NULL,NULL,NULL,2025-12-21,2026-01-05,2026-01-13,2026-04-26,2026-05-08,2026-05-25,2026-07-03,2026-07-19,2026-08-16,20,14,6,NULL,NULL,NULL,NULL,NULL,NULL,17,20,12,10,6,7,NULL,17,NULL,12,NULL,17,39,30,NULL,16,28,96,Mechanicals,Cornice,2026-01-13
20315.0138,20315.70,S2,JOHNSON RANCH 70' LOT,31181 CLOVER PASS,2025-11-03,2025-11-12,2025-11-24,2025-12-02,2025-12-11,2025-12-23,2026-01-05,NULL,NULL,NULL,2025-11-22,2025-11-22,2025-12-01,2025-12-19,2025-12-22,2026-01-04,2026-04-26,2026-05-04,2026-07-10,9,12,8,9,12,13,NULL,NULL,NULL,19,20,NULL,10,NULL,7,NULL,17,11,12,12,17,27,30,8,16,67,96,Interior,Trim,2026-01-05
20315.0144,20315.70,S2,JOHNSON RANCH 70' LOT,31120 CLOVER PASS,2025-10-09,2025-10-22,2025-11-03,2025-11-10,2025-11-19,2025-12-01,2025-12-12,2026-01-12,NULL,NULL,2025-10-28,2025-11-01,2025-11-10,2025-11-27,2025-11-30,2025-12-13,2026-01-08,2026-04-26,2026-07-02,13,12,7,9,12,11,31,NULL,NULL,19,20,NULL,10,NULL,7,NULL,17,11,12,12,17,27,30,8,16,67,96,Final,Interior,2026-01-12
20320.0101,20320.80,S2,ESPERANZA 80' LOT,109 TORTUGA,2025-09-11,2025-10-08,2025-10-14,2025-10-27,2025-11-06,2025-11-21,2025-12-23,2026-01-06,2026-01-19,NULL,2025-10-05,2025-10-17,2025-11-04,2025-11-10,2025-11-20,2025-12-23,2026-01-12,2026-01-19,2026-10-04,27,6,13,10,15,32,14,13,NULL,24,20,9,10,21,7,14,17,14,12,32,17,20,30,10,16,258,96,Complete,Final,2026-01-19
20320.0159,140,S2,ESPERANZA 50' LOT,213 HIDALGO,2025-05-30,2025-06-10,2025-06-16,2025-06-25,2025-07-08,2025-07-21,2025-08-08,2025-09-04,2025-09-08,NULL,2025-06-04,2025-06-21,2025-06-23,2025-07-04,2025-07-19,2025-08-11,2025-09-07,2025-09-08,2026-04-26,11,6,9,13,13,18,27,4,NULL,5,20,11,10,7,7,9,17,11,12,21,17,NULL,30,14,16,104,96,Complete,Final,2025-09-08
20325.0235,788,S3,VERAMENDI 60' LOT,2207 ZACHRY DRIVE,2025-07-08,2025-08-18,2025-09-03,2025-09-09,2025-09-18,2025-10-01,2025-10-13,2025-11-06,2025-11-12,NULL,2025-07-16,2025-08-30,2025-09-09,2025-09-20,2025-09-28,2025-10-16,2025-11-05,2025-11-12,2026-04-26,41,16,6,9,13,12,24,6,NULL,8,14,12,12,6,7,11,15,10,12,NULL,15,NULL,23,15,12,60,98,Complete,Final,2025-11-12
20344.0172,288,S3,MEADOWS OF MILL CREEK 50' LOT,1723 GYST ROAD,2025-12-19,NULL,NULL,NULL,NULL,NULL,NULL,NULL,NULL,NULL,2026-04-26,2026-05-20,2026-05-28,2026-06-12,2026-06-21,2026-07-12,2026-07-27,2026-08-08,2026-12-05,NULL,NULL,NULL,NULL,NULL,NULL,NULL,NULL,NULL,20,14,24,12,8,7,15,15,9,12,21,15,15,23,NULL,12,119,98,Foundation,Released,2025-12-19
20352.0016,20352.40,H6,BROOKEWATER 40' LOT,426 BIG PINE TRAIL,2025-11-06,2025-11-12,2025-12-04,2025-12-10,2025-12-20,2026-01-05,NULL,NULL,NULL,NULL,2025-11-18,2025-11-28,2025-12-07,2025-12-28,2026-01-01,2026-04-26,2026-05-16,2026-05-25,2026-09-03,6,22,6,10,16,NULL,NULL,NULL,NULL,12,10,16,14,3,4,18,13,12,9,18,16,20,20,9,12,101,58,Trim,Sheetrock,2026-01-05
20353.0032,20353.50,A1,PARMER RANCH 50' LOT,609 ESTACADO LANE,2025-11-14,2025-12-03,2025-12-15,2025-12-22,2026-01-14,2026-01-26,NULL,NULL,NULL,NULL,2025-12-02,2025-12-11,2025-12-20,2026-01-10,2026-01-26,2026-04-26,2026-05-13,2026-05-25,2026-11-06,19,12,7,23,12,NULL,NULL,NULL,NULL,18,15,8,9,5,6,19,15,12,13,14,17,17,39,12,11,165,96,Trim,Sheetrock,2026-01-26
20353.0038,20353.50,A1,PARMER RANCH 50' LOT,513 ESTACADO LANE,2025-07-17,2025-07-31,2025-08-07,2025-08-13,2025-08-22,2025-09-02,2025-09-19,2025-10-07,2025-10-27,NULL,2025-08-04,2025-08-08,2025-08-12,2025-09-01,2025-09-03,2025-09-16,2025-10-06,2025-10-27,2026-04-26,14,7,6,9,11,17,18,20,NULL,18,15,8,9,5,6,19,15,12,13,14,17,17,39,12,11,165,96,Complete,Final,2025-10-27
20357.0049,20357.50,S3,THE PARKLANDS 40'/50' Lot,5085 OBISPO CIRCLE,2026-01-20,2026-01-28,NULL,NULL,NULL,NULL,NULL,NULL,NULL,NULL,2026-01-31,2026-04-26,2026-05-02,2026-05-17,2026-05-29,2026-06-13,2026-07-06,2026-07-18,2026-10-24,8,NULL,NULL,NULL,NULL,NULL,NULL,NULL,NULL,11,14,9,12,6,7,NULL,15,NULL,12,NULL,15,NULL,23,NULL,12,NULL,98,Frame,Foundation,2026-01-28
20359.0010,20359.50,H3,GRANGE 50' LOT,481 DOVE MEADOW LANE,2025-12-08,2025-12-16,2026-01-02,2026-01-07,2026-01-21,NULL,NULL,NULL,NULL,NULL,2025-12-16,2026-01-02,2026-01-07,2026-01-22,2026-04-26,2026-05-08,2026-05-31,2026-06-06,2026-08-29,8,17,5,14,NULL,NULL,NULL,NULL,NULL,8,9,17,15,5,5,15,12,9,9,12,16,NULL,23,6,12,84,81,Sheetrock,Mechanical,2026-01-21
20359.0051,20359.50,H3,GRANGE 50' LOT,464 DOVE MEADOW LANE,2026-01-21,NULL,NULL,NULL,NULL,NULL,NULL,NULL,NULL,NULL,2026-04-26,2026-05-13,2026-05-18,2026-06-02,2026-06-11,2026-06-23,2026-07-16,2026-07-22,2026-10-14,NULL,NULL,NULL,NULL,NULL,NULL,NULL,NULL,NULL,8,9,17,15,5,5,15,12,9,9,12,16,NULL,23,6,12,84,81,Foundation,Released,2026-01-21
20359.0068,20359.60,H3,GRANGE 60' LOT,456 SOARING SPARROW TRAIL,2025-10-23,2025-11-03,2025-11-17,2025-12-01,2025-12-09,2025-12-19,2025-12-29,2026-01-20,NULL,NULL,2025-11-02,2025-11-22,2025-11-20,2025-12-16,2025-12-20,2025-12-29,2026-01-20,2026-04-26,2026-09-19,11,14,14,8,10,10,22,NULL,NULL,10,9,19,15,3,5,15,12,11,9,10,16,22,23,NULL,12,146,81,Final,Interior,2026-01-20
20360.0032,20360.65,A3,PARTEN 65' LOT,265 LEANING ROCK RIDGE,2025-12-19,2026-01-14,2026-01-27,NULL,NULL,NULL,NULL,NULL,NULL,NULL,2026-01-10,2026-01-26,2026-04-26,2026-05-22,2026-06-09,2026-06-25,2026-08-06,2026-08-13,2026-10-18,26,13,NULL,NULL,NULL,NULL,NULL,NULL,NULL,22,17,12,9,4,5,26,21,18,13,16,14,42,37,7,12,66,64,Cornice,Frame,2026-01-27
20362.0007,20362.50,D3,HILLSTEAD 50' LOT,821 STONEY BRIDGE WAY,2025-12-26,2026-01-06,2026-01-16,2026-01-20,NULL,NULL,NULL,NULL,NULL,NULL,2026-01-04,2026-01-16,2026-01-19,2026-04-26,2026-05-09,2026-05-29,2026-06-12,2026-06-30,2026-09-25,11,10,4,NULL,NULL,NULL,NULL,NULL,NULL,9,12,10,10,3,3,NULL,13,NULL,13,NULL,20,14,29,18,21,87,92,Mechanicals,Cornice,2026-01-20
20362.0059,20362.60,D3,HILLSTEAD 60' LOT,911 RIVER SKY ROAD,2025-12-26,2026-01-06,2026-01-16,2026-01-20,NULL,NULL,NULL,NULL,NULL,NULL,2026-01-06,2026-01-17,2026-01-19,2026-04-26,2026-05-07,2026-05-25,2026-06-23,2026-07-15,2026-11-05,11,10,4,NULL,NULL,NULL,NULL,NULL,NULL,11,12,11,10,3,3,14,13,11,13,18,20,NULL,29,22,21,113,92,Mechanicals,Cornice,2026-01-20
20363.0024,20363.45,S3,SOLMS LANDING 45' LOT,1954 FRIEDRICH WAY (C),2025-05-23,2025-06-02,2025-06-09,2025-06-12,2025-06-25,2025-07-03,NULL,NULL,NULL,NULL,2025-06-05,2025-06-10,2025-06-13,2025-06-23,2025-07-07,2026-04-26,2026-05-19,2026-05-31,2026-08-27,10,7,3,13,8,NULL,NULL,NULL,NULL,13,14,8,12,4,7,11,15,12,12,17,15,NULL,23,NULL,12,88,98,Trim,Sheetrock,2025-07-03
20363.0038,20363.45,S3,SOLMS LANDING 45' LOT,427 ALEXANDER AVENUE,2025-11-14,2025-11-25,2025-12-08,2025-12-11,2025-12-22,2026-01-05,2026-01-21,NULL,NULL,NULL,2025-11-27,2025-12-03,2025-12-12,2025-12-22,2026-01-03,2026-01-22,2026-04-26,2026-05-08,2026-08-04,11,13,3,11,14,16,NULL,NULL,NULL,13,14,8,12,4,7,11,15,12,12,17,15,NULL,23,NULL,12,88,98,Interior,Trim,2026-01-21
20366.0047,20366.72,D1,TERRACES 72' LOT,1004 LOOKOUT DRIVE,2025-07-01,2025-07-17,2025-08-01,2025-08-05,2025-08-20,2025-09-02,2025-09-16,2025-10-21,2025-11-03,NULL,2025-07-15,2025-08-01,2025-08-03,2025-08-16,2025-08-26,2025-09-20,2025-10-03,2025-11-03,2026-04-26,16,15,4,15,13,14,35,13,NULL,14,14,15,13,2,6,11,16,6,12,NULL,18,NULL,17,NULL,17,123,60,Complete,Final,2025-11-03
20366.0058,20366.72,D1,TERRACES 72' LOT,1021 UPLAND COURT,2025-12-31,2026-01-14,NULL,NULL,NULL,NULL,NULL,NULL,NULL,NULL,2026-01-14,2026-04-26,2026-04-28,2026-05-09,2026-05-15,2026-06-02,2026-06-19,2026-07-06,2026-11-06,14,NULL,NULL,NULL,NULL,NULL,NULL,NULL,NULL,14,14,15,13,2,6,11,16,6,12,NULL,18,NULL,17,NULL,17,123,60,Frame,Foundation,2026-01-14
20367.0045,20367.55,F1,MANDARIN GROVE 55' LOT,10912 37TH AVENUE EAST,2025-09-09,2025-09-17,2025-10-16,NULL,2025-11-26,2025-12-12,NULL,NULL,NULL,NULL,2025-09-23,2025-10-17,NULL,2025-11-06,2025-12-11,2026-04-26,2026-05-22,2026-07-08,2026-07-25,8,29,NULL,41,16,NULL,NULL,NULL,NULL,14,15,30,28,NULL,NULL,21,31,NULL,15,NULL,22,26,46,NULL,47,NULL,17,Trim,Sheetrock,2025-12-12
20369.0017,20369.50,S1,HABY HILL 50' LOT,249 HABY HOLLOW,2025-11-20,2025-12-03,2025-12-15,2026-01-02,2026-01-16,NULL,NULL,NULL,NULL,NULL,2025-12-05,2025-12-11,2025-12-23,2026-01-16,2026-04-26,2026-05-12,2026-06-09,2026-06-20,2026-08-20,13,12,18,14,NULL,NULL,NULL,NULL,NULL,15,16,8,11,8,7,14,15,21,18,16,17,NULL,28,11,15,61,110,Sheetrock,Mechanical,2026-01-16
20369.0090,20369.60,S1,HABY HILL 60' LOT,348 HABY HILL,2025-12-29,2026-01-09,2026-01-20,NULL,NULL,NULL,NULL,NULL,NULL,NULL,2026-01-09,2026-01-20,2026-04-26,2026-05-13,2026-05-31,2026-06-15,2026-07-13,2026-07-28,2026-12-19,11,11,NULL,NULL,NULL,NULL,NULL,NULL,NULL,11,16,11,11,11,7,17,15,NULL,18,15,17,NULL,28,NULL,15,144,110,Cornice,Frame,2026-01-20
20370.0029,20370.50,A2,FLORA 50' LOT,325 ROYAL FERN ROAD,2026-01-29,NULL,NULL,NULL,NULL,NULL,NULL,NULL,NULL,NULL,2026-04-26,2026-05-05,2026-05-11,2026-05-30,2026-06-09,2026-07-05,2026-07-31,2026-08-11,2026-12-20,NULL,NULL,NULL,NULL,NULL,NULL,NULL,NULL,NULL,19,27,9,11,6,6,19,18,10,10,26,16,26,33,11,16,131,120,Foundation,Released,2026-01-29
20373.0072,20373.60,A2,PARKSIDE ON THE RIVER WEST 60' LOT,1033 SUNSET HILL WAY,2025-10-21,2025-11-14,2025-11-23,2025-11-30,2025-12-23,2026-01-12,NULL,NULL,NULL,NULL,2025-11-17,2025-12-02,2025-12-01,2025-12-19,2026-01-12,2026-04-26,2026-05-29,2026-06-14,2026-09-10,24,9,7,23,20,NULL,NULL,NULL,NULL,NULL,27,18,11,8,6,19,18,20,10,NULL,16,NULL,33,NULL,16,88,120,Trim,Sheetrock,2026-01-12
20374.0011,20374.50,F1,MAGNOLIA BAY 50' LOT,402 SUN CHASER DRIVE,2025-12-03,2025-12-21,NULL,NULL,NULL,NULL,NULL,NULL,NULL,NULL,2025-12-19,2026-04-26,NULL,2026-05-18,2026-06-01,2026-06-13,2026-07-29,2026-09-14,2026-10-04,18,NULL,NULL,NULL,NULL,NULL,NULL,NULL,NULL,16,15,32,28,NULL,NULL,22,31,14,15,12,22,NULL,46,NULL,47,20,17,Frame,Foundation,2025-12-21
20375.0037,20375.50,F1,TURNLEAF 50' LOT,13074 CAMELOT LANE,2025-04-25,2025-05-05,2025-06-03,NULL,2025-07-09,2025-07-28,2025-09-12,2025-10-27,2025-12-23,NULL,2025-05-22,2025-06-02,NULL,2025-07-04,2025-07-24,2025-08-19,2025-10-28,2025-12-23,2026-04-26,10,29,NULL,36,19,46,45,57,NULL,27,15,NULL,28,NULL,NULL,NULL,31,NULL,15,NULL,22,NULL,46,60,47,NULL,17,Complete,Final,2025-12-23
20375.0054,20375.60,F1,TURNLEAF 60' LOT,13067 CAMELOT LANE,2026-01-21,NULL,NULL,NULL,NULL,NULL,NULL,NULL,NULL,NULL,2026-04-26,2026-05-24,NULL,2026-06-24,2026-07-09,2026-07-31,2026-09-15,2026-11-26,2026-12-13,NULL,NULL,NULL,NULL,NULL,NULL,NULL,NULL,NULL,NULL,15,NULL,28,NULL,NULL,NULL,31,NULL,15,NULL,22,NULL,46,72,47,NULL,17,Foundation,Released,2026-01-21
20376.0042,20376.50,H2,WOODHAVYN 50' LOT,29744 BRUSHY GABLES DRIVE (C),2025-07-31,2025-08-12,2025-09-04,2025-09-09,2025-09-24,2025-09-29,NULL,NULL,NULL,NULL,2025-08-05,2025-08-28,2025-09-10,2025-09-19,2025-10-05,2026-04-26,2026-05-12,2026-06-06,2026-07-12,12,23,5,15,5,NULL,NULL,NULL,NULL,5,9,16,17,6,3,10,12,NULL,11,NULL,17,NULL,16,NULL,25,36,54,Trim,Sheetrock,2025-09-29
20379.0004,20379.70,A1,ELDORADO 70' LOT,125 MODELLO WAY (M),2025-02-12,2025-02-14,2025-02-19,2025-02-24,2025-03-01,2025-03-04,2025-03-11,2025-03-29,2025-04-01,NULL,2025-03-05,2025-03-03,2025-02-23,2025-03-11,2025-03-22,2025-03-15,2025-04-11,2025-04-01,2026-04-26,2,5,5,5,3,7,18,3,NULL,21,15,17,9,4,6,NULL,15,21,13,11,17,31,39,NULL,11,NULL,96,Complete,Final,2025-04-01
20379.0016,20379.50,A1,ELDORADO 50' LOT,141 BURKE STREET,2025-12-17,2025-12-24,2025-12-31,2026-01-07,2026-01-15,2026-01-28,NULL,NULL,NULL,NULL,2025-12-24,2025-12-31,2026-01-07,2026-01-18,2026-01-24,2026-04-26,2026-06-04,2026-06-15,2026-09-26,7,7,7,8,13,NULL,NULL,NULL,NULL,7,15,7,9,7,6,11,15,9,13,15,17,NULL,39,NULL,11,103,96,Trim,Sheetrock,2026-01-28
20380.0017,20380.50,F1,GLYNLEA COUNTRY CLUB 50' LOT,10828 NORTHWEST WILGROVE LANE,2026-01-21,NULL,NULL,NULL,NULL,NULL,NULL,NULL,NULL,NULL,2026-04-26,2026-05-15,NULL,2026-06-15,2026-06-30,2026-07-23,2026-09-07,2026-10-24,2026-11-10,NULL,NULL,NULL,NULL,NULL,NULL,NULL,NULL,NULL,13,15,19,28,NULL,NULL,NULL,31,NULL,15,23,22,NULL,46,NULL,47,NULL,17,Foundation,Released,2026-01-21
20380.0055,20380.60,F1,GLYNLEA COUNTRY CLUB 60' LOT,10961 NORTHWEST GLYNLEA BOULEVARD NORTH,2025-10-02,2025-10-20,2025-11-11,NULL,2025-12-02,2025-12-11,2025-12-30,NULL,NULL,NULL,2025-10-16,2025-11-14,NULL,2025-12-03,2025-12-17,2025-12-30,2026-04-26,2026-06-12,2026-06-29,18,22,NULL,21,9,19,NULL,NULL,NULL,14,15,25,28,NULL,NULL,22,31,NULL,15,19,22,39,46,NULL,47,NULL,17,Interior,Trim,2025-12-30
20382.0006,20382.60,D1,MYRTLE CREEK 60' LOT,224 WOODOAT ROAD,2025-06-04,2025-06-30,2025-07-09,2025-07-15,2025-07-31,2025-08-11,2025-08-25,2025-09-19,2025-10-23,NULL,2025-06-14,2025-07-11,2025-07-11,2025-07-31,2025-08-12,2025-08-29,2025-09-11,2025-10-23,2026-04-26,26,9,6,16,11,14,25,34,NULL,10,14,11,13,2,6,NULL,16,NULL,12,NULL,18,NULL,17,NULL,17,81,60,Complete,Final,2025-10-23
20383.0073,20383.50,D3,THE HEIGHTS AT UPTOWN CELINA 50' LOT,713 ARDEN LANE,2025-05-12,2025-06-02,2025-06-10,2025-06-16,2025-07-08,2025-07-18,2025-07-28,2025-08-14,2025-09-03,NULL,2025-05-24,2025-06-12,2025-06-13,2025-06-29,2025-07-21,2025-08-07,2025-08-26,2025-09-03,2026-04-26,21,8,6,22,10,10,17,20,NULL,NULL,12,NULL,10,NULL,3,NULL,13,NULL,13,NULL,20,NULL,29,NULL,21,135,92,Complete,Final,2025-09-03
20383.0078,20383.50,D3,THE HEIGHTS AT UPTOWN CELINA 50' LOT,605 ARDEN LANE,2025-05-14,2025-06-02,2025-06-16,2025-06-19,2025-07-03,2025-07-07,2025-08-01,2025-08-15,2025-09-05,NULL,2025-05-26,2025-06-12,2025-06-19,2025-07-02,2025-07-16,2025-07-27,2025-08-30,2025-09-05,2026-04-26,19,14,3,14,4,25,14,21,NULL,NULL,12,NULL,10,NULL,3,NULL,13,NULL,13,NULL,20,NULL,29,NULL,21,135,92,Complete,Final,2025-09-05
20383.0088,20383.50,D3,THE HEIGHTS AT UPTOWN CELINA 50' LOT,521 COOPER STREET,2026-01-26,NULL,NULL,NULL,NULL,NULL,NULL,NULL,NULL,NULL,2026-04-26,2026-05-06,2026-05-09,2026-05-22,2026-06-04,2026-06-24,2026-07-23,2026-08-13,2026-12-26,NULL,NULL,NULL,NULL,NULL,NULL,NULL,NULL,NULL,NULL,12,NULL,10,NULL,3,NULL,13,NULL,13,NULL,20,NULL,29,NULL,21,135,92,Foundation,Released,2026-01-26
20387.0004,20387.60,H6,AUSTIN POINT 60' LOT,4902 ARA DRIVE,2025-05-19,2025-05-30,2025-06-09,2025-06-18,2025-06-27,2025-07-11,2025-07-30,2025-10-13,2025-12-03,NULL,2025-05-24,2025-06-11,2025-06-13,2025-06-29,2025-07-06,2025-07-27,2025-08-19,2025-12-03,2026-04-26,11,10,9,9,14,19,75,51,NULL,5,10,12,14,4,4,11,13,NULL,9,NULL,16,NULL,20,NULL,12,20,58,Complete,Final,2025-12-03
20388.0037,20388.60,H4,BRIARLEY 60' LOT,523 KODA BEAR COURT,2025-08-20,2025-08-28,2025-09-10,2025-09-15,2025-09-23,2025-10-08,2025-10-21,2025-11-10,2025-11-24,NULL,2025-09-01,2025-09-11,2025-09-15,2025-09-25,2025-10-07,2025-10-23,2025-11-10,2025-11-24,2026-04-26,8,13,5,8,15,13,20,14,NULL,12,9,14,12,5,3,10,9,14,10,15,15,20,17,17,13,10,97,Complete,Final,2025-11-24
20388.0045,20388.70,H4,BRIARLEY 70' LOT,1227 BASSET HOUND DRIVE,2025-08-28,2025-09-06,2025-09-18,2025-09-23,2025-10-07,2025-10-15,2025-10-29,2025-11-24,2025-12-12,NULL,2025-09-09,2025-09-28,2025-09-24,2025-10-02,2025-10-19,2025-10-27,2025-11-24,2025-12-12,2026-04-26,9,12,5,14,8,14,26,18,NULL,12,9,22,12,6,3,NULL,9,12,10,12,15,26,17,18,13,10,97,Complete,Final,2025-12-12
20388.0066,20388.60,H4,BRIARLEY 60' LOT,111 PLOTT HOUND DRIVE (M),2025-05-19,2025-05-16,2025-05-27,2025-06-02,2025-06-07,2025-06-17,2025-06-27,2025-07-22,2025-07-30,NULL,2025-05-31,2025-05-30,2025-06-01,2025-06-12,2025-06-21,2025-07-02,2025-07-17,2025-07-30,2026-04-26,-3,11,6,5,10,10,25,8,NULL,12,9,14,12,5,3,10,9,14,10,15,15,20,17,17,13,10,97,Complete,Final,2025-07-30
20389.0007,20389.55,S2,HIDDEN CANYON 55' LOT,427 CANYON PATH,2025-08-18,2025-08-29,2025-09-04,2025-09-12,2025-10-07,2025-10-16,2025-10-27,2025-11-10,2025-11-24,NULL,2025-10-15,2025-09-08,2025-09-07,2025-10-08,2025-10-19,2025-11-04,2025-11-20,2025-11-24,2026-04-26,11,6,8,25,9,11,14,14,NULL,58,20,10,10,3,7,26,17,NULL,12,19,17,24,30,12,16,NULL,96,Complete,Final,2025-11-24
20394.0018,20394.50,D4,LAKEWOOD VILLAGE 50' LOT,133 ENCLAVE DRIVE,2026-01-05,2026-01-21,NULL,NULL,NULL,NULL,NULL,NULL,NULL,NULL,2026-01-21,2026-04-26,2026-05-01,2026-05-18,2026-05-31,2026-06-12,2026-07-06,2026-09-05,2026-09-12,16,NULL,NULL,NULL,NULL,NULL,NULL,NULL,NULL,16,14,NULL,13,NULL,5,NULL,17,NULL,13,NULL,12,NULL,24,61,40,7,39,Frame,Foundation,2026-01-21
20394.0065,20394.70,D4,LAKEWOOD VILLAGE 70'/90' LOT,1219 ARBOR CREEK DRIVE,2025-07-03,2025-08-26,2025-09-08,2025-09-11,2025-09-26,2025-10-15,2025-11-04,2025-12-06,2026-01-28,NULL,2025-07-17,2025-09-08,2025-09-13,2025-09-28,2025-10-09,2025-10-27,2025-11-28,2026-01-28,2026-04-26,54,13,3,15,19,20,32,53,NULL,NULL,14,NULL,13,NULL,5,NULL,17,NULL,13,NULL,12,NULL,24,41,40,6,39,Complete,Final,2026-01-28
20395.0006,20395.60,F1,BERRY BAY 60' LOT,2995 BLUEBERRY BEND STREET (M),2026-01-08,2026-01-20,NULL,NULL,NULL,NULL,NULL,NULL,NULL,NULL,2026-01-20,2026-04-26,NULL,2026-05-27,2026-06-11,2026-07-03,2026-08-18,2026-10-04,2026-10-21,12,NULL,NULL,NULL,NULL,NULL,NULL,NULL,NULL,12,15,NULL,28,NULL,NULL,NULL,31,NULL,15,NULL,22,NULL,46,NULL,47,NULL,17,Frame,Foundation,2026-01-20
20396.0005,20396.1A,S2,THORNEBROOK 1 ACRE LOT,954 RAPIDAN LANE,2025-09-30,2025-10-09,2025-10-21,2025-10-28,2025-11-18,2025-12-11,2025-12-29,NULL,NULL,NULL,2025-10-17,2025-10-22,2025-10-28,2025-11-14,2025-11-30,2025-12-27,2026-04-26,2026-05-12,2026-08-16,9,12,7,21,23,18,NULL,NULL,NULL,17,20,13,10,NULL,7,NULL,17,NULL,12,16,17,NULL,30,NULL,16,NULL,96,Interior,Trim,2025-12-29
20398.0034,20398.45,H2,EVERLY 45' LOT,18702 SWEET BASIL DRIVE,2025-08-19,2025-08-27,2025-09-04,2025-09-08,2025-09-19,2025-09-29,2025-10-10,2025-11-17,2025-12-22,NULL,2025-08-25,2025-09-09,2025-09-06,2025-09-19,2025-09-30,2025-10-16,2025-10-26,2025-12-22,2026-04-26,8,8,4,11,10,11,38,35,NULL,6,9,13,17,2,3,11,12,11,11,NULL,17,NULL,16,43,25,NULL,54,Complete,Final,2025-12-22
20399.0007,20399.50,S1,BRIGGS RANCH 50' LOT,13308 SWEET ACACIA (M),2025-11-06,2025-11-07,2025-11-13,2025-11-21,2025-12-08,2025-12-26,2026-01-12,NULL,NULL,NULL,2025-11-22,2025-11-20,2025-11-20,2025-12-04,2025-12-26,2026-01-12,2026-04-26,2026-05-11,2026-08-29,1,6,8,17,18,17,NULL,NULL,NULL,16,16,13,11,7,7,13,15,NULL,18,NULL,17,NULL,28,NULL,15,NULL,110,Interior,Trim,2026-01-12
20400.0011,20400.1A,D3,ENCHANTED CREEK 1 ACRE LOT,1005 CHARIOT LANE,2025-12-29,2026-01-14,2026-01-22,NULL,NULL,NULL,NULL,NULL,NULL,NULL,2026-01-14,2026-01-22,2026-04-26,2026-05-09,2026-05-22,2026-06-11,2026-07-30,2026-08-20,2026-11-20,16,8,NULL,NULL,NULL,NULL,NULL,NULL,NULL,16,12,8,10,NULL,3,NULL,13,NULL,13,NULL,20,49,29,NULL,21,NULL,92,Cornice,Frame,2026-01-22
20403.0103,20403.50,A3,JUNIPER SPRINGS 50' LOT,309 MELODY ROAD,2026-01-20,NULL,NULL,NULL,NULL,NULL,NULL,NULL,NULL,NULL,2026-04-26,2026-05-03,2026-05-08,2026-05-25,2026-06-03,2026-06-17,2026-09-06,2026-09-15,2026-09-30,NULL,NULL,NULL,NULL,NULL,NULL,NULL,NULL,NULL,7,17,7,9,5,5,17,21,9,13,NULL,14,81,37,9,12,15,64,Foundation,Released,2026-01-20
20413.0119,20413.45,D1,MERAKI 45' LOT,2009 MERAKI PARKWAY (M),2025-12-31,2026-01-02,2026-01-06,2026-01-07,2026-01-13,2026-01-19,2026-01-21,NULL,NULL,NULL,2026-01-14,2026-01-15,2026-01-12,2026-01-23,2026-01-25,2026-02-06,2026-04-26,2026-05-13,2026-07-12,2,4,1,6,6,2,NULL,NULL,NULL,NULL,14,NULL,13,NULL,6,NULL,16,NULL,12,NULL,18,NULL,17,NULL,17,NULL,60,Interior,Trim,2026-01-21
206050,206,A3,CROSSWINDS 40' LOT,288 REEF BAND DRIVE,2025-03-27,2025-04-26,2025-05-02,2025-05-07,2025-06-02,2025-06-16,2025-07-15,2025-08-01,2025-08-08,NULL,2025-04-30,2025-05-04,2025-05-07,2025-05-16,2025-06-15,2025-06-30,2025-08-21,2025-08-08,2026-04-26,30,6,5,26,14,29,17,7,NULL,34,17,8,9,5,5,9,21,NULL,13,NULL,14,NULL,37,NULL,12,168,64,Complete,Final,2025-08-08
210088,210,A3,CROSSWINDS 50' LOT,600 BAY BREEZE DRIVE,2025-09-22,2025-10-08,2025-10-15,2025-10-20,2025-11-04,2025-11-13,2025-11-26,2025-12-19,2025-12-31,NULL,2025-10-03,2025-10-15,2025-10-19,2025-10-30,2025-11-13,2025-11-27,2026-01-02,2025-12-31,2026-04-26,16,7,5,15,9,13,23,12,NULL,11,17,7,9,4,5,10,21,9,13,NULL,14,NULL,37,12,12,NULL,64,Complete,Final,2025-12-31
211143,211,D4,WALSH RANCH 55' LOT,13269 CEDAR SAGE TRAIL,2025-11-06,2025-12-09,2025-12-29,2026-01-06,2026-01-28,NULL,NULL,NULL,NULL,NULL,2025-12-11,2025-12-26,2026-01-03,2026-01-26,2026-04-26,2026-05-03,2026-06-14,2026-06-22,2026-07-04,33,20,8,22,NULL,NULL,NULL,NULL,NULL,35,14,17,13,5,5,20,17,10,13,7,12,42,24,8,40,12,39,Sheetrock,Mechanical,2026-01-28
253038,253,H4,ARTAVIA 55' LOT,15755 SAFFRON SUMMER STREET (M),2024-04-22,2024-04-29,2024-05-09,2024-05-16,2024-05-23,2024-06-04,2024-06-17,2024-07-01,2024-07-26,NULL,2024-05-03,2024-05-12,2024-05-10,2024-05-27,2024-06-02,2024-06-19,2024-07-09,2024-07-26,2026-04-26,7,10,7,7,12,13,14,25,NULL,11,9,13,12,1,3,11,9,NULL,10,NULL,15,22,17,8,13,17,97,Complete,Final,2024-07-26
253041,253,H4,ARTAVIA 55' LOT,18407 CHAMELEON COURT,2025-12-18,2025-12-29,2026-01-11,2026-01-12,2026-01-23,NULL,NULL,NULL,NULL,NULL,2025-12-29,2026-01-11,2026-01-12,2026-01-23,2026-04-26,2026-05-11,2026-06-02,2026-06-10,2026-06-27,11,13,1,11,NULL,NULL,NULL,NULL,NULL,11,9,13,12,1,3,11,9,NULL,10,NULL,15,22,17,8,13,17,97,Sheetrock,Mechanical,2026-01-23
260039,260,D2,THE PARKS AT WILSON CREEK 40' LOT,1632 PALO DURO WAY,2025-06-03,2025-06-10,2025-07-09,2025-07-10,2025-08-01,2025-08-14,2025-08-25,2025-09-09,2025-09-24,NULL,2025-06-15,2025-06-20,2025-07-13,2025-07-24,2025-08-13,2025-08-25,2025-09-11,2025-09-24,2026-04-26,7,29,1,22,13,11,15,15,NULL,NULL,12,NULL,10,NULL,4,NULL,14,NULL,12,NULL,11,NULL,17,NULL,18,94,88,Complete,Final,2025-09-24
284056,284,D3,FIELDS 60' LOT,3509 ROSANAH STREET,2025-10-16,2025-11-06,2025-11-17,2025-11-19,2025-12-11,2025-12-16,2026-01-14,NULL,NULL,NULL,2025-11-03,2025-11-16,2025-11-20,2025-12-02,2025-12-24,2026-01-12,2026-04-26,2026-05-17,2026-07-28,21,11,2,22,5,29,NULL,NULL,NULL,18,12,NULL,10,NULL,3,NULL,13,NULL,13,27,20,NULL,29,NULL,21,72,92,Interior,Trim,2026-01-14
287044,287,S1,LADERA 45' LOT,2655 VISTABLUE LANE,2025-06-12,2025-07-15,2025-07-21,2025-07-22,2025-08-04,2025-08-28,2025-09-19,2025-10-13,2025-11-18,NULL,2025-07-03,2025-07-22,2025-07-27,2025-08-11,2025-08-22,2025-09-10,2025-10-09,2025-11-18,2026-04-26,33,6,1,13,24,22,24,36,NULL,21,16,7,11,6,7,20,15,NULL,18,13,17,20,28,14,15,NULL,110,Complete,Final,2025-11-18
288045,288,S3,MEADOWS OF MILL CREEK 50' LOT,2924 SPROUTED GRAIN (C),2023-07-14,2023-08-15,2023-08-23,2023-09-06,2023-09-19,2023-10-10,NULL,NULL,NULL,NULL,2023-08-03,2023-09-08,2023-08-31,2023-09-21,2023-09-28,2026-04-26,2026-05-11,2026-05-23,2026-09-19,32,8,14,13,21,NULL,NULL,NULL,NULL,20,14,24,12,8,7,15,15,9,12,21,15,15,23,NULL,12,119,98,Trim,Sheetrock,2023-10-10
288071,288,S3,MEADOWS OF MILL CREEK 50' LOT,1832 FIELD BROOK,2025-11-14,2025-12-02,2025-12-10,2025-12-17,2026-01-06,2026-01-12,2026-01-27,NULL,NULL,NULL,2025-12-04,2025-12-26,2025-12-18,2026-01-01,2026-01-15,2026-02-02,2026-04-26,2026-05-08,2026-09-04,18,8,7,20,6,15,NULL,NULL,NULL,20,14,24,12,8,7,15,15,9,12,21,15,15,23,NULL,12,119,98,Interior,Trim,2026-01-27
292103,292,S2,ARCADIA RIDGE 45' LOT,13076 MACAR MANOR,2025-09-18,2025-09-24,2025-09-30,2025-10-06,2025-10-15,2025-10-21,2025-11-05,2025-12-07,2025-12-18,NULL,2025-10-06,2025-10-07,2025-10-06,2025-10-12,2025-10-30,2025-11-07,2025-12-03,2025-12-18,2026-08-13,6,6,6,9,6,15,32,11,NULL,18,20,13,10,6,7,6,17,15,12,17,17,28,30,17,16,238,96,Complete,Final,2025-12-18
313109,313,A1,NOLINA 60' LOT,349 HORSEMINT LANE,2025-12-02,2025-12-12,2025-12-23,2025-12-29,2026-01-16,NULL,NULL,NULL,NULL,NULL,2025-12-11,2025-12-23,2025-12-29,2026-01-14,2026-04-26,2026-05-21,2026-06-29,2026-07-10,2026-12-20,10,11,6,18,NULL,NULL,NULL,NULL,NULL,9,15,11,9,6,6,16,15,6,13,25,17,NULL,39,NULL,11,163,96,Sheetrock,Mechanical,2026-01-16
316048,316,D3,MOSAIC 50' LOT,3953 LINEAR DRIVE (M),2023-10-23,2023-11-17,2023-11-28,2023-12-04,2023-12-21,2024-01-17,2024-01-23,2024-02-13,2024-02-29,NULL,2023-11-11,2023-11-24,2023-12-01,2023-12-17,2024-01-03,2024-02-06,2024-02-21,2024-02-29,2026-04-26,25,11,6,17,27,6,21,16,NULL,19,12,7,10,NULL,3,NULL,13,NULL,13,NULL,20,NULL,29,NULL,21,126,92,Complete,Final,2024-02-29
342104,342,S3,MAYFAIR 60' LOT,5731 TUG POINT,2025-10-16,2025-10-29,2025-11-05,2025-11-12,2025-11-21,2025-12-04,2025-12-22,2026-01-16,NULL,NULL,2025-10-30,2025-11-10,2025-11-12,2025-11-27,2025-12-03,2025-12-22,2026-01-16,2026-04-26,2026-06-05,13,7,7,9,13,18,25,NULL,NULL,NULL,14,NULL,12,NULL,7,NULL,15,NULL,12,18,15,25,23,NULL,12,40,98,Final,Interior,2026-01-16
605430,605,S1,KALLISON RANCH 50' LOT (A),14423 COWBOY RIG,2025-05-29,2025-06-10,2025-06-17,2025-06-19,2025-07-02,2025-07-17,2025-08-06,2025-08-22,2025-08-29,NULL,2025-06-10,2025-06-18,2025-06-26,2025-06-30,2025-07-15,2025-07-31,2025-09-09,2025-08-29,2026-04-26,12,7,2,13,15,20,16,7,NULL,12,16,8,11,9,7,11,15,13,18,14,17,34,28,10,15,40,110,Complete,Final,2025-08-29
605496,605,S1,KALLISON RANCH 50' LOT (A),10147 SUMLIN COURT,2025-10-16,2025-10-30,2025-11-11,2025-11-13,2025-11-25,2025-12-09,2025-12-23,2026-01-26,NULL,NULL,2025-10-28,2025-11-07,2025-11-20,2025-11-24,2025-12-08,2025-12-23,2026-01-26,2026-04-26,2026-06-05,14,12,2,12,14,14,34,NULL,NULL,12,16,8,11,9,7,11,15,13,18,14,17,34,28,10,15,40,110,Final,Interior,2026-01-26
606127,606,S2,RANCHES AT CREEKSIDE 55' LOT,105 RAINWATER CREEK,2025-08-28,2025-09-10,2025-09-26,2025-10-02,2025-10-14,2025-10-23,2025-11-03,2025-12-04,2025-12-10,NULL,2025-09-16,2025-09-16,2025-10-03,2025-10-15,2025-10-29,2025-11-06,2025-11-29,2025-12-10,2026-04-26,13,16,6,12,9,11,31,6,NULL,19,20,6,10,7,7,13,17,15,12,14,17,26,30,13,16,68,96,Complete,Final,2025-12-10
612121,612,H1,MERIDIANA 70' LOT,5203 WOLF CREEK COURT,2025-12-09,2025-12-22,2026-01-21,NULL,NULL,NULL,NULL,NULL,NULL,NULL,2025-12-22,2026-01-16,2026-04-26,2026-05-09,2026-05-21,2026-06-09,2026-07-20,2026-07-30,2026-10-26,13,30,NULL,NULL,NULL,NULL,NULL,NULL,NULL,13,11,25,19,8,8,13,11,NULL,12,NULL,19,NULL,41,NULL,10,NULL,88,Cornice,Frame,2026-01-21
619292,619,H5,BRIDGELAND 45' LOT,11106 PLATEAU OAK DRIVE (C),2024-04-11,2024-04-23,2024-05-08,2024-05-13,2024-05-31,2024-06-10,NULL,NULL,NULL,NULL,2024-04-22,2024-05-04,2024-05-13,2024-05-29,2024-06-16,2026-04-26,2026-05-19,2026-05-29,2026-07-04,12,15,5,18,10,NULL,NULL,NULL,NULL,11,9,11,15,5,5,NULL,16,16,12,17,17,23,18,NULL,10,36,76,Trim,Sheetrock,2024-06-10
625105,625,H5,ELYSON 55' LOT,23214 ARCHDALE MEADOW LANE (C),2019-10-25,2019-11-08,2019-11-22,2019-12-03,2019-12-12,2019-12-26,NULL,NULL,NULL,NULL,2019-11-01,2019-11-21,2019-11-29,2019-12-12,2019-12-21,2026-04-26,2026-05-14,2026-05-19,2026-08-05,14,14,11,9,14,NULL,NULL,NULL,NULL,7,9,13,15,7,5,9,16,9,12,NULL,17,NULL,18,5,10,78,76,Trim,Sheetrock,2019-12-26
666181,666,D2,DEVONSHIRE 50' LOT,1104 BARNMEADOW LANE,2025-09-10,2025-09-23,2025-10-01,2025-10-06,2025-10-17,2025-10-30,2025-11-06,2025-12-02,2025-12-22,NULL,2025-09-22,2025-10-03,2025-10-05,2025-10-20,2025-10-29,2025-11-09,2025-11-23,2025-12-22,2026-04-26,13,8,5,11,13,7,26,20,NULL,NULL,12,NULL,10,NULL,4,NULL,14,12,12,10,11,17,17,20,18,49,88,Complete,Final,2025-12-22
684144,684,S1,LADERA 50' LOT,2923 EAGLE RISE,2026-01-08,NULL,NULL,NULL,NULL,NULL,NULL,NULL,NULL,NULL,2026-04-26,2026-05-07,2026-05-18,2026-06-10,2026-06-28,2026-07-12,2026-08-05,2026-08-28,2027-06-01,NULL,NULL,NULL,NULL,NULL,NULL,NULL,NULL,NULL,NULL,16,NULL,11,11,7,23,15,NULL,18,14,17,24,28,23,15,277,110,Foundation,Released,2026-01-08
684175,684,S1,LADERA 50' LOT,3005 VISTABLUE LANE,2025-07-31,2025-08-18,2025-08-29,2025-09-08,2025-09-29,2025-10-15,2025-10-29,2025-12-03,2025-12-26,NULL,2025-08-16,2025-08-29,2025-09-09,2025-10-01,2025-10-17,2025-10-29,2025-11-22,2025-12-26,2026-09-29,18,11,10,21,16,14,35,23,NULL,NULL,16,NULL,11,11,7,23,15,NULL,18,14,17,24,28,23,15,277,110,Complete,Final,2025-12-26
705161,705,H6,HARVEST GREEN 45' LOT,2214 HOME SWEET HOME STREET (M),2023-01-16,2023-01-19,2023-01-26,2023-02-02,2023-02-15,2023-02-20,2023-03-10,2023-03-22,2023-03-30,NULL,2023-01-29,2023-01-25,2023-01-29,2023-02-10,2023-02-21,2023-03-07,2023-03-26,2023-03-30,2026-04-26,3,7,7,13,5,18,12,8,NULL,13,10,6,14,3,4,8,13,6,9,15,16,16,20,9,12,39,58,Complete,Final,2023-03-30
710068,710,S3,HOMESTEAD 65' LOT,3240 CROSBY CREEK,2024-11-15,2024-12-02,2024-12-16,2025-01-02,2025-01-13,2025-01-24,2025-02-09,2025-03-06,2025-03-17,NULL,2024-11-29,2024-12-14,2024-12-23,2025-02-08,2025-01-29,2025-02-08,2025-03-04,2025-03-17,2026-04-26,17,14,17,11,11,16,25,11,NULL,NULL,14,NULL,12,NULL,7,37,15,16,12,NULL,15,NULL,23,14,12,160,98,Complete,Final,2025-03-17
734080,734,S1,LADERA 40' LOT,2420 BARKEY SPRINGS,2025-03-27,2025-04-09,2025-04-14,2025-04-16,2025-04-25,2025-05-06,2025-05-16,2025-06-11,2025-07-10,NULL,2025-04-29,2025-04-19,2025-04-20,2025-05-08,2025-05-10,2025-05-20,2025-06-12,2025-07-10,2026-04-26,13,5,2,9,11,10,26,29,NULL,33,16,10,11,6,7,22,15,15,18,14,17,27,28,NULL,15,NULL,110,Complete,Final,2025-07-10
750094,750,H4,GRAND CENTRAL PARK 45' LOT,414 MULBERRY CREEK STREET (C),2024-04-30,2024-05-16,2024-05-22,2024-05-30,2024-07-03,2024-07-10,NULL,NULL,NULL,NULL,2024-05-09,2024-05-28,2024-05-25,2024-06-08,2024-07-13,2026-04-26,2026-05-08,2026-05-21,2026-07-18,16,6,8,34,7,NULL,NULL,NULL,NULL,NULL,9,NULL,12,NULL,3,NULL,9,NULL,10,NULL,15,12,17,13,13,58,97,Trim,Sheetrock,2024-07-10
754122,754,A3,6 CREEKS 50' LOT,239 PRICKLY POPPY LOOP,2025-06-03,2025-06-30,2025-07-11,2025-07-15,2025-08-04,2025-08-19,2025-09-09,2025-10-09,2025-10-15,NULL,2025-06-20,2025-07-09,2025-07-16,2025-08-05,2025-08-17,2025-09-02,2025-10-16,2025-10-15,2026-04-26,27,11,4,20,15,21,30,6,NULL,NULL,17,NULL,9,NULL,5,NULL,21,NULL,13,NULL,14,NULL,37,NULL,12,119,64,Complete,Final,2025-10-15
755087,755,A3,6 CREEKS 60' LOT,173 LILY PAD LANE,2025-11-12,2026-01-05,2026-01-13,2026-01-16,NULL,NULL,NULL,NULL,NULL,NULL,2025-12-15,2026-01-15,2026-01-16,2026-04-26,2026-05-09,2026-05-23,2026-06-29,2026-07-11,2026-10-31,54,8,3,NULL,NULL,NULL,NULL,NULL,NULL,33,17,10,9,3,5,23,21,13,13,NULL,14,NULL,37,NULL,12,112,64,Mechanicals,Cornice,2026-01-16
779095,779,D4,M3 RANCH 50' LOT,1614 BULLS EYE ROAD,2026-01-20,NULL,NULL,NULL,NULL,NULL,NULL,NULL,NULL,NULL,2026-04-26,2026-05-07,2026-05-14,2026-05-21,2026-06-08,2026-06-16,2026-06-30,2026-07-09,2026-07-28,NULL,NULL,NULL,NULL,NULL,NULL,NULL,NULL,NULL,13,14,11,13,7,5,7,17,18,13,8,12,14,24,9,40,19,39,Foundation,Released,2026-01-20
783140,783,A2,PARKSIDE ON THE RIVER 50' LOT,132 WHITE CREEK LANE,2025-09-24,2025-10-09,2025-10-16,2025-10-21,2025-11-01,2025-11-10,2025-11-21,2026-01-06,2026-01-20,NULL,2025-10-21,2025-10-20,2025-10-27,2025-11-05,2025-11-09,2025-11-23,2026-01-02,2026-01-20,2026-06-16,15,7,5,11,9,11,46,14,NULL,NULL,27,NULL,11,11,6,15,18,8,10,13,16,42,33,14,16,147,120,Complete,Final,2026-01-20
799001,799,H2,AUDUBON PARK 60' LOT,15670 AUDUBON PARK DRIVE,2021-09-17,2022-01-07,2022-02-02,2022-02-10,2022-03-17,2022-03-28,2022-04-07,2022-05-09,2022-06-23,NULL,2021-09-29,2022-01-22,2022-02-07,2022-02-21,2022-03-28,2022-04-14,2022-04-23,2022-06-23,2026-04-26,112,26,8,35,11,10,32,45,NULL,12,9,15,17,5,3,11,12,11,11,NULL,17,NULL,16,NULL,25,NULL,54,Complete,Final,2022-06-23
140078,140,S2,ESPERANZA 50' LOT,166 BESITO (C),2025-03-12,2025-03-20,2025-03-31,2025-04-09,2025-04-22,2025-04-30,NULL,NULL,NULL,NULL,2025-03-17,2025-03-31,2025-04-07,2025-04-18,2025-05-03,2026-04-26,2026-05-26,2026-06-09,2026-09-21,8,11,9,13,8,NULL,NULL,NULL,NULL,5,20,11,10,7,7,9,17,11,12,21,17,NULL,30,14,16,104,96,Trim,Sheetrock,2025-04-30
198248,198,D3,FIELDS 50' LOT,3337 FULMAR CIRCLE,2025-09-25,2025-10-13,2025-10-28,2025-11-04,2025-11-25,2025-12-10,2026-01-07,2026-01-28,NULL,NULL,2025-10-07,2025-10-23,2025-10-31,2025-11-17,2025-12-08,2026-01-07,2026-01-28,2026-04-26,2026-07-27,18,15,7,21,15,28,21,NULL,NULL,NULL,12,NULL,10,NULL,3,NULL,13,NULL,13,28,20,21,29,NULL,21,NULL,92,Final,Interior,2026-01-28
20007.0090,20007.60,A1,LARIAT 60' LOT,117 GARY WAYNE DRIVE,2025-09-30,2025-10-09,2025-10-21,2025-10-24,2025-11-06,2025-11-18,2025-12-15,2026-01-27,NULL,NULL,2025-10-15,2025-10-18,2025-10-29,2025-11-03,2025-11-27,2025-12-06,2026-01-27,2026-04-26,2026-08-16,9,12,3,13,12,27,43,NULL,NULL,NULL,15,NULL,9,8,6,10,15,21,13,18,17,43,39,NULL,11,112,96,Final,Interior,2026-01-27
20008.0056,313,A1,NOLINA 60' LOT,104 SNAKEROOT TRAIL,2026-01-27,NULL,NULL,NULL,NULL,NULL,NULL,NULL,NULL,NULL,2026-04-26,2026-05-07,2026-05-13,2026-05-29,2026-06-04,2026-06-29,2026-08-07,2026-08-18,2027-01-28,NULL,NULL,NULL,NULL,NULL,NULL,NULL,NULL,NULL,9,15,11,9,6,6,16,15,6,13,25,17,NULL,39,NULL,11,163,96,Foundation,Released,2026-01-27
20009.0142,762,A1,PALMERA RIDGE 60' LOT,1425 TREASURE MAP VIEW,2025-07-01,2025-08-29,2025-09-09,2025-09-19,2025-10-09,2025-10-23,2025-10-31,2025-12-09,2025-12-16,NULL,2025-07-16,2025-09-07,2025-09-15,2025-10-04,2025-10-22,2025-11-09,2025-12-09,2025-12-16,2026-05-15,59,11,10,20,14,8,39,7,NULL,NULL,15,NULL,9,NULL,6,NULL,15,NULL,13,NULL,17,NULL,39,NULL,11,150,96,Complete,Final,2025-12-16
20013.0557,746,A1,SANTA RITA RANCH 90' LOT,230 JATES FIELD BEND,2024-10-24,2024-11-04,2024-11-12,2024-11-22,2024-12-12,2024-12-30,2025-02-10,2025-02-24,2025-03-07,NULL,2024-11-13,2024-11-16,2024-11-17,2024-12-07,2024-12-23,2025-01-21,2025-04-06,2025-03-07,2026-04-26,11,8,10,20,18,42,14,11,NULL,20,15,12,9,5,6,15,15,11,13,22,17,55,39,17,11,56,96,Complete,Final,2025-03-07
20013.0663,248,A1,SANTA RITA RANCH 45' LOT,333 BLUE SUMMIT BEND,2025-12-30,2026-01-13,2026-01-20,2026-01-26,NULL,NULL,NULL,NULL,NULL,NULL,2026-01-11,2026-01-21,2026-01-25,2026-04-26,2026-05-09,2026-05-26,2026-07-04,2026-07-15,2026-10-19,14,7,6,NULL,NULL,NULL,NULL,NULL,NULL,12,15,8,9,5,6,NULL,15,NULL,13,NULL,17,NULL,39,NULL,11,NULL,96,Mechanicals,Cornice,2026-01-26
20020.0265,20020.60,A2,THE COLONY 60' LOT,186 PINYON PINE DRIVE (M),2024-05-14,2024-05-14,2024-05-20,2024-05-28,2024-06-04,2024-06-12,2024-06-28,2024-07-15,2024-07-24,NULL,2024-05-31,2024-05-18,2024-05-25,2024-06-08,2024-06-14,2024-06-29,2024-07-31,2024-07-24,2026-04-26,0,6,8,7,8,16,17,9,NULL,17,27,4,11,5,6,11,18,10,10,17,16,33,33,11,16,177,120,Complete,Final,2024-07-24
20020.0266,20020.60,A2,THE COLONY 60' LOT,106 PALO PINTO BEND,2025-11-20,2025-12-03,2025-12-08,2025-12-12,2025-12-22,2026-01-02,2026-01-16,NULL,NULL,NULL,2025-12-07,2025-12-07,2025-12-13,2025-12-23,2026-01-01,2026-01-19,2026-04-26,2026-05-07,2026-10-31,13,5,4,10,11,14,NULL,NULL,NULL,17,27,4,11,5,6,11,18,10,10,17,16,33,33,11,16,177,120,Interior,Trim,2026-01-16
20024.0276,20024.40,A3,EASTON PARK 40' LOT,7116 STITZEL WELLER DRIVE,2025-10-16,2025-10-30,2025-11-03,2025-11-06,2025-11-25,2025-12-09,2025-12-22,2026-01-06,2026-01-20,NULL,2025-10-26,2025-11-07,2025-11-08,2025-12-01,2025-12-09,2025-12-20,2026-01-06,2026-01-20,2026-04-26,14,4,3,19,14,13,15,14,NULL,10,17,8,9,5,5,25,21,14,13,11,14,15,37,13,12,69,64,Complete,Final,2026-01-20
20024.0326,20024.40,A3,EASTON PARK 40' LOT,7102 WOODFORD WAY,2025-11-18,2025-12-04,2025-12-12,2025-12-16,2026-01-14,2026-01-27,NULL,NULL,NULL,NULL,2025-11-28,2025-12-12,2025-12-17,2026-01-10,2026-01-28,2026-04-26,2026-05-11,2026-05-24,2026-08-01,16,8,4,29,13,NULL,NULL,NULL,NULL,10,17,8,9,5,5,25,21,14,13,11,14,15,37,13,12,69,64,Trim,Sheetrock,2026-01-27
20034.0289,725,D4,VENTANA 50' LOT,10437 TERRAPIN ROAD,2025-12-16,2026-01-06,2026-01-12,2026-01-14,2026-01-28,NULL,NULL,NULL,NULL,NULL,2026-01-04,2026-01-19,2026-01-15,2026-01-28,2026-04-26,2026-05-25,2026-07-02,2026-07-31,2026-08-04,21,6,2,14,NULL,NULL,NULL,NULL,NULL,19,14,13,13,3,5,14,17,9,13,29,12,38,24,29,40,4,39,Sheetrock,Mechanical,2026-01-28
20034.0314,725,D4,VENTANA 50' LOT,5828 MEGS CREEK ROAD,2025-12-26,2026-01-12,2026-01-19,2026-01-20,NULL,NULL,NULL,NULL,NULL,NULL,2026-01-14,2026-01-25,2026-01-22,2026-04-26,2026-05-05,2026-06-03,2026-07-11,2026-08-09,2026-08-13,17,7,1,NULL,NULL,NULL,NULL,NULL,NULL,19,14,13,13,3,5,14,17,9,13,29,12,38,24,29,40,4,39,Mechanicals,Cornice,2026-01-20
20056.0140,648,D2,CAMBRIDGE CROSSING 50' LOT,2836 BUCKINGHAM LANE,2025-12-19,2025-12-31,2026-01-09,2026-01-13,NULL,NULL,NULL,NULL,NULL,NULL,2025-12-31,2026-01-11,2026-01-14,2026-04-26,2026-05-08,2026-05-19,2026-06-05,2026-06-23,2026-10-09,12,9,4,NULL,NULL,NULL,NULL,NULL,NULL,12,12,11,10,5,4,13,14,12,12,NULL,11,NULL,17,NULL,18,108,88,Mechanicals,Cornice,2026-01-13
20088.0105,148,D4,SWEETGRASS 50' LOT,739 RED CEDAR ROAD,2026-01-20,NULL,NULL,NULL,NULL,NULL,NULL,NULL,NULL,NULL,2026-04-26,2026-05-07,2026-05-10,2026-05-27,2026-06-09,2026-06-21,2026-07-15,2026-08-24,2026-10-02,NULL,NULL,NULL,NULL,NULL,NULL,NULL,NULL,NULL,7,14,11,13,3,5,NULL,17,NULL,13,NULL,12,NULL,24,NULL,40,NULL,39,Foundation,Released,2026-01-20
20088.0194,20088.80,D4,SWEETGRASS 80' LOT,773 WHITE SAGE ROAD,2026-01-28,NULL,NULL,NULL,NULL,NULL,NULL,NULL,NULL,NULL,2026-04-26,2026-05-09,2026-05-14,2026-05-31,2026-06-13,2026-06-25,2026-07-19,2026-08-28,2026-10-06,NULL,NULL,NULL,NULL,NULL,NULL,NULL,NULL,NULL,7,14,NULL,13,NULL,5,NULL,17,NULL,13,NULL,12,NULL,24,NULL,40,NULL,39,Foundation,Released,2026-01-28
20090.0171,660,D3,STAR TRAIL 76' LOT,2570 FOUNTAIN STREET,2026-01-14,NULL,NULL,NULL,NULL,NULL,NULL,NULL,NULL,NULL,2026-04-26,2026-05-06,2026-05-09,2026-05-22,2026-06-04,2026-06-24,2026-07-23,2026-08-13,2026-11-13,NULL,NULL,NULL,NULL,NULL,NULL,NULL,NULL,NULL,13,12,NULL,10,NULL,3,NULL,13,NULL,13,NULL,20,NULL,29,NULL,21,NULL,92,Foundation,Released,2026-01-14
20096.0011,285,F1,SOUTHERN HILLS 80' LOT,5050 ELM LEAF DRIVE,2025-02-21,2025-03-07,2025-04-16,NULL,2025-05-15,2025-05-29,2025-06-10,2025-09-12,2025-11-17,NULL,2025-03-17,2025-04-04,NULL,2025-05-17,2025-06-13,2025-07-03,2025-08-24,2025-11-17,2026-04-26,14,40,NULL,29,14,12,94,66,NULL,24,15,NULL,28,NULL,NULL,NULL,31,29,15,35,22,75,46,30,47,7,17,Complete,Final,2025-11-17
20096.0106,285,F1,SOUTHERN HILLS 80' LOT,4787 HICKORY OAK DRIVE,2025-06-27,2025-07-21,2025-09-19,NULL,2025-10-17,2025-11-20,2025-12-15,NULL,NULL,NULL,2025-07-21,2025-08-18,NULL,2025-10-20,2025-11-15,2025-12-25,2026-04-26,2026-05-26,2026-06-02,24,60,NULL,28,34,25,NULL,NULL,NULL,24,15,NULL,28,NULL,NULL,NULL,31,29,15,35,22,75,46,30,47,7,17,Interior,Trim,2025-12-15
20108.1117,102,H6,SIENNA 55' LOT,2030 PLAYA VALENCIA,2026-01-13,2026-01-20,NULL,NULL,NULL,NULL,NULL,NULL,NULL,NULL,2026-01-22,2026-04-26,2026-04-30,2026-05-12,2026-05-22,2026-06-03,2026-06-28,2026-07-11,2026-09-07,7,NULL,NULL,NULL,NULL,NULL,NULL,NULL,NULL,9,10,18,14,4,4,12,13,10,9,12,16,25,20,13,12,58,58,Frame,Foundation,2026-01-20
20124.0087,587,H1,RICELAND 70' LOT,12002 GRASSY BEND DRIVE (M),2025-01-31,2025-02-05,2025-03-07,2025-03-17,2025-04-04,2025-04-09,2025-04-30,2025-05-27,2025-06-27,NULL,2025-02-13,2025-02-27,2025-03-18,2025-04-04,2025-04-18,2025-04-28,2025-06-10,2025-06-27,2026-04-26,5,30,10,18,5,21,27,31,NULL,13,11,22,19,11,8,18,11,14,12,NULL,19,NULL,41,NULL,10,NULL,88,Complete,Final,2025-06-27
20132.0847,164,H1,MERIDIANA 60' LOT,6522 YELLOW ROSE COURT,2025-07-09,2025-07-17,2025-08-05,2025-08-18,2025-08-26,2025-09-09,2025-09-22,2025-10-13,2025-10-24,NULL,2025-07-17,2025-08-05,2025-08-12,2025-08-27,2025-09-10,2025-09-28,2025-10-09,2025-10-24,2026-04-26,8,19,13,8,14,13,21,11,NULL,8,11,19,19,7,8,9,11,15,12,19,19,17,41,11,10,NULL,88,Complete,Final,2025-10-24
20132.0940,612,H1,MERIDIANA 70' LOT,5402 ELEGANCE PLACE (M),2025-06-26,2025-06-26,2025-07-10,2025-07-16,2025-07-24,2025-08-04,2025-08-14,2026-01-07,2026-01-22,NULL,2025-07-09,2025-07-21,2025-07-18,2025-07-29,2025-08-05,2025-08-23,2025-09-24,2026-01-22,2026-04-26,0,14,6,8,11,10,146,15,NULL,13,11,25,19,8,8,13,11,NULL,12,NULL,19,NULL,41,NULL,10,NULL,88,Complete,Final,2026-01-22
20132.0985,20132.601,H1,MERIDIANA SERENITY 60' LOT,9502 TURNSTONE DRIVE,2025-07-07,2025-07-15,2025-07-29,2025-08-06,2025-08-15,2025-08-26,2025-09-08,2025-09-19,2025-10-01,NULL,2025-07-25,2025-07-24,2025-08-04,2025-08-13,2025-08-27,2025-09-14,2025-10-19,2025-10-01,2026-04-26,8,14,8,9,11,13,11,12,NULL,18,11,9,19,6,8,7,11,NULL,12,NULL,19,NULL,41,NULL,10,NULL,88,Complete,Final,2025-10-01
20165.0157,273,H1,VALENCIA 45' LOT,5910 CLEMENTINE ZEST DRIVE,2025-10-20,2025-10-28,2025-11-24,2025-12-04,2025-12-12,2025-12-15,2026-01-14,2026-01-27,NULL,NULL,2025-10-31,2025-11-16,2025-12-05,2025-12-15,2025-12-24,2026-01-09,2026-01-30,2026-04-26,2026-07-23,8,27,10,8,3,30,13,NULL,NULL,NULL,11,NULL,19,11,8,11,11,NULL,12,25,19,16,41,NULL,10,NULL,88,Final,Interior,2026-01-27
20175.0056,363,H5,JUBILEE 60' LOT,16522 BLISSFUL FIELDS STREET,2025-12-08,2025-12-16,2026-01-02,2026-01-12,2026-01-24,NULL,NULL,NULL,NULL,NULL,2025-12-16,2026-01-02,2026-01-09,2026-01-26,2026-04-26,2026-05-13,2026-05-31,2026-06-10,2026-07-30,8,17,10,12,NULL,NULL,NULL,NULL,NULL,8,9,17,15,7,5,14,16,11,12,NULL,17,NULL,18,NULL,10,50,76,Sheetrock,Mechanical,2026-01-24
20181.1021,582,H5,BRIDGELAND 55' LOT,10711 WILD BLUE LUPINE,2025-10-23,2025-10-30,2025-11-12,2025-11-17,2025-11-26,2025-12-08,2025-12-22,2026-01-14,2026-01-21,NULL,2025-10-31,2025-11-18,2025-11-17,2025-11-26,2025-12-08,2025-12-22,2026-01-17,2026-01-21,2026-05-07,7,13,5,9,12,14,23,7,NULL,8,9,19,15,NULL,5,9,16,12,12,14,17,26,18,13,10,106,76,Complete,Final,2026-01-21
20195.0121,333,H5,THE GRAND PRAIRIE 50' LOT,27414 PRAIRIE RUSH DRIVE,2025-11-04,2025-11-11,2025-11-19,2025-11-25,2025-12-10,2025-12-22,2026-01-08,2026-01-23,NULL,NULL,2025-11-13,2025-11-25,2025-11-25,2025-12-20,2025-12-23,2026-01-06,2026-01-29,2026-04-26,2026-07-11,7,8,6,15,12,17,15,NULL,NULL,NULL,9,14,15,6,5,25,16,13,12,15,17,21,18,17,10,NULL,76,Final,Interior,2026-01-23
20205.0183,791,H4,THE HIGHLANDS 45' LOT,9640 MOUNT BREWER LANE,2026-01-13,2026-01-23,NULL,NULL,NULL,NULL,NULL,NULL,NULL,NULL,2026-01-23,2026-04-26,2026-04-29,2026-05-08,2026-05-19,2026-06-03,2026-06-18,2026-06-26,2026-07-27,10,NULL,NULL,NULL,NULL,NULL,NULL,NULL,NULL,10,9,NULL,12,NULL,3,NULL,9,11,10,15,15,15,17,8,13,31,97,Frame,Foundation,2026-01-23
20205.0187,791,H4,THE HIGHLANDS 45' LOT,9534 SIERRA CREST LANE (C),2025-11-18,2025-11-25,2025-12-05,2025-12-10,2025-12-18,2026-01-08,NULL,NULL,NULL,NULL,2025-11-28,2025-12-07,2025-12-08,2025-12-19,2025-12-29,2026-04-26,2026-05-11,2026-05-19,2026-06-19,7,10,5,8,21,NULL,NULL,NULL,NULL,10,9,NULL,12,NULL,3,NULL,9,11,10,15,15,15,17,8,13,31,97,Trim,Sheetrock,2026-01-08
20205.0198,792,H4,THE HIGHLANDS 65' LOT,22169 OLETA RIVER DRIVE,2025-12-01,2025-12-15,2025-12-26,2025-12-29,2026-01-07,2026-01-15,NULL,NULL,NULL,NULL,2025-12-13,2025-12-29,2025-12-29,2026-01-08,2026-01-18,2026-04-26,2026-05-25,2026-06-09,2026-06-19,14,11,3,9,8,NULL,NULL,NULL,NULL,12,9,14,12,3,3,10,9,11,10,25,15,29,17,15,13,10,97,Trim,Sheetrock,2026-01-15
20205.0200,792,H4,THE HIGHLANDS 65' LOT,22038 BOCA CHITA WAY,2026-01-22,NULL,NULL,NULL,NULL,NULL,NULL,NULL,NULL,NULL,2026-04-26,2026-05-10,2026-05-13,2026-05-23,2026-06-03,2026-06-28,2026-07-27,2026-08-11,2026-08-21,NULL,NULL,NULL,NULL,NULL,NULL,NULL,NULL,NULL,12,9,14,12,3,3,10,9,11,10,25,15,29,17,15,13,10,97,Foundation,Released,2026-01-22
20215.0326,194,H4,ARTAVIA 45' LOT,15158 LONDON GAVROCHE LANE,2026-01-20,2026-01-27,NULL,NULL,NULL,NULL,NULL,NULL,NULL,NULL,2026-01-27,2026-04-26,2026-05-01,2026-05-10,2026-05-20,2026-06-04,2026-06-21,2026-07-04,2026-12-03,7,NULL,NULL,NULL,NULL,NULL,NULL,NULL,NULL,7,9,4,12,5,3,NULL,9,NULL,10,NULL,15,NULL,17,NULL,13,152,97,Frame,Foundation,2026-01-27
20215.0366,735,H4,ARTAVIA 50' LOT,16650 JOLIE STREET,2026-01-28,NULL,NULL,NULL,NULL,NULL,NULL,NULL,NULL,NULL,2026-04-26,2026-05-08,2026-05-11,2026-05-20,2026-05-30,2026-06-28,2026-07-12,2026-07-20,2026-10-22,NULL,NULL,NULL,NULL,NULL,NULL,NULL,NULL,NULL,NULL,9,NULL,12,NULL,3,NULL,9,NULL,10,29,15,14,17,8,13,94,97,Foundation,Released,2026-01-28
20218.0108,242,H4,EVERGREEN 70' LOT,12603 IVORY YARROW COURT,2026-01-27,NULL,NULL,NULL,NULL,NULL,NULL,NULL,NULL,NULL,2026-04-26,2026-05-09,2026-05-10,2026-05-19,2026-05-29,2026-06-13,2026-06-30,2026-07-13,2026-11-24,NULL,NULL,NULL,NULL,NULL,NULL,NULL,NULL,NULL,12,9,13,12,1,3,9,9,NULL,10,NULL,15,NULL,17,NULL,13,134,97,Foundation,Released,2026-01-27
20218.0136,233,H4,EVERGREEN 50' LOT,12755 COPPERBUSH DRIVE,2025-12-18,2025-12-23,2026-01-07,2026-01-12,2026-01-20,NULL,NULL,NULL,NULL,NULL,2025-12-24,2026-01-03,2026-01-11,2026-01-20,2026-04-26,2026-05-11,2026-05-28,2026-06-10,2026-08-12,5,15,5,8,NULL,NULL,NULL,NULL,NULL,6,9,11,12,4,3,8,9,6,10,NULL,15,NULL,17,NULL,13,63,97,Sheetrock,Mechanical,2026-01-20
20221.0291,750,H4,GRAND CENTRAL PARK 45' LOT,214 SIERRA STREAM LANE,2025-10-16,2025-10-23,2025-10-30,2025-11-04,2025-11-14,2025-11-20,2025-12-02,2025-12-11,2025-12-19,NULL,2025-10-25,2025-11-04,2025-11-02,2025-11-13,2025-11-24,2025-12-05,2025-12-14,2025-12-19,2026-04-26,7,7,5,10,6,12,9,8,NULL,NULL,9,NULL,12,NULL,3,NULL,9,NULL,10,NULL,15,12,17,13,13,58,97,Complete,Final,2025-12-19
20233.0469,179,H3,JORDAN RANCH 40' LOT,2819 ORANGE LEAF DRIVE,2025-09-19,2025-09-26,2025-10-08,2025-10-10,2025-10-22,2025-10-28,2025-11-12,2025-11-24,2025-12-05,NULL,2025-09-28,2025-10-11,2025-10-12,2025-10-20,2025-10-28,2025-11-17,2025-11-20,2025-12-05,2026-04-26,7,12,2,12,6,15,12,11,NULL,9,9,15,15,4,5,10,12,6,9,20,16,8,23,14,12,18,81,Complete,Final,2025-12-05
20233.0514,179,H3,JORDAN RANCH 40' LOT,31022 EVENING SKYE DRIVE,2025-10-02,2025-10-10,2025-10-31,2025-11-05,2025-11-14,2025-11-21,2025-12-11,2025-12-17,2026-01-06,NULL,2025-10-11,2025-10-25,2025-11-04,2025-11-15,2025-11-20,2025-12-11,2025-12-19,2026-01-06,2026-04-26,8,21,5,9,7,20,6,20,NULL,9,9,15,15,4,5,10,12,6,9,20,16,8,23,14,12,18,81,Complete,Final,2026-01-06
20233.0549,657,H3,JORDAN RANCH 65' LOT,31703 BLUEBELL AVENUE,2025-08-21,2025-09-04,2025-09-23,2025-09-27,2025-10-09,2025-10-27,2025-12-02,2025-12-12,2025-12-31,NULL,2025-09-04,2025-09-19,2025-10-01,2025-10-07,2025-10-26,2025-11-09,2025-12-21,2025-12-31,2026-04-26,14,19,4,12,18,36,10,19,NULL,14,9,15,15,8,5,10,12,17,9,13,16,19,23,15,12,14,81,Complete,Final,2025-12-31
20233.0575,657,H3,JORDAN RANCH 65' LOT,31619 BLUEBELL AVENUE,2025-08-19,2025-08-31,2025-09-15,2025-09-22,2025-10-04,2025-10-21,2025-11-09,2025-12-07,2025-12-31,NULL,2025-09-02,2025-09-15,2025-09-23,2025-10-02,2025-10-21,2025-11-03,2025-11-28,2025-12-31,2026-04-26,12,15,7,12,17,19,28,24,NULL,14,9,15,15,8,5,10,12,17,9,13,16,19,23,15,12,14,81,Complete,Final,2025-12-31
20233.0590,617,H3,JORDAN RANCH 50' LOT,31527 MEADOW PLACE LANE,2026-01-16,2026-01-28,NULL,NULL,NULL,NULL,NULL,NULL,NULL,NULL,2026-01-27,2026-04-26,2026-05-01,2026-05-15,2026-05-25,2026-06-10,2026-07-03,2026-07-15,2026-10-04,12,NULL,NULL,NULL,NULL,NULL,NULL,NULL,NULL,11,9,17,15,5,5,14,12,10,9,NULL,16,NULL,23,NULL,12,NULL,81,Frame,Foundation,2026-01-28
20237.0072,225,H5,KATY COURT 70' LOT,25203 FRAMLINGHAM DRIVE (C),2025-02-24,2025-03-10,2025-03-21,2025-03-24,2025-04-03,2025-04-16,NULL,NULL,NULL,NULL,2025-03-06,2025-03-26,2025-03-26,2025-04-03,2025-04-14,2026-04-26,2026-05-09,2026-05-19,2026-10-17,14,11,3,10,13,NULL,NULL,NULL,NULL,10,9,16,15,5,5,10,16,11,12,28,17,13,18,NULL,10,151,76,Trim,Sheetrock,2025-04-16
20237.0112,20237.65,H5,KATY COURT 65' LOT,25502 HASTINGS DRIVE,2025-11-06,2025-11-18,2025-12-02,2025-12-08,2025-12-17,2025-12-24,2026-01-22,NULL,NULL,NULL,2025-11-15,2025-12-03,2025-12-07,2025-12-24,2025-12-28,2026-01-22,2026-04-26,2026-05-06,2026-07-21,12,14,6,9,7,29,NULL,NULL,NULL,NULL,9,NULL,15,NULL,5,NULL,16,11,12,29,17,NULL,18,NULL,10,NULL,76,Interior,Trim,2026-01-22
20238.0711,626,H5,ELYSON 65' LOT,7118 AUGUSTA GROVE DRIVE,2025-12-26,2026-01-08,2026-01-23,NULL,NULL,NULL,NULL,NULL,NULL,NULL,2026-01-06,2026-01-22,2026-04-26,2026-05-10,2026-05-23,2026-06-09,2026-06-25,2026-07-04,2026-09-19,13,15,NULL,NULL,NULL,NULL,NULL,NULL,NULL,11,9,14,15,7,5,14,16,13,12,NULL,17,16,18,9,10,77,76,Cornice,Frame,2026-01-23
20238.0760,730,H5,ELYSON 45' LOT,7403 HEMLOCK CREST DRIVE,2025-12-29,2026-01-07,2026-01-20,2026-01-22,NULL,NULL,NULL,NULL,NULL,NULL,2026-01-07,2026-01-18,2026-01-23,2026-04-26,2026-05-07,2026-05-21,2026-06-07,2026-06-10,2026-06-29,9,13,2,NULL,NULL,NULL,NULL,NULL,NULL,9,9,11,15,3,5,16,16,11,12,14,17,17,18,3,10,19,76,Mechanicals,Cornice,2026-01-22
20238.0805,159,H5,ELYSON 70' LOT,7110 SADIE HIGHLANDS DRIVE,2025-08-25,2025-09-04,2025-09-19,2025-09-25,2025-10-04,2025-10-14,2025-10-27,2025-11-17,2025-11-26,NULL,2025-09-02,2025-09-17,2025-09-25,2025-10-15,2025-10-18,2025-10-31,2025-11-10,2025-11-26,2026-04-26,10,15,6,9,10,13,21,9,NULL,8,9,13,15,6,5,20,16,14,12,17,17,14,18,NULL,10,95,76,Complete,Final,2025-11-26
20243.0275,175,H5,MARVIDA 45' LOT,21302 MANATEE ROCK LANE,2025-11-20,2025-12-04,2025-12-18,2025-12-22,2026-01-09,2026-01-20,NULL,NULL,NULL,NULL,2025-11-29,2025-12-18,2025-12-23,2026-01-05,2026-01-18,2026-04-26,2026-05-09,2026-05-17,2026-08-13,14,14,4,18,11,NULL,NULL,NULL,NULL,9,9,14,15,5,5,14,16,9,12,16,17,13,18,8,10,88,76,Trim,Sheetrock,2026-01-20
20265.0224,226,H3,CROSS CREEK WEST 45' LOT,31506 WILD YUKON COURT (M),2025-07-17,2025-07-15,2025-07-21,2025-07-23,2025-08-05,2025-08-08,2025-08-22,2025-09-05,2025-09-19,NULL,2025-07-25,2025-07-22,2025-07-26,2025-07-31,2025-08-12,2025-08-30,2025-09-04,2025-09-19,2026-04-26,-2,6,2,13,3,14,14,14,NULL,8,9,7,15,5,5,8,12,7,9,22,16,13,23,9,12,33,81,Complete,Final,2025-09-19
20265.0236,226,H3,CROSS CREEK WEST 45' LOT,31015 RADKE ESTATES DRIVE,2026-01-29,NULL,NULL,NULL,NULL,NULL,NULL,NULL,NULL,NULL,2026-04-26,2026-05-03,2026-05-08,2026-05-16,2026-05-23,2026-06-14,2026-06-27,2026-07-06,2026-08-08,NULL,NULL,NULL,NULL,NULL,NULL,NULL,NULL,NULL,8,9,7,15,5,5,8,12,7,9,22,16,13,23,9,12,33,81,Foundation,Released,2026-01-29
20265.0247,226,H3,CROSS CREEK WEST 45' LOT,4519 RUBY GARDEN COURT,2026-01-26,NULL,NULL,NULL,NULL,NULL,NULL,NULL,NULL,NULL,2026-04-26,2026-05-03,2026-05-08,2026-05-16,2026-05-23,2026-06-14,2026-06-27,2026-07-06,2026-08-08,NULL,NULL,NULL,NULL,NULL,NULL,NULL,NULL,NULL,8,9,7,15,5,5,8,12,7,9,22,16,13,23,9,12,33,81,Foundation,Released,2026-01-26
20267.0567,773,H3,CANDELA 50' LOT,10622 STARFIRE YELLOW DRIVE,2025-12-10,2025-12-14,2025-12-29,2026-01-02,2026-01-13,2026-01-20,NULL,NULL,NULL,NULL,2025-12-19,2025-12-29,2026-01-01,2026-01-13,2026-01-22,2026-04-26,2026-06-29,2026-07-11,2026-09-30,4,15,4,11,7,NULL,NULL,NULL,NULL,9,9,15,15,3,5,11,12,9,9,11,16,64,23,NULL,12,NULL,81,Trim,Sheetrock,2026-01-20
20288.1222,685,S1,KALLISON RANCH 45' LOT (A),14419 CHAPARRAL RUN,2025-09-30,2025-10-10,2025-10-17,2025-10-20,2025-11-20,2025-11-20,2025-12-02,2025-12-16,2026-01-07,NULL,2025-10-11,2025-10-18,2025-10-23,2025-11-03,2025-12-14,2025-12-07,2025-12-28,2026-01-07,2026-04-26,10,7,3,31,0,12,14,22,NULL,11,16,8,11,6,7,14,15,24,18,NULL,17,26,28,18,15,32,110,Complete,Final,2026-01-07
20288.1253,685,S1,KALLISON RANCH 45' LOT (A),9944 PALADIN RIDGE,2025-09-30,2025-10-13,2025-10-20,2025-10-21,2025-10-31,2025-11-11,2025-12-02,2025-12-16,2026-01-08,NULL,2025-10-11,2025-10-21,2025-10-26,2025-11-04,2025-11-24,2025-11-28,2025-12-28,2026-01-08,2026-04-26,13,7,1,10,11,21,14,23,NULL,11,16,8,11,6,7,14,15,24,18,NULL,17,26,28,18,15,32,110,Complete,Final,2026-01-08
20288.1274,685,S1,KALLISON RANCH 45' LOT (A),9947 MEDICINE HAT,2025-09-30,2025-10-10,2025-10-20,2025-10-27,2025-11-04,2025-11-18,2025-12-03,2025-12-29,2026-01-22,NULL,2025-10-11,2025-10-18,2025-10-26,2025-11-10,2025-11-28,2025-12-05,2025-12-29,2026-01-22,2026-04-26,10,10,7,8,14,15,26,24,NULL,11,16,8,11,6,7,14,15,24,18,NULL,17,26,28,18,15,32,110,Complete,Final,2026-01-22
20290.0054,20290.60,S1,ALSATIAN OAKS 60' LOT,187 LACEY OAK,2025-01-28,2025-02-10,2025-02-17,2025-02-24,2025-03-06,2025-03-24,2025-04-14,2025-06-25,2025-08-04,NULL,2025-02-13,2025-02-22,2025-02-25,2025-03-09,2025-03-24,2025-04-10,2025-05-12,2025-08-04,2026-04-26,13,7,7,10,18,21,72,40,NULL,NULL,16,12,11,8,7,13,15,NULL,18,NULL,17,NULL,28,18,15,NULL,110,Complete,Final,2025-08-04
20290.0114,152,S1,ALSATIAN OAKS 50' LOT,183 MOUNTAIN OAK,2025-07-25,2025-08-05,2025-08-11,2025-08-18,2025-09-02,2025-09-12,2025-10-02,2025-10-27,2025-11-03,NULL,2025-08-06,2025-08-14,2025-08-17,2025-09-01,2025-09-20,2025-09-29,2025-10-29,2025-11-03,2026-04-26,11,6,7,15,10,20,25,7,NULL,12,16,9,11,6,7,14,15,NULL,18,NULL,17,27,28,5,15,156,110,Complete,Final,2025-11-03
20294.0035,251,S1,MEGAN'S LANDING 1/2 ACRE LOT,216 CHRISTIAN STREET,2025-07-31,2025-08-19,2025-09-08,2025-09-16,2025-10-08,2025-10-27,2025-11-10,2025-12-16,2026-01-02,NULL,2025-08-16,2025-09-08,2025-09-18,2025-10-05,2025-10-22,2025-11-14,2025-12-11,2026-01-02,2026-04-26,19,20,8,22,19,14,36,17,NULL,NULL,16,20,11,10,7,19,15,14,18,18,17,31,28,14,15,51,110,Complete,Final,2026-01-02
20313.0041,160,S2,CORLEY FARMS 50' LOT,504 PONY BEND,2026-01-15,NULL,NULL,NULL,NULL,NULL,NULL,NULL,NULL,NULL,2026-04-26,2026-05-06,2026-05-11,2026-05-28,2026-06-10,2026-06-26,2026-07-17,2026-07-31,2026-10-27,NULL,NULL,NULL,NULL,NULL,NULL,NULL,NULL,NULL,NULL,20,10,10,5,7,17,17,13,12,16,17,21,30,14,16,88,96,Foundation,Released,2026-01-15
20314.0190,744,S2,KINDER RANCH 70' LOT,1429 SPECIE CREEK,2025-09-25,2025-10-06,2025-10-16,2025-10-21,2025-11-03,2025-11-20,2025-12-04,2026-01-15,NULL,NULL,2025-10-12,2025-10-18,2025-10-22,2025-11-07,2025-11-15,2025-12-07,2026-01-12,2026-04-26,2026-05-24,11,10,5,13,17,14,42,NULL,NULL,17,20,12,10,6,7,NULL,17,NULL,12,NULL,17,39,30,NULL,16,28,96,Final,Interior,2026-01-15
20316.0116,20316.55,S3,HOMESTEAD 55' LOT,4735 SHERMAN SQUARE,2025-12-31,2026-01-15,2026-01-20,2026-01-26,NULL,NULL,NULL,NULL,NULL,NULL,2026-01-19,2026-01-21,2026-01-27,2026-04-26,2026-05-09,2026-05-20,2026-06-13,2026-06-14,2026-11-19,15,5,6,NULL,NULL,NULL,NULL,NULL,NULL,19,14,6,12,7,7,26,15,13,12,11,15,24,23,1,12,158,98,Mechanicals,Cornice,2026-01-26
20316.0152,20316.55,S3,HOMESTEAD 55' LOT,5035 ELLIS WAY,2025-10-15,2025-11-03,2025-11-06,2025-11-08,2025-12-11,2025-12-30,2026-01-09,NULL,NULL,NULL,2025-11-03,2025-11-09,2025-11-13,2025-12-04,2025-12-24,2026-01-10,2026-04-26,2026-04-27,2026-10-02,19,3,2,33,19,10,NULL,NULL,NULL,19,14,6,12,7,7,26,15,13,12,11,15,24,23,1,12,158,98,Interior,Trim,2026-01-09
20320.0083,20320.80,S2,ESPERANZA 80' LOT,112 SALVADOR,2025-10-07,2025-10-23,2025-11-04,2025-11-14,2025-11-21,2025-12-03,2025-12-19,2026-01-14,2026-01-21,NULL,2025-10-31,2025-11-01,2025-11-25,2025-11-28,2025-12-05,2026-01-04,2026-01-08,2026-01-21,2026-10-06,16,12,10,7,12,16,26,7,NULL,24,20,9,10,21,7,14,17,14,12,32,17,20,30,10,16,258,96,Complete,Final,2026-01-21
20320.0139,140,S2,ESPERANZA 50' LOT,273 SASPARILLA,2025-12-18,2025-12-22,2026-01-05,2026-01-12,2026-01-21,NULL,NULL,NULL,NULL,NULL,2025-12-23,2026-01-02,2026-01-12,2026-01-21,2026-04-26,2026-05-17,2026-06-16,2026-06-30,2026-10-12,4,14,7,9,NULL,NULL,NULL,NULL,NULL,5,20,11,10,7,7,9,17,11,12,21,17,NULL,30,14,16,104,96,Sheetrock,Mechanical,2026-01-21
20325.0234,788,S3,VERAMENDI 60' LOT,375 BORCHERS BOULEVARD,2025-07-08,2025-07-24,2025-08-05,2025-08-17,2025-08-21,2025-09-04,2025-09-16,2025-10-13,2025-10-22,NULL,2025-07-16,2025-08-05,2025-08-11,2025-08-28,2025-08-31,2025-09-19,2025-10-09,2025-10-22,2026-04-26,16,12,12,4,14,12,27,9,NULL,8,14,12,12,6,7,11,15,10,12,NULL,15,NULL,23,15,12,60,98,Complete,Final,2025-10-22
20325.0237,788,S3,VERAMENDI 60' LOT,337 VUELO STREET (HOL),2025-07-08,2025-08-20,NULL,NULL,NULL,NULL,NULL,NULL,NULL,NULL,2025-07-16,2026-04-26,2026-05-02,2026-05-13,2026-05-23,2026-06-07,2026-06-30,2026-07-15,2026-09-13,43,NULL,NULL,NULL,NULL,NULL,NULL,NULL,NULL,8,14,12,12,6,7,11,15,10,12,NULL,15,NULL,23,15,12,60,98,Frame,Foundation,2025-08-20
20325.0251,788,S3,VERAMENDI 60' LOT,613 BORCHERS BOULEVARD,2025-12-31,2026-01-08,2026-01-20,2026-01-23,NULL,NULL,NULL,NULL,NULL,NULL,2026-01-08,2026-01-20,2026-01-26,2026-04-26,2026-05-06,2026-05-21,2026-06-13,2026-06-28,2026-08-27,8,12,3,NULL,NULL,NULL,NULL,NULL,NULL,8,14,12,12,6,7,11,15,10,12,NULL,15,NULL,23,15,12,60,98,Mechanicals,Cornice,2026-01-23
20344.0171,288,S3,MEADOWS OF MILL CREEK 50' LOT,1719 GYST ROAD,2025-12-11,2025-12-31,2026-01-16,2026-01-22,NULL,NULL,NULL,NULL,NULL,NULL,2025-12-31,2026-01-24,2026-01-24,2026-04-26,2026-05-05,2026-05-26,2026-06-10,2026-06-22,2026-10-19,20,16,6,NULL,NULL,NULL,NULL,NULL,NULL,20,14,24,12,8,7,15,15,9,12,21,15,15,23,NULL,12,119,98,Mechanicals,Cornice,2026-01-22
20344.0239,289,S3,MEADOWS OF MILL CREEK 60' LOT,1713 WEISSEN WAY,2026-01-02,2026-01-08,2026-01-21,2026-01-28,NULL,NULL,NULL,NULL,NULL,NULL,2026-01-11,2026-01-23,2026-01-30,2026-04-26,2026-05-06,2026-05-19,2026-06-09,2026-06-28,2026-09-14,6,13,7,NULL,NULL,NULL,NULL,NULL,NULL,9,14,15,12,9,7,9,15,10,12,13,15,21,23,19,12,78,98,Mechanicals,Cornice,2026-01-28
20356.0036,20356.80,H3,Fulshear Lakes 80' Lot,7718 POWDERED DANCER COURT,2026-01-02,2026-01-14,NULL,NULL,NULL,NULL,NULL,NULL,NULL,NULL,2026-01-11,2026-04-26,2026-05-10,2026-05-24,2026-06-05,2026-06-21,2026-07-14,2026-07-26,2026-12-27,12,NULL,NULL,NULL,NULL,NULL,NULL,NULL,NULL,9,9,32,15,14,5,14,12,12,9,NULL,16,NULL,23,NULL,12,154,81,Frame,Foundation,2026-01-14
20358.0066,20358.60,H2,TWO STEP FARM 60' LOT,11932 DINNER BELL DRIVE,2026-01-15,NULL,NULL,NULL,NULL,NULL,NULL,NULL,NULL,NULL,2026-04-26,2026-05-22,2026-05-25,2026-06-05,2026-06-16,2026-07-02,2026-07-18,2026-08-12,2026-10-05,NULL,NULL,NULL,NULL,NULL,NULL,NULL,NULL,NULL,15,9,26,17,NULL,3,11,12,11,11,16,17,NULL,16,NULL,25,NULL,54,Foundation,Released,2026-01-15
20359.0004,20359.60,H3,GRANGE 60' LOT,429 DOVE MEADOW LANE (M),2025-01-06,2025-01-09,2025-01-28,2025-01-30,2025-02-07,2025-02-17,2025-02-28,2025-03-26,2025-04-11,NULL,2025-01-16,2025-01-28,2025-01-31,2025-02-14,2025-02-18,2025-02-27,2025-03-22,2025-04-11,2026-04-26,3,19,2,8,10,11,26,16,NULL,10,9,19,15,3,5,15,12,11,9,10,16,22,23,NULL,12,146,81,Complete,Final,2025-04-11
20359.0033,20359.50,H3,GRANGE 50' LOT,437 SPRIGTAIL DRIVE,2025-03-19,2025-04-01,2025-04-11,2025-04-21,2025-05-02,2025-05-16,2025-06-03,2025-07-31,2025-08-20,NULL,2025-03-27,2025-04-18,2025-04-16,2025-05-06,2025-05-11,2025-05-28,2025-06-26,2025-08-20,2026-04-26,13,10,10,11,14,18,58,20,NULL,8,9,17,15,5,5,15,12,9,9,12,16,NULL,23,6,12,84,81,Complete,Final,2025-08-20
20359.0079,20359.60,H3,GRANGE 60' LOT,421 SOARING SPARROW TRAIL,2025-03-18,2025-03-26,2025-04-18,2025-04-23,2025-05-08,2025-05-27,2025-06-04,2025-06-27,2025-07-29,NULL,2025-03-28,2025-04-14,2025-04-21,2025-05-08,2025-05-19,2025-06-06,2025-06-26,2025-07-29,2026-04-26,8,23,5,15,19,8,23,32,NULL,10,9,19,15,3,5,15,12,11,9,10,16,22,23,NULL,12,146,81,Complete,Final,2025-07-29
20360.0046,20360.75,A3,PARTEN 75'/85' LOT,129 TRICKLING BROOK ROAD,2025-11-11,2025-11-24,2025-12-09,2025-12-15,2026-01-08,NULL,NULL,NULL,NULL,NULL,2025-11-29,2025-12-03,2025-12-21,2026-01-07,2026-04-26,2026-05-19,2026-06-25,2026-07-22,2026-08-23,13,15,6,24,NULL,NULL,NULL,NULL,NULL,18,17,9,9,12,5,23,21,NULL,13,23,14,NULL,37,27,12,32,64,Sheetrock,Mechanical,2026-01-08
20360.0061,20360.75,A3,PARTEN 75'/85' LOT,285 BIRD HOLLOW,2026-01-20,NULL,NULL,NULL,NULL,NULL,NULL,NULL,NULL,NULL,2026-04-26,2026-05-05,2026-05-17,2026-06-09,2026-06-22,2026-07-15,2026-08-21,2026-09-17,2026-10-19,NULL,NULL,NULL,NULL,NULL,NULL,NULL,NULL,NULL,18,17,9,9,12,5,23,21,NULL,13,23,14,NULL,37,27,12,32,64,Foundation,Released,2026-01-20
20361.0014,20361.70,D4,ADKINS PARK 70' LOT,713 CORSAIR COURT,2025-11-17,2025-12-03,2025-12-19,2025-12-30,2026-01-19,NULL,NULL,NULL,NULL,NULL,2025-12-04,2025-12-16,2025-12-30,2026-01-19,2026-04-26,2026-05-08,2026-06-01,2026-07-11,2026-08-19,16,16,11,20,NULL,NULL,NULL,NULL,NULL,17,14,NULL,13,11,5,20,17,NULL,13,NULL,12,NULL,24,NULL,40,NULL,39,Sheetrock,Mechanical,2026-01-19
20362.0082,20362.60,D3,HILLSTEAD 60' LOT,908 RIVER SKY ROAD,2025-09-25,2025-10-07,2025-10-17,2025-10-20,2025-10-27,2025-11-11,2025-11-25,2025-12-15,2026-01-06,NULL,2025-10-06,2025-10-18,2025-10-20,2025-11-03,2025-11-07,2025-11-29,2025-12-24,2026-01-06,2026-04-29,12,10,3,7,15,14,20,22,NULL,11,12,11,10,3,3,14,13,11,13,18,20,NULL,29,22,21,113,92,Complete,Final,2026-01-06
20364.0059,20364.65,H2,KRESSTON 65' LOT,26709 STOCKTON TRAIL,2025-11-12,2025-11-18,2025-12-29,2026-01-05,2026-01-26,NULL,NULL,NULL,NULL,NULL,2025-11-22,2025-12-18,2026-01-03,2026-01-25,2026-04-26,2026-05-08,2026-05-24,2026-06-18,2026-08-31,6,41,7,21,NULL,NULL,NULL,NULL,NULL,10,9,30,17,5,3,20,12,13,11,12,17,NULL,16,NULL,25,74,54,Sheetrock,Mechanical,2026-01-26
20365.0007,20365.1A,S2,GEORGE'S RANCH 1 ACRE LOT,201 BRAVE COMPANY,2025-11-12,2025-11-26,2025-12-08,2025-12-15,2026-01-15,NULL,NULL,NULL,NULL,NULL,2025-11-26,2025-12-12,2025-12-15,2026-01-20,2026-04-26,2026-05-13,2026-06-12,2026-06-28,2026-08-31,14,12,7,31,NULL,NULL,NULL,NULL,NULL,14,20,16,10,NULL,7,36,17,NULL,12,NULL,17,NULL,30,NULL,16,64,96,Sheetrock,Mechanical,2026-01-15
20365.0017,20365.1A,S2,GEORGE'S RANCH 1 ACRE LOT,234 LAUGHING DOG,2025-11-11,2025-11-26,2025-12-09,2025-12-15,2026-01-26,NULL,NULL,NULL,NULL,NULL,2025-11-25,2025-12-12,2025-12-16,2026-01-20,2026-04-26,2026-05-13,2026-06-12,2026-06-28,2026-08-31,15,13,6,42,NULL,NULL,NULL,NULL,NULL,14,20,16,10,NULL,7,36,17,NULL,12,NULL,17,NULL,30,NULL,16,64,96,Sheetrock,Mechanical,2026-01-26
20365.0021,20365.1A,S2,GEORGE'S RANCH 1 ACRE LOT,214 LAUGHING DOG,2026-01-22,NULL,NULL,NULL,NULL,NULL,NULL,NULL,NULL,NULL,2026-04-26,2026-05-12,2026-05-19,2026-06-24,2026-07-06,2026-07-23,2026-08-22,2026-09-07,2026-11-10,NULL,NULL,NULL,NULL,NULL,NULL,NULL,NULL,NULL,14,20,16,10,NULL,7,36,17,NULL,12,NULL,17,NULL,30,NULL,16,64,96,Foundation,Released,2026-01-22
20366.0025,20366.62,D1,TERRACES 62' LOT,1032 UPLAND COURT,2025-10-02,2025-10-15,2025-10-24,2025-10-29,2025-11-20,2025-12-04,2025-12-19,2026-01-05,2026-01-13,NULL,2025-10-19,2025-10-27,2025-11-06,2025-11-11,2025-12-04,2025-12-23,2026-01-03,2026-01-13,2026-04-26,13,9,5,22,14,15,17,8,NULL,17,14,12,13,13,6,13,16,14,12,19,18,15,17,13,17,28,60,Complete,Final,2026-01-13
20367.0037,20367.55,F1,MANDARIN GROVE 55' LOT,10912 38TH TERRACE EAST,2025-10-29,2025-12-10,2026-01-08,NULL,NULL,NULL,NULL,NULL,NULL,NULL,2025-11-12,2026-01-09,NULL,2026-04-26,2026-05-11,2026-06-02,2026-06-28,2026-08-14,2026-08-31,42,29,NULL,NULL,NULL,NULL,NULL,NULL,NULL,14,15,30,28,NULL,NULL,21,31,NULL,15,NULL,22,26,46,NULL,47,NULL,17,Mechanicals,Frame,2026-01-08
20369.0038,20369.50,S1,HABY HILL 50' LOT,190 HABY GLEN,2025-08-05,2025-08-20,2025-09-03,2025-09-11,2025-09-25,2025-10-09,2025-10-21,2025-12-15,2025-12-26,NULL,2025-08-20,2025-08-28,2025-09-11,2025-09-25,2025-10-16,2025-10-25,2025-11-18,2025-12-26,2026-04-26,15,14,8,14,14,12,55,11,NULL,15,16,8,11,8,7,14,15,21,18,16,17,NULL,28,11,15,61,110,Complete,Final,2025-12-26
20371.0032,20371.40,H3,CANDELA SOUTH 40' LOT,8610 MAE JAMES TRAIL,2025-09-02,2025-09-11,2025-09-18,2025-09-24,2025-10-03,2025-10-09,2025-10-21,2025-11-07,2025-11-14,NULL,2025-09-17,2025-09-22,2025-09-24,2025-09-29,2025-10-10,2025-10-22,2025-11-04,2025-11-14,2026-04-26,9,7,6,9,6,12,17,7,NULL,15,9,11,15,6,5,5,12,7,9,13,16,14,23,14,12,NULL,81,Complete,Final,2025-11-14
20372.0018,20372.60,D4,TALON HILLS 60'/70',6913 LANNER LANE,2025-10-02,2025-10-14,2025-10-22,2025-10-27,2025-11-10,2025-11-18,2025-12-08,2025-12-23,2026-01-16,NULL,2025-10-16,2025-10-27,2025-10-27,2025-11-13,2025-11-23,2025-12-07,2025-12-23,2026-01-16,2026-06-23,12,8,5,14,8,20,15,24,NULL,NULL,14,NULL,13,NULL,5,NULL,17,NULL,13,19,12,15,24,24,40,158,39,Complete,Final,2026-01-16
20373.0052,20373.60,A2,PARKSIDE ON THE RIVER WEST 60' LOT,1408 AMANDA PAIGE DRIVE,2025-05-06,2025-05-27,2025-06-05,2025-06-12,2025-06-27,2025-07-08,2025-07-25,2025-08-22,2025-09-10,NULL,2025-06-02,2025-06-14,2025-06-13,2025-07-01,2025-07-17,2025-07-24,2025-08-27,2025-09-10,2026-04-26,21,9,7,15,11,17,28,19,NULL,NULL,27,18,11,8,6,19,18,20,10,NULL,16,NULL,33,NULL,16,88,120,Complete,Final,2025-09-10
20375.0055,20375.60,F1,TURNLEAF 60' LOT,13059 CAMELOT LANE,2025-05-21,2025-05-29,2025-07-11,NULL,2025-09-08,2025-09-16,2025-10-13,2025-11-19,NULL,NULL,2025-06-05,2025-06-26,NULL,2025-08-11,2025-09-23,2025-10-08,2025-11-28,2026-04-26,2026-05-13,8,43,NULL,59,8,27,37,NULL,NULL,NULL,15,NULL,28,NULL,NULL,NULL,31,NULL,15,NULL,22,NULL,46,72,47,NULL,17,Final,Interior,2025-11-19
20376.0014,20376.40,H2,WOODHAVYN 40' LOT,29930 STONY FOREST DRIVE,2025-12-19,2025-12-30,2026-01-07,2026-01-10,2026-01-20,NULL,NULL,NULL,NULL,NULL,2025-12-28,2026-01-08,2026-01-10,2026-01-19,2026-04-26,2026-05-13,2026-05-29,2026-06-23,2026-07-27,11,8,3,10,NULL,NULL,NULL,NULL,NULL,9,9,9,17,3,3,9,12,NULL,11,NULL,17,NULL,16,NULL,25,34,54,Sheetrock,Mechanical,2026-01-20
20378.0006,20378.47,A2,WOODSIDE 47' LOT,108 ADLAI AVENUE,2025-03-27,2025-04-24,2025-05-08,2025-05-15,2025-06-04,2025-06-13,2025-06-27,2025-07-24,2025-08-06,NULL,2025-04-23,2025-05-05,2025-05-14,2025-06-05,2025-06-12,2025-06-24,2025-07-30,2025-08-06,2026-04-26,28,14,7,20,9,14,27,13,NULL,NULL,27,NULL,11,NULL,6,21,18,8,10,11,16,NULL,33,NULL,16,147,120,Complete,Final,2025-08-06
20378.0017,20378.47,A2,WOODSIDE 47' LOT,213 ADLAI AVENUE,2025-03-27,2025-04-22,2025-05-01,2025-05-08,2025-06-18,2025-06-27,2025-07-15,2025-08-07,2025-08-22,NULL,2025-04-23,2025-05-03,2025-05-07,2025-05-29,2025-06-26,2025-07-08,2025-08-17,2025-08-22,2026-04-26,26,9,7,41,9,18,23,15,NULL,NULL,27,NULL,11,NULL,6,21,18,8,10,11,16,NULL,33,NULL,16,147,120,Complete,Final,2025-08-22
20379.0003,20379.60,A1,ELDORADO 60' LOT,121 MODELLO WAY (M),2025-02-12,2025-02-13,2025-02-19,2025-02-24,2025-03-05,2025-03-10,2025-03-18,2025-03-31,2025-04-01,NULL,2025-02-27,2025-02-22,2025-02-25,2025-03-05,2025-03-17,2025-03-24,2025-04-26,2025-04-01,2026-04-26,1,6,5,9,5,8,13,1,NULL,NULL,15,NULL,9,NULL,6,9,15,12,13,14,17,NULL,39,4,11,NULL,96,Complete,Final,2025-04-01
20379.0025,20379.50,A1,ELDORADO 50' LOT,112 BURKE STREET,2025-03-25,2025-04-14,2025-04-21,2025-04-25,2025-05-05,2025-05-12,2025-05-26,2025-09-03,2025-09-09,NULL,2025-04-01,2025-04-21,2025-04-28,2025-05-06,2025-05-14,2025-05-27,2025-07-04,2025-09-09,2026-04-26,20,7,4,10,7,14,100,6,NULL,7,15,7,9,7,6,11,15,9,13,15,17,NULL,39,NULL,11,103,96,Complete,Final,2025-09-09
20379.0045,20379.60,A1,ELDORADO 60' LOT,228 MATON WAY,2025-11-13,2025-11-24,2025-12-12,2025-12-17,2025-12-22,2026-01-05,2026-01-20,NULL,NULL,NULL,2025-11-28,2025-12-03,2025-12-18,2025-12-26,2026-01-03,2026-01-19,2026-04-26,2026-04-30,2026-08-04,11,18,5,5,14,15,NULL,NULL,NULL,NULL,15,NULL,9,NULL,6,9,15,12,13,14,17,NULL,39,4,11,NULL,96,Interior,Trim,2026-01-20
20379.0051,20379.70,A1,ELDORADO 70' LOT,158 OSWALT WAY,2026-01-23,NULL,NULL,NULL,NULL,NULL,NULL,NULL,NULL,NULL,2026-04-26,2026-05-13,2026-05-17,2026-06-01,2026-06-22,2026-07-03,2026-08-03,2026-08-14,2026-11-18,NULL,NULL,NULL,NULL,NULL,NULL,NULL,NULL,NULL,21,15,17,9,4,6,NULL,15,21,13,11,17,31,39,NULL,11,NULL,96,Foundation,Released,2026-01-23
20379.0068,20379.60,A1,ELDORADO 60' LOT,112 KEUCHEL LANE,2026-01-27,NULL,NULL,NULL,NULL,NULL,NULL,NULL,NULL,NULL,2026-04-26,2026-05-05,2026-05-11,2026-05-20,2026-06-01,2026-06-15,2026-07-24,2026-07-28,2026-11-01,NULL,NULL,NULL,NULL,NULL,NULL,NULL,NULL,NULL,NULL,15,NULL,9,NULL,6,9,15,12,13,14,17,NULL,39,4,11,NULL,96,Foundation,Released,2026-01-27
20380.0009,20380.50,F1,GLYNLEA COUNTRY CLUB 50' LOT,10803 NORTHWEST WILGROVE LANE,2026-01-28,NULL,NULL,NULL,NULL,NULL,NULL,NULL,NULL,NULL,2026-04-26,2026-05-15,NULL,2026-06-15,2026-06-30,2026-07-23,2026-09-07,2026-10-24,2026-11-10,NULL,NULL,NULL,NULL,NULL,NULL,NULL,NULL,NULL,13,15,19,28,NULL,NULL,NULL,31,NULL,15,23,22,NULL,46,NULL,47,NULL,17,Foundation,Released,2026-01-28
20383.0030,20383.45,D3,THE HEIGHTS AT UPTOWN CELINA 40'/45' LOT,517 CALLUM PARKWAY,2025-05-13,2025-06-03,2025-06-12,2025-06-20,2025-07-03,2025-07-15,2025-08-04,2025-09-11,2025-09-20,NULL,2025-05-25,2025-06-13,2025-06-15,2025-07-03,2025-07-16,2025-08-04,2025-09-02,2025-09-20,2026-04-26,21,9,8,13,12,20,38,9,NULL,NULL,12,NULL,10,NULL,3,NULL,13,NULL,13,NULL,20,NULL,29,NULL,21,133,92,Complete,Final,2025-09-20
20388.0022,20388.60,H4,BRIARLEY 60' LOT,610 GUNNER DRIVE,2025-12-18,2025-12-30,2026-01-13,2026-01-18,2026-01-28,NULL,NULL,NULL,NULL,NULL,2025-12-30,2026-01-13,2026-01-18,2026-01-28,2026-04-26,2026-05-11,2026-05-31,2026-06-17,2026-06-27,12,14,5,10,NULL,NULL,NULL,NULL,NULL,12,9,14,12,5,3,10,9,14,10,15,15,20,17,17,13,10,97,Sheetrock,Mechanical,2026-01-28
20388.0044,20388.70,H4,BRIARLEY 70' LOT,1223 BASSET HOUND DRIVE,2025-09-17,2025-09-24,2025-10-10,2025-10-15,2025-10-28,2025-11-07,2025-11-21,2025-12-19,2026-01-09,NULL,2025-09-29,2025-10-16,2025-10-16,2025-10-24,2025-11-09,2025-11-19,2025-12-17,2026-01-09,2026-04-26,7,16,5,13,10,14,28,21,NULL,12,9,22,12,6,3,NULL,9,12,10,12,15,26,17,18,13,10,97,Complete,Final,2026-01-09
20388.0056,20388.70,H4,BRIARLEY 70' LOT,211 CATAHOULA COURT,2025-10-22,2025-10-30,2025-11-18,2025-11-24,2025-12-06,2025-12-15,2025-12-26,2026-01-20,NULL,NULL,2025-11-03,2025-11-21,2025-11-24,2025-12-03,2025-12-18,2025-12-27,2026-01-21,2026-04-26,2026-05-06,8,19,6,12,9,11,25,NULL,NULL,12,9,22,12,6,3,NULL,9,12,10,12,15,26,17,18,13,10,97,Final,Interior,2026-01-20
20388.0061,20388.70,H4,BRIARLEY 70' LOT,234 CATAHOULA COURT,2025-12-18,2025-12-30,2026-01-21,2026-01-27,NULL,NULL,NULL,NULL,NULL,NULL,2025-12-30,2026-01-21,2026-01-27,2026-04-26,2026-05-08,2026-05-20,2026-06-15,2026-07-03,2026-07-13,12,22,6,NULL,NULL,NULL,NULL,NULL,NULL,12,9,22,12,6,3,NULL,9,12,10,12,15,26,17,18,13,10,97,Mechanicals,Cornice,2026-01-27
20389.0012,20389.55,S2,HIDDEN CANYON 55' LOT,407 CANYON PATH,2025-08-18,2025-08-29,2025-09-09,2025-09-12,2025-10-03,2025-10-21,2025-11-24,2025-12-09,2025-12-26,NULL,2025-10-15,2025-09-08,2025-09-12,2025-10-08,2025-10-15,2025-11-09,2025-12-18,2025-12-26,2026-04-26,11,11,3,21,18,34,15,17,NULL,58,20,10,10,3,7,26,17,NULL,12,19,17,24,30,12,16,NULL,96,Complete,Final,2025-12-26
20395.0086,20395.60,F1,BERRY BAY 60' LOT,5590 VIBRANT VINE DRIVE,2026-01-14,2026-01-26,NULL,NULL,NULL,NULL,NULL,NULL,NULL,NULL,2026-01-26,2026-04-26,NULL,2026-05-27,2026-06-11,2026-07-03,2026-08-18,2026-10-04,2026-10-21,12,NULL,NULL,NULL,NULL,NULL,NULL,NULL,NULL,12,15,NULL,28,NULL,NULL,NULL,31,NULL,15,NULL,22,NULL,46,NULL,47,NULL,17,Frame,Foundation,2026-01-26
20398.0018,20398.45,H2,EVERLY 45' LOT,18707 BUTTERCUP FARMS LANE,2025-06-30,2025-07-08,2025-07-15,2025-07-17,2025-07-25,2025-08-01,2025-08-18,2025-11-25,2026-01-09,NULL,2025-07-06,2025-07-21,2025-07-17,2025-07-28,2025-08-05,2025-08-18,2025-09-03,2026-01-09,2026-04-26,8,7,2,8,7,17,99,45,NULL,6,9,13,17,2,3,11,12,11,11,NULL,17,NULL,16,43,25,NULL,54,Complete,Final,2026-01-09
20398.0021,20398.45,H2,EVERLY 45' LOT,18727 BUTTERCUP FARMS LANE,2025-07-08,2025-07-14,2025-07-22,2025-07-22,2025-08-01,2025-08-08,2025-09-30,2025-11-25,2026-01-08,NULL,2025-07-14,2025-07-27,2025-07-24,2025-08-02,2025-08-12,2025-08-25,2025-10-16,2026-01-08,2026-04-26,6,8,0,10,7,53,56,44,NULL,6,9,13,17,2,3,11,12,11,11,NULL,17,NULL,16,43,25,NULL,54,Complete,Final,2026-01-08
20398.0116,20398.45,H2,EVERLY 45' LOT,18815 PEONY MANOR LANE (M),2025-06-13,2025-06-13,2025-06-19,2025-06-23,2025-06-28,2025-07-07,2025-07-10,2025-08-19,2025-08-26,NULL,2025-06-19,2025-06-26,2025-06-21,2025-07-04,2025-07-09,2025-07-24,2025-07-26,2025-08-26,2026-04-26,0,6,4,5,9,3,40,7,NULL,6,9,13,17,2,3,11,12,11,11,NULL,17,NULL,16,43,25,NULL,54,Complete,Final,2025-08-26
20399.0026,20399.50,S1,BRIGGS RANCH 50' LOT,13306 BLUE CEDAR,2025-12-10,2025-12-26,2026-01-13,2026-01-20,NULL,NULL,NULL,NULL,NULL,NULL,2025-12-26,2026-01-08,2026-01-20,2026-04-26,2026-05-14,2026-05-31,2026-06-28,2026-07-13,2026-10-31,16,18,7,NULL,NULL,NULL,NULL,NULL,NULL,16,16,13,11,7,7,13,15,NULL,18,NULL,17,NULL,28,NULL,15,NULL,110,Mechanicals,Cornice,2026-01-20
20403.0029,20403.45,A3,JUNIPER SPRINGS 45' LOT,3925 MELODY ROAD,2025-11-12,2025-11-26,2025-12-03,2025-12-08,2025-12-19,2025-12-31,2026-01-15,2026-01-28,NULL,NULL,2025-11-22,2025-12-04,2025-12-05,2025-12-24,2025-12-31,2026-01-14,2026-01-28,2026-04-26,2026-05-07,14,7,5,11,12,15,13,NULL,NULL,10,17,8,9,2,5,16,21,12,13,14,14,13,37,18,12,11,64,Final,Interior,2026-01-28
20405.0025,20405.50,F1,STAR FARMS AT LAKEWOOD RANCH 50' LOT,3814 COUNTRY VIEW COURT,2025-11-20,2025-11-26,2025-12-10,NULL,2026-01-02,2026-01-14,NULL,NULL,NULL,NULL,2025-12-05,2025-12-24,NULL,2026-01-05,2026-01-11,2026-04-26,2026-06-11,2026-07-28,2026-08-14,6,14,NULL,23,12,NULL,NULL,NULL,NULL,NULL,15,NULL,28,NULL,NULL,26,31,9,15,NULL,22,NULL,46,NULL,47,NULL,17,Trim,Sheetrock,2026-01-14
20410.0017,20410.55,H1,MIDLINE 55' LOT,18019 SERENE HAVEN STREET,2026-01-09,2026-01-19,NULL,NULL,NULL,NULL,NULL,NULL,NULL,NULL,2026-01-18,2026-04-26,2026-05-04,2026-05-15,2026-05-27,2026-06-15,2026-07-26,2026-08-05,2026-11-01,10,NULL,NULL,NULL,NULL,NULL,NULL,NULL,NULL,9,11,NULL,19,NULL,8,NULL,11,NULL,12,NULL,19,NULL,41,NULL,10,NULL,88,Frame,Foundation,2026-01-19
20413.0009,20413.45,D1,MERAKI 45' LOT,2819 STANDING CYPRESS STREET,2026-01-26,NULL,NULL,NULL,NULL,NULL,NULL,NULL,NULL,NULL,2026-04-26,2026-05-09,2026-05-15,2026-05-31,2026-06-12,2026-06-30,2026-07-17,2026-08-03,2026-10-02,NULL,NULL,NULL,NULL,NULL,NULL,NULL,NULL,NULL,NULL,14,NULL,13,NULL,6,NULL,16,NULL,12,NULL,18,NULL,17,NULL,17,NULL,60,Foundation,Released,2026-01-26
212112,212,D4,REUNION 40' LOT,113 PINTAIL LANE (M),2022-10-12,2022-11-01,2022-11-08,2022-11-17,2022-11-27,2022-12-12,2022-12-27,2023-01-26,2023-03-08,NULL,2022-10-26,2022-11-14,2022-11-13,2022-12-04,2022-12-10,2022-12-24,2023-01-20,2023-03-08,2026-04-26,20,7,9,10,15,15,30,41,NULL,NULL,14,NULL,13,NULL,5,NULL,17,NULL,13,NULL,12,NULL,24,NULL,40,NULL,39,Complete,Final,2023-03-08
232047,232,S1,KALLISON RANCH 50' LOT (B),9811 WAR PARTY TRAIL (C),2023-04-28,2023-05-19,2023-05-24,2023-05-31,2023-06-08,2023-06-29,2023-07-27,2023-08-03,2023-08-18,NULL,2023-05-14,2023-05-30,2023-05-31,2023-06-15,2023-06-26,2023-07-16,2023-08-24,2023-08-18,2026-04-26,21,5,7,8,21,28,7,15,NULL,NULL,16,NULL,11,NULL,7,NULL,15,NULL,18,NULL,17,NULL,28,NULL,15,98,110,Complete,Final,2023-08-18
284073,284,D3,FIELDS 60' LOT,14079 LAFERTY STREET,2025-03-10,2025-03-20,2025-04-07,2025-04-14,2025-06-13,2025-06-16,2025-07-22,2025-08-01,2025-09-12,NULL,2025-03-28,2025-03-30,2025-04-10,2025-04-27,2025-06-26,2025-07-13,2025-08-20,2025-09-12,2026-04-26,10,18,7,60,3,36,10,42,NULL,18,12,NULL,10,NULL,3,NULL,13,NULL,13,27,20,NULL,29,NULL,21,72,92,Complete,Final,2025-09-12
288029,288,S3,MEADOWS OF MILL CREEK 50' LOT,1832 WINDWARD WAY,2025-11-26,2025-12-17,2026-01-06,2026-01-13,2026-01-26,NULL,NULL,NULL,NULL,NULL,2025-12-16,2026-01-10,2026-01-14,2026-01-28,2026-04-26,2026-05-17,2026-06-01,2026-06-13,2026-10-10,21,20,7,13,NULL,NULL,NULL,NULL,NULL,20,14,24,12,8,7,15,15,9,12,21,15,15,23,NULL,12,119,98,Sheetrock,Mechanical,2026-01-26
292074,292,S2,ARCADIA RIDGE 45' LOT,13053 MACAR MANOR,2025-12-09,2025-12-18,2025-12-31,2026-01-05,2026-01-15,NULL,NULL,NULL,NULL,NULL,2025-12-27,2025-12-31,2026-01-06,2026-01-11,2026-04-26,2026-05-13,2026-06-10,2026-06-27,2027-02-20,9,13,5,10,NULL,NULL,NULL,NULL,NULL,18,20,13,10,6,7,6,17,15,12,17,17,28,30,17,16,238,96,Sheetrock,Mechanical,2026-01-15
292099,292,S2,ARCADIA RIDGE 45' LOT,13060 MACAR MANOR,2025-08-28,2025-09-04,2025-09-11,2025-09-15,2025-09-25,2025-10-06,2025-10-15,2025-10-31,2025-11-18,NULL,2025-09-15,2025-09-17,2025-09-17,2025-09-21,2025-10-10,2025-10-23,2025-11-12,2025-11-18,2026-07-14,7,7,4,10,11,9,16,18,NULL,18,20,13,10,6,7,6,17,15,12,17,17,28,30,17,16,238,96,Complete,Final,2025-11-18
301032,301,D3,NORTH SKY CELINA 65' LOT,3209 AUTUMN SAGE DRIVE (M),2024-05-16,2024-05-21,2024-06-18,2024-06-20,2024-06-25,2024-07-29,2024-08-02,2024-08-19,2024-10-11,NULL,2024-05-28,2024-05-31,2024-06-21,2024-07-02,2024-07-10,2024-08-10,2024-08-17,2024-10-11,2026-04-26,5,28,2,5,34,4,17,53,NULL,NULL,12,NULL,10,NULL,3,12,13,15,13,12,20,15,29,13,21,56,92,Complete,Final,2024-10-11
313093,313,A1,NOLINA 60' LOT,255 STAR RUSH TRAIL,2025-05-29,2025-06-13,2025-06-20,2025-06-26,2025-07-08,2025-07-15,2025-08-28,2025-09-02,2025-09-22,NULL,2025-06-07,2025-06-24,2025-06-26,2025-07-12,2025-07-14,2025-08-09,2025-10-06,2025-09-22,2026-04-26,15,7,6,12,7,44,5,20,NULL,9,15,11,9,6,6,16,15,6,13,25,17,NULL,39,NULL,11,163,96,Complete,Final,2025-09-22
339012,339,H5,THE GRAND PRAIRIE 40' LOT,16427 VERBENA GLEN DRIVE (M),2023-08-07,2023-08-07,2023-08-18,2023-08-29,2023-09-02,2023-09-11,2023-09-25,2023-10-10,2023-10-26,NULL,2023-08-17,2023-08-22,2023-08-23,2023-09-14,2023-09-14,2023-09-28,2023-10-13,2023-10-26,2026-04-26,0,11,11,4,9,14,15,16,NULL,10,9,NULL,15,NULL,5,NULL,16,NULL,12,NULL,17,NULL,18,NULL,10,111,76,Complete,Final,2023-10-26
346121,346,D3,NORTH SKY CELINA 55' LOT,3124 CHINABERRY STREET,2025-09-05,2025-09-16,2025-09-30,2025-10-03,2025-10-22,2025-11-06,2025-11-17,2025-12-05,2026-01-08,NULL,2025-09-17,2025-09-28,2025-10-05,2025-10-16,2025-11-07,2025-11-16,2025-12-13,2026-01-08,2026-04-26,11,14,3,19,15,11,18,34,NULL,12,12,12,10,5,3,NULL,13,16,13,10,20,26,29,34,21,92,92,Complete,Final,2026-01-08
605503,605,S1,KALLISON RANCH 50' LOT (A),10119 SUMLIN COURT,2025-09-04,2025-09-19,2025-09-25,2025-10-08,2025-10-13,2025-10-27,2025-11-07,2025-12-11,2025-12-19,NULL,2025-09-16,2025-09-27,2025-10-04,2025-10-19,2025-10-26,2025-11-10,2025-12-11,2025-12-19,2026-04-26,15,6,13,5,14,11,34,8,NULL,12,16,8,11,9,7,11,15,13,18,14,17,34,28,10,15,40,110,Complete,Final,2025-12-19
657072,657,H3,JORDAN RANCH 65' LOT,29615 APPLE GLEN COURT (M),2021-10-27,2021-11-21,2021-12-15,2021-12-20,2022-01-24,2022-02-04,2022-02-08,2022-05-16,2022-05-20,NULL,2021-11-10,2021-12-06,2021-12-23,2021-12-30,2022-02-10,2022-02-17,2022-02-27,2022-05-20,2026-04-26,25,24,5,35,11,4,97,4,NULL,14,9,15,15,8,5,10,12,17,9,13,16,19,23,15,12,14,81,Complete,Final,2022-05-20
678246,678,S1,KALLISON RANCH 60' LOT,10302 TAPADEROS DRIVE,2025-09-23,2025-10-02,2025-10-14,2025-10-20,2025-10-28,2025-11-04,NULL,2026-01-08,2026-01-09,NULL,2025-10-04,2025-10-16,2025-10-18,2025-10-30,2025-11-17,2025-11-25,2026-01-07,2026-01-09,2026-07-17,9,12,6,8,7,NULL,NULL,1,NULL,11,16,14,11,4,7,10,15,20,18,21,17,43,28,5,15,189,110,Complete,Final,2026-01-09
684166,684,S1,LADERA 50' LOT,15006 EARLY DAWN (M),2023-09-11,2023-09-11,2023-09-11,2023-09-13,2023-09-26,2023-10-03,2023-10-24,2023-11-14,2023-11-20,NULL,2023-09-27,2023-09-22,2023-09-22,2023-10-06,2023-10-14,2023-10-17,2023-11-17,2023-11-20,2026-04-26,0,0,2,13,7,21,21,6,NULL,NULL,16,NULL,11,11,7,23,15,NULL,18,14,17,24,28,23,15,277,110,Complete,Final,2023-11-20
694019,694,H1,RICELAND 60' LOT,11919 CATTAIL WAY,2025-10-01,2025-10-13,2025-11-20,2025-12-02,2025-12-16,2025-12-29,NULL,2026-01-27,NULL,NULL,2025-10-14,2025-10-31,2025-11-29,2025-12-14,2025-12-29,2026-01-17,2026-02-05,2026-04-26,2026-07-25,12,38,12,14,13,NULL,NULL,NULL,NULL,13,11,18,19,9,8,12,11,13,12,NULL,19,19,41,7,10,90,88,Final,Interior,2026-01-27
705056,705,H6,HARVEST GREEN 45' LOT,943 SWEET SESAME STREET (C),2018-12-18,2018-12-27,2019-01-10,2019-01-16,2019-01-29,NULL,NULL,NULL,NULL,NULL,2018-12-31,2019-01-02,2019-01-13,2019-01-24,2026-04-26,2026-05-11,2026-05-27,2026-06-05,2026-07-14,9,14,6,13,NULL,NULL,NULL,NULL,NULL,13,10,6,14,3,4,8,13,6,9,15,16,16,20,9,12,39,58,Sheetrock,Mechanical,2019-01-29
734104,734,S1,LADERA 40' LOT,2528 OXFORD RIDGE,2025-09-22,2025-10-14,2025-10-17,2025-10-27,2025-11-19,2025-12-01,2025-12-11,2026-01-07,NULL,NULL,2025-10-25,2025-10-24,2025-10-23,2025-11-18,2025-12-04,2025-12-15,2026-01-07,2026-04-26,2026-08-14,22,3,10,23,12,10,27,NULL,NULL,33,16,10,11,6,7,22,15,15,18,14,17,27,28,NULL,15,NULL,110,Final,Interior,2026-01-07
747196,747,S1,STEVENS RANCH 55' LOT,14222 MAY MIST,2025-04-10,2025-04-25,2025-05-01,2025-05-06,2025-05-29,2025-06-09,2025-06-25,2025-07-18,2025-08-08,NULL,2025-04-26,2025-05-06,2025-05-08,2025-05-21,2025-06-16,2025-06-26,2025-07-23,2025-08-08,2026-04-26,15,6,5,23,11,16,23,21,NULL,NULL,16,NULL,11,NULL,7,NULL,15,NULL,18,NULL,17,NULL,28,NULL,15,148,110,Complete,Final,2025-08-08
750002,750,H4,GRAND CENTRAL PARK 45' LOT,430 LAKE DAY DRIVE (M),2020-01-27,2020-02-04,2020-02-13,2020-02-18,2020-02-28,2020-03-07,2020-03-20,2020-03-26,2020-04-01,NULL,2020-02-05,2020-02-16,2020-02-16,2020-02-27,2020-03-09,2020-03-22,2020-04-01,2020-04-01,2026-04-26,8,9,5,10,8,13,6,6,NULL,NULL,9,NULL,12,NULL,3,NULL,9,NULL,10,NULL,15,12,17,13,13,58,97,Complete,Final,2020-04-01
755112,755,A3,6 CREEKS 60' LOT,269 SEASIDE SPARROW WAY,2025-11-06,2025-11-21,2025-12-09,2025-12-15,2026-01-07,2026-01-20,NULL,NULL,NULL,NULL,2025-12-09,2025-12-01,2025-12-12,2026-01-07,2026-01-20,2026-04-26,2026-06-02,2026-06-14,2026-10-04,15,18,6,23,13,NULL,NULL,NULL,NULL,33,17,10,9,3,5,23,21,13,13,NULL,14,NULL,37,NULL,12,112,64,Trim,Sheetrock,2026-01-20
