JobNumber,JobReferenceNumber,DivisionName,City,CommunityName,FoundationStartDate,Actual_FoundationDate,ML_FoundationDate,ML_Foundation_PredictedDays,FourMonthAvg_FoundationDate,ML_vs_Actual_Foundation_days,FourMonth_vs_Actual_Foundation_days,Actual_FrameDate,ML_FrameDate,ML_Frame_PredictedDays,FourMonthAvg_FrameDate,ML_vs_Actual_Frame_days,FourMonth_vs_Actual_Frame_days,Actual_CorniceDate,ML_CorniceDate,ML_Cornice_PredictedDays,FourMonthAvg_CorniceDate,ML_vs_Actual_Cornice_days,FourMonth_vs_Actual_Cornice_days,Actual_MechanicalsDate,ML_MechanicalsDate,ML_Mechanicals_PredictedDays,FourMonthAvg_MechanicalsDate,ML_vs_Actual_Mechanicals_days,FourMonth_vs_Actual_Mechanicals_days,Actual_SheetrockDate,ML_SheetrockDate,ML_Sheetrock_PredictedDays,FourMonthAvg_SheetrockDate,ML_vs_Actual_Sheetrock_days,FourMonth_vs_Actual_Sheetrock_days,Actual_TrimDate,ML_TrimDate,ML_Trim_PredictedDays,FourMonthAvg_TrimDate,ML_vs_Actual_Trim_days,FourMonth_vs_Actual_Trim_days,Actual_InteriorDate,ML_InteriorDate,ML_Interior_PredictedDays,FourMonthAvg_InteriorDate,ML_vs_Actual_Interior_days,FourMonth_vs_Actual_Interior_days
20033.0318,20033.0318,BRITTON D4,FORT WORTH,WALSH,2026-04-30,,2026-05-18,18.0,,,,,2026-05-26,8.5,,,,,2026-06-11,16.3,,,,,2026-06-26,15.0,,,,,2026-07-11,15.4,,,,,2026-07-31,20.1,,,,,2026-08-18,17.9,,,
20033.0319,20033.0319,BRITTON D4,FORT WORTH,WALSH,2026-04-30,,2026-05-20,19.5,,,,,2026-05-29,8.6,,,,,2026-06-14,16.3,,,,,2026-06-29,14.8,,,,,2026-07-14,15.4,,,,,2026-07-31,17.1,,,,,2026-08-19,18.7,,,
20033.0320,20033.0320,BRITTON D4,FORT WORTH,WALSH,2026-04-16,,2026-05-04,17.6,,,,,2026-05-12,7.9,,,,,2026-05-28,16.3,,,,,2026-06-11,14.3,,,,,2026-06-26,15.4,,,,,2026-07-18,22.0,,,,,2026-08-04,17.2,,,
20361.0029,20361.0029,BRITTON D4,HURST,ADKINS PARK,2026-04-23,,2026-05-08,15.1,,,,,2026-05-25,16.7,,,,,2026-06-16,22.5,,,,,2026-06-25,9.5,,,,,2026-07-14,18.9,,,,,2026-08-13,30.1,,,,,2026-09-01,19.2,,,
20007.0147,20007.0147,AUSTIN 1,LIBERTY HILL,LARIAT,2025-08-01,2025-08-08,2025-08-08,6.7,2025-08-10,0,2,2025-08-13,2025-08-13,5.5,2025-08-16,0,3,2025-08-22,2025-08-25,11.7,2025-08-23,3,1,2025-09-02,2025-09-02,11.4,2025-09-12,0,10,2025-09-22,2025-09-20,18.3,2025-09-20,-2,-2,2025-10-20,2025-10-21,29.1,2025-11-04,1,15,2025-10-28,2025-10-31,10.6,2025-10-28,3,0
20009.0151,20009.0151,AUSTIN 1,LEANDER,PALMERA RIDGE,2026-02-13,2026-02-25,2026-02-23,10.0,2026-05-05,-2,69,2026-03-06,2026-03-05,7.9,2026-05-11,-1,66,2026-03-18,2026-03-30,23.9,2026-05-26,12,69,2026-03-24,2026-03-31,12.7,2026-06-08,7,76,2026-04-13,2026-04-10,16.6,2026-06-25,-3,73,,2026-05-13,29.5,2026-08-03,,,,2026-06-01,18.5,2026-08-14,,
20013.0609,20013.0609,AUSTIN 1,LIBERTY HILL,SANTA RITA RANCH,2026-04-23,2026-04-30,2026-04-30,6.9,,0,,,2026-05-05,5.5,,,,,2026-05-17,12.3,,,,,2026-05-29,11.6,,,,,2026-06-13,15.4,,,,,2026-07-12,28.5,,,,,2026-07-22,10.3,,,
20014.0019,167100,AUSTIN 1,LIBERTY HILL,SANTA RITA RANCH RENTALS,2022-03-04,2022-03-31,2022-03-11,7.4,,-20,,2022-04-09,2022-04-06,5.5,,-3,,2022-05-17,2022-04-22,13.3,,-25,,2022-05-31,2022-05-29,11.5,,-2,,2022-06-27,2022-06-16,16.1,,-11,,2022-07-21,2022-07-25,28.4,,4,,2022-08-31,2022-08-01,10.6,,-30,
20014.0022,167159,AUSTIN 1,LIBERTY HILL,SANTA RITA RANCH RENTALS,2022-11-02,2022-11-08,2022-11-08,6.1,,0,,2022-11-28,2022-11-13,4.7,,-15,,2023-01-11,2022-12-12,13.5,,-30,,2023-01-23,2023-01-23,11.6,,0,,2023-02-22,2023-02-09,16.8,,-13,,2023-04-05,2023-03-22,27.8,,-14,,2023-04-14,2023-04-16,10.6,,2,
20014.0029,167101,AUSTIN 1,LIBERTY HILL,SANTA RITA RANCH RENTALS,2022-03-04,2022-04-02,2022-03-12,7.5,,-21,,2022-04-12,2022-04-08,5.7,,-4,,2022-05-17,2022-04-25,13.4,,-22,,2022-05-31,2022-05-29,11.5,,-2,,2022-06-27,2022-06-16,16.4,,-11,,2022-08-03,2022-07-25,28.4,,-9,,2022-08-25,2022-08-14,10.6,,-11,
20014.0030,167102,AUSTIN 1,LIBERTY HILL,SANTA RITA RANCH RENTALS,2022-03-04,2022-03-31,2022-03-12,7.6,,-19,,2022-04-08,2022-04-06,5.5,,-2,,2022-05-17,2022-04-21,13.5,,-26,,2022-05-31,2022-05-29,11.5,,-2,,2022-06-27,2022-06-16,16.0,,-11,,2022-08-03,2022-07-25,28.4,,-9,,2022-08-31,2022-08-14,10.6,,-17,
20014.0034,167145,AUSTIN 1,LIBERTY HILL,SANTA RITA RANCH RENTALS,2022-10-11,2022-10-17,2022-10-15,4.5,,-2,,2022-10-27,2022-10-22,4.7,,-5,,2023-01-12,2022-11-10,13.6,,-63,,2023-01-23,2023-01-24,11.6,,1,,2023-02-16,2023-02-09,16.8,,-7,,2023-03-23,2023-03-16,27.8,,-7,,2023-03-31,2023-04-03,10.6,,3,
20014.0046,167099,AUSTIN 1,LIBERTY HILL,SANTA RITA RANCH RENTALS,2022-03-04,2022-04-06,2022-03-12,8.1,,-25,,2022-04-16,2022-04-12,5.5,,-4,,2022-05-19,2022-04-29,13.4,,-20,,2022-05-31,2022-05-31,11.5,,0,,2022-06-27,2022-06-19,18.9,,-8,,2022-08-10,2022-07-25,28.4,,-16,,2022-08-25,2022-08-21,10.6,,-4,
20014.0050,167144,AUSTIN 1,LIBERTY HILL,SANTA RITA RANCH RENTALS,2022-10-10,2022-10-17,2022-10-15,4.6,,-2,,2022-10-20,2022-10-22,4.7,,2,,2022-11-21,2022-11-02,13.5,,-19,,2022-12-15,2022-12-03,11.6,,-12,,2023-02-13,2023-01-01,17.2,,-43,,2023-03-21,2023-03-13,27.8,,-8,,2023-03-29,2023-04-01,10.6,,3,
20014.0051,167147,AUSTIN 1,LIBERTY HILL,SANTA RITA RANCH RENTALS,2022-10-10,2022-10-19,2022-10-15,4.6,,-4,,2022-10-26,2022-10-25,5.6,,-1,,2023-01-10,2022-11-08,13.5,,-63,,2023-01-21,2023-01-21,11.5,,0,,2023-02-20,2023-02-08,18.0,,-12,,2023-04-05,2023-03-20,27.8,,-16,,2023-04-12,2023-04-16,10.6,,4,
20014.0052,167151,AUSTIN 1,LIBERTY HILL,SANTA RITA RANCH RENTALS,2022-10-10,2022-10-24,2022-10-15,4.8,,-9,,2022-12-13,2022-10-29,4.7,,-45,,2023-01-09,2022-12-27,14.2,,-13,,2023-01-23,2023-01-20,11.5,,-3,,2023-02-03,2023-02-12,20.5,,9,,2023-04-05,2023-03-03,27.9,,-33,,2023-04-12,2023-04-16,10.6,,4,
20014.0067,167158,AUSTIN 1,LIBERTY HILL,SANTA RITA RANCH RENTALS,2022-10-27,2022-11-07,2022-11-02,5.9,,-5,,2022-11-18,2022-11-12,4.7,,-6,,2023-01-10,2022-12-01,13.5,,-40,,2023-01-18,2023-01-21,11.5,,3,,2023-02-27,2023-02-07,19.6,,-20,,2023-04-05,2023-03-27,27.8,,-9,,2023-04-13,2023-04-16,10.6,,3,
20014.0080,167149,AUSTIN 1,LIBERTY HILL,SANTA RITA RANCH RENTALS,2022-10-10,2022-10-31,2022-10-15,4.6,,-16,,2022-11-07,2022-11-05,4.7,,-2,,2022-12-05,2022-11-20,13.5,,-15,,2022-12-21,2022-12-16,11.3,,-5,,2023-02-01,2023-01-08,18.4,,-24,,2023-03-27,2023-03-01,27.6,,-26,,2023-03-30,2023-04-07,10.6,,8,
20014.0092,167143,AUSTIN 1,LIBERTY HILL,SANTA RITA RANCH RENTALS,2022-10-05,2022-10-17,2022-10-11,5.5,,-6,,2022-10-21,2022-10-22,4.7,,1,,2022-11-21,2022-11-04,13.6,,-17,,2022-11-28,2022-12-02,11.5,,4,,2023-02-13,2022-12-17,19.3,,-58,,2023-03-22,2023-03-13,27.8,,-9,,2023-03-29,2023-04-02,10.6,,4,
20014.0094,167161,AUSTIN 1,LIBERTY HILL,SANTA RITA RANCH RENTALS,2022-11-03,2022-11-10,2022-11-09,6.1,,-1,,2022-11-22,2022-11-16,5.6,,-6,,2023-01-09,2022-12-06,13.5,,-34,,2023-01-18,2023-01-21,11.6,,3,,2023-02-17,2023-02-07,20.0,,-10,,2023-04-05,2023-03-17,27.8,,-19,,2023-04-19,2023-04-16,10.6,,-3,
20014.0107,167148,AUSTIN 1,LIBERTY HILL,SANTA RITA RANCH RENTALS,2022-10-10,2022-10-27,2022-10-15,4.8,,-12,,2022-11-07,2022-11-02,5.6,,-5,,2022-12-05,2022-11-20,13.4,,-15,,2022-12-27,2022-12-16,11.3,,-11,,2023-01-18,2023-01-16,20.1,,-2,,2023-03-27,2023-02-15,27.6,,-40,,2023-03-29,2023-04-07,10.6,,9,
20014.0108,167150,AUSTIN 1,LIBERTY HILL,SANTA RITA RANCH RENTALS,2022-10-10,2022-10-31,2022-10-14,4.5,,-17,,2022-11-10,2022-11-05,4.7,,-5,,2023-01-09,2022-11-23,13.5,,-47,,2023-01-20,2023-01-20,11.5,,0,,2023-01-23,2023-02-07,18.1,,15,,2023-04-05,2023-02-20,27.9,,-44,,2023-04-12,2023-04-16,10.6,,4,
20014.0109,167152,AUSTIN 1,LIBERTY HILL,SANTA RITA RANCH RENTALS,2022-10-10,2022-11-07,2022-10-15,4.8,,-23,,2022-11-10,2022-11-12,4.7,,2,,2022-12-09,2022-11-24,13.6,,-15,,2022-12-21,2022-12-20,11.3,,-1,,2023-02-13,2023-01-10,19.7,,-34,,2023-03-13,2023-03-14,28.7,,1,,2023-03-29,2023-03-24,10.6,,-5,
20014.0114,167146,AUSTIN 1,LIBERTY HILL,SANTA RITA RANCH RENTALS,2022-10-10,2022-10-19,2022-10-14,4.5,,-5,,2022-10-27,2022-10-25,5.6,,-2,,2022-12-01,2022-11-09,13.5,,-22,,2023-01-04,2022-12-12,11.3,,-23,,2023-02-13,2023-01-23,18.7,,-21,,2023-04-05,2023-03-13,27.8,,-23,,2023-04-10,2023-04-16,10.6,,6,
20014.0127,167136,AUSTIN 1,LIBERTY HILL,SANTA RITA RANCH RENTALS,2022-11-08,2022-11-18,2022-11-13,5.0,,-5,,2022-12-05,2022-11-24,5.6,,-11,,2023-01-19,2022-12-19,13.9,,-31,,2023-01-25,2023-01-30,11.5,,5,,2023-02-20,2023-02-14,20.0,,-6,,2023-04-11,2023-03-20,27.8,,-22,,2023-04-28,2023-04-22,10.6,,-6,
20014.0128,167137,AUSTIN 1,LIBERTY HILL,SANTA RITA RANCH RENTALS,2022-11-09,2022-11-15,2022-11-15,5.8,,0,,2022-12-08,2022-11-20,4.7,,-18,,2023-01-22,2022-12-22,14.0,,-31,,2023-02-03,2023-02-03,11.7,,0,,2023-02-27,2023-02-17,14.2,,-10,,2023-04-21,2023-03-27,27.8,,-25,,2023-04-28,2023-05-02,10.6,,4,
20014.0129,167138,AUSTIN 1,LIBERTY HILL,SANTA RITA RANCH RENTALS,2022-11-10,2022-11-15,2022-11-16,6.1,,1,,2022-12-07,2022-11-20,4.7,,-17,,2023-01-09,2022-12-21,13.9,,-19,,2023-01-18,2023-01-21,11.6,,3,,2023-03-03,2023-02-04,17.3,,-27,,2023-04-11,2023-03-30,26.8,,-12,,2023-04-26,2023-04-22,10.6,,-4,
20014.0131,167160,AUSTIN 1,LIBERTY HILL,SANTA RITA RANCH RENTALS,2022-11-03,2022-11-09,2022-11-09,6.1,,0,,2022-12-06,2022-11-15,5.6,,-21,,2023-01-04,2022-12-20,13.8,,-15,,2023-01-10,2023-01-15,11.4,,5,,2023-02-17,2023-01-28,17.8,,-20,,2023-04-05,2023-03-17,27.8,,-19,,2023-04-13,2023-04-16,10.6,,3,
20353.0046,20353.0046,AUSTIN 1,GEORGETOWN,PARMER RANCH,2024-07-17,2024-07-18,2024-07-23,6.4,2024-07-25,5,7,2024-07-25,2024-07-23,5.4,2024-07-23,-2,-2,2024-08-06,2024-08-11,16.9,2024-08-13,5,7,2024-08-19,2024-08-17,11.0,2024-08-18,-2,-1,,2024-09-02,13.5,2026-04-26,,,,2024-09-29,26.8,2026-05-13,,,,2024-10-13,14.2,2026-05-25,,
20353.0061,20353.0061,AUSTIN 1,GEORGETOWN,PARMER RANCH,2024-05-30,2024-06-04,2024-06-07,7.7,2024-06-07,3,3,2024-06-11,2024-06-11,6.8,2024-06-09,0,-2,2024-06-21,2024-06-28,17.2,2024-06-30,7,9,2024-07-08,2024-07-02,11.0,2024-07-03,-6,-5,2024-07-24,2024-07-21,13.3,2024-07-22,-3,-2,2024-07-26,2024-08-20,27.3,2024-08-10,25,15,2024-08-02,2024-08-12,17.0,2024-08-02,10,0
20379.0068,20379.0068,AUSTIN 1,LIBERTY HILL,EL DORADO,2026-03-10,2026-03-24,2026-03-19,9.2,2026-05-05,-5,42,2026-03-31,2026-03-30,6.0,2026-05-11,-1,41,2026-04-10,2026-04-12,11.8,2026-05-20,2,40,2026-04-27,2026-04-22,11.9,2026-06-01,-5,35,,2026-05-15,18.4,2026-06-15,,,,2026-06-14,30.4,2026-07-24,,,,2026-06-24,10.4,2026-07-28,,
20379.0070,20379.0070,AUSTIN 1,LIBERTY HILL,EL DORADO,2025-12-01,2025-12-09,2025-12-08,7.4,2025-12-10,-1,1,2025-12-17,2025-12-15,6.5,2025-12-15,-2,-2,2025-12-30,2025-12-29,11.8,2025-12-26,-1,-4,2026-01-09,2026-01-11,11.8,2026-01-11,2,2,2026-01-23,2026-01-28,18.9,2026-01-23,5,0,2026-02-24,2026-02-25,32.9,2026-04-26,1,61,2026-02-25,2026-03-06,10.3,2026-04-30,9,64
20379.0059,20379.0059,AUSTIN 1,LIBERTY HILL,EL DORADO,2025-11-04,2025-11-17,2025-11-12,7.7,2025-11-21,-5,4,2025-11-19,2025-11-24,6.9,2025-11-21,5,2,2025-11-26,2025-12-01,11.8,2025-12-04,5,8,2025-12-08,2025-12-07,11.5,2025-12-17,-1,9,2025-12-23,2025-12-26,17.7,2025-12-19,3,-4,2026-01-23,2026-01-27,35.2,2026-01-23,4,0,2026-01-30,2026-02-02,10.3,2026-04-26,3,86
20010.0358,20010.0358,AUSTIN 2,GEORGETOWN,PARKSIDE ON THE RIVER,2026-03-30,2026-04-08,2026-04-10,10.6,,2,,2026-04-14,2026-04-15,7.0,,1,,2026-05-01,2026-05-01,17.2,,0,,,2026-05-12,11.3,,,,,2026-05-28,15.6,,,,,2026-06-28,31.4,,,,,2026-07-18,19.5,,,
20016.0034,689106,AUSTIN 2,GEORGETOWN,WOLF RANCH,2020-10-24,2020-11-16,2020-10-30,5.9,,-17,,2020-11-19,2020-11-21,5.1,,2,,2020-12-19,2020-12-06,17.4,,-13,,2020-12-29,2020-12-30,11.3,,1,,2021-01-13,2021-01-13,15.3,,0,,2021-03-16,2021-02-10,28.4,,-34,,2021-03-22,2021-03-28,12.5,,6,
20016.0223,20016.0223,AUSTIN 2,GEORGETOWN,WOLF RANCH,2024-05-17,2024-05-28,2024-05-28,11.5,2024-05-26,0,-2,2024-06-04,2024-06-04,6.9,2024-06-03,0,-1,2024-07-04,2024-06-22,18.4,2024-06-27,-12,-7,2024-07-11,2024-07-15,11.2,2024-07-14,4,3,2024-07-25,2024-07-26,15.4,2024-07-27,1,2,2024-08-23,2024-08-25,31.3,2024-08-18,2,-5,2024-08-30,2024-09-10,18.0,2024-08-30,11,0
20016.0248,20016.0248,AUSTIN 2,GEORGETOWN,WOLF RANCH,2025-06-30,2025-07-10,2025-07-12,11.5,2025-07-09,2,-1,2025-07-17,2025-07-17,6.6,2025-07-16,0,-1,2025-08-04,2025-08-04,18.1,2025-08-09,0,5,2025-08-18,2025-08-15,11.2,2025-08-14,-3,-4,2025-08-25,2025-08-31,13.3,2025-09-03,6,9,2025-10-21,2025-09-24,29.6,2025-09-18,-27,-33,2025-10-30,2025-11-07,17.0,2025-10-30,8,0
20016.0269,20016.0269,AUSTIN 2,GEORGETOWN,WOLF RANCH,2026-01-08,2026-01-14,2026-01-18,9.7,2026-01-17,4,3,2026-01-20,2026-01-19,5.1,2026-01-20,-1,0,2026-02-05,2026-02-06,16.7,2026-04-26,1,80,2026-02-17,2026-02-16,11.0,2026-05-06,-1,78,2026-02-26,2026-03-01,12.2,2026-05-22,3,85,2026-03-19,2026-03-26,27.6,2026-06-15,7,88,2026-04-03,2026-04-01,13.2,2026-06-25,-2,83
20016.0271,20016.0271,AUSTIN 2,GEORGETOWN,WOLF RANCH,2026-03-06,2026-03-17,2026-03-17,11.4,,0,,2026-03-20,2026-03-23,6.5,,3,,2026-04-07,2026-04-08,18.5,,1,,2026-04-17,2026-04-18,11.2,,1,,2026-04-29,2026-05-02,15.3,,3,,,2026-05-31,31.7,,,,,2026-06-18,17.7,,,
20016.0281,20016.0281,AUSTIN 2,GEORGETOWN,WOLF RANCH,2025-09-04,2025-09-15,2025-09-15,11.5,2025-09-13,0,-2,2025-09-20,2025-09-22,6.9,2025-09-21,2,1,2025-10-13,2025-10-08,18.0,2025-10-13,-5,0,2025-10-29,2025-10-24,11.2,2025-10-23,-5,-6,,2025-11-11,13.2,2026-04-26,,,,2025-12-11,29.8,2026-05-20,,,,2026-01-01,20.7,2026-05-30,,
20016.0282,20016.0282,AUSTIN 2,GEORGETOWN,WOLF RANCH,2026-04-16,,2026-04-27,11.0,,,,,2026-05-04,6.7,,,,,2026-05-22,18.1,,,,,2026-06-02,11.3,,,,,2026-06-16,13.6,,,,,2026-07-17,31.1,,,,,2026-08-05,19.3,,,
20020.0069,796009,AUSTIN 2,BASTROP,THE COLONY,2021-07-30,2021-09-03,2021-08-04,4.9,,-30,,2021-10-11,2021-09-09,5.7,,-32,,2021-11-10,2021-10-22,10.7,,-19,,2021-11-18,2021-11-20,9.5,,2,,,2021-12-06,17.5,,,,,2021-12-26,20.5,,,,,2022-01-09,13.9,,,
20020.0343,20020.0343,AUSTIN 2,BASTROP,THE COLONY,2026-04-01,2026-04-06,2026-04-08,6.7,,2,,2026-04-13,2026-04-12,6.5,,-1,,2026-04-23,2026-04-24,10.7,,1,,,2026-05-03,9.5,,,,,2026-05-21,17.5,,,,,2026-06-10,20.5,,,,,2026-06-24,13.9,,,
20020.0362,20020.0362,AUSTIN 2,BASTROP,THE COLONY,2026-02-26,2026-03-03,2026-03-05,6.5,,2,,2026-03-10,2026-03-10,7.3,,0,,2026-03-20,2026-03-21,10.7,,1,,2026-04-01,2026-03-30,9.5,,-2,,2026-04-17,2026-04-19,17.5,,2,,,2026-05-07,20.5,,,,,2026-05-21,13.9,,,
20373.0094,20373.0094,AUSTIN 2,GEORGETOWN,PARKSIDE ON THE RIVER WEST,2026-03-31,,2026-04-11,11.2,,,,,2026-04-18,7.0,,,,,2026-05-06,18.1,,,,,2026-05-17,11.3,,,,,2026-05-31,14.3,,,,,2026-07-03,32.6,,,,,2026-07-25,22.3,,,
20378.0023,20378.0023,AUSTIN 2,GEORGETOWN,WOODSIDE,2025-04-17,2025-04-23,2025-04-24,7.1,2025-04-28,1,5,2025-04-28,2025-04-28,4.9,2025-04-29,0,1,2025-05-08,2025-05-13,14.9,2025-05-19,5,11,2025-05-19,2025-05-19,11.0,2025-05-16,0,-3,2025-05-27,2025-06-01,13.4,2025-05-30,5,3,2025-06-23,2025-06-20,24.4,2025-06-29,-3,6,2025-07-08,2025-07-07,13.8,2025-07-08,-1,0
20024.0261,20024.0261,AUSTIN 3,AUSTIN,EASTON PARK,2025-12-18,2025-12-30,2025-12-29,11.4,2025-12-28,-1,-2,2026-01-08,2026-01-05,5.8,2026-01-08,-3,0,2026-01-30,2026-02-02,24.8,2026-04-26,3,86,2026-02-13,2026-02-13,14.4,2026-05-09,0,85,2026-02-27,2026-03-06,20.7,2026-05-23,7,85,2026-03-17,2026-03-23,23.7,2026-06-29,6,104,2026-03-27,2026-03-30,12.6,2026-07-11,3,106
20024.0302,20024.0302,AUSTIN 3,AUSTIN,EASTON PARK,2025-12-04,2025-12-15,2025-12-14,10.4,2025-12-14,-1,-1,2025-12-29,2025-12-21,6.3,2025-12-24,-8,-5,2026-01-21,2026-01-23,24.8,2026-01-23,2,2,2026-02-09,2026-02-04,14.4,2026-04-26,-5,76,2026-03-02,2026-02-28,19.5,2026-05-10,-2,69,2026-03-13,2026-03-27,24.6,2026-06-16,14,95,2026-03-23,2026-03-26,12.9,2026-06-28,3,97
20024.0305,20024.0305,AUSTIN 3,AUSTIN,EASTON PARK,2026-01-07,2026-01-19,2026-01-18,11.1,2026-01-17,-1,-2,2026-01-28,2026-01-25,6.3,2026-01-28,-3,0,2026-02-13,2026-02-22,24.8,2026-04-26,9,72,2026-02-27,2026-02-27,14.3,2026-05-09,0,71,2026-03-19,2026-03-20,20.6,2026-05-23,1,65,2026-04-08,2026-04-12,24.3,2026-06-29,4,82,2026-04-20,2026-04-21,12.9,2026-07-11,1,82
20024.0307,20024.0307,AUSTIN 3,AUSTIN,EASTON PARK,2025-12-18,2025-12-29,2025-12-30,11.9,2025-12-28,1,-1,2026-01-07,2026-01-04,6.1,2026-01-07,-3,0,2026-01-26,2026-02-01,24.8,2026-02-01,6,6,2026-02-10,2026-02-09,14.3,2026-04-26,-1,75,2026-02-26,2026-03-01,19.2,2026-05-10,3,73,2026-03-13,2026-03-22,24.5,2026-06-16,9,95,2026-03-20,2026-03-26,12.6,2026-06-28,6,100
20024.0309,20024.0309,AUSTIN 3,AUSTIN,EASTON PARK,2025-12-04,2025-12-11,2025-12-15,10.6,2025-12-14,4,3,2025-12-22,2025-12-17,6.0,2025-12-20,-5,-2,2026-01-16,2026-01-16,24.8,2026-01-16,0,0,2026-02-03,2026-01-30,14.4,2026-04-26,-4,82,2026-02-20,2026-02-21,17.7,2026-05-10,1,79,2026-03-16,2026-03-18,26.2,2026-06-16,2,92,2026-03-20,2026-03-29,12.6,2026-06-28,9,100
20026.0287,20026.0287,AUSTIN 3,KYLE,6 CREEKS,2026-02-11,2026-02-18,2026-02-18,6.8,,0,,2026-02-19,2026-02-24,5.5,,5,,2026-03-06,2026-03-11,19.6,,5,,2026-03-17,2026-03-19,13.2,,2,,2026-03-30,2026-04-01,15.3,,2,,2026-04-10,2026-04-22,23.3,,12,,2026-04-16,2026-04-18,7.9,,2,
20026.0291,20026.0291,AUSTIN 3,KYLE,6 CREEKS,2026-02-11,2026-02-18,2026-02-18,6.8,,0,,2026-02-19,2026-02-23,5.4,,4,,2026-03-07,2026-03-11,19.6,,4,,2026-03-19,2026-03-20,13.2,,1,,2026-03-30,2026-04-03,15.3,,4,,2026-04-15,2026-04-22,23.3,,7,,2026-04-17,2026-04-23,7.9,,6,
20026.0298,20026.0298,AUSTIN 3,KYLE,6 CREEKS,2026-02-11,2026-02-16,2026-02-18,6.8,,2,,2026-02-19,2026-02-21,5.4,,2,,2026-03-07,2026-03-11,19.6,,4,,2026-03-20,2026-03-19,12.3,,-1,,2026-04-07,2026-04-04,15.3,,-3,,2026-04-21,2026-04-30,23.3,,9,,2026-04-27,2026-04-29,7.9,,2,
20337.0034,206100,AUSTIN 3,KYLE,CROSSWINDS,2026-01-07,2026-01-15,2026-01-15,7.6,,0,,2026-01-20,2026-01-21,6.2,,1,,2026-01-29,2026-02-11,21.6,,13,,2026-02-10,2026-02-10,12.0,,0,,2026-02-20,2026-02-25,15.3,,5,,2026-03-09,2026-03-15,22.7,,6,,2026-03-10,2026-03-16,7.4,,6,
20337.0062,206103,AUSTIN 3,KYLE,CROSSWINDS,2026-01-29,2026-02-04,2026-02-05,6.8,,1,,2026-02-10,2026-02-09,5.4,,-1,,2026-02-19,2026-03-01,18.9,,10,,2026-02-26,2026-03-03,12.0,,5,,2026-03-13,2026-03-13,15.3,,0,,2026-03-26,2026-04-05,22.7,,10,,2026-03-27,2026-04-04,8.8,,8,
20337.0075,210043,AUSTIN 3,KYLE,CROSSWINDS,2023-04-18,2023-04-21,2023-04-26,8.2,,5,,2023-05-02,2023-04-27,6.1,,-5,,2023-05-22,2023-05-21,18.8,,-1,,2023-06-08,2023-06-04,13.1,,-4,,2023-06-23,2023-06-24,16.4,,1,,2023-07-28,2023-07-18,25.2,,-10,,2023-08-25,2023-08-06,9.3,,-19,
20041.0057,20041.0057,PERRY D1,MCLENDON-CHISHOLM,SONOMA VERDE,2026-02-10,2026-02-20,2026-02-22,12.3,2026-05-08,2,77,2026-02-24,2026-02-25,4.7,2026-05-14,1,79,2026-03-10,2026-03-09,12.9,2026-06-01,-1,83,2026-03-24,2026-03-19,8.8,2026-06-13,-5,81,2026-04-07,2026-04-10,16.9,2026-07-01,3,85,,2026-04-24,16.6,2026-07-24,,,,2026-05-08,14.4,2026-08-14,,
20041.0069,20041.0069,PERRY D1,MCLENDON-CHISHOLM,SONOMA VERDE,2026-03-03,2026-03-09,2026-03-15,12.3,,6,,2026-03-20,2026-03-14,4.7,,-6,,2026-04-21,2026-04-02,12.9,,-19,,,2026-04-30,8.8,,,,,2026-05-17,16.9,,,,,2026-06-03,16.6,,,,,2026-06-17,14.4,,,
20041.0084,20041.0084,PERRY D1,MCLENDON-CHISHOLM,SONOMA VERDE,2025-11-11,2025-11-17,2025-11-23,12.3,2025-11-23,6,6,2025-11-20,2025-11-22,4.7,2025-11-23,2,3,2025-12-02,2025-12-03,12.9,2025-12-08,1,6,2025-12-03,2025-12-11,8.8,2025-12-14,8,11,2025-12-15,2025-12-20,16.9,2025-12-21,5,6,2025-12-26,2026-01-01,16.6,2026-01-07,6,12,2026-01-07,2026-01-09,14.4,2026-01-07,2,0
20366.0009,20366.0009,PERRY D1,ROCKWALL,TERRACES,2026-01-14,2026-02-03,2026-01-30,15.8,2026-04-26,-4,82,2026-02-12,2026-02-08,5.2,2026-05-09,-4,86,2026-02-20,2026-03-07,23.1,2026-05-22,15,91,2026-03-10,2026-03-04,11.6,2026-06-05,-6,87,2026-03-25,2026-03-26,16.3,2026-06-24,1,91,2026-04-13,2026-04-12,18.3,2026-07-09,-1,87,2026-04-24,2026-05-01,18.3,2026-07-22,7,89
20366.0039,20366.0039,PERRY D1,ROCKWALL,TERRACES,2026-01-14,2026-02-03,2026-01-30,15.8,2026-04-26,-4,82,2026-02-09,2026-02-08,5.2,2026-05-09,-1,89,2026-02-23,2026-03-04,23.1,2026-05-22,9,88,2026-03-17,2026-03-07,11.6,2026-06-05,-10,80,2026-03-25,2026-04-02,16.3,2026-06-24,8,91,2026-04-13,2026-04-12,18.3,2026-07-09,-1,87,2026-04-29,2026-05-01,18.3,2026-07-22,2,84
20366.0101,20366.0101,PERRY D1,ROCKWALL,TERRACES,2026-03-03,2026-03-27,2026-03-21,17.6,,-6,,2026-04-07,2026-04-01,5.2,,-6,,2026-04-30,2026-04-30,23.1,,0,,,2026-05-12,11.6,,,,,2026-05-28,16.3,,,,,2026-06-15,18.3,,,,,2026-07-03,18.3,,,
20366.0104,20366.0104,PERRY D1,ROCKWALL,TERRACES,2026-03-03,2026-03-20,2026-03-20,17.4,,0,,2026-03-25,2026-03-25,5.2,,0,,2026-04-13,2026-04-17,23.1,,4,,2026-04-29,2026-04-25,11.6,,-4,,,2026-05-15,16.3,,,,,2026-06-02,18.3,,,,,2026-06-20,18.3,,,
20382.0007,20382.0007,PERRY D1,WAXAHACHIE,MYRTLE CREEK,2026-04-17,2026-04-28,2026-04-29,11.8,,1,,,2026-05-03,5.1,,,,,2026-05-15,12.2,,,,,2026-05-26,11.4,,,,,2026-06-13,18.3,,,,,2026-07-07,24.3,,,,,2026-07-25,18.2,,,
20382.0008,20382.0008,PERRY D1,WAXAHACHIE,MYRTLE CREEK,2026-02-15,2026-02-23,2026-02-27,11.7,,4,,2026-02-27,2026-02-28,5.1,,1,,2026-03-16,2026-03-11,12.2,,-5,,2026-03-27,2026-03-27,11.4,,0,,2026-04-10,2026-04-14,18.3,,4,,2026-04-24,2026-05-04,24.3,,10,,,2026-05-08,13.9,,,
20413.0009,20413.0009,PERRY D1,FORNEY,MERAKI,2026-02-10,2026-02-17,2026-02-17,7.4,2026-05-09,0,81,2026-02-18,2026-02-21,4.0,2026-05-15,3,86,2026-03-02,2026-03-04,14.4,2026-05-31,2,90,2026-03-11,2026-03-14,12.2,2026-06-12,3,93,2026-03-18,2026-03-21,9.7,2026-06-30,3,104,2026-04-07,2026-04-05,17.6,2026-07-17,-2,101,2026-04-18,2026-04-22,14.5,2026-08-03,4,107
20413.0010,20413.0010,PERRY D1,FORNEY,MERAKI,2026-02-10,2026-02-18,2026-02-17,7.4,2026-05-09,-1,80,2026-02-19,2026-02-22,4.0,2026-05-15,3,85,2026-03-02,2026-03-05,14.4,2026-05-31,3,90,2026-03-19,2026-03-14,12.2,2026-06-12,-5,85,2026-03-30,2026-03-29,9.7,2026-06-30,-1,92,2026-04-15,2026-04-17,17.6,2026-07-17,2,93,2026-04-21,2026-04-30,14.5,2026-08-03,9,104
20413.0015,20413.0015,PERRY D1,FORNEY,MERAKI,2026-02-06,2026-02-16,2026-02-14,7.6,2026-05-09,-2,82,2026-02-17,2026-02-20,3.8,2026-05-15,3,87,2026-02-27,2026-03-03,14.4,2026-05-31,4,93,2026-03-12,2026-03-11,12.3,2026-06-12,-1,92,2026-03-20,2026-03-22,9.7,2026-06-30,2,102,2026-04-06,2026-04-07,17.6,2026-07-17,1,102,2026-04-16,2026-04-21,14.5,2026-08-03,5,109
20413.0023,20413.0023,PERRY D1,FORNEY,MERAKI,2026-02-06,2026-02-17,2026-02-16,9.5,2026-05-09,-1,81,2026-02-18,2026-02-22,4.6,2026-05-15,4,86,2026-03-02,2026-03-04,14.4,2026-05-31,2,90,2026-03-12,2026-03-14,12.2,2026-06-12,2,92,2026-03-30,2026-03-22,10.2,2026-06-30,-8,92,2026-04-10,2026-04-17,17.6,2026-07-17,7,98,2026-04-21,2026-04-25,14.5,2026-08-03,4,104
20413.0060,20413.0060,PERRY D1,FORNEY,MERAKI,2026-02-12,2026-02-23,2026-02-21,8.5,2026-05-09,-2,75,2026-02-23,2026-02-27,4.4,2026-05-15,4,81,2026-03-05,2026-03-09,14.4,2026-05-31,4,87,2026-03-18,2026-03-17,12.3,2026-06-12,-1,86,2026-03-26,2026-03-28,10.2,2026-06-30,2,96,2026-04-13,2026-04-13,17.6,2026-07-17,0,95,2026-04-24,2026-04-28,14.5,2026-08-03,4,101
20413.0069,20413.0069,PERRY D1,FORNEY,MERAKI,2026-04-15,2026-04-27,2026-04-24,8.8,,-3,,2026-04-30,2026-05-02,4.6,,2,,,2026-05-14,14.4,,,,,2026-05-26,12.3,,,,,2026-06-08,12.8,,,,,2026-06-26,17.6,,,,,2026-07-11,14.5,,,
20413.0074,20413.0074,PERRY D1,FORNEY,MERAKI,2026-02-10,2026-02-19,2026-02-18,8.3,2026-05-09,-1,79,2026-02-23,2026-02-24,4.6,2026-05-15,1,81,2026-03-04,2026-03-09,14.4,2026-05-31,5,88,2026-03-17,2026-03-16,12.2,2026-06-12,-1,87,2026-03-31,2026-03-26,8.7,2026-06-30,-5,91,2026-04-13,2026-04-18,17.6,2026-07-17,5,95,2026-04-24,2026-04-28,14.5,2026-08-03,4,101
20413.0075,20413.0075,PERRY D1,FORNEY,MERAKI,2026-02-10,2026-02-20,2026-02-20,10.5,2026-05-09,0,78,2026-02-25,2026-02-25,4.6,2026-05-15,0,79,2026-03-05,2026-03-11,14.4,2026-05-31,6,87,2026-03-18,2026-03-17,12.3,2026-06-12,-1,86,2026-04-04,2026-03-27,8.7,2026-06-30,-8,87,2026-04-14,2026-04-22,17.6,2026-07-17,8,94,2026-04-29,2026-04-29,14.5,2026-08-03,0,96
20413.0090,20413.0090,PERRY D1,FORNEY,MERAKI,2026-02-10,2026-02-19,2026-02-18,8.3,,-1,,2026-02-20,2026-02-24,4.6,,4,,2026-03-04,2026-03-06,14.4,,2,,2026-03-16,2026-03-16,12.2,,0,,2026-03-23,2026-03-25,8.7,,2,,2026-04-10,2026-04-10,17.6,,0,,2026-04-20,2026-04-25,14.5,,5,
20413.0091,20413.0091,PERRY D1,FORNEY,MERAKI,2026-02-12,2026-02-19,2026-02-20,8.2,,1,,2026-02-20,2026-02-24,4.6,,4,,2026-03-05,2026-03-06,14.4,,1,,2026-03-17,2026-03-17,12.3,,0,,2026-03-23,2026-03-27,9.7,,4,,2026-04-10,2026-04-10,17.6,,0,,2026-04-20,2026-04-25,14.5,,5,
20414.0017,20414.0017,PERRY D1,HEATH,BRISTOL VALLEY,2026-04-14,,2026-05-01,16.8,,,,,2026-05-09,8.2,,,,,2026-05-28,18.8,,,,,2026-06-11,13.7,,,,,2026-07-04,23.3,,,,,2026-08-05,31.7,,,,,2026-08-23,18.4,,,
20414.0041,20414.0041,PERRY D1,HEATH,BRISTOL VALLEY,2026-04-02,2026-04-16,2026-04-16,14.4,,0,,2026-04-28,2026-04-23,7.5,,-5,,,2026-05-12,13.6,,,,,2026-05-25,13.3,,,,,2026-06-13,19.1,,,,,2026-07-13,30.0,,,,,2026-07-31,18.1,,,
20414.0042,20414.0042,PERRY D1,HEATH,BRISTOL VALLEY,2026-04-02,2026-04-20,2026-04-16,14.4,,-4,,2026-04-27,2026-04-27,6.8,,0,,,2026-05-12,14.7,,,,,2026-05-24,12.1,,,,,2026-06-14,21.1,,,,,2026-07-13,28.5,,,,,2026-07-31,17.7,,,
20037.0459,20037.0459,PERRY D2,MCKINNEY,TRINITY FALLS,2026-03-19,2026-04-01,2026-03-30,11.4,,-2,,2026-04-12,2026-04-09,8.0,,-3,,,2026-05-08,25.6,,,,,2026-05-19,11.1,,,,,2026-06-02,14.3,,,,,2026-06-24,22.1,,,,,2026-07-09,15.4,,,
20037.0410,20037.0410,PERRY D2,MCKINNEY,TRINITY FALLS,2026-03-13,2026-03-24,2026-03-24,11.4,,0,,2026-03-31,2026-03-30,6.5,,-1,,2026-04-23,2026-04-23,23.0,,0,,,2026-05-04,10.7,,,,,2026-05-18,14.3,,,,,2026-06-09,22.1,,,,,2026-06-24,15.4,,,
20037.0415,20037.0415,PERRY D2,MCKINNEY,TRINITY FALLS,2026-04-15,2026-04-28,2026-04-26,11.4,,-2,,,2026-05-05,7.2,,,,,2026-05-31,25.6,,,,,2026-06-11,10.7,,,,,2026-06-25,14.3,,,,,2026-07-17,22.1,,,,,2026-08-01,15.4,,,
20043.0072,263040,PERRY D2,CELINA,THE PARKS AT WILSON CREEK,2023-05-12,2023-06-06,2023-05-29,17.3,,-8,,2023-06-09,2023-06-09,2.5,,0,,2023-07-19,2023-07-03,24.3,,-16,,2023-08-14,2023-07-29,10.4,,-16,,2023-08-22,2023-08-27,12.6,,5,,2023-09-18,2023-09-11,19.5,,-7,,2023-10-24,2023-10-05,16.7,,-19,
20066.0505,770002,PERRY D2,FORNEY,DEVONSHIRE,2021-03-09,2021-03-19,2021-03-20,11.3,,1,,2021-03-29,2021-03-24,4.6,,-5,,2021-04-08,2021-04-13,15.5,,5,,2021-04-20,2021-04-20,12.3,,0,,2021-05-13,2021-04-30,9.9,,-13,,2021-05-19,2021-05-31,17.6,,12,,2021-06-09,2021-06-03,14.5,,-6,
20085.0018,316048,PERRY D3,CELINA,MOSAIC,2023-11-17,2023-11-28,2023-11-29,12.3,,1,,2023-12-04,2023-12-01,3.3,,-3,,2023-12-21,2023-12-21,17.1,,0,,2024-01-17,2024-01-03,13.0,,-14,,2024-01-23,2024-01-30,13.0,,7,,2024-02-13,2024-02-12,19.5,,-1,,2024-02-29,2024-02-29,15.6,,0,
20362.0049,20362.0049,PERRY D3,LAVON,HILLSTEAD,2024-08-16,2024-08-27,2024-08-26,9.8,2024-08-26,-1,-1,2024-08-30,2024-08-31,3.9,2024-08-30,1,0,2024-09-07,2024-09-11,12.4,2024-09-12,4,5,2024-09-17,2024-09-20,13.1,2024-09-20,3,3,2024-10-01,2024-10-03,16.5,2024-10-07,2,6,2024-10-25,2024-10-22,21.2,2024-10-15,-3,-10,2024-11-06,2024-11-08,13.7,2024-11-06,2,0
20362.0062,20362.0062,PERRY D3,LAVON,HILLSTEAD,2026-04-13,2026-04-27,2026-04-23,9.8,,-4,,2026-04-30,2026-05-01,3.9,,1,,,2026-05-12,12.4,,,,,2026-05-25,13.1,,,,,2026-06-10,16.5,,,,,2026-07-01,21.2,,,,,2026-07-15,13.7,,,
20362.0095,20362.0095,PERRY D3,LAVON,HILLSTEAD,2024-08-16,2024-08-27,2024-08-26,9.8,2024-08-27,-1,0,2024-08-29,2024-08-31,3.9,2024-08-30,2,1,2024-09-07,2024-09-10,12.4,2024-09-12,3,5,2024-09-23,2024-09-20,13.1,2024-09-18,-3,-5,2024-10-10,2024-10-09,16.5,2024-10-11,-1,1,2024-10-29,2024-10-31,21.2,2024-11-08,2,10,2024-11-26,2024-11-12,13.7,2024-11-26,-14,0
20383.0081,20383.0081,PERRY D3,CELINA,THE HEIGHTS AT UPTOWN CELINA,2026-02-09,2026-02-17,2026-02-21,12.1,2026-05-06,4,78,2026-02-20,2026-02-22,4.6,2026-05-09,2,78,2026-03-04,2026-03-07,15.2,2026-05-22,3,79,2026-04-22,2026-03-13,9.4,2026-06-04,-40,43,,2026-05-05,12.7,2026-06-24,,,,2026-05-25,19.5,2026-07-23,,,,2026-06-10,15.6,2026-08-13,,
20383.0082,20383.0082,PERRY D3,CELINA,THE HEIGHTS AT UPTOWN CELINA,2026-02-05,2026-02-12,2026-02-16,10.8,2026-05-06,4,83,2026-02-17,2026-02-17,4.6,2026-05-09,0,81,2026-02-26,2026-03-03,13.7,2026-05-22,5,85,2026-03-05,2026-03-08,10.4,2026-06-04,3,91,2026-03-13,2026-03-18,12.8,2026-06-24,5,103,2026-03-24,2026-04-02,19.5,2026-07-23,9,121,2026-04-10,2026-04-09,15.7,2026-08-13,-1,125
20031.0134,779004,PERRY D4,MANSFIELD,M3 RANCH,2021-07-13,2021-07-23,2021-07-24,10.6,,1,,2021-07-26,2021-07-27,4.5,,1,,2021-08-19,2021-08-12,17.4,,-7,,2021-10-01,2021-09-03,14.7,,-28,,2021-10-04,2021-10-13,12.3,,9,,2021-10-08,2021-10-24,20.3,,16,,2021-10-28,2021-10-25,16.5,,-3,
20033.0080,211072,PERRY D4,FORT WORTH,WALSH,2023-07-03,2023-07-20,2023-07-15,11.5,,-5,,2023-07-26,2023-07-25,5.0,,-1,,2023-08-17,2023-08-14,18.8,,-3,,2023-08-25,2023-08-31,14.3,,6,,2023-09-19,2023-09-09,14.8,,-10,,2023-10-24,2023-10-05,15.5,,-19,,2023-11-13,2023-11-11,17.8,,-2,
20034.0295,20034.0295,PERRY D4,FORT WORTH,VENTANA,2026-03-23,2026-04-02,2026-04-09,17.2,,7,,2026-04-06,2026-04-10,7.7,,4,,2026-04-17,2026-04-22,16.5,,5,,,2026-04-30,12.8,,,,,2026-05-16,15.6,,,,,2026-05-31,15.4,,,,,2026-06-20,19.9,,,
20034.0300,20034.0300,PERRY D4,FORT WORTH,VENTANA,2026-03-18,2026-04-01,2026-03-29,11.3,,-3,,2026-04-01,2026-04-06,5.4,,5,,2026-04-10,2026-04-17,16.2,,7,,2026-04-22,2026-04-21,11.3,,-1,,,2026-05-07,14.8,,,,,2026-05-23,16.2,,,,,2026-06-12,19.9,,,
20088.0112,20088.0112,PERRY D4,HASLET,SWEETGRASS,2026-04-07,2026-04-16,2026-04-19,12.2,,3,,2026-04-23,2026-04-21,4.7,,-2,,,2026-05-12,18.9,,,,,2026-05-22,10.2,,,,,2026-06-03,12.5,,,,,2026-06-24,20.7,,,,,2026-07-16,21.9,,,
20088.0130,20088.0130,PERRY D4,HASLET,SWEETGRASS,2026-04-08,2026-04-22,2026-04-19,11.0,,-3,,2026-04-29,2026-04-27,4.7,,-2,,,2026-05-18,18.9,,,,,2026-05-27,8.9,,,,,2026-06-08,12.5,,,,,2026-06-29,20.7,,,,,2026-07-21,21.9,,,
20088.0186,20088.0186,PERRY D4,HASLET,SWEETGRASS,2026-04-08,2026-04-17,2026-04-20,12.1,,3,,2026-04-24,2026-04-22,4.7,,-2,,,2026-05-13,18.9,,,,,2026-05-23,10.2,,,,,2026-06-04,12.5,,,,,2026-06-25,20.7,,,,,2026-07-17,21.9,,,
20372.0013,20372.0013,PERRY D4,FORT WORTH,TALON HILLS,2026-03-05,2026-03-18,2026-03-21,15.7,,3,,2026-03-30,2026-03-24,5.6,,-6,,2026-04-22,2026-04-15,16.1,,-7,,,2026-05-04,12.2,,,,,2026-05-20,15.6,,,,,2026-06-03,13.5,,,,,2026-06-22,19.4,,,
20394.0020,20394.0020,PERRY D4,LAKEWOOD VILLAGE,LAKEWOOD VILLAGE,2025-07-17,2025-07-22,2025-07-27,9.6,2025-07-30,5,8,2025-07-24,2025-07-27,4.7,2025-07-27,3,3,2025-08-07,2025-08-08,14.6,2025-08-10,1,3,2025-08-26,2025-08-20,12.7,2025-08-20,-6,-6,2025-09-02,2025-09-12,16.9,2025-09-07,10,5,2025-10-17,2025-10-28,55.7,2025-09-26,11,-21,2025-11-19,2025-11-05,18.5,2025-11-19,-14,0
20394.0025,20394.0025,PERRY D4,LAKEWOOD VILLAGE,LAKEWOOD VILLAGE,2026-02-26,2026-03-12,2026-03-08,10.3,,-4,,2026-03-12,2026-03-18,6.1,,6,,2026-03-24,2026-03-27,14.7,,3,,2026-04-07,2026-04-06,12.7,,-1,,2026-04-27,2026-04-24,16.6,,-3,,,2026-05-25,28.1,,,,,2026-06-13,18.5,,,
20407.0011,20407.0011,PERRY D4,DENTON,LANDMARK,2026-02-27,2026-03-09,2026-03-08,8.7,,-1,,2026-03-12,2026-03-15,5.8,,3,,2026-03-20,2026-03-24,12.2,,4,,2026-04-21,2026-04-05,16.4,,-16,,,2026-05-05,14.4,,,,,2026-05-24,19.4,,,,,2026-06-13,19.9,,,
20407.0014,20407.0014,PERRY D4,DENTON,LANDMARK,2026-03-31,2026-04-09,2026-04-09,9.0,,0,,2026-04-17,2026-04-15,5.9,,-2,,,2026-04-28,10.8,,,,,2026-05-13,15.3,,,,,2026-05-29,16.4,,,,,2026-06-16,18.1,,,,,2026-07-05,19.0,,,
20407.0017,20407.0017,PERRY D4,DENTON,LANDMARK,2026-03-20,,2026-04-01,11.6,,,,,2026-04-08,6.8,,,,,2026-04-19,11.2,,,,,2026-05-05,16.5,,,,,2026-05-21,16.0,,,,,2026-06-10,20.3,,,,,2026-06-28,18.5,,,
20407.0021,20407.0021,PERRY D4,DENTON,LANDMARK,2026-03-19,2026-04-14,2026-03-30,11.1,,-15,,2026-04-21,2026-04-19,5.4,,-2,,2026-04-30,2026-05-02,11.1,,2,,,2026-05-17,16.7,,,,,2026-06-04,17.7,,,,,2026-06-22,17.8,,,,,2026-07-12,20.5,,,
20124.0076,695001,HOUSTON 1,MONT BELVIEU,RICELAND,2024-03-20,2024-04-01,2024-04-05,16.5,,4,,2024-04-08,2024-04-08,6.8,,0,,2024-04-15,2024-04-21,13.2,,6,,2024-04-18,2024-04-27,11.9,,9,,2024-05-03,2024-05-06,17.9,,3,,2024-05-13,2024-06-01,29.4,,19,,2024-05-17,2024-05-23,10.3,,6,
20124.0040,694014,HOUSTON 1,MONT BELVIEU,RICELAND,2024-03-20,2024-03-28,2024-04-06,16.5,,9,,2024-04-08,2024-04-05,7.7,,-3,,2024-04-12,2024-04-21,13.2,,9,,2024-04-17,2024-04-24,11.9,,7,,2024-05-02,2024-05-05,17.9,,3,,2024-05-14,2024-05-31,29.4,,17,,2024-05-17,2024-05-24,10.3,,7,
20132.0981,20132.0981,HOUSTON 1,MANVEL,MERIDIANA,2026-04-27,,2026-05-08,11.1,,,,,2026-05-16,8.0,,,,,2026-05-27,10.6,,,,,2026-06-04,8.5,,,,,2026-06-18,14.0,,,,,2026-07-08,20.3,,,,,2026-07-19,11.2,,,
20165.0042,20165.0042,HOUSTON 1,MANVEL,VALENCIA,2024-04-30,2024-05-07,2024-05-13,13.0,2024-05-19,6,12,2024-05-15,2024-05-16,9.1,2024-05-15,1,0,2024-05-23,2024-05-24,8.8,2024-05-26,1,3,2024-06-04,2024-06-03,11.3,2024-06-06,-1,2,2024-06-14,2024-06-16,12.1,2024-06-21,2,7,2024-07-03,2024-07-02,17.6,2024-06-20,-1,-13,2024-07-15,2024-07-14,11.4,2024-07-15,-1,0
20178.0227,20178.0227,HOUSTON 2,MAGNOLIA,ESCONDIDO,2026-03-05,2026-03-24,2026-03-18,12.6,,-6,,2026-03-31,2026-03-29,4.6,,-2,,2026-04-10,2026-04-12,12.0,,2,,2026-04-20,2026-04-20,10.3,,0,,,2026-05-04,14.1,,,,,2026-06-02,29.5,,,,,2026-06-17,14.7,,,
20178.0229,20178.0229,HOUSTON 2,MAGNOLIA,ESCONDIDO,2026-03-13,2026-03-20,2026-03-25,11.7,,5,,2026-03-25,2026-03-25,5.1,,0,,2026-04-08,2026-04-06,12.0,,-2,,2026-04-15,2026-04-18,10.2,,3,,,2026-05-02,16.8,,,,,2026-05-24,22.5,,,,,2026-06-08,15.0,,,
20178.0231,20178.0231,HOUSTON 2,MAGNOLIA,ESCONDIDO,2026-03-12,2026-03-27,2026-03-23,11.3,,-4,,2026-03-31,2026-04-01,5.3,,1,,2026-04-10,2026-04-12,12.1,,2,,2026-04-20,2026-04-20,10.2,,0,,,2026-05-03,12.9,,,,,2026-06-01,28.6,,,,,2026-06-16,14.6,,,
20178.0232,20178.0232,HOUSTON 2,MAGNOLIA,ESCONDIDO,2026-03-12,2026-03-30,2026-03-24,11.6,,-6,,2026-04-01,2026-04-02,3.2,,1,,2026-04-11,2026-04-13,12.1,,2,,2026-04-20,2026-04-21,10.2,,1,,,2026-05-02,12.3,,,,,2026-05-31,28.6,,,,,2026-06-15,14.8,,,
20178.0237,20178.0237,HOUSTON 2,MAGNOLIA,ESCONDIDO,2026-03-05,2026-03-18,2026-03-17,12.3,,-1,,2026-03-24,2026-03-23,4.8,,-1,,2026-04-03,2026-04-05,12.0,,2,,2026-04-14,2026-04-13,10.2,,-1,,,2026-04-29,15.3,,,,,2026-05-26,27.4,,,,,2026-06-10,14.6,,,
20178.0238,20178.0238,HOUSTON 2,MAGNOLIA,ESCONDIDO,2026-03-30,2026-04-13,2026-04-09,9.7,,-4,,2026-04-16,2026-04-16,2.7,,0,,2026-04-28,2026-04-28,12.1,,0,,,2026-05-08,10.2,,,,,2026-05-21,12.9,,,,,2026-06-19,28.6,,,,,2026-07-04,14.7,,,
20178.0249,20178.0249,HOUSTON 2,MAGNOLIA,ESCONDIDO,2026-03-10,2026-03-19,2026-03-21,10.9,,2,,2026-03-26,2026-03-24,5.4,,-2,,2026-04-07,2026-04-07,12.0,,0,,2026-04-14,2026-04-17,10.2,,3,,,2026-05-01,17.2,,,,,2026-05-25,24.2,,,,,2026-06-09,14.6,,,
20178.0136,20178.0136,HOUSTON 2,MAGNOLIA,ESCONDIDO,2026-03-17,2026-03-30,2026-03-28,11.1,,-2,,2026-03-30,2026-04-03,3.6,,4,,2026-04-08,2026-04-11,12.1,,3,,2026-04-17,2026-04-18,10.3,,1,,,2026-05-03,15.9,,,,,2026-05-27,23.8,,,,,2026-06-11,15.3,,,
20178.0154,20178.0154,HOUSTON 2,MAGNOLIA,ESCONDIDO,2026-03-31,2026-04-13,2026-04-11,11.5,,-2,,2026-04-15,2026-04-16,3.1,,1,,2026-04-24,2026-04-27,12.1,,3,,,2026-05-04,10.3,,,,,2026-05-16,11.8,,,,,2026-06-14,28.6,,,,,2026-06-29,14.9,,,
20183.0227,20183.0227,HOUSTON 2,MAGNOLIA,AUDUBON,2025-10-17,2025-10-24,2025-10-30,12.9,2025-10-29,6,5,2025-10-29,2025-10-28,4.5,2025-10-26,-1,-3,2025-11-12,2025-11-10,12.0,2025-11-10,-2,-2,2025-11-19,2025-11-22,10.2,2025-12-01,3,12,2025-11-25,2025-12-04,14.8,2025-12-02,9,7,2025-12-19,2025-12-24,28.6,2025-12-11,5,-8,2026-01-09,2026-01-03,15.0,2026-01-09,-6,0
20183.0228,20183.0228,HOUSTON 2,MAGNOLIA,AUDUBON,2026-02-11,2026-02-26,2026-02-23,12.3,,-3,,2026-03-02,2026-03-03,5.0,,1,,2026-03-12,2026-03-14,12.1,,2,,2026-03-20,2026-03-22,10.3,,2,,2026-03-31,2026-04-09,20.2,,9,,2026-04-15,2026-04-29,29.0,,14,,2026-04-24,2026-04-30,15.4,,6,
20183.0246,20183.0246,HOUSTON 2,MAGNOLIA,AUDUBON,2026-04-15,,2026-04-26,10.9,,,,,2026-04-30,3.7,,,,,2026-05-12,12.1,,,,,2026-05-22,10.3,,,,,2026-06-05,14.2,,,,,2026-07-04,28.6,,,,,2026-07-19,14.7,,,
20183.0223,20183.0223,HOUSTON 2,MAGNOLIA,AUDUBON,2025-11-13,2025-11-26,2025-11-26,13.1,2025-11-28,0,2,2025-12-03,2025-12-02,5.7,2025-12-01,-1,-2,2025-12-11,2025-12-15,12.1,2025-12-14,4,3,2025-12-22,2025-12-21,10.3,2025-12-22,-1,0,2026-01-22,2026-01-10,19.3,2026-01-08,-12,-14,2026-01-24,2026-02-16,25.3,2026-02-07,23,14,2026-02-04,2026-02-08,15.4,2026-04-26,4,81
20183.0277,20183.0277,HOUSTON 2,MAGNOLIA,AUDUBON,2026-03-17,2026-04-01,2026-03-28,11.4,,-4,,2026-04-06,2026-04-06,5.5,,0,,2026-04-15,2026-04-18,12.1,,3,,2026-04-28,2026-04-25,10.3,,-3,,,2026-05-16,17.7,,,,,2026-06-08,23.4,,,,,2026-06-22,14.4,,,
20183.0222,20183.0222,HOUSTON 2,MAGNOLIA,AUDUBON,2025-11-13,2025-12-01,2025-11-30,16.6,2025-12-05,-1,4,2025-12-03,2025-12-05,3.6,2025-12-06,2,3,2025-12-11,2025-12-15,12.1,2025-12-19,4,8,2025-12-22,2025-12-21,10.3,2025-12-22,-1,0,2026-01-22,2026-01-12,20.5,2026-01-08,-10,-14,2026-01-26,2026-02-17,25.6,2026-02-07,22,12,2026-02-04,2026-02-10,15.1,2026-04-26,6,81
20364.0005,20364.0005,HOUSTON 2,MONTGOMERY,KRESSTON,2026-04-02,2026-04-16,2026-04-17,14.7,,1,,2026-04-20,2026-04-22,5.6,,2,,2026-05-01,2026-05-01,11.2,,0,,,2026-05-14,12.6,,,,,2026-05-31,16.6,,,,,2026-06-28,28.1,,,,,2026-07-17,18.5,,,
20364.0021,20364.0021,HOUSTON 2,MONTGOMERY,KRESSTON,2026-04-17,,2026-04-30,13.3,,,,,2026-05-06,5.6,,,,,2026-05-16,10.0,,,,,2026-05-29,12.6,,,,,2026-06-15,16.6,,,,,2026-07-13,28.1,,,,,2026-08-01,18.5,,,
20364.0024,20364.0024,HOUSTON 2,MONTGOMERY,KRESSTON,2026-03-27,2026-04-16,2026-04-11,14.6,,-5,,2026-04-20,2026-04-22,5.7,,2,,2026-04-30,2026-04-30,9.7,,0,,,2026-05-13,12.7,,,,,2026-05-30,16.6,,,,,2026-06-27,28.1,,,,,2026-07-16,18.5,,,
20364.0047,20364.0047,HOUSTON 2,MONTGOMERY,KRESSTON,2026-03-27,2026-04-10,2026-04-14,17.6,,4,,2026-04-15,2026-04-16,5.7,,1,,2026-04-29,2026-04-28,13.1,,-1,,,2026-05-12,12.6,,,,,2026-05-29,16.6,,,,,2026-06-26,28.1,,,,,2026-07-15,18.5,,,
20364.0061,20364.0061,HOUSTON 2,MONTGOMERY,KRESSTON,2026-03-12,2026-03-24,2026-03-30,17.8,,6,,2026-03-27,2026-03-29,4.8,,2,,2026-04-11,2026-04-10,14.5,,-1,,2026-04-27,2026-04-24,12.6,,-3,,,2026-05-14,16.6,,,,,2026-06-11,28.1,,,,,2026-06-30,18.5,,,
20376.0015,20376.0015,HOUSTON 2,MAGNOLIA,WOODHAVYN,2026-03-27,2026-04-09,2026-04-08,11.7,,-1,,2026-04-14,2026-04-14,5.1,,0,,2026-04-24,2026-04-26,12.1,,2,,,2026-05-04,10.3,,,,,2026-05-17,13.3,,,,,2026-06-19,32.5,,,,,2026-07-04,14.7,,,
20376.0018,20376.0018,HOUSTON 2,MAGNOLIA,WOODHAVYN,2026-03-26,2026-04-03,2026-04-07,11.9,,4,,2026-04-07,2026-04-08,4.5,,1,,2026-04-16,2026-04-19,12.1,,3,,2026-04-27,2026-04-26,10.2,,-1,,,2026-05-09,11.6,,,,,2026-06-11,32.5,,,,,2026-06-26,14.7,,,
20376.0024,20376.0024,HOUSTON 2,MAGNOLIA,WOODHAVYN,2025-02-17,2025-02-25,2025-03-01,11.8,2025-03-05,4,8,2025-03-03,2025-03-02,4.6,2025-03-03,-1,0,2025-03-13,2025-03-15,12.0,2025-03-13,2,0,2025-03-20,2025-03-23,10.3,2025-03-24,3,4,2025-03-28,2025-04-06,17.0,2025-04-06,9,9,2025-04-10,2025-04-30,33.4,2025-04-13,20,3,2025-04-29,2025-04-25,15.4,2025-04-29,-4,0
20376.0030,20376.0030,HOUSTON 2,MAGNOLIA,WOODHAVYN,2026-03-31,2026-04-14,2026-04-12,11.7,,-2,,2026-04-16,2026-04-18,4.4,,2,,2026-04-25,2026-04-28,12.1,,3,,,2026-05-05,10.3,,,,,2026-05-19,14.0,,,,,2026-06-20,32.3,,,,,2026-07-05,14.7,,,
20377.0005,20377.0005,HOUSTON 2,TODD MISSION,COLTON,2026-03-20,2026-04-10,2026-04-01,12.3,,-9,,2026-04-14,2026-04-15,5.0,,1,,2026-04-30,2026-04-27,13.4,,-3,,,2026-05-09,8.9,,,,,2026-05-23,14.3,,,,,2026-06-14,22.2,,,,,2026-06-26,12.2,,,
20397.0007,20397.0007,HOUSTON 2,MAGNOLIA,WILDTREE,2026-02-02,2026-02-10,2026-02-11,9.2,2026-05-08,1,87,2026-02-13,2026-02-14,4.2,2026-05-11,1,87,2026-02-24,2026-02-25,12.1,2026-05-20,1,85,2026-03-04,2026-03-06,10.2,2026-05-31,2,88,2026-03-10,2026-03-20,16.3,2026-06-17,10,99,2026-04-27,2026-04-11,32.3,2026-07-03,-16,67,,2026-05-12,14.6,2026-07-28,,
20397.0028,20397.0028,HOUSTON 2,MAGNOLIA,WILDTREE,2026-04-01,2026-04-13,2026-04-10,9.4,,-3,,2026-04-16,2026-04-16,3.4,,0,,2026-04-24,2026-04-28,12.1,,4,,,2026-05-04,10.2,,,,,2026-05-18,13.8,,,,,2026-06-19,32.3,,,,,2026-07-04,14.7,,,
20398.0019,20398.0019,HOUSTON 2,HOCKLEY,EVERLY,2026-03-04,2026-03-12,2026-03-12,8.0,,0,,2026-03-18,2026-03-18,6.0,,0,,2026-03-27,2026-03-30,11.5,,3,,2026-04-10,2026-04-07,11.2,,-3,,2026-04-16,2026-04-24,13.8,,8,,,2026-05-08,21.8,,,,,2026-05-23,14.9,,,
20398.0069,20398.0069,HOUSTON 2,HOCKLEY,EVERLY,2026-04-10,,2026-04-17,7.0,,,,,2026-04-23,5.7,,,,,2026-05-04,11.1,,,,,2026-05-15,11.4,,,,,2026-05-30,15.1,,,,,2026-06-21,21.8,,,,,2026-07-06,14.5,,,
20398.0082,20398.0082,HOUSTON 2,HOCKLEY,EVERLY,2026-04-07,,2026-04-14,7.3,,,,,2026-04-19,5.5,,,,,2026-05-01,11.5,,,,,2026-05-12,11.1,,,,,2026-05-26,13.7,,,,,2026-06-17,21.8,,,,,2026-07-02,14.9,,,
20398.0102,20398.0102,HOUSTON 2,HOCKLEY,EVERLY,2026-02-17,2026-02-27,2026-02-24,7.2,,-3,,2026-03-05,2026-03-04,4.8,,-1,,2026-03-13,2026-03-17,12.0,,4,,2026-03-23,2026-03-24,11.4,,1,,,2026-04-07,15.4,,,,2026-04-17,2026-04-29,21.8,,12,,2026-04-28,2026-04-30,13.3,,2,
20398.0114,20398.0114,HOUSTON 2,HOCKLEY,EVERLY,2025-12-29,2026-01-12,2026-01-07,8.6,2026-01-09,-5,-3,2026-01-12,2026-01-17,5.1,2026-01-20,5,8,2026-01-23,2026-01-24,12.2,2026-01-22,1,-1,2026-01-30,2026-02-03,11.3,2026-04-26,4,86,2026-02-12,2026-02-14,15.1,2026-05-27,2,104,2026-02-27,2026-03-06,21.8,2026-05-29,7,91,2026-03-05,2026-03-12,13.5,2026-06-23,7,110
20398.0118,20398.0118,HOUSTON 2,HOCKLEY,EVERLY,2025-06-23,2025-07-17,2025-07-05,12.5,2025-07-07,-12,-10,2025-07-18,2025-07-24,6.6,2025-07-20,6,2,2025-07-31,2025-07-30,12.1,2025-07-28,-1,-3,2025-08-08,2025-08-11,11.5,2025-08-11,3,3,2025-08-25,2025-08-23,15.2,2025-08-25,-2,0,2026-03-09,2025-09-16,21.8,2026-04-26,-174,48,2026-03-26,2026-03-22,13.3,2026-05-21,-4,56
20398.0119,20398.0119,HOUSTON 2,HOCKLEY,EVERLY,2025-12-23,2026-01-05,2026-01-07,14.5,2026-01-06,2,1,2026-01-07,2026-01-10,5.3,2026-01-08,3,1,2026-01-17,2026-01-19,12.2,2026-01-17,2,0,2026-01-30,2026-01-29,11.7,2026-04-26,-1,86,2026-02-10,2026-02-14,15.1,2026-05-13,4,92,2026-03-13,2026-03-04,21.8,2026-05-29,-9,77,2026-03-27,2026-03-26,13.3,2026-06-23,-1,88
20398.0139,20398.0139,HOUSTON 2,HOCKLEY,EVERLY,2025-07-03,2025-07-18,2025-07-18,14.7,2025-07-17,0,-1,2025-07-22,2025-07-25,7.5,2025-07-21,3,-1,2025-08-01,2025-08-03,12.0,2025-08-01,2,0,2025-08-12,2025-08-13,12.0,2025-08-12,1,0,2025-09-09,2025-08-28,15.7,2025-08-29,-12,-11,2026-03-09,2025-10-01,21.8,2026-04-26,-159,48,2026-03-27,2026-03-22,13.3,2026-05-21,-5,55
20398.0140,20398.0140,HOUSTON 2,HOCKLEY,EVERLY,2025-07-02,2025-07-16,2025-07-15,13.3,2025-07-16,-1,0,2025-07-18,2025-07-23,7.5,2025-07-19,5,1,2025-07-30,2025-07-30,12.0,2025-07-28,0,-2,2025-08-08,2025-08-11,11.6,2025-08-10,3,2,2025-08-27,2025-08-24,15.7,2025-08-25,-3,-2,2026-03-09,2025-09-18,21.8,2026-04-26,-172,48,2026-03-27,2026-03-22,13.3,2026-05-21,-5,55
20233.0538,20233.0538,HOUSTON 3,FULSHEAR,JORDAN RANCH,2024-09-18,2024-10-01,2024-09-28,10.2,2024-10-03,-3,2,2024-10-03,2024-10-06,4.6,2024-10-05,3,2,2024-10-11,2024-10-14,11.4,2024-10-13,3,2,2024-10-15,2024-10-20,8.7,2024-10-17,5,2,2024-11-04,2024-11-02,18.3,2024-11-04,-2,0,2024-11-07,2024-11-19,15.3,2024-11-12,12,5,2024-11-18,2024-11-19,12.5,2024-11-18,1,0
20233.0540,20233.0540,HOUSTON 3,FULSHEAR,JORDAN RANCH,2026-04-27,,2026-05-07,9.8,,,,,2026-05-12,4.8,,,,,2026-05-23,11.3,,,,,2026-06-01,9.2,,,,,2026-06-19,18.1,,,,,2026-07-07,17.7,,,,,2026-07-19,12.5,,,
20233.0559,20233.0559,HOUSTON 3,FULSHEAR,JORDAN RANCH,2025-09-04,2025-09-23,2025-09-19,14.7,2025-09-19,-4,-4,2025-09-27,2025-09-28,4.7,2025-10-01,1,4,2025-10-09,2025-10-08,11.4,2025-10-07,-1,-2,2025-10-27,2025-10-19,9.9,2025-10-26,-8,-1,2025-11-16,2025-11-14,18.3,2025-11-09,-2,-7,2025-12-12,2025-12-01,14.6,2025-12-05,-11,-7,2025-12-24,2025-12-24,12.3,2025-12-24,0,0
20233.0567,20233.0567,HOUSTON 3,FULSHEAR,JORDAN RANCH,2025-08-28,2025-09-09,2025-09-13,16.5,2025-09-12,4,3,2025-09-15,2025-09-16,6.9,2025-09-17,1,2,2025-09-30,2025-09-26,11.3,2025-09-25,-4,-5,2025-10-10,2025-10-10,10.4,2025-10-17,0,7,2025-10-28,2025-10-29,18.8,2025-10-23,1,-5,2025-12-07,2025-11-16,18.9,2025-11-16,-21,-21,2025-12-22,2025-12-19,12.3,2025-12-22,-3,0
20265.0279,20265.0279,HOUSTON 3,FULSHEAR,CROSS CREEK WEST,2026-03-17,2026-04-06,2026-04-01,15.0,,-5,,2026-04-08,2026-04-11,5.2,,3,,2026-04-21,2026-04-19,11.3,,-2,,,2026-05-01,10.1,,,,,2026-05-19,18.5,,,,,2026-06-03,15.4,,,,,2026-06-16,12.7,,,
20265.0280,20265.0280,HOUSTON 3,FULSHEAR,CROSS CREEK WEST,2026-03-18,2026-04-06,2026-04-01,13.5,,-5,,2026-04-08,2026-04-10,3.8,,2,,2026-04-17,2026-04-19,11.3,,2,,2026-04-28,2026-04-27,10.1,,-1,,,2026-05-17,18.7,,,,,2026-06-02,16.3,,,,,2026-06-15,12.7,,,
20265.0281,20265.0281,HOUSTON 3,FULSHEAR,CROSS CREEK WEST,2026-04-13,,2026-04-27,14.1,,,,,2026-05-01,4.2,,,,,2026-05-12,11.3,,,,,2026-05-22,10.1,,,,,2026-06-10,18.9,,,,,2026-06-27,16.8,,,,,2026-07-10,12.7,,,
20267.0547,20267.0547,HOUSTON 3,RICHMOND,CANDELA,2026-03-26,2026-04-29,2026-04-05,10.3,,-24,,,2026-05-04,5.4,,,,,2026-05-14,10.5,,,,,2026-05-22,8.4,,,,,2026-06-07,15.9,,,,,2026-06-26,18.9,,,,,2026-07-08,11.9,,,
20267.0579,20267.0579,HOUSTON 3,RICHMOND,CANDELA,2026-04-07,,2026-04-20,12.9,,,,,2026-04-25,5.3,,,,,2026-05-06,10.7,,,,,2026-05-17,10.6,,,,,2026-06-02,16.5,,,,,2026-06-24,21.5,,,,,2026-07-06,12.3,,,
20359.0026,20359.0026,HOUSTON 3,KATY,GRANGE,2026-04-01,2026-04-20,2026-04-16,15.5,,-4,,2026-04-24,2026-04-24,4.1,,0,,,2026-05-06,12.0,,,,,2026-05-18,11.5,,,,,2026-06-10,23.3,,,,,2026-06-26,16.2,,,,,2026-07-06,9.9,,,
20359.0029,20359.0029,HOUSTON 3,KATY,GRANGE,2026-04-09,,2026-04-22,13.1,,,,,2026-04-26,4.2,,,,,2026-05-06,10.3,,,,,2026-05-18,11.7,,,,,2026-06-08,21.1,,,,,2026-06-22,14.5,,,,,2026-07-01,9.3,,,
20359.0032,20359.0032,HOUSTON 3,KATY,GRANGE,2026-02-06,2026-02-26,2026-02-21,15.1,2026-05-13,-5,76,2026-03-03,2026-03-02,4.3,2026-05-18,-1,76,2026-03-12,2026-03-16,12.9,2026-06-02,4,82,2026-03-24,2026-03-23,11.3,2026-06-11,-1,79,2026-04-15,2026-04-15,21.9,2026-06-23,0,69,,2026-05-04,18.7,2026-07-16,,,,2026-05-14,9.7,2026-07-22,,
20359.0044,20359.0044,HOUSTON 3,KATY,GRANGE,2026-03-24,2026-04-08,2026-04-08,15.4,,0,,2026-04-15,2026-04-12,4.2,,-3,,2026-04-22,2026-04-26,11.0,,4,,2026-04-29,2026-05-03,11.3,,4,,,2026-05-22,23.4,,,,,2026-06-13,22.0,,,,,2026-06-23,10.4,,,
20371.0010,20371.0010,HOUSTON 3,RICHMOND,CANDELA SOUTH,2025-11-25,2025-12-09,2025-12-05,9.7,2025-12-06,-4,-3,2025-12-12,2025-12-13,4.3,2025-12-15,1,3,2025-12-19,2025-12-23,10.7,2025-12-17,4,-2,2025-12-29,2025-12-28,9.2,2025-12-26,-1,-3,2026-01-12,2026-01-11,12.8,2026-01-11,-1,-1,2026-01-27,2026-01-28,15.5,2026-01-26,1,-1,2026-02-06,2026-02-08,11.9,2026-04-26,2,79
20371.0017,20371.0017,HOUSTON 3,RICHMOND,CANDELA SOUTH,2025-12-18,2025-12-30,2025-12-28,9.5,2025-12-29,-2,-1,2026-01-05,2026-01-04,4.8,2026-01-05,-1,0,2026-01-10,2026-01-15,10.2,2026-01-10,5,0,2026-01-14,2026-01-18,8.4,2026-01-17,4,3,2026-02-02,2026-01-29,15.0,2026-04-26,-4,83,2026-02-16,2026-02-17,15.0,2026-05-10,1,83,2026-03-02,2026-02-28,11.9,2026-05-24,-2,83
20371.0072,20371.0072,HOUSTON 3,RICHMOND,CANDELA SOUTH,2026-03-04,2026-03-16,2026-03-14,10.3,,-2,,2026-03-20,2026-03-21,4.5,,1,,2026-03-31,2026-03-31,10.6,,0,,2026-04-13,2026-04-10,10.2,,-3,,2026-04-20,2026-04-25,12.3,,5,,,2026-05-04,13.9,,,,,2026-05-16,12.1,,,
20371.0073,20371.0073,HOUSTON 3,RICHMOND,CANDELA SOUTH,2026-03-10,2026-03-20,2026-03-20,10.0,,0,,2026-03-24,2026-03-25,4.7,,1,,2026-04-06,2026-04-03,10.4,,-3,,2026-04-15,2026-04-16,9.6,,1,,2026-04-27,2026-04-30,14.6,,3,,,2026-05-12,15.2,,,,,2026-05-24,12.4,,,
20415.0087,20415.0087,HOUSTON 3,KATY,LAKES OF CANE ISLAND,2026-03-31,2026-04-07,2026-04-13,12.7,,6,,2026-04-09,2026-04-11,4.1,,2,,2026-04-17,2026-04-19,10.3,,2,,2026-04-23,2026-04-29,11.6,,6,,,2026-05-13,20.5,,,,,2026-06-09,27.2,,,,,2026-06-21,12.4,,,
20415.0037,20415.0037,HOUSTON 3,KATY,LAKES OF CANE ISLAND,2026-03-30,2026-04-08,2026-04-16,17.4,,8,,2026-04-10,2026-04-13,4.9,,3,,2026-04-21,2026-04-23,12.6,,2,,2026-04-30,2026-05-03,11.6,,3,,,2026-05-22,22.0,,,,,2026-06-24,33.3,,,,,2026-07-09,14.7,,,
20415.0003,20415.0003,HOUSTON 3,KATY,LAKES OF CANE ISLAND,2026-03-12,2026-03-25,2026-03-29,16.7,,4,,2026-03-30,2026-03-30,4.9,,0,,2026-04-08,2026-04-14,15.4,,6,,2026-04-16,2026-04-20,11.8,,4,,,2026-05-09,23.2,,,,,2026-06-11,32.6,,,,,2026-06-26,14.9,,,
20415.0032,20415.0032,HOUSTON 3,KATY,LAKES OF CANE ISLAND,2026-03-13,2026-04-01,2026-03-30,16.6,,-2,,2026-04-08,2026-04-06,4.6,,-2,,2026-04-16,2026-04-21,13.4,,5,,2026-05-01,2026-04-28,11.7,,-3,,,2026-05-23,22.1,,,,,2026-06-23,30.8,,,,,2026-07-07,13.6,,,
20205.0209,20205.0209,HOUSTON 4,PORTER,THE HIGHLANDS,2026-03-25,2026-04-06,2026-04-06,12.2,,0,,2026-04-09,2026-04-10,3.9,,1,,2026-04-20,2026-04-19,9.7,,-1,,,2026-04-28,7.8,,,,,2026-05-16,18.0,,,,,2026-06-13,27.6,,,,,2026-06-27,13.6,,,
20205.0233,20205.0233,HOUSTON 4,PORTER,THE HIGHLANDS,2026-03-03,2026-03-16,2026-03-15,12.2,,-1,,2026-03-17,2026-03-20,3.9,,3,,2026-03-21,2026-03-27,9.7,,6,,2026-04-06,2026-03-29,8.4,,-8,,2026-04-16,2026-04-24,18.0,,8,,,2026-05-14,27.6,,,,,2026-05-28,13.6,,,
20215.0099,253041,HOUSTON 4,CONROE,ARTAVIA,2025-12-29,2026-01-11,2026-01-12,13.6,,1,,2026-01-12,2026-01-15,4.5,,3,,2026-01-23,2026-01-23,10.6,,0,,2026-02-07,2026-02-01,9.3,,-6,,2026-02-17,2026-02-23,15.6,,6,,2026-03-05,2026-03-10,20.8,,5,,2026-03-18,2026-03-19,14.2,,1,
20215.0417,20215.0417,HOUSTON 4,CONROE,ARTAVIA,2026-04-16,2026-04-27,2026-04-29,13.5,,2,,2026-04-29,2026-05-01,3.8,,2,,,2026-05-10,10.6,,,,,2026-05-20,9.7,,,,,2026-06-05,15.7,,,,,2026-06-28,23.3,,,,,2026-07-12,14.2,,,
20218.0071,20218.0071,HOUSTON 4,CONROE,EVERGREEN,2026-04-07,2026-04-20,2026-04-20,12.6,,0,,2026-04-30,2026-04-24,3.8,,-6,,,2026-05-11,10.6,,,,,2026-05-21,9.9,,,,,2026-06-06,15.7,,,,,2026-07-01,25.0,,,,,2026-07-15,14.1,,,
20218.0141,20218.0141,HOUSTON 4,CONROE,EVERGREEN,2026-02-17,2026-02-25,2026-02-27,10.0,,2,,2026-02-27,2026-03-01,3.8,,2,,2026-03-10,2026-03-09,10.5,,-1,,2026-03-17,2026-03-20,9.9,,3,,2026-04-03,2026-04-02,16.2,,-1,,2026-04-09,2026-04-23,19.6,,14,,2026-04-17,2026-04-21,12.4,,4,
20218.0143,20218.0143,HOUSTON 4,CONROE,EVERGREEN,2026-03-31,2026-04-07,2026-04-12,11.9,,5,,2026-04-09,2026-04-11,3.6,,2,,2026-04-18,2026-04-19,10.5,,1,,2026-04-28,2026-04-28,9.8,,0,,,2026-05-14,16.2,,,,,2026-05-31,16.9,,,,,2026-06-13,13.1,,,
20218.0144,20218.0144,HOUSTON 4,CONROE,EVERGREEN,2026-03-25,2026-03-31,2026-04-06,12.3,,6,,2026-04-02,2026-04-04,3.6,,2,,2026-04-10,2026-04-12,10.5,,2,,2026-04-18,2026-04-20,9.8,,2,,,2026-05-04,16.2,,,,,2026-05-18,13.6,,,,,2026-06-01,14.3,,,
20218.0119,20218.0119,HOUSTON 4,CONROE,EVERGREEN,2026-04-02,2026-04-13,2026-04-17,14.6,,4,,2026-04-16,2026-04-17,3.8,,1,,2026-04-24,2026-04-27,10.6,,3,,,2026-05-04,10.1,,,,,2026-05-20,16.2,,,,,2026-06-07,18.3,,,,,2026-06-21,14.3,,,
20221.0303,20221.0303,HOUSTON 4,CONROE,GRAND CENTRAL PARK,2026-02-25,2026-03-09,2026-03-11,14.0,,2,,2026-03-16,2026-03-13,3.8,,-3,,2026-03-21,2026-03-27,10.6,,6,,2026-03-30,2026-03-30,9.4,,0,,2026-04-13,2026-04-15,15.7,,2,,2026-04-29,2026-04-28,15.5,,-1,,,2026-05-13,14.4,,,
20175.0059,20175.0059,HOUSTON 5,HOCKLEY,JUBILEE,2026-03-25,2026-04-22,2026-04-06,12.3,,-16,,2026-04-27,2026-04-29,7.3,,2,,,2026-05-09,12.2,,,,,2026-05-21,12.0,,,,,2026-06-06,16.1,,,,,2026-06-27,21.3,,,,,2026-07-11,14.4,,,
20181.1128,20181.1128,HOUSTON 5,CYPRESS,BRIDGELAND,2026-03-26,2026-04-06,2026-04-07,11.7,,1,,2026-04-09,2026-04-11,4.6,,2,,2026-04-24,2026-04-21,12.0,,-3,,,2026-05-03,8.8,,,,,2026-05-19,15.9,,,,,2026-06-04,16.4,,,,,2026-06-16,12.2,,,
20181.1014,20181.1014,HOUSTON 5,CYPRESS,BRIDGELAND,2026-04-20,,2026-05-05,15.3,,,,,2026-05-11,6.1,,,,,2026-05-25,13.9,,,,,2026-06-04,10.2,,,,,2026-06-24,19.9,,,,,2026-07-25,30.6,,,,,2026-08-09,14.6,,,
20181.1232,20181.1232,HOUSTON 5,CYPRESS,BRIDGELAND,2026-04-01,2026-04-16,2026-04-14,12.8,,-2,,2026-04-22,2026-04-22,6.4,,0,,,2026-05-04,12.0,,,,,2026-05-13,9.3,,,,,2026-05-29,16.2,,,,,2026-06-16,17.9,,,,,2026-07-04,18.4,,,
20181.1233,20181.1233,HOUSTON 5,CYPRESS,BRIDGELAND,2026-03-11,2026-03-30,2026-03-23,11.8,,-7,,2026-04-02,2026-04-05,5.6,,3,,2026-04-22,2026-04-14,12.1,,-8,,,2026-05-02,10.3,,,,,2026-05-19,17.5,,,,,2026-06-11,23.3,,,,,2026-06-29,17.8,,,
20195.0161,20195.0161,HOUSTON 5,HOCKLEY,THE GRAND PRAIRIE,2026-04-28,,2026-05-07,8.8,,,,,2026-05-14,6.8,,,,,2026-05-26,11.6,,,,,2026-06-08,12.8,,,,,2026-06-22,14.3,,,,,2026-07-14,21.8,,,,,2026-07-29,14.9,,,
20195.0164,20195.0164,HOUSTON 5,HOCKLEY,THE GRAND PRAIRIE,2026-04-28,,2026-05-07,9.0,,,,,2026-05-14,7.4,,,,,2026-05-26,11.6,,,,,2026-06-08,12.8,,,,,2026-06-22,14.3,,,,,2026-07-14,21.8,,,,,2026-07-29,14.9,,,
20238.0726,20238.0726,HOUSTON 5,KATY,ELYSON,2026-04-13,,2026-04-28,14.7,,,,,2026-05-02,4.2,,,,,2026-05-12,10.4,,,,,2026-05-24,11.8,,,,,2026-06-14,21.4,,,,,2026-06-30,16.1,,,,,2026-07-09,9.5,,,
20238.0732,20238.0732,HOUSTON 5,KATY,ELYSON,2026-04-24,,2026-05-06,12.1,,,,,2026-05-10,4.2,,,,,2026-05-18,8.4,,,,,2026-05-30,11.9,,,,,2026-06-16,17.3,,,,,2026-07-01,14.8,,,,,2026-07-10,9.3,,,
20238.0737,20238.0737,HOUSTON 5,KATY,ELYSON,2026-04-28,,2026-05-10,12.1,,,,,2026-05-14,4.2,,,,,2026-05-24,9.6,,,,,2026-06-05,11.9,,,,,2026-06-23,18.3,,,,,2026-07-07,14.3,,,,,2026-07-16,9.3,,,
20238.0743,20238.0743,HOUSTON 5,KATY,ELYSON,2026-03-05,2026-03-12,2026-03-17,12.3,,5,,2026-03-16,2026-03-16,4.2,,0,,2026-03-25,2026-03-26,9.7,,1,,2026-04-06,2026-04-06,11.9,,0,,2026-04-16,2026-04-23,17.1,,7,,2026-05-01,2026-05-01,15.5,,0,,,2026-05-11,9.5,,,
20238.0770,20238.0770,HOUSTON 5,KATY,ELYSON,2026-03-26,2026-04-10,2026-04-12,16.5,,2,,2026-04-15,2026-04-15,4.7,,0,,2026-04-24,2026-04-30,14.8,,6,,,2026-05-06,11.7,,,,,2026-05-27,20.8,,,,,2026-06-15,19.2,,,,,2026-06-25,10.4,,,
20243.0179,175289,HOUSTON 5,CYPRESS,MARVIDA,2026-03-10,2026-03-26,2026-03-21,11.4,,-5,,2026-03-31,2026-04-01,6.4,,1,,2026-04-10,2026-04-12,12.1,,2,,2026-04-22,2026-04-20,9.8,,-2,,,2026-05-08,16.3,,,,,2026-05-26,17.6,,,,,2026-06-12,17.4,,,
20252.0473,20252.0473,HOUSTON 6,RICHMOND,STONECREEK ESTATES,2026-01-05,2026-01-16,2026-01-15,9.8,2026-01-20,-1,4,2026-01-20,2026-01-23,6.7,2026-01-21,3,1,2026-01-30,2026-01-31,11.5,2026-04-26,1,86,2026-02-16,2026-02-08,9.2,2026-05-06,-8,79,2026-02-25,2026-02-28,11.7,2026-05-22,3,86,2026-03-30,2026-03-13,16.0,2026-06-13,-17,75,2026-04-10,2026-04-10,11.4,2026-06-26,0,77
20352.0014,20352.0014,HOUSTON 6,ROSENBERG,BROOKEWATER,2025-11-25,2025-12-10,2025-12-07,12.3,2025-12-11,-3,1,2025-12-18,2025-12-15,4.7,2025-12-13,-3,-5,2026-01-06,2025-12-31,12.9,2026-01-05,-6,-1,2026-01-06,2026-01-15,8.8,2026-01-18,9,12,2026-01-16,2026-01-23,16.9,2026-04-26,7,100,2026-02-03,2026-02-02,16.6,2026-05-16,-1,102,2026-02-17,2026-02-17,14.4,2026-05-25,0,97
20401.0014,20401.0014,HOUSTON 6,RICHMOND,REVERA,2026-04-28,,2026-05-06,8.0,,,,,2026-05-11,5.3,,,,,2026-05-22,10.5,,,,,2026-05-30,8.4,,,,,2026-06-12,12.9,,,,,2026-07-04,22.0,,,,,2026-07-20,16.3,,,
20401.0028,20401.0028,HOUSTON 6,RICHMOND,REVERA,2026-04-28,,2026-05-08,10.3,,,,,2026-05-14,6.5,,,,,2026-05-25,10.6,,,,,2026-06-03,9.1,,,,,2026-06-17,13.9,,,,,2026-07-10,23.5,,,,,2026-07-26,16.3,,,
20419.0003,20419.0003,HOUSTON 6,RICHMOND,THE GEORGE,2026-04-29,,2026-05-08,8.5,,,,,2026-05-14,6.1,,,,,2026-05-25,10.5,,,,,2026-06-02,7.6,,,,,2026-06-14,12.3,,,,,2026-07-06,22.2,,,,,2026-07-23,16.6,,,
20286.0090,20286.0090,SAN ANTONIO 1,SAN ANTONIO,VIDA,2026-03-04,2026-03-10,2026-03-12,7.7,,2,,2026-03-17,2026-03-16,6.0,,-1,,2026-03-30,2026-04-02,16.0,,3,,2026-04-14,2026-04-07,8.3,,-7,,,2026-05-01,16.9,,,,,2026-05-29,28.1,,,,,2026-06-10,11.8,,,
20286.0110,20286.0110,SAN ANTONIO 1,SAN ANTONIO,VIDA,2026-02-04,2026-02-13,2026-02-11,7.1,2026-05-12,-2,88,2026-02-13,2026-02-19,5.7,2026-05-17,6,93,2026-03-03,2026-03-01,16.3,2026-05-31,-2,89,2026-03-13,2026-03-11,8.4,2026-06-16,-2,95,2026-04-09,2026-03-27,14.3,2026-07-04,-13,86,,2026-05-03,23.8,2026-07-25,,,,2026-05-15,12.4,2026-08-26,,
20286.0111,20286.0111,SAN ANTONIO 1,SAN ANTONIO,VIDA,2026-02-05,2026-02-16,2026-02-13,8.3,2026-05-12,-3,85,2026-02-16,2026-02-22,5.8,2026-05-17,6,90,2026-03-05,2026-03-03,14.8,2026-05-31,-2,87,2026-03-13,2026-03-14,9.0,2026-06-16,1,95,2026-04-06,2026-04-01,18.7,2026-07-04,-5,89,2026-04-27,2026-05-03,26.5,2026-07-25,6,89,,2026-05-09,12.2,2026-08-26,,
20288.0099,232047,SAN ANTONIO 1,SAN ANTONIO,KALLISON RANCH,2023-05-19,2023-05-24,2023-05-28,8.9,,4,,2023-05-31,2023-05-30,6.1,,-1,,2023-06-08,2023-06-13,13.2,,5,,2023-06-29,2023-06-22,14.2,,-7,,2023-07-27,2023-07-11,11.9,,-16,,2023-08-03,2023-08-16,20.0,,13,,2023-08-18,2023-08-17,13.7,,-1,
20288.0582,605394,SAN ANTONIO 1,SAN ANTONIO,KALLISON RANCH,2022-12-12,2023-01-05,2022-12-20,8.4,,-16,,2023-01-05,2023-01-11,5.8,,6,,2023-01-19,2023-01-19,14.1,,0,,2023-02-06,2023-01-31,12.0,,-6,,2023-02-23,2023-02-20,13.6,,-3,,2023-04-05,2023-03-22,27.4,,-14,,2023-04-18,2023-04-18,13.2,,0,
20289.0049,287051,SAN ANTONIO 1,SAN ANTONIO,LADERA,2026-02-12,2026-02-17,2026-02-19,6.6,,2,,2026-02-23,2026-02-23,6.0,,0,,2026-03-11,2026-03-12,17.1,,1,,2026-03-23,2026-03-20,9.2,,-3,,2026-04-08,2026-04-07,14.7,,-1,,2026-04-30,2026-05-03,25.1,,3,,,2026-05-16,16.3,,,
20289.0094,287030,SAN ANTONIO 1,SAN ANTONIO,LADERA,2025-12-01,2025-12-10,2025-12-08,6.9,,-2,,2025-12-18,2025-12-16,6.2,,-2,,2026-01-07,2026-01-02,15.4,,-5,,2026-02-06,2026-01-17,10.1,,-20,,2026-02-18,2026-02-19,13.5,,1,,2026-03-12,2026-03-16,25.5,,4,,2026-03-23,2026-03-27,14.9,,4,
20290.0047,20290.0047,SAN ANTONIO 1,CASTROVILLE,ALSATIAN OAKS,2025-12-18,2025-12-30,2025-12-30,11.5,2025-12-30,0,0,2026-01-07,2026-01-07,8.3,2026-01-07,0,0,2026-01-20,2026-01-22,14.7,2026-01-20,2,0,2026-02-06,2026-01-30,10.2,2026-04-26,-7,79,2026-02-23,2026-02-25,19.0,2026-05-13,2,79,2026-03-11,2026-03-28,33.4,2026-06-10,17,91,2026-03-13,2026-03-21,9.7,2026-06-28,8,107
20294.0010,251026,SAN ANTONIO 1,CASTROVILLE,MEGAN'S LANDING,2023-10-20,2023-11-09,2023-11-04,14.5,,-5,,2023-11-20,2023-11-17,8.3,,-3,,2023-12-23,2023-12-05,14.7,,-18,,2024-01-05,2024-01-05,13.0,,0,,2024-01-24,2024-01-24,19.0,,0,,2024-02-21,2024-02-26,33.4,,5,,2024-03-04,2024-03-02,9.7,,-2,
20399.0019,20399.0019,SAN ANTONIO 1,SAN ANTONIO,BRIGGS RANCH,2026-04-09,2026-04-23,2026-04-18,8.9,,-5,,,2026-04-29,6.2,,,,,2026-05-13,14.0,,,,,2026-05-22,8.8,,,,,2026-06-10,19.2,,,,,2026-07-09,28.8,,,,,2026-07-25,15.7,,,
20313.0003,160037,SAN ANTONIO 2,BOERNE,CORLEY FARMS,2024-02-06,2024-02-13,2024-02-13,7.1,,0,,2024-02-19,2024-02-19,5.8,,0,,2024-03-01,2024-03-01,10.7,,0,,2024-03-05,2024-03-10,9.0,,5,,,2024-03-20,15.2,,,,,2024-04-16,26.6,,,,,2024-04-28,12.1,,,
20313.0005,160024,SAN ANTONIO 2,BOERNE,CORLEY FARMS,2024-01-24,2024-01-25,2024-01-31,7.1,,6,,2024-01-30,2024-01-31,5.9,,1,,2024-02-08,2024-02-11,12.1,,3,,2024-02-15,2024-02-17,8.8,,2,,2024-02-29,2024-03-01,15.0,,1,,2024-03-11,2024-03-27,26.6,,16,,2024-03-26,2024-03-24,13.1,,-2,
20315.0151,20315.0151,SAN ANTONIO 2,BULVERDE,JOHNSON RANCH,2025-09-29,2025-10-07,2025-10-06,7.3,2025-10-09,-1,2,2025-10-13,2025-10-13,6.3,2025-10-14,0,1,2025-10-24,2025-10-27,14.0,2025-10-30,3,6,2025-11-10,2025-11-04,10.9,2025-11-05,-6,-5,2025-12-03,2025-11-25,15.0,2025-11-27,-8,-6,2026-01-16,2026-01-01,29.5,2026-01-15,-15,-1,2026-01-27,2026-01-26,9.8,2026-01-27,-1,0
20315.0152,20315.0152,SAN ANTONIO 2,BULVERDE,JOHNSON RANCH,2025-09-25,2025-10-07,2025-10-03,8.2,2025-10-05,-4,-2,2025-10-14,2025-10-13,6.3,2025-10-14,-1,0,2025-10-23,2025-10-28,14.0,2025-10-31,5,8,2025-11-05,2025-11-03,10.9,2025-11-04,-2,-1,2025-11-25,2025-11-20,15.0,2025-11-22,-5,-3,2026-01-07,2025-12-24,29.5,2026-01-07,-14,0,2026-01-17,2026-01-17,9.8,2026-01-17,0,0
20315.0073,20315.0073,SAN ANTONIO 2,BULVERDE,JOHNSON RANCH,2026-02-11,2026-02-19,2026-02-19,7.7,,0,,2026-02-27,2026-02-25,6.3,,-2,,2026-03-13,2026-03-13,14.0,,0,,2026-03-27,2026-03-24,10.9,,-3,,2026-04-14,2026-04-11,15.0,,-3,,,2026-05-13,29.5,,,,,2026-05-23,9.8,,,
20320.0119,20320.0119,SAN ANTONIO 2,BOERNE,ESPERANZA,2026-02-13,2026-02-23,2026-02-21,8.0,,-2,,2026-03-04,2026-03-01,6.3,,-3,,2026-03-13,2026-03-17,13.5,,4,,2026-03-25,2026-03-23,9.7,,-2,,2026-04-22,2026-04-09,15.0,,-13,,,2026-05-19,26.6,,,,,2026-05-29,9.6,,,
20384.0022,20384.0022,SAN ANTONIO 2,SAN ANTONIO,DOMINION,2026-01-19,2026-01-29,2026-01-30,10.9,2026-04-26,1,87,2026-02-06,2026-02-04,6.5,2026-05-13,-2,96,2026-03-02,2026-02-22,16.0,2026-06-05,-8,95,2026-03-20,2026-03-14,12.4,2026-06-17,-6,89,2026-04-15,2026-04-02,13.3,2026-07-04,-13,80,,2026-05-09,24.3,2026-08-02,,,,2026-05-26,17.3,2026-08-22,,
20389.0052,20389.0052,SAN ANTONIO 2,SAN ANTONIO,HIDDEN CANYON,2025-08-21,2025-08-25,2025-08-31,10.4,2025-08-31,6,6,2025-09-02,2025-08-31,6.2,2025-08-28,-2,-5,2025-09-16,2025-09-18,16.3,2025-09-28,2,12,2025-09-30,2025-09-25,9.4,2025-09-28,-5,-2,2025-10-09,2025-10-14,13.6,2025-10-19,5,10,2025-11-04,2025-11-04,25.7,2025-11-02,0,-2,2025-11-17,2025-11-17,13.1,2026-01-20,0,64
20316.0163,20316.0163,SAN ANTONIO 3,SCHERTZ,HOMESTEAD,2026-04-07,2026-04-13,2026-04-15,8.3,,2,,2026-04-24,2026-04-20,6.6,,-4,,,2026-05-07,12.7,,,,,2026-05-19,12.0,,,,,2026-06-03,15.4,,,,,2026-06-26,22.9,,,,,2026-07-10,14.1,,,
20316.0176,20316.0176,SAN ANTONIO 3,SCHERTZ,HOMESTEAD,2026-03-04,2026-03-11,2026-03-12,8.3,,1,,2026-03-13,2026-03-18,6.6,,5,,2026-03-30,2026-03-26,12.7,,-4,,2026-04-10,2026-04-11,12.0,,1,,2026-04-27,2026-04-25,15.4,,-2,,,2026-05-20,22.9,,,,,2026-06-03,14.1,,,
20325.0235,20325.0235,SAN ANTONIO 3,NEW BRAUNFELS,VERAMENDI,2025-08-18,2025-09-03,2025-08-27,8.7,2025-08-30,-7,-4,2025-09-09,2025-09-09,5.7,2025-09-09,0,0,2025-09-18,2025-09-21,11.7,2025-09-20,3,2,2025-10-01,2025-09-30,12.2,2025-09-28,-1,-3,2025-10-13,2025-10-18,16.6,2025-10-16,5,3,2025-11-06,2025-11-06,23.7,2025-11-05,0,-1,2025-11-12,2025-11-17,10.7,2025-11-12,5,0
20344.0128,289028,SAN ANTONIO 3,SEGUIN,MEADOWS OF MILL CREEK,2023-07-14,2023-07-19,2023-07-22,8.2,,3,,2023-07-19,2023-07-26,7.1,,7,,2023-07-21,2023-07-30,11.2,,9,,2023-07-31,2023-08-01,10.9,,1,,2023-08-08,2023-08-13,13.5,,5,,2023-08-18,2023-08-26,17.8,,8,,2023-09-01,2023-08-31,12.8,,-1,
20344.0227,20344.0227,SAN ANTONIO 3,SEGUIN,MEADOWS OF MILL CREEK,2026-03-17,2026-03-27,2026-03-30,12.7,,3,,2026-04-02,2026-04-04,7.7,,2,,2026-04-10,2026-04-13,11.5,,3,,2026-04-24,2026-04-21,10.9,,-3,,,2026-05-08,13.8,,,,,2026-06-01,23.7,,,,,2026-06-14,12.8,,,
20345.0059,20345.0059,SAN ANTONIO 3,NEW BRAUNFELS,MAYFAIR,2026-02-06,2026-02-12,2026-02-15,8.7,2026-05-03,3,80,2026-02-20,2026-02-18,6.1,2026-05-07,-2,76,2026-03-03,2026-03-03,11.4,2026-05-22,0,80,2026-03-13,2026-03-14,11.3,2026-06-03,1,82,2026-03-27,2026-03-29,16.1,2026-06-18,2,83,2026-05-01,2026-04-22,25.5,2026-07-11,-9,71,,2026-05-13,12.0,2026-07-23,,
20345.0066,20345.0066,SAN ANTONIO 3,NEW BRAUNFELS,MAYFAIR,2026-03-24,2026-03-31,2026-04-02,8.7,2026-05-03,2,33,2026-04-06,2026-04-07,7.1,2026-05-07,1,31,2026-04-17,2026-04-18,11.7,2026-05-22,1,35,2026-04-24,2026-04-27,9.8,2026-06-03,3,40,,2026-05-12,17.9,2026-06-18,,,,2026-06-05,23.8,2026-07-11,,,,2026-06-17,11.8,2026-07-23,,
20345.0072,20345.0072,SAN ANTONIO 3,NEW BRAUNFELS,MAYFAIR,2026-03-23,2026-03-30,2026-04-01,8.7,2026-05-03,2,34,2026-04-08,2026-04-05,6.1,2026-05-07,-3,29,2026-04-18,2026-04-19,11.0,2026-05-22,1,34,,2026-04-29,10.7,2026-06-03,,,,2026-05-15,16.1,2026-06-18,,,,2026-06-09,25.2,2026-07-11,,,,2026-06-20,11.4,2026-07-23,,
20381.0007,20381.0007,SAN ANTONIO 3,CIBOLO,CIBOLO VALLEY HEIGHTS,2026-02-10,2026-02-23,2026-02-22,12.3,2026-05-08,-1,74,2026-02-26,2026-02-28,4.7,2026-05-15,2,78,2026-03-12,2026-03-11,12.9,2026-05-27,-1,76,2026-03-24,2026-03-21,8.8,2026-06-09,-3,77,2026-04-06,2026-04-10,16.9,2026-06-27,4,82,2026-04-28,2026-04-23,16.6,2026-07-18,-5,81,,2026-05-12,14.4,2026-07-30,,
20406.0004,20406.0004,SAN ANTONIO 3,SCHERTZ,WINDBORNE,2025-11-17,2025-11-25,2025-11-25,8.3,2025-11-29,0,4,2025-12-03,2025-12-02,6.7,2025-12-02,-1,-1,2025-12-17,2025-12-16,12.7,2025-12-17,-1,0,2025-12-29,2025-12-29,12.0,2026-01-01,0,3,2026-01-12,2026-01-13,15.4,2026-01-11,1,-1,2026-02-12,2026-02-04,22.9,2026-04-26,-8,73,2026-03-03,2026-02-26,14.1,2026-05-08,-5,66
20406.0013,20406.0013,SAN ANTONIO 3,SCHERTZ,WINDBORNE,2025-11-24,2025-12-03,2025-12-02,8.3,2025-12-06,-1,3,2025-12-10,2025-12-10,6.6,2025-12-10,0,0,2025-12-23,2025-12-23,12.7,2025-12-24,0,1,2026-01-07,2026-01-04,12.0,2026-01-07,-3,0,2026-02-02,2026-01-22,15.4,2026-04-26,-11,83,2026-02-27,2026-02-25,22.9,2026-05-19,-2,81,2026-03-17,2026-03-13,14.1,2026-05-31,-4,75
20007.0106,20007.0106,AUSTIN 1,LIBERTY HILL,LARIAT,2025-11-26,2025-12-05,2025-12-04,7.9,2025-12-07,-1,2,2025-12-15,2025-12-11,6.3,2025-12-11,-4,-4,2026-01-06,2025-12-27,11.8,2026-01-01,-10,-5,2026-01-20,2026-01-17,11.3,2026-01-22,-3,2,2026-02-14,2026-02-06,17.4,2026-04-26,-8,71,2026-03-13,2026-03-15,29.0,2026-05-25,2,73,2026-03-20,2026-03-24,10.6,2026-06-03,4,75
20007.0149,20007.0149,AUSTIN 1,LIBERTY HILL,LARIAT,2025-11-11,2025-11-24,2025-11-19,7.6,2025-11-20,-5,-4,2025-12-02,2025-11-30,6.0,2025-12-02,-2,0,2025-12-09,2025-12-14,11.8,2025-12-12,5,3,2026-01-02,2025-12-21,11.9,2025-12-30,-12,-3,2026-01-21,2026-01-19,17.5,2026-01-20,-2,-1,2026-02-20,2026-02-19,29.3,2026-04-26,-1,65,2026-03-02,2026-03-03,10.6,2026-05-07,1,66
20008.0007,313112,AUSTIN 1,GEORGETOWN,NOLINA,2025-04-15,2025-04-23,2025-04-25,9.7,,2,,2025-04-29,2025-04-30,6.7,,1,,2025-05-08,2025-05-14,15.0,,6,,2025-05-23,2025-05-19,11.0,,-4,,2025-06-03,2025-06-05,13.3,,2,,2025-07-03,2025-06-27,24.1,,-6,,2025-07-17,2025-07-25,22.1,,8,
20009.0145,20009.0145,AUSTIN 1,LEANDER,PALMERA RIDGE,2026-03-23,2026-04-06,2026-04-02,10.3,,-4,,2026-04-09,2026-04-14,7.7,,5,,2026-04-30,2026-04-28,19.0,,-2,,,2026-05-13,12.7,,,,,2026-05-30,16.6,,,,,2026-06-27,28.1,,,,,2026-07-16,18.5,,,
20009.0155,20009.0155,AUSTIN 1,LEANDER,PALMERA RIDGE,2026-04-02,2026-04-17,2026-04-13,10.8,,-4,,,2026-04-25,8.0,,,,,2026-05-18,23.5,,,,,2026-05-31,12.7,,,,,2026-06-17,16.6,,,,,2026-07-17,29.5,,,,,2026-08-05,18.5,,,
20013.0531,20013.0531,AUSTIN 1,LIBERTY HILL,SANTA RITA RANCH,2025-01-11,2025-01-16,2025-01-19,7.7,2025-01-17,3,1,2025-01-23,2025-01-22,5.9,2025-01-22,-1,-1,2025-02-03,2025-02-04,12.4,2025-02-09,1,6,2025-02-10,2025-02-15,11.5,2025-02-10,5,0,2025-02-28,2025-02-28,17.8,2025-02-27,0,-1,2025-03-18,2025-03-28,28.3,2025-03-30,10,12,2025-03-21,2025-03-28,10.4,2025-03-21,7,0
20013.0578,20013.0578,AUSTIN 1,LIBERTY HILL,SANTA RITA RANCH,2025-12-03,2025-12-11,2025-12-10,6.5,2025-12-09,-1,-2,2025-12-22,2025-12-17,6.2,2025-12-17,-5,-5,2026-01-07,2026-01-03,12.4,2026-01-08,-4,1,2026-01-15,2026-01-18,11.2,2026-01-14,3,-1,2026-02-04,2026-02-05,20.6,2026-04-26,1,81,2026-02-24,2026-03-04,28.2,2026-05-26,8,91,2026-03-05,2026-03-07,10.5,2026-06-13,2,100
20013.0692,20013.0692,AUSTIN 1,LIBERTY HILL,SANTA RITA RANCH,2026-02-11,2026-02-19,2026-02-18,6.9,,-1,,2026-02-25,2026-02-24,5.1,,-1,,2026-03-04,2026-03-09,12.3,,5,,2026-03-13,2026-03-16,11.6,,3,,2026-03-26,2026-04-05,22.6,,10,,2026-04-21,2026-04-26,31.0,,5,,,2026-05-01,10.4,,,
20013.0695,20013.0695,AUSTIN 1,LIBERTY HILL,SANTA RITA RANCH,2026-02-24,2026-03-03,2026-03-02,6.5,,-1,,2026-03-09,2026-03-08,4.7,,-1,,2026-03-24,2026-03-21,12.3,,-3,,2026-04-02,2026-04-04,11.3,,2,,,2026-04-24,21.5,,,,,2026-05-21,27.5,,,,,2026-06-01,10.5,,,
20013.0156,687218,AUSTIN 1,LIBERTY HILL,SANTA RITA RANCH,2023-05-16,2023-05-19,2023-05-26,9.7,,7,,2023-05-26,2023-05-25,5.9,,-1,,2023-06-08,2023-06-07,12.5,,-1,,2023-06-19,2023-06-20,11.7,,1,,2023-08-24,2023-07-09,20.1,,-46,,2023-09-15,2023-09-22,29.4,,7,,2023-10-03,2023-09-25,10.3,,-8,
20353.0022,20353.0022,AUSTIN 1,GEORGETOWN,PARMER RANCH,2025-12-30,2026-01-08,2026-01-09,9.5,2026-01-07,1,-1,2026-01-12,2026-01-13,5.4,2026-01-13,1,1,2026-01-28,2026-01-30,18.2,2026-01-31,2,3,2026-02-09,2026-02-08,11.0,2026-04-26,-1,76,2026-02-25,2026-02-22,13.3,2026-05-10,-3,74,2026-03-16,2026-03-24,26.6,2026-05-27,8,72,2026-03-26,2026-03-29,12.5,2026-06-08,3,74
20353.0031,20353.0031,AUSTIN 1,GEORGETOWN,PARMER RANCH,2025-12-22,2025-12-30,2025-12-31,9.2,2025-12-30,1,0,2026-01-06,2026-01-05,6.4,2026-01-04,-1,-2,2026-01-28,2026-01-24,18.0,2026-01-25,-4,-3,2026-02-03,2026-02-08,11.1,2026-04-26,5,82,2026-02-20,2026-02-19,16.2,2026-05-10,-1,79,2026-03-09,2026-03-19,27.4,2026-05-27,10,79,2026-03-18,2026-03-21,12.3,2026-06-08,3,82
20353.0032,20353.0032,AUSTIN 1,GEORGETOWN,PARMER RANCH,2025-12-03,2025-12-15,2025-12-12,8.5,2025-12-11,-3,-4,2025-12-22,2025-12-20,5.3,2025-12-20,-2,-2,2026-01-14,2026-01-09,18.4,2026-01-10,-5,-4,2026-01-26,2026-01-25,11.1,2026-01-26,-1,0,2026-02-13,2026-02-08,13.4,2026-04-26,-5,72,2026-02-26,2026-03-11,26.5,2026-05-13,13,76,2026-03-05,2026-03-11,12.9,2026-05-25,6,81
20353.0036,20353.0036,AUSTIN 1,GEORGETOWN,PARMER RANCH,2025-12-10,2025-12-17,2025-12-17,7.4,2025-12-18,0,1,2025-12-22,2025-12-22,5.2,2025-12-22,0,0,2026-01-09,2026-01-08,17.4,2026-01-10,-1,1,2026-01-23,2026-01-20,11.0,2026-01-21,-3,-2,2026-02-17,2026-02-06,14.0,2026-04-26,-11,68,2026-03-02,2026-03-13,24.1,2026-05-13,11,72,2026-03-11,2026-03-14,11.6,2026-05-25,3,75
20353.0055,20353.0055,AUSTIN 1,GEORGETOWN,PARMER RANCH,2026-04-08,2026-04-16,2026-04-16,7.8,,0,,2026-04-23,2026-04-21,5.4,,-2,,,2026-05-10,17.3,,,,,2026-05-21,11.1,,,,,2026-06-05,15.2,,,,,2026-07-03,27.9,,,,,2026-07-21,18.3,,,
20353.0070,20353.0070,AUSTIN 1,GEORGETOWN,PARMER RANCH,2026-02-20,2026-02-26,2026-02-28,7.6,2026-05-04,2,67,2026-03-02,2026-03-03,5.5,2026-05-09,1,68,2026-03-13,2026-03-19,16.9,2026-05-28,6,76,2026-03-26,2026-03-24,11.0,2026-06-09,-2,75,2026-04-06,2026-04-08,13.5,2026-06-23,2,78,,2026-05-02,26.4,2026-07-10,,,,2026-05-17,15.2,2026-07-22,,
20379.0013,20379.0013,AUSTIN 1,LIBERTY HILL,EL DORADO,2026-03-19,2026-03-30,2026-03-29,9.7,,-1,,2026-04-08,2026-04-05,5.5,,-3,,2026-04-14,2026-04-20,11.8,,6,,2026-04-28,2026-04-26,11.9,,-2,,,2026-05-19,20.8,,,,,2026-06-18,30.3,,,,,2026-06-28,10.4,,,
20379.0048,20379.0048,AUSTIN 1,LIBERTY HILL,EL DORADO,2026-02-25,2026-03-09,2026-03-06,8.7,,-3,,2026-03-16,2026-03-15,5.9,,-1,,2026-03-25,2026-03-28,11.8,,3,,2026-04-06,2026-04-06,11.9,,0,,2026-04-20,2026-04-24,18.2,,4,,,2026-05-27,36.7,,,,,2026-06-06,10.3,,,
20379.0076,20379.0076,AUSTIN 1,LIBERTY HILL,EL DORADO,2026-02-24,2026-03-04,2026-03-04,7.8,,0,,2026-03-09,2026-03-10,6.3,,1,,2026-03-20,2026-03-21,11.7,,1,,2026-03-30,2026-04-01,11.8,,2,,2026-04-16,2026-04-18,19.0,,2,,,2026-05-16,29.7,,,,,2026-05-26,10.4,,,
20379.0003,20379.0003,AUSTIN 1,LIBERTY HILL,EL DORADO,2025-02-13,2025-02-19,2025-02-23,10.0,2025-02-22,4,3,2025-02-24,2025-02-25,5.9,2025-02-25,1,1,2025-03-05,2025-03-08,11.8,2025-03-05,3,0,2025-03-10,2025-03-17,11.8,2025-03-17,7,7,2025-03-18,2025-03-30,19.7,2025-03-24,12,6,2025-03-31,2025-04-20,32.8,2025-04-26,20,26,2025-04-01,2025-04-10,10.4,2025-04-01,9,0
20016.0287,20016.0287,AUSTIN 2,GEORGETOWN,WOLF RANCH,2026-02-25,2026-03-09,2026-03-06,9.5,,-3,,2026-03-12,2026-03-15,6.3,,3,,2026-03-25,2026-03-30,18.1,,5,,2026-04-06,2026-04-05,11.0,,-1,,,2026-04-19,12.6,,,,,2026-05-19,29.8,,,,,2026-06-06,18.4,,,
20016.0333,20016.0333,AUSTIN 2,GEORGETOWN,WOLF RANCH,2025-12-03,2025-12-11,2025-12-13,9.6,2025-12-13,2,2,2025-12-19,2025-12-18,6.7,2025-12-15,-1,-4,2026-01-23,2026-01-06,18.2,2026-01-12,-17,-11,2026-02-04,2026-02-03,11.2,2026-04-26,-1,81,2026-02-16,2026-02-16,12.4,2026-05-11,0,84,2026-03-16,2026-03-15,26.9,2026-06-04,-1,80,2026-03-27,2026-03-30,14.2,2026-06-11,3,76
20370.0032,20370.0032,AUSTIN 2,HUTTO,FLORA,2024-11-22,2024-12-05,2024-11-30,8.5,2024-12-01,-5,-4,2024-12-09,2024-12-12,6.8,2024-12-11,3,2,2024-12-24,2024-12-25,16.2,2024-12-28,1,4,2025-01-03,2025-01-06,12.7,2025-01-03,3,0,,2025-01-18,14.7,2026-04-26,,,,2025-02-12,25.3,2026-05-22,,,,2025-02-25,12.6,2026-06-02,,
20370.0055,20370.0055,AUSTIN 2,HUTTO,FLORA,2026-03-06,2026-03-16,2026-03-14,8.5,,-2,,2026-03-19,2026-03-23,6.5,,4,,2026-04-03,2026-04-04,16.2,,1,,2026-04-13,2026-04-16,12.7,,3,,2026-04-29,2026-04-28,14.7,,-1,,,2026-05-24,25.3,,,,,2026-06-06,12.6,,,
20373.0048,20373.0048,AUSTIN 2,GEORGETOWN,PARKSIDE ON THE RIVER WEST,2025-12-03,2025-12-17,2025-12-13,9.7,2025-12-21,-4,4,2025-12-28,2025-12-22,5.4,2025-12-25,-6,-3,2026-01-16,2026-01-16,18.5,2026-01-16,0,0,2026-01-30,2026-01-27,11.4,2026-04-26,-3,86,2026-02-12,2026-02-13,14.0,2026-05-12,1,89,2026-03-04,2026-03-11,27.4,2026-06-14,7,102,2026-03-26,2026-03-20,15.7,2026-06-30,-6,96
20373.0054,20373.0054,AUSTIN 2,GEORGETOWN,PARKSIDE ON THE RIVER WEST,2026-04-22,,2026-05-01,9.2,,,,,2026-05-08,6.8,,,,,2026-05-26,18.3,,,,,2026-06-06,11.3,,,,,2026-06-20,14.1,,,,,2026-07-22,32.1,,,,,2026-08-11,19.6,,,
20024.0327,20024.0327,AUSTIN 3,AUSTIN,EASTON PARK,2026-03-25,2026-03-31,2026-04-03,9.4,,3,,2026-04-02,2026-04-06,5.7,,4,,2026-04-22,2026-04-27,24.8,,5,,,2026-05-06,14.3,,,,,2026-05-20,13.9,,,,,2026-06-10,21.1,,,,,2026-06-21,11.4,,,
20026.0090,754094,AUSTIN 3,KYLE,6 CREEKS,2025-07-17,2025-07-29,2025-07-25,8.0,,-4,,2025-08-01,2025-08-03,5.2,,2,,2025-08-20,2025-08-22,20.7,,2,,2025-09-04,2025-09-03,14.0,,-1,,2025-09-29,2025-09-19,15.5,,-10,,2025-10-14,2025-10-21,22.1,,7,,2025-10-25,2025-10-21,7.4,,-4,
20360.0006,20360.0006,AUSTIN 3,AUSTIN,PARTEN,2026-04-08,2026-04-17,2026-04-18,10.1,,1,,2026-04-27,2026-04-23,5.9,,-4,,,2026-05-22,24.8,,,,,2026-06-05,14.4,,,,,2026-06-20,14.9,,,,,2026-07-22,31.9,,,,,2026-08-04,12.6,,,
20360.0013,20360.0013,AUSTIN 3,AUSTIN,PARTEN,2026-04-13,2026-04-23,2026-04-23,9.8,,0,,2026-05-01,2026-04-29,6.4,,-2,,,2026-05-26,24.8,,,,,2026-06-09,14.4,,,,,2026-06-28,19.0,,,,,2026-07-26,28.1,,,,,2026-08-08,12.9,,,
20360.0030,20360.0030,AUSTIN 3,AUSTIN,PARTEN,2026-03-27,2026-04-07,2026-04-08,11.5,,1,,2026-04-14,2026-04-13,6.1,,-1,,2026-04-30,2026-05-09,24.8,,9,,,2026-05-14,14.3,,,,,2026-05-31,16.9,,,,,2026-06-29,28.5,,,,,2026-07-12,12.6,,,
20360.0031,20360.0031,AUSTIN 3,AUSTIN,PARTEN,2026-04-01,2026-04-20,2026-04-12,11.2,,-8,,2026-04-27,2026-04-26,6.3,,-1,,,2026-05-22,24.8,,,,,2026-06-05,14.4,,,,,2026-06-25,20.4,,,,,2026-07-24,29.4,,,,,2026-08-06,12.9,,,
20403.0096,20403.0096,AUSTIN 3,LOCKHART,JUNIPER SPRINGS,2026-04-22,,2026-05-02,9.8,,,,,2026-05-06,3.9,,,,,2026-05-18,12.4,,,,,2026-05-31,13.1,,,,,2026-06-16,16.5,,,,,2026-07-07,21.2,,,,,2026-07-21,13.7,,,
20420.0005,20420.0005,AUSTIN 3,HAYS COUNTY,CREEK OF DRIFTWOOD,2026-04-13,2026-04-28,2026-04-25,12.4,,-3,,,2026-05-05,7.3,,,,,2026-05-30,25.5,,,,,2026-06-13,13.9,,,,,2026-07-04,20.7,,,,,2026-08-04,30.5,,,,,2026-08-22,18.2,,,
20420.0008,20420.0008,AUSTIN 3,HAYS COUNTY,CREEK OF DRIFTWOOD,2026-04-07,2026-04-21,2026-04-23,16.1,,2,,2026-04-21,2026-04-29,7.7,,8,,,2026-05-21,29.9,,,,,2026-06-05,15.3,,,,,2026-06-27,22.4,,,,,2026-07-29,31.6,,,,,2026-08-16,17.6,,,
20420.0009,20420.0009,AUSTIN 3,HAYS COUNTY,CREEK OF DRIFTWOOD,2026-04-13,2026-04-21,2026-04-27,14.0,,6,,,2026-04-29,7.8,,,,,2026-05-26,26.7,,,,,2026-06-09,14.1,,,,,2026-06-29,19.6,,,,,2026-08-04,35.9,,,,,2026-08-22,18.1,,,
20420.0014,20420.0014,AUSTIN 3,HAYS COUNTY,CREEK OF DRIFTWOOD,2026-04-21,,2026-05-06,14.5,,,,,2026-05-13,7.4,,,,,2026-06-10,27.9,,,,,2026-06-25,14.7,,,,,2026-07-15,20.0,,,,,2026-08-15,30.8,,,,,2026-09-03,18.9,,,
20366.0043,20366.0043,PERRY D1,ROCKWALL,TERRACES,2025-03-12,2025-03-20,2025-03-30,17.9,2025-03-27,10,7,2025-03-26,2025-03-25,5.2,2025-03-22,-1,-4,2025-04-03,2025-04-18,23.1,2025-04-06,15,3,2025-04-07,2025-04-15,11.6,2025-04-09,8,2,2025-04-25,2025-04-23,16.3,2025-04-25,-2,0,2025-05-05,2025-05-13,18.3,2025-05-12,8,7,2025-06-03,2025-05-23,18.3,2025-06-03,-11,0
20366.0054,20366.0054,PERRY D1,ROCKWALL,TERRACES,2026-04-02,2026-04-21,2026-04-20,17.5,,-1,,2026-04-24,2026-04-26,5.1,,2,,,2026-05-17,23.1,,,,,2026-05-29,11.6,,,,,2026-06-14,16.3,,,,,2026-07-02,18.3,,,,,2026-07-20,18.3,,,
20413.0120,20413.0120,PERRY D1,FORNEY,MERAKI,2026-01-05,2026-01-09,2026-01-15,10.0,2026-01-18,6,9,2026-01-12,2026-01-14,4.6,2026-01-15,2,3,2026-01-14,2026-01-26,14.4,2026-01-28,12,14,2026-01-20,2026-01-26,12.2,2026-01-26,6,6,2026-01-29,2026-01-28,8.5,2026-04-26,-1,87,2026-02-10,2026-02-16,17.6,2026-05-13,6,92,2026-02-25,2026-02-25,14.5,2026-05-30,0,94
20037.0526,20037.0526,PERRY D2,MCKINNEY,TRINITY FALLS,2026-03-28,2026-04-02,2026-04-08,11.4,,6,,2026-04-08,2026-04-09,7.2,,1,,2026-04-28,2026-04-30,21.8,,2,,,2026-05-09,11.1,,,,,2026-05-23,14.3,,,,,2026-06-14,22.1,,,,,2026-06-29,15.4,,,
20037.0529,20037.0529,PERRY D2,MCKINNEY,TRINITY FALLS,2026-03-18,2026-03-26,2026-03-29,11.4,,3,,2026-03-30,2026-04-02,6.8,,3,,2026-04-22,2026-04-21,21.8,,-1,,,2026-05-03,10.7,,,,,2026-05-17,14.3,,,,,2026-06-08,22.1,,,,,2026-06-23,15.4,,,
20037.0530,20037.0530,PERRY D2,MCKINNEY,TRINITY FALLS,2026-03-24,2026-03-29,2026-04-04,11.4,,6,,2026-04-02,2026-04-04,6.2,,2,,2026-04-23,2026-04-24,21.8,,1,,,2026-05-04,10.7,,,,,2026-05-18,14.3,,,,,2026-06-09,22.1,,,,,2026-06-24,15.4,,,
20037.0531,20037.0531,PERRY D2,MCKINNEY,TRINITY FALLS,2026-02-27,2026-03-12,2026-03-10,11.4,,-2,,2026-03-18,2026-03-18,6.2,,0,,2026-04-08,2026-04-11,24.3,,3,,2026-04-20,2026-04-19,10.7,,-1,,2026-04-30,2026-05-04,14.3,,4,,,2026-05-22,22.1,,,,,2026-06-07,16.2,,,
20037.0485,20037.0485,PERRY D2,MCKINNEY,TRINITY FALLS,2026-02-19,2026-02-25,2026-03-02,11.4,2026-05-06,5,70,2026-02-27,2026-03-02,5.4,2026-05-10,3,72,2026-03-10,2026-03-21,21.8,2026-05-24,11,75,2026-03-14,2026-03-21,11.2,2026-06-05,7,83,2026-03-26,2026-03-28,14.3,2026-06-16,2,82,2026-04-09,2026-04-17,22.1,2026-07-03,8,85,2026-04-20,2026-04-25,16.2,2026-07-21,5,92
20037.0458,20037.0458,PERRY D2,MCKINNEY,TRINITY FALLS,2026-03-19,2026-04-01,2026-03-30,11.4,,-2,,2026-04-07,2026-04-06,5.1,,-1,,2026-04-27,2026-05-01,24.3,,4,,,2026-05-08,11.1,,,,,2026-05-22,14.3,,,,,2026-06-13,22.1,,,,,2026-06-28,15.4,,,
20037.0536,20037.0536,PERRY D2,MCKINNEY,TRINITY FALLS,2026-03-04,2026-03-17,2026-03-15,11.4,,-2,,2026-03-20,2026-03-22,5.1,,2,,2026-04-20,2026-04-13,24.0,,-7,,,2026-05-01,10.7,,,,,2026-05-15,14.3,,,,,2026-06-06,22.1,,,,,2026-06-21,15.4,,,
20037.0537,20037.0537,PERRY D2,MCKINNEY,TRINITY FALLS,2026-03-18,2026-04-03,2026-03-29,11.4,,-5,,2026-04-14,2026-04-10,7.3,,-4,,2026-04-30,2026-05-10,25.6,,10,,,2026-05-11,11.1,,,,,2026-05-25,14.3,,,,,2026-06-16,22.1,,,,,2026-07-01,15.4,,,
20037.0538,20037.0538,PERRY D2,MCKINNEY,TRINITY FALLS,2026-03-13,2026-03-24,2026-03-24,11.4,,0,,2026-03-27,2026-03-30,6.0,,3,,2026-04-16,2026-04-18,21.8,,2,,2026-04-28,2026-04-27,10.7,,-1,,,2026-05-12,14.3,,,,,2026-06-03,22.1,,,,,2026-06-18,15.4,,,
20037.0539,20037.0539,PERRY D2,MCKINNEY,TRINITY FALLS,2026-03-12,2026-03-24,2026-03-23,11.4,,-1,,2026-03-27,2026-03-29,5.3,,2,,2026-04-09,2026-04-19,22.7,,10,,2026-04-23,2026-04-20,10.7,,-3,,2026-04-30,2026-05-07,14.3,,7,,,2026-05-22,22.1,,,,,2026-06-07,16.2,,,
20037.0540,20037.0540,PERRY D2,MCKINNEY,TRINITY FALLS,2026-04-06,2026-04-17,2026-04-17,11.4,,0,,2026-04-23,2026-04-22,5.1,,-1,,,2026-05-15,21.8,,,,,2026-05-26,11.1,,,,,2026-06-09,14.3,,,,,2026-07-01,22.1,,,,,2026-07-16,15.4,,,
20037.0541,20037.0541,PERRY D2,MCKINNEY,TRINITY FALLS,2026-02-27,2026-03-16,2026-03-10,11.4,,-6,,2026-03-20,2026-03-22,5.8,,2,,2026-04-09,2026-04-13,24.3,,4,,2026-04-23,2026-04-20,10.7,,-3,,,2026-05-07,14.3,,,,,2026-05-29,22.1,,,,,2026-06-14,16.2,,,
20037.0409,20037.0409,PERRY D2,MCKINNEY,TRINITY FALLS,2026-02-12,2026-02-25,2026-02-23,11.4,2026-05-06,-2,70,2026-03-03,2026-03-03,6.5,2026-05-10,0,68,2026-03-17,2026-03-29,25.6,2026-05-30,12,74,2026-03-27,2026-03-28,11.2,2026-06-12,1,77,2026-04-08,2026-04-10,14.3,2026-06-21,2,74,,2026-04-30,22.1,2026-07-06,,,,2026-05-16,16.2,2026-07-24,,
20043.0130,20043.0130,PERRY D2,CELINA,THE PARKS AT WILSON CREEK,2026-02-16,2026-03-05,2026-03-02,14.0,,-3,,2026-03-18,2026-03-09,4.4,,-9,,2026-04-04,2026-04-07,20.0,,3,,2026-04-15,2026-04-18,13.7,,3,,,2026-04-28,13.0,,,,,2026-05-18,19.5,,,,,2026-06-04,16.8,,,
20043.0185,20043.0185,PERRY D2,CELINA,THE PARKS AT WILSON CREEK,2026-02-16,2026-03-05,2026-03-03,15.4,,-2,,2026-03-12,2026-03-09,4.1,,-3,,2026-04-01,2026-04-01,19.6,,0,,2026-04-14,2026-04-14,13.1,,0,,2026-04-27,2026-04-27,12.8,,0,,,2026-05-17,19.5,,,,,2026-06-03,16.8,,,
20043.0198,20043.0198,PERRY D2,CELINA,THE PARKS AT WILSON CREEK,2026-02-18,2026-03-16,2026-03-04,13.8,,-12,,2026-03-23,2026-03-19,3.3,,-4,,2026-04-09,2026-04-12,20.1,,3,,2026-04-20,2026-04-21,11.8,,1,,,2026-05-03,12.8,,,,,2026-05-23,19.5,,,,,2026-06-09,16.8,,,
20066.0634,20066.0634,PERRY D2,FORNEY,DEVONSHIRE,2026-01-05,2026-01-15,2026-01-17,12.0,2026-01-15,2,0,2026-01-20,2026-01-20,4.5,2026-01-18,0,-2,2026-02-09,2026-02-03,14.4,2026-04-26,-6,76,2026-02-24,2026-02-21,12.2,2026-05-08,-3,73,2026-03-17,2026-03-05,8.5,2026-05-19,-12,63,2026-03-27,2026-04-04,17.8,2026-06-05,8,70,2026-04-22,2026-04-11,14.5,2026-06-23,-11,62
20066.0638,20066.0638,PERRY D2,FORNEY,DEVONSHIRE,2026-01-09,2026-01-20,2026-01-21,12.3,2026-01-19,1,-1,2026-01-22,2026-01-25,4.5,2026-01-23,3,1,2026-02-10,2026-02-05,14.4,2026-04-26,-5,75,2026-02-24,2026-02-22,12.2,2026-05-08,-2,73,2026-03-17,2026-03-06,10.1,2026-05-19,-11,63,2026-03-24,2026-04-04,17.8,2026-06-05,11,73,2026-04-22,2026-04-08,14.5,2026-06-23,-14,62
20362.0009,20362.0009,PERRY D3,LAVON,HILLSTEAD,2026-03-27,2026-04-10,2026-04-06,9.8,,-4,,2026-04-15,2026-04-14,3.9,,-1,,2026-04-28,2026-04-27,12.4,,-1,,,2026-05-11,13.1,,,,,2026-05-27,16.5,,,,,2026-06-17,21.2,,,,,2026-07-01,13.7,,,
20362.0030,20362.0030,PERRY D3,LAVON,HILLSTEAD,2026-01-06,2026-01-20,2026-01-16,9.8,2026-01-16,-4,-4,2026-01-21,2026-01-24,3.9,2026-01-23,3,2,2026-02-04,2026-02-02,12.4,2026-04-26,-2,81,2026-02-16,2026-02-17,13.1,2026-05-09,1,82,2026-02-27,2026-03-04,16.5,2026-05-29,5,91,2026-03-17,2026-03-20,21.2,2026-06-12,3,87,2026-04-15,2026-03-31,13.7,2026-06-30,-15,76
20383.0057,20383.0057,PERRY D3,CELINA,THE HEIGHTS AT UPTOWN CELINA,2025-05-14,2025-05-22,2025-05-27,13.4,2025-05-24,5,2,2025-06-02,2025-05-26,4.1,2025-05-25,-7,-8,2025-06-12,2025-06-16,14.4,2025-06-15,4,3,2025-06-18,2025-06-24,12.3,2025-06-25,6,7,,2025-07-01,13.0,2025-07-08,,,2025-07-16,2025-07-21,19.5,2025-08-06,5,21,2025-07-25,2025-08-01,16.2,2025-07-25,7,0
20400.0019,20400.0019,PERRY D3,LUCAS,ENCHANTED CREEK,2026-02-26,2026-03-10,2026-03-11,12.7,,1,,2026-03-16,2026-03-17,7.3,,1,,2026-04-01,2026-04-04,19.3,,3,,2026-04-10,2026-04-17,15.8,,7,,,2026-04-30,20.1,,,,,2026-05-23,22.6,,,,,2026-06-23,31.1,,,
20418.0020,20418.0020,PERRY D3,CELINA,RAMBLE,2026-03-04,2026-03-07,2026-03-15,11.3,,8,,2026-03-09,2026-03-11,4.0,,2,,2026-03-17,2026-03-22,12.9,,5,,2026-03-23,2026-03-26,9.5,,3,,2026-03-31,2026-04-05,12.7,,5,,2026-04-14,2026-04-20,19.5,,6,,2026-04-24,2026-04-30,15.7,,6,
20418.0003,20418.0003,PERRY D3,CELINA,RAMBLE,2026-03-04,2026-03-07,2026-03-16,12.0,,9,,2026-03-09,2026-03-12,4.8,,3,,2026-03-18,2026-03-22,13.3,,4,,2026-03-23,2026-03-27,9.3,,4,,2026-03-30,2026-04-05,12.8,,6,,2026-04-20,2026-04-19,19.5,,-1,,2026-04-24,2026-05-06,15.6,,12,
20030.0073,212112,PERRY D4,RHOME,REUNION,2022-11-01,2022-11-08,2022-11-15,13.8,,7,,2022-11-17,2022-11-15,6.7,,-2,,2022-11-27,2022-12-05,18.3,,8,,2022-12-12,2022-12-07,9.8,,-5,,2022-12-27,2023-01-02,21.0,,6,,2023-01-26,2023-01-10,14.0,,-16,,2023-03-08,2023-02-23,28.2,,-13,
20030.0051,169365,PERRY D4,RHOME,REUNION,2022-10-27,2022-11-02,2022-11-10,13.9,,8,,2022-11-07,2022-11-09,6.7,,2,,2022-11-22,2022-11-25,18.3,,3,,2022-11-28,2022-12-02,9.7,,4,,2022-12-21,2022-12-19,21.0,,-2,,2023-01-25,2023-01-04,14.0,,-21,,2023-03-08,2023-02-22,28.2,,-14,
20030.0052,169366,PERRY D4,RHOME,REUNION,2022-10-27,2022-11-03,2022-11-10,13.9,,7,,2022-11-07,2022-11-10,6.7,,3,,2022-11-23,2022-11-25,18.3,,2,,2022-11-28,2022-12-03,9.7,,5,,2022-12-21,2022-12-19,21.0,,-2,,2023-01-26,2023-01-04,14.0,,-22,,2023-03-27,2023-02-23,28.2,,-32,
20033.0071,211135,PERRY D4,FORT WORTH,WALSH,2025-12-22,2026-01-06,2026-01-03,12.1,,-3,,2026-01-09,2026-01-11,5.2,,2,,2026-01-28,2026-01-25,16.2,,-3,,2026-02-06,2026-02-11,14.3,,5,,2026-02-16,2026-02-21,15.0,,5,,2026-03-12,2026-03-11,23.5,,-1,,2026-03-25,2026-03-30,18.0,,5,
20035.0013,146354,PERRY D4,FORT WORTH,VENTANA RENTALS,2024-05-05,2024-05-22,2024-05-18,12.8,,-4,,2024-05-29,2024-05-29,7.3,,0,,2024-06-19,2024-06-17,18.8,,-2,,2024-06-21,2024-07-02,13.2,,11,,2024-07-24,2024-07-06,14.8,,-18,,2024-09-19,2024-08-08,15.0,,-42,,2024-10-18,2024-10-07,17.6,,-11,
20035.0023,146282,PERRY D4,FORT WORTH,VENTANA RENTALS,2024-05-08,2024-05-22,2024-05-21,12.8,,-1,,2024-05-29,2024-05-29,7.3,,0,,2024-06-21,2024-06-15,17.4,,-6,,2024-06-21,2024-07-04,13.2,,13,,2024-08-02,2024-07-06,14.8,,-27,,2024-09-04,2024-08-17,14.9,,-18,,2024-10-18,2024-09-21,17.5,,-27,
20035.0024,146289,PERRY D4,FORT WORTH,VENTANA RENTALS,2024-07-09,2024-07-21,2024-07-21,11.8,,0,,2024-08-05,2024-07-29,7.9,,-7,,2024-08-21,2024-08-23,18.5,,2,,2024-09-30,2024-09-04,14.3,,-26,,2024-10-11,2024-10-15,14.8,,4,,2024-11-19,2024-11-03,23.5,,-16,,2024-12-12,2024-12-07,17.8,,-5,
20035.0044,146284,PERRY D4,FORT WORTH,VENTANA RENTALS,2024-05-05,2024-05-22,2024-05-18,12.7,,-4,,2024-05-29,2024-05-30,7.7,,1,,2024-06-04,2024-06-17,18.8,,13,,2024-06-21,2024-06-18,13.6,,-3,,2024-08-05,2024-07-06,14.8,,-30,,2024-09-10,2024-08-19,14.3,,-22,,2024-10-18,2024-09-27,17.3,,-21,
20035.0045,146286,PERRY D4,FORT WORTH,VENTANA RENTALS,2024-07-01,2024-07-10,2024-07-14,12.8,,4,,2024-08-05,2024-07-19,8.5,,-17,,2024-08-23,2024-08-23,18.5,,0,,2024-09-17,2024-09-07,14.8,,-10,,2024-11-21,2024-10-02,14.8,,-50,,2024-12-05,2024-12-09,18.1,,4,,2024-12-06,2024-12-24,19.0,,18,
20035.0046,146287,PERRY D4,FORT WORTH,VENTANA RENTALS,2024-07-09,2024-07-16,2024-07-21,11.8,,5,,2024-07-21,2024-07-24,8.4,,3,,2024-08-23,2024-08-07,17.1,,-16,,2024-09-17,2024-09-05,12.9,,-12,,2024-11-15,2024-10-02,14.8,,-44,,2024-12-02,2024-12-04,19.5,,2,,2024-12-06,2024-12-21,18.6,,15,
20035.0075,146279,PERRY D4,FORT WORTH,VENTANA RENTALS,2024-07-01,2024-07-16,2024-07-14,12.8,,-2,,2024-08-08,2024-07-24,8.1,,-15,,2024-09-16,2024-08-27,18.8,,-20,,2024-10-11,2024-09-29,13.1,,-12,,2024-11-05,2024-10-26,15.0,,-10,,2024-12-12,2024-11-22,16.9,,-20,,2024-12-20,2024-12-29,17.5,,9,
20035.0077,146285,PERRY D4,FORT WORTH,VENTANA RENTALS,2024-05-05,2024-05-22,2024-05-18,12.8,,-4,,2024-05-29,2024-05-29,7.3,,0,,2024-06-11,2024-06-17,18.8,,6,,2024-06-21,2024-06-25,13.6,,4,,2024-07-29,2024-07-06,14.8,,-23,,2024-09-10,2024-08-13,14.6,,-28,,2024-10-18,2024-09-27,17.3,,-21,
20035.0097,146293,PERRY D4,FORT WORTH,VENTANA RENTALS,2024-07-18,2024-07-29,2024-07-30,11.9,,1,,2024-08-05,2024-08-05,6.5,,0,,2024-08-19,2024-08-22,17.1,,3,,2024-09-17,2024-09-02,13.7,,-15,,2024-10-28,2024-10-02,14.8,,-26,,2024-11-19,2024-11-12,14.9,,-7,,2024-12-23,2024-12-08,18.7,,-15,
20035.0114,146278,PERRY D4,FORT WORTH,VENTANA RENTALS,2024-05-08,2024-05-15,2024-05-21,12.7,,6,,2024-05-29,2024-05-22,7.3,,-7,,2024-06-19,2024-06-15,17.1,,-4,,2024-06-21,2024-07-03,13.6,,12,,2024-08-11,2024-07-06,14.8,,-36,,2024-09-10,2024-08-25,14.3,,-16,,2024-10-08,2024-09-27,17.5,,-11,
20035.0161,146274,PERRY D4,FORT WORTH,VENTANA RENTALS,2024-06-28,2024-07-12,2024-07-13,14.6,,1,,2024-07-29,2024-07-20,8.3,,-9,,2024-08-19,2024-08-17,18.8,,-2,,2024-09-12,2024-09-02,14.0,,-10,,2024-10-28,2024-09-27,14.8,,-31,,2024-12-02,2024-11-12,15.4,,-20,,2024-12-19,2024-12-19,17.4,,0,
20035.0172,146275,PERRY D4,FORT WORTH,VENTANA RENTALS,2024-05-08,2024-05-22,2024-05-21,12.8,,-1,,2024-05-24,2024-05-29,7.3,,5,,2024-06-04,2024-06-10,17.4,,6,,2024-06-21,2024-06-17,13.3,,-4,,2024-08-11,2024-07-06,14.8,,-36,,2024-09-04,2024-08-26,15.1,,-9,,2024-10-08,2024-09-22,18.3,,-16,
20035.0174,146291,PERRY D4,FORT WORTH,VENTANA RENTALS,2024-07-18,2024-07-29,2024-07-30,11.9,,1,,2024-08-05,2024-08-05,6.5,,0,,2024-08-19,2024-08-22,17.1,,3,,2024-09-17,2024-09-02,13.7,,-15,,2024-10-28,2024-10-02,14.8,,-26,,2024-11-05,2024-11-12,14.9,,7,,2024-12-12,2024-11-24,19.5,,-18,
20035.0178,146343,PERRY D4,FORT WORTH,VENTANA RENTALS,2024-06-24,2024-06-28,2024-07-07,12.8,,9,,2024-07-08,2024-07-06,8.4,,-2,,2024-07-17,2024-07-25,17.1,,8,,2024-09-07,2024-07-31,14.0,,-38,,2024-10-30,2024-09-22,14.8,,-38,,2024-10-30,2024-11-14,14.8,,15,,2024-11-28,2024-11-18,19.5,,-10,
20035.0179,146355,PERRY D4,FORT WORTH,VENTANA RENTALS,2024-06-07,2024-06-24,2024-06-21,13.8,,-3,,2024-07-08,2024-06-30,6.4,,-8,,2024-07-11,2024-07-27,18.8,,16,,2024-08-26,2024-07-25,14.1,,-32,,2024-10-29,2024-09-10,14.8,,-49,,2024-10-29,2024-11-14,16.5,,16,,2024-11-28,2024-11-17,19.4,,-11,
20088.0131,20088.0131,PERRY D4,HASLET,SWEETGRASS,2026-03-13,2026-03-18,2026-03-26,12.9,,8,,2026-03-23,2026-03-23,4.8,,0,,2026-04-06,2026-04-11,18.9,,5,,2026-04-14,2026-04-16,10.2,,2,,2026-04-28,2026-04-26,12.5,,-2,,,2026-05-19,20.7,,,,,2026-06-10,21.9,,,
20088.0132,20088.0132,PERRY D4,HASLET,SWEETGRASS,2026-03-10,2026-03-19,2026-03-23,12.9,,4,,2026-03-24,2026-03-24,4.8,,0,,2026-04-10,2026-04-12,18.9,,2,,2026-04-21,2026-04-20,10.2,,-1,,,2026-05-03,12.5,,,,,2026-05-24,20.7,,,,,2026-06-15,21.9,,,
20088.0133,20088.0133,PERRY D4,HASLET,SWEETGRASS,2026-03-25,2026-04-02,2026-04-06,11.6,,4,,2026-04-09,2026-04-07,4.7,,-2,,2026-04-21,2026-04-28,18.9,,7,,2026-04-28,2026-05-01,10.2,,3,,,2026-05-10,12.5,,,,,2026-05-31,20.7,,,,,2026-06-22,21.9,,,
20088.0135,20088.0135,PERRY D4,HASLET,SWEETGRASS,2026-03-30,2026-04-02,2026-04-11,11.6,,9,,2026-04-08,2026-04-07,4.7,,-1,,2026-04-28,2026-04-27,18.9,,-1,,,2026-05-08,10.2,,,,,2026-05-20,12.5,,,,,2026-06-10,20.7,,,,,2026-07-02,21.9,,,
20088.0136,20088.0136,PERRY D4,HASLET,SWEETGRASS,2026-04-08,2026-04-22,2026-04-20,12.2,,-2,,2026-04-29,2026-04-27,4.7,,-2,,,2026-05-18,18.9,,,,,2026-05-27,8.9,,,,,2026-06-08,12.5,,,,,2026-06-29,20.7,,,,,2026-07-21,21.9,,,
20088.0149,20088.0149,PERRY D4,HASLET,SWEETGRASS,2026-03-05,2026-03-16,2026-03-18,12.8,,2,,2026-03-23,2026-03-21,4.8,,-2,,2026-04-09,2026-04-11,18.9,,2,,2026-04-21,2026-04-19,10.2,,-2,,,2026-05-03,12.5,,,,,2026-05-24,20.7,,,,,2026-06-15,21.9,,,
20088.0187,20088.0187,PERRY D4,HASLET,SWEETGRASS,2026-03-31,2026-04-13,2026-04-13,12.9,,0,,2026-04-21,2026-04-18,4.7,,-3,,,2026-05-10,18.9,,,,,2026-05-19,8.9,,,,,2026-05-31,12.5,,,,,2026-06-21,20.7,,,,,2026-07-13,21.9,,,
20088.0200,20088.0200,PERRY D4,HASLET,SWEETGRASS,2026-04-02,2026-04-17,2026-04-15,12.8,,-2,,,2026-04-22,4.7,,,,,2026-05-11,18.9,,,,,2026-05-20,8.9,,,,,2026-06-01,12.5,,,,,2026-06-22,20.7,,,,,2026-07-14,21.9,,,
20394.0044,20394.0044,PERRY D4,LAKEWOOD VILLAGE,LAKEWOOD VILLAGE,2026-03-25,2026-04-06,2026-04-04,10.2,,-2,,2026-04-08,2026-04-11,4.8,,3,,2026-04-30,2026-04-24,16.0,,-6,,,2026-05-13,12.7,,,,,2026-05-30,16.6,,,,,2026-06-27,28.1,,,,,2026-07-16,18.5,,,
20124.0161,20124.0161,HOUSTON 1,MONT BELVIEU,RICELAND,2025-09-29,2025-10-14,2025-10-16,16.5,2025-10-17,2,3,2025-10-20,2025-10-21,7.1,2025-10-23,1,3,2025-10-28,2025-11-02,13.2,2025-11-01,5,4,2025-11-05,2025-11-09,11.9,2025-11-10,4,5,2025-11-20,2025-11-23,17.9,2026-04-26,3,157,,2025-12-19,29.4,2026-05-15,,,,2025-12-29,10.3,2026-05-22,,
20124.0111,20124.0111,HOUSTON 1,MONT BELVIEU,RICELAND,2025-12-15,2026-01-08,2025-12-31,16.5,2026-01-06,-8,-2,2026-01-21,2026-01-16,7.7,2026-01-19,-5,-2,2026-01-29,2026-02-03,13.2,2026-02-08,5,10,2026-02-24,2026-02-10,11.9,2026-04-26,-14,61,,2026-03-14,17.9,2026-05-15,,,,2026-04-12,29.4,2026-06-25,,,,2026-04-22,10.3,2026-07-05,,
20124.0192,20124.0192,HOUSTON 1,MONT BELVIEU,RICELAND,2025-12-01,2025-12-22,2025-12-17,16.5,2025-12-23,-5,1,2026-01-05,2025-12-30,7.6,2026-01-02,-6,-3,2026-01-28,2026-01-18,13.2,2026-04-26,-10,88,2026-03-04,2026-02-09,11.9,2026-05-10,-23,67,,2026-03-22,17.9,2026-05-29,,,,2026-04-20,29.4,2026-07-09,,,,2026-04-30,10.3,2026-07-19,,
20124.0193,20124.0193,HOUSTON 1,MONT BELVIEU,RICELAND,2025-11-13,2025-12-03,2025-11-29,16.5,2025-12-05,-4,2,2025-12-12,2025-12-11,7.6,2025-12-14,-1,2,2026-01-09,2025-12-25,13.2,2025-12-30,-15,-10,2026-01-23,2026-01-21,11.9,2026-01-23,-2,0,2026-02-04,2026-02-10,17.9,2026-04-26,6,81,,2026-03-05,29.4,2026-06-06,,,,2026-03-15,10.3,2026-06-16,,
20132.1031,20132.1031,HOUSTON 1,MANVEL,MERIDIANA,2026-04-22,,2026-05-06,14.4,,,,,2026-05-15,8.7,,,,,2026-05-24,9.2,,,,,2026-06-03,10.3,,,,,2026-06-15,12.1,,,,,2026-07-03,18.2,,,,,2026-07-15,12.4,,,
20165.0214,20165.0214,HOUSTON 1,MANVEL,VALENCIA,2026-04-29,,2026-05-14,15.3,,,,,2026-05-25,10.7,,,,,2026-06-03,8.6,,,,,2026-06-16,13.1,,,,,2026-07-03,16.7,,,,,2026-07-23,20.1,,,,,2026-08-04,12.2,,,
20391.0004,20391.0004,HOUSTON 1,LEAGUE CITY,LEGACY,2026-03-25,2026-04-09,2026-04-09,14.7,,0,,2026-04-13,2026-04-16,7.1,,3,,2026-04-21,2026-05-05,22.5,,14,,,2026-04-30,9.5,,,,,2026-05-19,18.9,,,,,2026-06-18,30.1,,,,,2026-07-07,19.2,,,
20391.0009,20391.0009,HOUSTON 1,LEAGUE CITY,LEGACY,2026-04-16,,2026-04-30,14.4,,,,,2026-05-06,6.0,,,,,2026-05-28,22.5,,,,,2026-06-06,9.5,,,,,2026-06-25,18.9,,,,,2026-07-25,30.1,,,,,2026-08-13,19.2,,,
20391.0011,20391.0011,HOUSTON 1,LEAGUE CITY,LEGACY,2025-08-04,2025-08-19,2025-08-18,14.4,2025-08-23,-1,4,2025-09-02,2025-08-25,6.2,2025-08-27,-8,-6,2025-09-09,2025-09-24,22.5,2025-09-12,15,3,2025-09-18,2025-09-18,9.5,2025-09-18,0,0,2025-09-23,2025-10-07,18.9,2025-10-10,14,17,2025-12-31,2025-10-23,30.1,2025-12-28,-69,-3,2026-01-09,2026-01-19,19.2,2026-01-09,10,0
20391.0013,20391.0013,HOUSTON 1,LEAGUE CITY,LEGACY,2025-08-18,2025-09-03,2025-09-01,14.4,2025-09-06,-2,3,2025-09-10,2025-09-09,5.7,2025-09-11,-1,1,2025-09-19,2025-10-02,22.5,2025-09-20,13,1,2025-09-26,2025-09-28,9.5,2025-09-28,2,2,2025-10-06,2025-10-15,18.9,2025-10-18,9,12,2026-01-06,2025-11-05,30.1,2026-01-10,-62,4,2026-01-16,2026-01-25,19.2,2026-01-16,9,0
20391.0014,20391.0014,HOUSTON 1,LEAGUE CITY,LEGACY,2026-03-13,2026-04-01,2026-03-28,14.7,,-4,,2026-04-06,2026-04-09,8.4,,3,,2026-04-14,2026-04-28,22.5,,14,,2026-04-21,2026-04-23,9.5,,2,,,2026-05-10,18.9,,,,,2026-06-09,30.1,,,,,2026-06-28,19.2,,,
20391.0015,20391.0015,HOUSTON 1,LEAGUE CITY,LEGACY,2025-08-18,2025-09-02,2025-09-01,14.4,2025-09-06,-1,4,2025-09-08,2025-09-08,5.8,2025-09-10,0,2,2025-09-16,2025-09-30,22.5,2025-09-18,14,2,2025-09-25,2025-09-25,9.5,2025-09-25,0,0,2025-10-03,2025-10-14,18.9,2025-10-17,11,14,2025-12-31,2025-11-02,30.1,2026-01-07,-59,7,2026-01-13,2026-01-19,19.2,2026-01-13,6,0
20410.0021,20410.0021,HOUSTON 1,HOUSTON,MIDLINE,2026-04-23,,2026-05-07,14.2,,,,,2026-05-15,7.9,,,,,2026-05-27,11.8,,,,,2026-06-07,11.3,,,,,2026-06-25,18.1,,,,,2026-07-24,29.3,,,,,2026-08-02,9.1,,,
20410.0031,20410.0031,HOUSTON 1,HOUSTON,MIDLINE,2026-04-16,,2026-04-29,13.3,,,,,2026-05-07,7.6,,,,,2026-05-19,11.8,,,,,2026-05-30,11.5,,,,,2026-06-18,18.8,,,,,2026-07-15,27.2,,,,,2026-07-24,8.7,,,
20410.0038,20410.0038,HOUSTON 1,HOUSTON,MIDLINE,2026-04-21,,2026-05-02,10.8,,,,,2026-05-09,7.4,,,,,2026-05-21,11.6,,,,,2026-06-02,11.7,,,,,2026-06-20,18.3,,,,,2026-07-17,26.7,,,,,2026-07-26,8.9,,,
20178.0150,20178.0150,HOUSTON 2,MAGNOLIA,ESCONDIDO,2025-12-26,2026-01-21,2026-01-09,14.0,2026-01-13,-12,-8,2026-01-23,2026-01-26,4.7,2026-01-23,3,0,2026-02-09,2026-02-04,12.1,2026-04-26,-5,76,2026-02-24,2026-02-19,10.3,2026-05-07,-5,72,2026-03-05,2026-03-12,15.6,2026-05-24,7,80,2026-03-16,2026-04-04,29.9,2026-06-09,19,85,2026-03-27,2026-03-31,14.8,2026-06-29,4,94
20183.0232,20183.0232,HOUSTON 2,MAGNOLIA,AUDUBON,2026-04-14,,2026-04-26,12.1,,,,,2026-04-30,3.9,,,,,2026-05-12,12.1,,,,,2026-05-22,10.3,,,,,2026-06-08,17.2,,,,,2026-07-02,23.6,,,,,2026-07-17,14.7,,,
20183.0234,20183.0234,HOUSTON 2,MAGNOLIA,AUDUBON,2025-11-10,2025-11-21,2025-11-19,8.6,2025-11-22,-2,1,2025-11-26,2025-11-26,4.8,2025-11-23,0,-3,2025-12-09,2025-12-08,12.0,2025-12-08,-1,-1,2025-12-17,2025-12-19,10.2,2025-12-28,2,11,2025-12-31,2026-01-02,15.7,2025-12-30,2,-1,2026-01-20,2026-01-29,28.6,2026-01-16,9,-4,2026-02-02,2026-02-04,14.9,2026-04-26,2,83
20183.0240,20183.0240,HOUSTON 2,MAGNOLIA,AUDUBON,2026-04-20,,2026-04-29,9.2,,,,,2026-05-03,4.4,,,,,2026-05-15,12.1,,,,,2026-05-25,10.2,,,,,2026-06-05,11.0,,,,,2026-07-04,28.6,,,,,2026-07-19,14.9,,,
20183.0241,20183.0241,HOUSTON 2,MAGNOLIA,AUDUBON,2026-01-20,2026-02-02,2026-02-01,12.2,2026-04-26,-1,83,2026-02-03,2026-02-05,3.1,2026-04-28,2,84,2026-02-12,2026-02-15,12.1,2026-05-10,3,87,2026-02-20,2026-02-22,10.3,2026-05-29,2,98,2026-03-04,2026-03-06,13.7,2026-06-11,2,99,2026-03-19,2026-04-02,28.6,2026-06-27,14,100,2026-03-27,2026-04-03,15.4,2026-07-12,7,107
20183.0266,20183.0266,HOUSTON 2,MAGNOLIA,AUDUBON,2026-02-11,2026-02-27,2026-02-28,16.6,,1,,2026-03-04,2026-03-04,5.3,,0,,2026-03-12,2026-03-16,12.1,,4,,2026-03-20,2026-03-22,10.3,,2,,2026-04-07,2026-04-11,22.3,,4,,2026-04-21,2026-05-03,25.7,,12,,,2026-05-06,15.1,,,
20183.0275,20183.0275,HOUSTON 2,MAGNOLIA,AUDUBON,2026-02-20,2026-03-10,2026-03-09,17.2,,-1,,2026-03-16,2026-03-15,4.8,,-1,,2026-03-27,2026-03-28,12.1,,1,,2026-04-03,2026-04-06,10.3,,3,,,2026-04-25,22.2,,,,,2026-05-22,27.3,,,,,2026-06-06,15.1,,,
20397.0033,20397.0033,HOUSTON 2,MAGNOLIA,WILDTREE,2026-03-11,2026-03-17,2026-03-21,9.9,,4,,2026-03-25,2026-03-22,4.6,,-3,,2026-04-03,2026-04-06,12.0,,3,,2026-04-13,2026-04-13,10.2,,0,,2026-04-20,2026-04-27,13.6,,7,,,2026-05-23,33.5,,,,,2026-06-07,15.0,,,
20397.0034,20397.0034,HOUSTON 2,MAGNOLIA,WILDTREE,2026-01-22,2026-02-02,2026-02-03,12.3,2026-04-26,1,83,2026-02-06,2026-02-06,3.8,2026-04-29,0,82,2026-02-17,2026-02-18,12.1,2026-05-08,1,80,2026-02-25,2026-02-27,10.3,2026-05-19,2,83,2026-03-11,2026-03-10,12.9,2026-06-05,-1,86,2026-04-27,2026-04-13,32.5,2026-06-21,-14,55,,2026-05-12,14.6,2026-07-16,,
20398.0015,20398.0015,HOUSTON 2,HOCKLEY,EVERLY,2026-03-20,2026-03-27,2026-03-29,9.0,,2,,2026-04-01,2026-04-02,6.1,,1,,2026-04-10,2026-04-12,11.4,,2,,2026-04-13,2026-04-22,11.5,,9,,,2026-04-27,14.3,,,,,2026-05-19,21.8,,,,,2026-06-03,14.9,,,
20398.0016,20398.0016,HOUSTON 2,HOCKLEY,EVERLY,2026-03-20,2026-03-27,2026-03-28,8.4,,1,,2026-04-01,2026-04-02,6.1,,1,,2026-04-11,2026-04-12,11.4,,1,,2026-04-20,2026-04-23,11.5,,3,,,2026-05-04,13.8,,,,,2026-05-26,21.8,,,,,2026-06-09,14.3,,,
20398.0027,20398.0027,HOUSTON 2,HOCKLEY,EVERLY,2025-12-23,2026-01-05,2026-01-03,10.9,2026-01-05,-2,0,2026-01-07,2026-01-10,5.1,2026-01-07,3,0,2026-01-17,2026-01-19,11.9,2026-01-18,2,1,2026-01-28,2026-01-28,11.5,2026-01-28,0,0,2026-02-10,2026-02-11,14.3,2026-04-26,1,75,2026-02-25,2026-03-04,21.8,2026-05-12,7,76,2026-03-02,2026-03-11,14.2,2026-06-24,9,114
20398.0063,20398.0063,HOUSTON 2,HOCKLEY,EVERLY,2026-02-25,2026-03-06,2026-03-05,8.4,,-1,,2026-03-09,2026-03-12,5.5,,3,,2026-03-19,2026-03-21,12.0,,2,,2026-03-29,2026-03-30,11.4,,1,,,2026-04-13,15.4,,,,2026-04-27,2026-05-05,21.8,,8,,,2026-05-10,13.3,,,
20398.0117,20398.0117,HOUSTON 2,HOCKLEY,EVERLY,2025-06-13,2025-06-23,2025-06-27,13.8,2025-06-27,4,4,2025-06-26,2025-06-29,5.9,2025-06-26,3,0,2025-07-08,2025-07-08,12.2,2025-07-06,0,-2,2025-07-18,2025-07-19,11.4,2025-07-19,1,1,2025-07-23,2025-08-03,15.7,2025-08-04,11,12,2025-08-25,2025-08-14,21.8,2025-08-08,-11,-17,2025-09-02,2025-09-09,15.2,2025-09-02,7,0
20233.0494,20233.0494,HOUSTON 3,FULSHEAR,JORDAN RANCH,2025-12-26,2026-01-09,2026-01-07,11.6,2026-01-10,-2,1,2026-01-13,2026-01-14,4.8,2026-01-13,1,0,2026-01-22,2026-01-24,11.3,2026-01-23,2,1,2026-02-03,2026-01-31,8.7,2026-04-26,-3,82,2026-02-13,2026-02-20,17.4,2026-05-16,7,92,2026-02-25,2026-03-02,16.6,2026-05-24,5,88,2026-03-06,2026-03-09,12.5,2026-06-07,3,93
20233.0517,20233.0517,HOUSTON 3,FULSHEAR,JORDAN RANCH,2026-02-19,2026-02-26,2026-03-01,10.3,,3,,2026-03-02,2026-03-03,4.9,,1,,2026-03-11,2026-03-13,11.3,,2,,2026-03-18,2026-03-20,8.8,,2,,2026-04-08,2026-04-05,18.3,,-3,,2026-04-22,2026-04-20,12.4,,-2,,,2026-05-04,12.5,,,
20233.0529,20233.0529,HOUSTON 3,FULSHEAR,JORDAN RANCH,2026-03-24,2026-04-14,2026-04-04,11.0,,-10,,2026-04-17,2026-04-18,4.4,,1,,2026-05-01,2026-04-28,11.4,,-3,,,2026-05-10,8.9,,,,,2026-05-29,18.6,,,,,2026-06-14,16.3,,,,,2026-06-26,12.5,,,
20233.0545,20233.0545,HOUSTON 3,FULSHEAR,JORDAN RANCH,2026-02-26,2026-03-09,2026-03-08,10.4,,-1,,2026-03-12,2026-03-13,3.7,,1,,2026-03-20,2026-03-23,11.4,,3,,2026-03-28,2026-03-29,8.8,,1,,2026-04-14,2026-04-15,17.6,,1,,2026-04-27,2026-04-28,13.9,,1,,,2026-05-09,12.5,,,
20233.0140,617118,HOUSTON 3,FULSHEAR,JORDAN RANCH,2021-11-02,2021-11-21,2021-11-13,11.0,,-8,,2021-11-22,2021-11-26,5.4,,4,,2021-12-07,2021-12-03,11.3,,-4,,2022-01-12,2021-12-17,9.7,,-26,,2022-02-01,2022-01-30,17.8,,-2,,2022-05-02,2022-02-15,13.9,,-76,,2022-05-11,2022-05-14,12.3,,3,
20233.0397,657072,HOUSTON 3,FULSHEAR,JORDAN RANCH,2021-11-21,2021-12-15,2021-12-07,16.3,,-8,,2021-12-20,2021-12-21,5.9,,1,,2022-01-24,2021-12-31,11.3,,-24,,2022-02-04,2022-02-03,9.7,,-1,,2022-02-08,2022-02-22,18.5,,14,,2022-05-16,2022-02-25,16.5,,-80,,2022-05-20,2022-05-28,12.3,,8,
20233.0584,20233.0584,HOUSTON 3,FULSHEAR,JORDAN RANCH,2026-02-06,2026-03-03,2026-02-21,15.2,2026-05-11,-10,69,2026-03-07,2026-03-10,6.5,2026-05-19,3,73,2026-03-20,2026-03-18,11.4,2026-05-29,-2,70,,2026-03-31,10.5,2026-06-15,,,,2026-04-19,18.8,2026-06-28,,,,2026-05-05,16.5,2026-07-17,,,,2026-05-17,12.5,2026-08-01,,
20265.0251,20265.0251,HOUSTON 3,FULSHEAR,CROSS CREEK WEST,2026-01-13,2026-01-21,2026-01-24,10.7,2026-01-20,3,-1,2026-01-28,2026-01-25,4.2,2026-01-26,-3,-2,2026-02-05,2026-02-08,11.2,2026-04-26,3,80,2026-02-13,2026-02-14,8.9,2026-05-03,1,79,2026-02-27,2026-03-03,17.6,2026-05-25,4,87,2026-03-12,2026-03-15,16.4,2026-06-07,3,87,2026-04-07,2026-03-24,12.4,2026-06-16,-14,70
20265.0258,20265.0258,HOUSTON 3,FULSHEAR,CROSS CREEK WEST,2026-04-10,2026-04-20,2026-04-25,15.2,,5,,2026-04-24,2026-04-24,4.2,,0,,,2026-05-05,11.3,,,,,2026-05-15,10.0,,,,,2026-06-03,19.0,,,,,2026-06-18,14.6,,,,,2026-07-01,12.7,,,
20265.0278,20265.0278,HOUSTON 3,FULSHEAR,CROSS CREEK WEST,2026-03-17,2026-04-01,2026-04-02,15.7,,1,,2026-04-06,2026-04-07,6.0,,1,,2026-04-18,2026-04-17,11.3,,-1,,,2026-04-28,10.1,,,,,2026-05-17,18.8,,,,,2026-06-03,16.6,,,,,2026-06-16,12.7,,,
20267.0600,20267.0600,HOUSTON 3,RICHMOND,CANDELA,2026-02-19,2026-03-04,2026-03-06,15.4,,2,,2026-03-10,2026-03-11,6.8,,1,,2026-03-20,2026-03-20,10.3,,0,,2026-03-31,2026-03-31,11.4,,0,,2026-04-16,2026-04-16,16.1,,0,,,2026-05-05,18.6,,,,,2026-05-17,12.2,,,
20356.0006,20356.0006,HOUSTON 3,FULSHEAR,FULSHEAR LAKES,2026-02-07,2026-03-03,2026-02-24,16.9,2026-05-28,-7,86,2026-03-11,2026-03-10,6.6,2026-06-11,-1,92,2026-03-28,2026-03-22,11.2,2026-06-25,-6,89,2026-04-08,2026-04-08,10.8,2026-07-07,0,90,2026-04-30,2026-04-27,18.8,2026-07-23,-3,84,,2026-05-16,16.5,2026-08-15,,,,2026-05-29,12.7,2026-08-27,,
20359.0004,20359.0004,HOUSTON 3,KATY,GRANGE,2025-01-09,2025-01-28,2025-01-28,18.6,2025-01-28,0,0,2025-01-30,2025-02-02,4.7,2025-01-31,3,1,2025-02-07,2025-02-12,12.9,2025-02-14,5,7,2025-02-17,2025-02-18,11.4,2025-02-18,1,1,2025-02-28,2025-03-08,19.2,2025-02-27,8,-1,2025-03-26,2025-03-17,17.1,2025-03-22,-9,-4,2025-04-11,2025-04-06,11.0,2025-04-11,-5,0
20215.0166,735141,HOUSTON 4,CONROE,ARTAVIA,2023-11-07,2023-11-17,2023-11-17,10.0,,0,,2023-11-22,2023-11-22,5.1,,0,,2023-11-29,2023-12-02,10.5,,3,,2023-12-05,2023-12-08,9.2,,3,,2023-12-19,2023-12-21,16.2,,2,,2023-12-29,2024-01-02,14.4,,4,,2024-01-11,2024-01-12,14.2,,1,
20215.0382,20215.0382,HOUSTON 4,CONROE,ARTAVIA,2026-03-19,2026-03-26,2026-04-02,13.8,,7,,2026-03-31,2026-03-30,3.8,,-1,,2026-04-09,2026-04-10,10.5,,1,,2026-04-17,2026-04-18,9.1,,1,,,2026-05-03,15.6,,,,,2026-05-19,16.4,,,,,2026-06-02,14.3,,,
20218.0096,20218.0096,HOUSTON 4,CONROE,EVERGREEN,2025-03-18,2025-03-21,2025-03-29,10.9,2025-03-31,8,10,2025-03-28,2025-03-25,3.8,2025-03-22,-3,-6,2025-04-05,2025-04-08,10.6,2025-04-06,3,1,2025-04-25,2025-04-15,10.2,2025-04-15,-10,-10,2025-05-23,2025-05-11,16.2,2025-05-10,-12,-13,2025-08-05,2025-06-16,24.2,2025-06-09,-50,-57,2025-08-08,2025-08-19,14.1,2025-08-08,11,0
20221.0300,20221.0300,HOUSTON 4,CONROE,GRAND CENTRAL PARK,2026-01-13,2026-01-21,2026-01-26,13.0,2026-01-23,5,2,2026-01-26,2026-01-25,3.8,2026-01-25,-1,-1,2026-01-30,2026-02-05,10.5,2026-04-26,6,86,2026-02-10,2026-02-08,9.1,2026-05-05,-2,84,2026-02-20,2026-02-26,16.2,2026-05-20,6,89,2026-03-02,2026-03-06,13.9,2026-06-06,4,96,2026-03-09,2026-03-15,13.0,2026-06-19,6,102
20221.0304,20221.0304,HOUSTON 4,CONROE,GRAND CENTRAL PARK,2025-12-18,2025-12-30,2026-01-01,14.1,2025-12-28,2,-2,2026-01-05,2026-01-03,3.9,2026-01-03,-2,-2,2026-01-13,2026-01-15,10.4,2026-01-12,2,-1,2026-01-21,2026-01-22,9.4,2026-01-22,1,1,2026-02-06,2026-02-06,16.2,2026-04-26,0,79,2026-02-16,2026-02-23,16.8,2026-05-13,7,86,2026-02-27,2026-03-03,14.7,2026-05-26,4,88
20175.0063,20175.0063,HOUSTON 5,HOCKLEY,JUBILEE,2026-03-04,2026-03-26,2026-03-18,13.6,,-8,,2026-03-30,2026-04-02,6.9,,3,,2026-04-10,2026-04-11,12.4,,1,,2026-04-22,2026-04-22,12.0,,0,,,2026-05-09,16.8,,,,,2026-05-30,21.3,,,,,2026-06-12,13.3,,,
20175.0070,20175.0070,HOUSTON 5,HOCKLEY,JUBILEE,2026-03-05,2026-03-13,2026-03-17,12.2,,4,,2026-03-17,2026-03-19,5.6,,2,,2026-03-27,2026-03-29,12.3,,2,,2026-04-08,2026-04-07,10.9,,-1,,2026-04-20,2026-04-25,17.0,,5,,2026-04-30,2026-05-11,21.3,,11,,,2026-05-13,13.2,,,
20181.1081,20181.1081,HOUSTON 5,CYPRESS,BRIDGELAND,2026-01-05,2026-01-20,2026-01-15,10.3,2026-01-19,-5,-1,2026-01-20,2026-01-25,5.3,2026-01-22,5,2,2026-01-30,2026-02-01,11.9,2026-04-26,2,86,2026-02-17,2026-02-09,9.7,2026-05-09,-8,81,2026-02-27,2026-03-04,15.3,2026-05-26,5,88,2026-03-10,2026-03-25,25.8,2026-06-13,15,95,2026-04-02,2026-03-26,16.2,2026-06-26,-7,85
20181.1218,20181.1218,HOUSTON 5,CYPRESS,BRIDGELAND,2026-03-23,2026-04-13,2026-04-05,12.5,,-8,,2026-04-17,2026-04-17,4.4,,0,,2026-04-30,2026-04-29,12.0,,-1,,,2026-05-09,9.5,,,,,2026-05-26,17.4,,,,,2026-06-10,15.4,,,,,2026-06-22,12.5,,,
20181.1219,20181.1219,HOUSTON 5,CYPRESS,BRIDGELAND,2026-03-23,2026-04-16,2026-04-03,11.4,,-13,,2026-04-22,2026-04-21,5.1,,-1,,,2026-05-04,12.0,,,,,2026-05-12,8.5,,,,,2026-05-29,17.2,,,,,2026-06-15,16.7,,,,,2026-06-27,12.4,,,
20181.1220,20181.1220,HOUSTON 5,CYPRESS,BRIDGELAND,2026-04-27,,2026-05-06,8.6,,,,,2026-05-11,5.2,,,,,2026-05-23,12.1,,,,,2026-06-02,10.4,,,,,2026-06-16,14.0,,,,,2026-07-03,16.8,,,,,2026-07-14,11.3,,,
20181.1221,20181.1221,HOUSTON 5,CYPRESS,BRIDGELAND,2026-03-23,2026-04-20,2026-04-02,10.0,,-18,,2026-04-23,2026-04-24,4.4,,1,,,2026-05-05,12.0,,,,,2026-05-13,8.4,,,,,2026-05-30,17.2,,,,,2026-06-15,16.2,,,,,2026-06-27,12.1,,,
20181.1021,20181.1021,HOUSTON 5,CYPRESS,BRIDGELAND,2025-10-30,2025-11-12,2025-11-15,15.7,2025-11-18,3,6,2025-11-17,2025-11-18,5.5,2025-11-17,1,0,2025-11-26,2025-11-29,12.1,2025-11-26,3,0,2025-12-08,2025-12-08,11.8,2025-12-08,0,0,2025-12-22,2025-12-27,18.5,2025-12-22,5,0,2026-01-14,2026-01-18,26.9,2026-01-17,4,3,2026-01-21,2026-01-30,16.1,2026-01-21,9,0
20195.0165,20195.0165,HOUSTON 5,HOCKLEY,THE GRAND PRAIRIE,2026-03-05,2026-03-13,2026-03-14,9.2,,1,,2026-03-19,2026-03-19,6.3,,0,,2026-03-26,2026-03-31,11.7,,5,,2026-04-06,2026-04-07,12.3,,1,,2026-04-19,2026-04-20,13.5,,1,,,2026-05-11,21.8,,,,,2026-05-26,14.8,,,
20195.0166,20195.0166,HOUSTON 5,HOCKLEY,THE GRAND PRAIRIE,2026-03-10,2026-04-02,2026-03-21,10.8,,-12,,2026-04-06,2026-04-11,8.5,,5,,2026-04-21,2026-04-17,11.0,,-4,,2026-04-30,2026-05-04,12.8,,4,,,2026-05-14,14.1,,,,,2026-06-05,21.8,,,,,2026-06-19,14.2,,,
20195.0172,20195.0172,HOUSTON 5,HOCKLEY,THE GRAND PRAIRIE,2026-01-28,2026-02-04,2026-02-08,10.8,2026-04-26,4,81,2026-02-09,2026-02-10,5.7,2026-05-01,1,81,2026-02-20,2026-02-21,11.6,2026-05-17,1,86,2026-03-01,2026-03-04,12.3,2026-05-29,3,89,2026-03-09,2026-03-15,13.5,2026-06-15,6,98,2026-04-22,2026-03-31,21.8,2026-07-03,-22,72,,2026-05-06,14.2,2026-07-13,,
20195.0173,20195.0173,HOUSTON 5,HOCKLEY,THE GRAND PRAIRIE,2026-02-19,2026-03-02,2026-03-02,10.7,,0,,2026-03-04,2026-03-08,5.9,,4,,2026-03-18,2026-03-16,11.7,,-2,,2026-03-25,2026-03-30,12.2,,5,,,2026-04-08,13.7,,,,,2026-04-30,21.8,,,,,2026-05-14,14.2,,,
20195.0174,20195.0174,HOUSTON 5,HOCKLEY,THE GRAND PRAIRIE,2026-01-28,2026-02-06,2026-02-08,10.6,2026-04-26,2,79,2026-02-10,2026-02-12,6.2,2026-05-01,2,80,2026-02-20,2026-02-22,11.6,2026-05-17,2,86,2026-03-01,2026-03-04,12.3,2026-05-29,3,89,2026-03-18,2026-03-15,13.5,2026-06-15,-3,89,2026-04-22,2026-04-09,21.8,2026-07-03,-13,72,,2026-05-06,14.2,2026-07-13,,
20195.0175,20195.0175,HOUSTON 5,HOCKLEY,THE GRAND PRAIRIE,2026-02-02,2026-02-12,2026-02-12,10.4,2026-05-11,0,88,2026-02-13,2026-02-18,6.2,2026-05-16,5,92,2026-02-25,2026-02-25,11.7,2026-06-01,0,96,2026-03-08,2026-03-09,12.3,2026-06-13,1,97,2026-03-19,2026-03-22,13.7,2026-06-30,3,103,2026-04-22,2026-04-10,21.8,2026-07-18,-12,87,,2026-05-06,14.2,2026-07-28,,
20195.0176,20195.0176,HOUSTON 5,HOCKLEY,THE GRAND PRAIRIE,2026-02-09,2026-02-21,2026-02-19,10.2,,-2,,2026-02-24,2026-02-27,5.8,,3,,2026-03-06,2026-03-08,11.6,,2,,2026-03-25,2026-03-17,11.1,,-8,,2026-04-07,2026-04-08,13.6,,1,,2026-04-22,2026-04-29,21.8,,7,,,2026-05-06,14.2,,,
20195.0191,20195.0191,HOUSTON 5,HOCKLEY,THE GRAND PRAIRIE,2026-02-06,2026-02-12,2026-02-17,11.4,2026-05-11,5,88,2026-02-15,2026-02-18,5.7,2026-05-16,3,90,2026-02-25,2026-02-27,11.7,2026-06-01,2,96,2026-03-08,2026-03-09,12.3,2026-06-13,1,97,2026-03-16,2026-03-22,14.3,2026-06-30,6,106,2026-04-24,2026-04-07,21.8,2026-07-18,-17,85,,2026-05-08,14.2,2026-07-28,,
20237.0112,20237.0112,HOUSTON 5,KATY,KATY COURT,2025-11-18,2025-12-02,2025-12-06,18.0,2025-12-03,4,1,2025-12-08,2025-12-07,4.9,2025-12-07,-1,-1,2025-12-17,2025-12-23,15.4,2025-12-24,6,7,2025-12-24,2025-12-28,11.4,2025-12-28,4,4,2026-01-22,2026-01-20,27.0,2026-01-22,-2,0,,2026-02-16,24.7,2026-04-26,,,,2026-03-02,13.9,2026-05-06,,
20237.0113,20237.0113,HOUSTON 5,KATY,KATY COURT,2025-11-18,2025-12-02,2025-12-05,17.2,2025-12-03,3,1,2025-12-08,2025-12-07,4.6,2025-12-07,-1,-1,2025-12-16,2025-12-21,12.5,2025-12-24,5,8,2025-12-24,2025-12-27,11.2,2025-12-27,3,3,,2026-01-20,26.8,2026-04-26,,,,2026-02-14,24.7,2026-05-14,,,,2026-03-01,14.6,2026-05-24,,
20237.0116,20237.0116,HOUSTON 5,KATY,KATY COURT,2025-11-20,2025-12-05,2025-12-09,18.8,2025-12-05,4,0,2025-12-11,2025-12-10,4.7,2025-12-10,-1,-1,2025-12-18,2025-12-28,17.1,2025-12-27,10,9,2026-01-06,2025-12-29,11.4,2025-12-29,-8,-8,2026-02-18,2026-01-28,21.6,2026-04-26,-21,67,,2026-03-16,25.5,2026-05-14,,,,2026-03-30,14.0,2026-05-24,,
20238.0772,20238.0772,HOUSTON 5,KATY,ELYSON,2026-01-21,2026-02-06,2026-02-05,14.7,2026-04-26,-1,79,2026-02-11,2026-02-10,4.5,2026-05-03,-1,81,2026-02-21,2026-02-22,10.7,2026-05-12,1,80,2026-03-02,2026-03-04,11.4,2026-05-21,2,80,2026-03-12,2026-03-23,21.1,2026-06-07,11,87,2026-03-27,2026-03-31,18.7,2026-06-25,4,90,2026-04-01,2026-04-06,9.8,2026-06-30,5,90
20238.0344,626157,HOUSTON 5,KATY,ELYSON,2023-10-10,2023-10-30,2023-10-29,19.2,,-1,,2023-11-02,2023-11-04,4.9,,2,,2023-11-14,2023-11-18,15.9,,4,,2023-11-22,2023-11-26,12.1,,4,,2023-12-12,2023-12-15,23.0,,3,,2024-01-08,2023-12-28,15.8,,-11,,2024-01-26,2024-01-19,11.0,,-7,
20243.0257,20243.0257,HOUSTON 5,CYPRESS,MARVIDA,2026-01-14,2026-01-28,2026-01-24,10.4,2026-01-28,-4,0,2026-02-02,2026-02-03,6.3,2026-04-26,1,83,2026-02-13,2026-02-14,12.0,2026-05-10,1,86,2026-02-23,2026-02-22,9.2,2026-05-19,-1,85,2026-03-05,2026-03-11,15.8,2026-06-04,6,91,2026-03-23,2026-03-20,15.4,2026-06-17,-3,86,2026-03-31,2026-04-04,12.2,2026-06-25,4,86
20243.0275,20243.0275,HOUSTON 5,CYPRESS,MARVIDA,2025-12-04,2025-12-18,2025-12-17,13.0,2025-12-18,-1,0,2025-12-22,2025-12-25,6.5,2025-12-23,3,1,2026-01-09,2026-01-03,12.1,2026-01-05,-6,-4,2026-01-20,2026-01-19,10.2,2026-01-18,-1,-2,2026-02-02,2026-02-06,16.8,2026-04-26,4,83,2026-02-13,2026-02-18,16.2,2026-05-09,5,85,2026-02-23,2026-02-27,14.2,2026-05-17,4,83
20108.1120,20108.1120,HOUSTON 6,MISSOURI CITY,SIENNA,2025-09-29,2025-10-09,2025-10-15,16.1,2025-10-13,6,4,2025-10-13,2025-10-15,5.9,2025-10-13,2,0,2025-10-22,2025-10-24,10.7,2025-10-26,2,4,2025-10-28,2025-10-28,6.2,2025-10-31,0,3,2025-11-10,2025-11-14,17.0,2025-11-13,4,3,2026-03-01,2025-12-03,23.2,2026-04-26,-88,56,,2026-03-16,14.7,2026-05-08,,
20108.1119,20108.1119,HOUSTON 6,MISSOURI CITY,SIENNA,2025-09-29,2025-10-13,2025-10-15,16.2,2025-10-18,2,5,2025-10-16,2025-10-18,4.9,2025-10-18,2,2,2025-10-28,2025-10-27,11.1,2025-10-29,-1,1,2025-11-10,2025-11-05,7.8,2025-11-06,-5,-4,2025-11-21,2025-12-02,21.9,2025-11-26,11,5,2026-03-25,2025-12-16,24.9,2026-04-26,-99,32,2026-04-08,2026-04-09,14.7,2026-05-08,1,30
20252.0524,20252.0524,HOUSTON 6,RICHMOND,STONECREEK ESTATES,2026-02-05,2026-02-13,2026-02-21,15.6,,8,,2026-02-23,2026-02-21,7.9,,-2,,2026-03-19,2026-03-07,12.4,,-12,,2026-04-01,2026-03-30,11.1,,-2,,,2026-04-17,16.5,,,,,2026-05-04,17.2,,,,,2026-05-16,11.9,,,
20272.0334,705056,HOUSTON 6,RICHMOND,HARVEST GREEN,2018-12-27,2019-01-10,2019-01-06,10.3,,-4,,2019-01-16,2019-01-16,5.9,,0,,2019-01-29,2019-01-26,10.4,,-3,,,2019-02-05,6.6,,,,,2019-02-18,13.2,,,,,2019-03-03,13.3,,,,,2019-03-16,13.2,,,
20272.0498,20272.0498,HOUSTON 6,RICHMOND,HARVEST GREEN,2026-03-26,2026-04-06,2026-04-06,11.0,,0,,2026-04-09,2026-04-11,5.3,,2,,2026-04-21,2026-04-19,10.5,,-2,,2026-05-01,2026-04-29,8.4,,-2,,,2026-05-16,14.5,,,,,2026-05-31,14.5,,,,,2026-06-13,13.0,,,
20272.0512,20272.0512,HOUSTON 6,RICHMOND,HARVEST GREEN,2026-03-05,2026-03-11,2026-03-14,8.9,,3,,2026-03-16,2026-03-16,4.7,,0,,2026-03-24,2026-03-26,10.3,,2,,2026-03-26,2026-04-01,7.8,,6,,2026-04-07,2026-04-08,13.4,,1,,2026-04-20,2026-04-20,13.2,,0,,,2026-05-03,13.0,,,
20272.0519,20272.0519,HOUSTON 6,RICHMOND,HARVEST GREEN,2026-04-07,2026-04-15,2026-04-17,9.9,,2,,2026-04-21,2026-04-21,6.0,,0,,2026-04-29,2026-05-01,10.0,,2,,,2026-05-08,8.6,,,,,2026-05-24,16.2,,,,,2026-06-08,14.5,,,,,2026-06-21,12.6,,,
20352.0003,20352.0003,HOUSTON 6,ROSENBERG,BROOKEWATER,2024-08-07,2024-08-14,2024-08-19,12.3,2024-08-23,5,9,2024-08-19,2024-08-19,4.7,2024-08-17,0,-2,2024-08-28,2024-09-01,12.9,2024-09-06,4,9,2024-09-04,2024-09-06,8.8,2024-09-09,2,5,,2024-09-21,16.9,2026-04-26,,,,2024-10-08,16.6,2026-05-16,,,,2024-10-22,14.4,2026-05-25,,
20288.0881,678220,SAN ANTONIO 1,SAN ANTONIO,KALLISON RANCH,2026-01-02,2026-01-13,2026-01-13,10.6,,0,,2026-01-21,2026-01-19,6.2,,-2,,2026-01-28,2026-02-04,13.9,,7,,2026-02-19,2026-02-11,13.7,,-8,,2026-03-03,2026-03-03,12.3,,0,,2026-03-30,2026-03-30,26.6,,0,,2026-04-07,2026-04-12,12.7,,5,
20289.0144,684056,SAN ANTONIO 1,SAN ANTONIO,LADERA,2021-07-30,2021-09-03,2021-08-08,8.9,,-26,,2021-09-16,2021-09-09,6.0,,-7,,2021-10-15,2021-10-01,14.6,,-14,,2021-11-30,2021-10-24,8.7,,-37,,2022-01-28,2021-12-12,11.8,,-47,,2022-04-23,2022-02-19,21.7,,-63,,2022-04-15,2022-05-08,15.3,,23,
20369.0015,20369.0015,SAN ANTONIO 1,SAN ANTONIO,HABY HILL,2025-11-14,2025-12-02,2025-11-24,9.9,2025-11-22,-8,-10,2025-12-08,2025-12-08,6.2,2025-12-10,0,2,2025-12-26,2025-12-22,13.8,2025-12-22,-4,-4,2026-01-13,2026-01-09,14.4,2026-01-16,-4,3,2026-02-06,2026-01-27,14.3,2026-04-26,-10,79,2026-03-21,2026-03-10,32.0,2026-05-24,-11,64,2026-03-25,2026-04-02,12.4,2026-06-04,8,71
20369.0066,20369.0066,SAN ANTONIO 1,SAN ANTONIO,HABY HILL,2025-06-05,2025-06-13,2025-06-14,8.7,2025-06-13,1,0,2025-06-30,2025-06-19,6.3,2025-06-21,-11,-9,2025-07-15,2025-07-14,13.7,2025-07-14,-1,-1,2025-07-25,2025-07-25,9.9,2025-08-05,0,11,2025-08-18,2025-08-07,13.1,2025-08-10,-11,-8,2025-09-12,2025-09-17,29.6,2025-09-15,5,3,2025-10-03,2025-09-25,12.8,2025-10-03,-8,0
20369.0089,20369.0089,SAN ANTONIO 1,SAN ANTONIO,HABY HILL,2026-02-05,2026-02-11,2026-02-18,13.3,2026-05-07,7,85,2026-02-16,2026-02-17,6.3,2026-05-18,1,91,2026-03-05,2026-03-03,14.6,2026-06-04,-2,91,2026-03-23,2026-03-18,12.9,2026-06-22,-5,91,2026-03-30,2026-04-06,13.9,2026-07-07,7,99,2026-04-22,2026-05-03,34.2,2026-08-04,11,104,,2026-05-04,11.7,2026-08-19,,
20399.0006,20399.0006,SAN ANTONIO 1,SAN ANTONIO,BRIGGS RANCH,2025-11-07,2025-11-21,2025-11-15,8.0,2025-11-18,-6,-3,2025-12-02,2025-11-27,6.0,2025-11-28,-5,-4,2025-12-12,2025-12-15,13.1,2025-12-19,3,7,2025-12-26,2025-12-24,11.7,2025-12-30,-2,4,2026-01-12,2026-01-10,15.4,2026-01-12,-2,0,2026-02-05,2026-02-08,27.0,2026-04-26,3,80,2026-03-02,2026-02-18,13.2,2026-05-11,-12,70
20399.0046,20399.0046,SAN ANTONIO 1,SAN ANTONIO,BRIGGS RANCH,2026-03-30,2026-04-06,2026-04-06,6.9,,0,,2026-04-13,2026-04-12,5.7,,-1,,2026-04-23,2026-04-27,14.0,,4,,,2026-05-03,10.1,,,,,2026-05-16,12.7,,,,,2026-06-12,26.6,,,,,2026-06-27,15.1,,,
20399.0063,20399.0063,SAN ANTONIO 1,SAN ANTONIO,BRIGGS RANCH,2026-03-19,2026-03-25,2026-03-27,8.0,,2,,2026-03-30,2026-03-31,6.0,,1,,2026-04-20,2026-04-14,14.6,,-6,,,2026-04-28,7.9,,,,,2026-05-13,15.1,,,,,2026-06-08,25.8,,,,,2026-06-23,15.2,,,
20399.0064,20399.0064,SAN ANTONIO 1,SAN ANTONIO,BRIGGS RANCH,2026-03-16,2026-03-20,2026-03-23,6.9,,3,,2026-03-30,2026-03-26,6.0,,-4,,2026-04-20,2026-04-13,14.3,,-7,,,2026-04-28,8.2,,,,,2026-05-13,15.2,,,,,2026-06-09,27.3,,,,,2026-06-23,14.5,,,
20399.0065,20399.0065,SAN ANTONIO 1,SAN ANTONIO,BRIGGS RANCH,2026-03-11,2026-03-16,2026-03-19,7.9,,3,,2026-03-30,2026-03-22,6.0,,-8,,2026-04-15,2026-04-13,13.7,,-2,,,2026-04-24,8.7,,,,,2026-05-09,14.9,,,,,2026-06-07,28.9,,,,,2026-06-22,14.6,,,
20291.0160,309044,SAN ANTONIO 2,SAN ANTONIO,ARCADIA RIDGE,2025-12-02,2025-12-11,2025-12-10,7.7,,-1,,2025-12-15,2025-12-17,6.0,,2,,2025-12-31,2025-12-30,14.7,,-1,,2026-01-16,2026-01-13,12.8,,-3,,2026-01-27,2026-01-30,14.3,,3,,2026-02-12,2026-02-23,26.6,,11,,2026-02-20,2026-02-24,12.2,,4,
20291.0170,309046,SAN ANTONIO 2,SAN ANTONIO,ARCADIA RIDGE,2025-12-03,2025-12-11,2025-12-11,8.0,,0,,2025-12-15,2025-12-17,6.0,,2,,2025-12-31,2025-12-30,14.7,,-1,,2026-01-16,2026-01-11,10.8,,-5,,2026-01-28,2026-01-30,14.2,,2,,2026-02-10,2026-02-24,26.6,,14,,2026-02-18,2026-02-23,13.2,,5,
20301.0082,606093,SAN ANTONIO 2,BOERNE,THE RANCHES AT CREEKSIDE,2025-11-26,2025-12-02,2025-12-04,8.2,,2,,2025-12-15,2025-12-09,6.6,,-6,,2025-12-30,2025-12-28,13.1,,-2,,2026-01-07,2026-01-08,9.1,,1,,2026-01-21,2026-01-22,15.4,,1,,2026-02-16,2026-02-17,26.6,,1,,2026-02-19,2026-02-26,9.6,,7,
20301.0194,20301.0194,SAN ANTONIO 2,BOERNE,THE RANCHES AT CREEKSIDE,2026-03-09,2026-03-27,2026-03-16,6.9,,-11,,2026-04-01,2026-04-02,6.5,,1,,2026-04-17,2026-04-16,14.8,,-1,,2026-04-29,2026-04-26,9.1,,-3,,,2026-05-14,15.0,,,,,2026-06-10,26.6,,,,,2026-06-23,12.9,,,
20313.0075,20313.0075,SAN ANTONIO 2,BOERNE,CORLEY FARMS,2026-02-19,2026-03-05,2026-02-26,7.0,,-7,,2026-03-10,2026-03-11,6.1,,1,,2026-03-24,2026-03-23,12.7,,-1,,2026-04-06,2026-04-02,8.8,,-4,,2026-04-17,2026-04-21,15.0,,4,,,2026-05-14,26.6,,,,,2026-05-23,8.8,,,
20314.0153,20314.0153,SAN ANTONIO 2,SAN ANTONIO,KINDER RANCH,2026-04-02,,2026-04-14,12.0,,,,,2026-04-20,6.3,,,,,2026-05-08,17.7,,,,,2026-05-18,10.2,,,,,2026-06-01,14.1,,,,,2026-06-29,28.1,,,,,2026-07-16,16.8,,,
20315.0100,20315.0100,SAN ANTONIO 2,BULVERDE,JOHNSON RANCH,2026-04-02,2026-04-16,2026-04-09,7.1,,-7,,2026-04-29,2026-04-22,6.3,,-7,,,2026-05-13,14.0,,,,,2026-05-24,10.9,,,,,2026-06-08,15.0,,,,,2026-07-07,29.5,,,,,2026-07-17,9.8,,,
20320.0003,140016,SAN ANTONIO 2,BOERNE,ESPERANZA,2022-04-11,2022-04-22,2022-04-19,7.9,,-3,,2022-04-27,2022-04-28,6.3,,1,,2022-05-20,2022-05-10,13.4,,-10,,2022-05-31,2022-05-30,9.9,,-1,,2022-06-10,2022-06-15,15.1,,5,,2022-07-22,2022-07-07,26.6,,-15,,2022-08-05,2022-07-31,9.4,,-5,
20320.0081,20320.0081,SAN ANTONIO 2,BOERNE,ESPERANZA,2025-06-24,2025-07-01,2025-07-02,7.9,2025-07-03,1,2,2025-07-13,2025-07-07,6.1,2025-07-22,-6,9,2025-07-26,2025-07-27,13.8,2025-07-27,1,1,2025-08-08,2025-08-05,10.1,2025-08-09,-3,1,2025-08-25,2025-08-23,14.7,2025-09-09,-2,15,2025-10-01,2025-09-21,26.6,2025-09-14,-10,-17,2025-10-15,2025-10-13,12.5,2025-10-15,-2,0
20320.0087,20320.0087,SAN ANTONIO 2,BOERNE,ESPERANZA,2025-11-21,2025-12-08,2025-12-01,10.1,2025-11-30,-7,-8,2025-12-19,2025-12-14,6.3,2025-12-29,-5,10,2026-01-06,2026-01-02,14.5,2026-01-12,-4,6,2026-01-19,2026-01-16,9.9,2026-01-26,-3,7,2026-02-12,2026-02-03,15.1,2026-04-26,-9,73,2026-03-17,2026-03-11,26.6,2026-05-16,-6,60,2026-04-06,2026-03-29,12.5,2026-05-26,-8,50
20365.0003,20365.0003,SAN ANTONIO 2,BOERNE,GEORGE'S RANCH,2024-09-18,2024-09-19,2024-09-26,8.4,2024-10-04,7,15,2024-09-24,2024-09-25,6.1,2024-09-26,1,2,2024-10-05,2024-10-08,13.9,2024-10-30,3,25,2024-10-14,2024-10-15,10.1,2024-10-17,1,3,2024-10-29,2024-10-29,14.8,2024-10-31,0,2,2025-01-13,2024-11-25,26.9,2024-11-28,-49,-46,2025-02-18,2025-01-26,12.9,2025-02-18,-23,0
20389.0004,20389.0004,SAN ANTONIO 2,SAN ANTONIO,HIDDEN CANYON,2026-01-08,2026-01-19,2026-01-20,12.5,2026-01-18,1,-1,2026-01-26,2026-01-25,6.2,2026-01-23,-1,-3,2026-02-16,2026-02-12,16.6,2026-04-26,-4,69,2026-03-02,2026-02-25,9.3,2026-05-08,-5,67,2026-03-16,2026-03-16,14.5,2026-05-27,0,72,2026-03-23,2026-04-10,24.9,2026-06-20,18,89,2026-04-07,2026-04-06,14.4,2026-07-02,-1,86
20389.0034,20389.0034,SAN ANTONIO 2,SAN ANTONIO,HIDDEN CANYON,2026-03-06,2026-03-16,2026-03-14,7.8,,-2,,2026-03-20,2026-03-22,6.1,,2,,2026-04-09,2026-04-06,16.6,,-3,,2026-04-20,2026-04-22,13.5,,2,,,2026-05-04,13.6,,,,,2026-05-30,26.0,,,,,2026-06-12,12.8,,,
20316.0024,710113,SAN ANTONIO 3,SCHERTZ,HOMESTEAD,2023-08-10,2023-08-15,2023-08-18,8.3,,3,,2023-08-17,2023-08-22,6.7,,5,,2023-08-30,2023-08-30,12.7,,0,,2023-09-05,2023-09-11,12.0,,6,,2023-09-18,2023-09-20,15.4,,2,,2023-10-09,2023-10-11,22.9,,2,,2023-10-13,2023-10-23,14.1,,10,
20316.0095,710112,SAN ANTONIO 3,SCHERTZ,HOMESTEAD,2023-09-06,2023-09-08,2023-09-14,8.3,,6,,2023-09-13,2023-09-15,6.7,,2,,2023-10-10,2023-09-26,12.7,,-14,,2023-10-16,2023-10-22,12.0,,6,,,2023-10-31,15.4,,,,,2023-11-23,22.9,,,,,2023-12-07,14.1,,,
20316.0178,20316.0178,SAN ANTONIO 3,SCHERTZ,HOMESTEAD,2026-04-08,2026-04-13,2026-04-16,8.3,,3,,,2026-04-20,6.7,,,,,2026-05-03,12.7,,,,,2026-05-15,12.0,,,,,2026-05-30,15.4,,,,,2026-06-22,22.9,,,,,2026-07-06,14.1,,,
20316.0179,20316.0179,SAN ANTONIO 3,SCHERTZ,HOMESTEAD,2025-03-05,2025-03-06,2025-03-13,8.3,2025-03-17,7,11,2025-03-12,2025-03-13,6.7,2025-03-13,1,1,2025-03-19,2025-03-25,12.7,2025-04-18,6,30,2025-03-24,2025-03-31,12.0,2025-04-04,7,11,2025-04-03,2025-04-08,15.4,2025-04-08,5,5,2025-05-21,2025-04-26,22.9,2025-04-26,-25,-25,2025-05-27,2025-06-04,14.1,2025-05-27,8,0
20335.0045,324101,SAN ANTONIO 3,NEW BRAUNFELS,LEGACY AT LAKE DUNLAP,2023-10-20,2023-10-23,2023-10-29,8.7,,6,,2023-10-25,2023-10-28,5.3,,3,,2023-11-01,2023-11-06,12.2,,5,,2023-11-06,2023-11-12,10.7,,6,,2023-11-17,2023-11-24,17.7,,7,,2023-12-03,2023-12-11,23.7,,8,,2023-12-13,2023-12-13,10.2,,0,
20335.0044,277109,SAN ANTONIO 3,NEW BRAUNFELS,LEGACY AT LAKE DUNLAP,2023-10-19,2023-10-23,2023-10-28,8.7,,5,,2023-10-26,2023-10-29,5.9,,3,,2023-11-04,2023-11-07,12.2,,3,,2023-11-11,2023-11-15,11.0,,4,,2023-11-27,2023-11-29,17.8,,2,,2023-12-15,2023-12-19,22.3,,4,,2023-12-15,2023-12-25,10.2,,10,
20344.0058,288029,SAN ANTONIO 3,SEGUIN,MEADOWS OF MILL CREEK,2025-12-17,2026-01-06,2025-12-30,12.9,,-7,,2026-01-13,2026-01-11,5.4,,-2,,2026-01-26,2026-01-24,11.2,,-2,,2026-02-09,2026-02-06,10.9,,-3,,2026-02-19,2026-02-23,13.8,,4,,2026-03-11,2026-03-14,22.9,,3,,2026-03-19,2026-03-24,12.8,,5,
20344.0087,288009,SAN ANTONIO 3,SEGUIN,MEADOWS OF MILL CREEK,2025-12-18,2026-01-13,2025-12-27,9.3,,-17,,2026-01-20,2026-01-18,4.7,,-2,,2026-02-05,2026-01-31,11.2,,-5,,2026-02-16,2026-02-16,10.9,,0,,2026-02-27,2026-03-01,13.4,,2,,2026-03-23,2026-03-17,18.4,,-6,,2026-04-01,2026-04-05,12.8,,4,
20344.0143,289029,SAN ANTONIO 3,SEGUIN,MEADOWS OF MILL CREEK,2023-07-12,2023-07-15,2023-07-25,12.6,,10,,2023-07-18,2023-07-24,8.7,,6,,2023-07-23,2023-07-29,11.5,,6,,2023-07-24,2023-08-03,10.9,,10,,2023-08-04,2023-08-07,13.9,,3,,2023-08-18,2023-08-25,21.3,,7,,2023-08-28,2023-08-31,12.8,,3,
20345.0080,20345.0080,SAN ANTONIO 3,NEW BRAUNFELS,MAYFAIR,2026-04-28,,2026-05-07,8.8,,,,,2026-05-14,6.7,,,,,2026-05-26,11.6,,,,,2026-06-06,11.5,,,,,2026-06-22,16.3,,,,,2026-07-19,26.6,,,,,2026-08-01,12.6,,,
20357.0060,20357.0060,SAN ANTONIO 3,SCHERTZ,THE PARKLANDS,2026-01-26,2026-02-02,2026-02-03,8.3,2026-04-26,1,83,2026-02-03,2026-02-09,6.6,2026-05-02,6,88,2026-02-20,2026-02-16,12.7,2026-05-17,-4,86,2026-03-02,2026-03-04,12.0,2026-05-29,2,88,2026-03-06,2026-03-17,15.4,2026-06-13,11,99,2026-03-27,2026-03-29,22.9,2026-07-06,2,101,2026-04-07,2026-04-10,14.1,2026-07-18,3,102
20357.0082,20357.0082,SAN ANTONIO 3,SCHERTZ,THE PARKLANDS,2026-03-09,2026-03-12,2026-03-17,8.3,,5,,2026-03-17,2026-03-19,6.7,,2,,2026-03-31,2026-03-30,12.7,,-1,,2026-04-08,2026-04-12,12.0,,4,,2026-04-28,2026-04-23,15.4,,-5,,,2026-05-21,22.9,,,,,2026-06-04,14.1,,,
20381.0009,20381.0009,SAN ANTONIO 3,CIBOLO,CIBOLO VALLEY HEIGHTS,2026-03-23,2026-04-06,2026-04-04,12.3,,-2,,2026-04-15,2026-04-11,4.7,,-4,,2026-04-30,2026-04-28,12.9,,-2,,,2026-05-09,8.8,,,,,2026-05-26,16.9,,,,,2026-06-12,16.6,,,,,2026-06-26,14.4,,,
20381.0017,20381.0017,SAN ANTONIO 3,CIBOLO,CIBOLO VALLEY HEIGHTS,2026-03-05,2026-03-13,2026-03-17,12.3,,4,,2026-03-19,2026-03-18,4.7,,-1,,2026-03-31,2026-04-01,12.9,,1,,2026-04-10,2026-04-09,8.8,,-1,,2026-04-28,2026-04-27,16.9,,-1,,,2026-05-15,16.6,,,,,2026-05-29,14.4,,,
20406.0024,20406.0024,SAN ANTONIO 3,SCHERTZ,WINDBORNE,2025-11-17,2025-12-01,2025-11-25,8.3,2025-11-29,-6,-2,2025-12-08,2025-12-08,6.7,2025-12-08,0,0,2025-12-23,2025-12-21,12.7,2025-12-22,-2,-1,2026-01-07,2026-01-04,12.0,2026-01-07,-3,0,2026-01-19,2026-01-22,15.4,2026-01-20,3,1,2026-02-20,2026-02-11,22.9,2026-04-26,-9,65,2026-03-19,2026-03-06,14.1,2026-05-08,-13,50
20406.0028,20406.0028,SAN ANTONIO 3,SCHERTZ,WINDBORNE,2025-11-10,2025-11-24,2025-11-18,8.3,2025-11-22,-6,-2,2025-12-03,2025-12-01,6.7,2025-12-01,-2,-2,2025-12-18,2025-12-16,12.7,2025-12-17,-2,-1,2026-01-07,2025-12-30,12.0,2026-01-02,-8,-5,2026-01-20,2026-01-22,15.4,2026-01-20,2,0,2026-02-15,2026-02-12,22.9,2026-04-26,-3,70,2026-03-17,2026-03-01,14.1,2026-05-08,-16,52
20406.0029,20406.0029,SAN ANTONIO 3,SCHERTZ,WINDBORNE,2025-11-18,2025-11-26,2025-11-26,8.3,2025-11-30,0,4,2025-12-03,2025-12-03,6.7,2025-12-03,0,0,2025-12-19,2025-12-16,12.7,2025-12-17,-3,-2,2026-01-05,2025-12-31,12.0,2026-01-03,-5,-2,2026-01-15,2026-01-20,15.4,2026-04-26,5,101,2026-02-15,2026-02-07,22.9,2026-05-19,-8,93,2026-03-10,2026-03-01,14.1,2026-05-31,-9,82
20090.0030,660002,BRITTON D3,PROSPER,STAR TRAIL,2023-07-10,2023-07-17,2023-07-22,11.6,,5,,2023-08-03,2023-07-25,7.7,,-9,,2023-08-21,2023-08-26,23.4,,5,,2023-09-05,2023-09-03,12.5,,-2,,2023-09-18,2023-09-25,20.1,,7,,2023-11-13,2023-10-23,34.7,,-21,,2023-12-06,2023-12-03,19.6,,-3,
20361.0023,20361.0023,BRITTON D4,HURST,ADKINS PARK,2025-03-13,2025-04-02,2025-03-28,15.4,2025-03-26,-5,-7,2025-04-15,2025-04-14,11.6,2025-04-13,-1,-2,2025-04-30,2025-05-07,22.5,2025-05-05,7,5,2025-05-14,2025-05-09,9.5,2025-05-13,-5,-1,2025-05-28,2025-06-02,18.9,2025-05-26,5,-2,2025-07-10,2025-06-27,30.1,2025-06-21,-13,-19,2025-07-24,2025-07-29,19.2,2025-07-24,5,0
20007.0220,20007.0220,AUSTIN 1,LIBERTY HILL,LARIAT,2026-03-27,2026-04-06,2026-04-05,8.6,,-1,,2026-04-13,2026-04-11,4.9,,-2,,2026-04-23,2026-04-25,11.7,,2,,,2026-05-05,11.6,,,,,2026-05-22,17.1,,,,,2026-06-22,30.8,,,,,2026-07-03,10.6,,,
20014.0104,167114,AUSTIN 1,LIBERTY HILL,SANTA RITA RANCH RENTALS,2022-07-11,2022-08-03,2022-07-16,4.6,,-18,,2022-08-09,2022-08-09,5.6,,0,,2022-09-12,2022-08-22,13.5,,-21,,2022-09-28,2022-09-23,11.3,,-5,,2022-11-01,2022-10-15,17.0,,-17,,2022-12-28,2022-11-27,26.1,,-31,,2023-01-31,2023-01-08,10.6,,-23,
20379.0081,20379.0081,AUSTIN 1,LIBERTY HILL,EL DORADO,2026-04-14,2026-04-17,2026-04-19,5.4,,2,,,2026-04-23,5.5,,,,,2026-05-05,11.8,,,,,2026-05-17,11.7,,,,,2026-06-02,16.0,,,,,2026-07-10,37.9,,,,,2026-07-20,10.3,,,
20379.0004,20379.0004,AUSTIN 1,LIBERTY HILL,EL DORADO,2025-02-14,2025-02-19,2025-02-24,10.0,2025-03-03,5,12,2025-02-24,2025-02-25,5.9,2025-02-23,1,-1,2025-03-01,2025-03-08,11.8,2025-03-11,7,10,2025-03-04,2025-03-13,11.8,2025-03-22,9,18,2025-03-11,2025-03-24,20.0,2025-03-15,13,4,2025-03-29,2025-04-13,32.8,2025-04-11,15,13,2025-04-01,2025-04-08,10.4,2025-04-01,7,0
20379.0042,20379.0042,AUSTIN 1,LIBERTY HILL,EL DORADO,2026-01-28,2026-02-09,2026-02-06,9.1,2026-04-26,-3,76,2026-02-16,2026-02-14,5.5,2026-04-30,-2,73,2026-02-23,2026-02-28,11.8,2026-05-15,5,81,2026-03-10,2026-03-06,11.5,2026-06-05,-4,87,2026-04-08,2026-03-28,18.3,2026-06-16,-11,69,2026-04-23,2026-05-07,29.4,2026-07-17,14,85,2026-04-27,2026-05-03,10.4,2026-07-28,6,92
20010.0117,783001,AUSTIN 2,GEORGETOWN,PARKSIDE ON THE RIVER,2022-01-10,2022-01-25,2022-01-17,7.4,,-8,,2022-02-08,2022-01-30,5.0,,-9,,2022-03-02,2022-02-25,16.6,,-5,,2022-03-13,2022-03-13,11.3,,0,,2022-04-04,2022-03-29,16.0,,-6,,2022-06-21,2022-05-02,27.7,,-50,,2022-07-22,2022-07-04,13.2,,-18,
20010.0357,20010.0357,AUSTIN 2,GEORGETOWN,PARKSIDE ON THE RIVER,2026-03-24,2026-04-01,2026-04-04,10.7,,3,,2026-04-09,2026-04-08,6.7,,-1,,2026-04-29,2026-04-26,16.8,,-3,,,2026-05-10,11.3,,,,,2026-05-26,15.9,,,,,2026-06-26,31.1,,,,,2026-07-15,19.0,,,
20010.0373,20010.0373,AUSTIN 2,GEORGETOWN,PARKSIDE ON THE RIVER,2026-04-27,,2026-05-09,11.6,,,,,2026-05-16,6.6,,,,,2026-06-03,18.0,,,,,2026-06-14,11.3,,,,,2026-06-30,16.4,,,,,2026-08-01,32.2,,,,,2026-08-19,18.5,,,
20011.0073,20011.0073,AUSTIN 2,GEORGETOWN,PARKSIDE PENINSULA,2026-04-08,2026-04-22,2026-04-17,8.7,,-5,,2026-04-30,2026-04-28,5.7,,-2,,,2026-05-17,16.8,,,,,2026-05-28,11.2,,,,,2026-06-12,14.7,,,,,2026-07-10,27.9,,,,,2026-07-28,18.0,,,
20011.0086,20011.0086,AUSTIN 2,GEORGETOWN,PARKSIDE PENINSULA,2026-04-13,2026-04-30,2026-04-21,8.4,,-9,,2026-04-30,2026-05-05,5.5,,5,,,2026-05-17,16.6,,,,,2026-05-28,11.2,,,,,2026-06-11,14.5,,,,,2026-07-09,28.4,,,,,2026-07-26,17.2,,,
20011.0089,20011.0089,AUSTIN 2,GEORGETOWN,PARKSIDE PENINSULA,2026-04-16,2026-04-30,2026-04-23,7.1,,-7,,,2026-05-05,5.2,,,,,2026-05-21,16.5,,,,,2026-06-01,11.2,,,,,2026-06-15,14.5,,,,,2026-07-13,28.1,,,,,2026-07-27,14.3,,,
20011.0103,20011.0103,AUSTIN 2,GEORGETOWN,PARKSIDE PENINSULA,2026-04-06,2026-04-10,2026-04-14,8.2,,4,,2026-04-16,2026-04-16,5.8,,0,,2026-04-30,2026-05-02,16.1,,2,,,2026-05-11,11.0,,,,,2026-05-25,13.5,,,,,2026-06-22,27.6,,,,,2026-07-09,17.2,,,
20011.0105,20011.0105,AUSTIN 2,GEORGETOWN,PARKSIDE PENINSULA,2026-04-06,2026-04-16,2026-04-15,8.9,,-1,,2026-04-20,2026-04-23,6.6,,3,,,2026-05-07,17.3,,,,,2026-05-18,11.0,,,,,2026-06-01,14.4,,,,,2026-06-30,29.2,,,,,2026-07-18,18.3,,,
20011.0108,20011.0108,AUSTIN 2,GEORGETOWN,PARKSIDE PENINSULA,2026-04-28,,2026-05-09,10.6,,,,,2026-05-16,6.6,,,,,2026-06-03,18.0,,,,,2026-06-14,11.2,,,,,2026-06-29,15.2,,,,,2026-07-28,29.3,,,,,2026-08-14,16.8,,,
20016.0265,20016.0265,AUSTIN 2,GEORGETOWN,WOLF RANCH,2026-03-27,2026-04-14,2026-04-09,12.6,,-5,,2026-04-17,2026-04-20,5.5,,3,,2026-05-01,2026-05-05,18.1,,4,,,2026-05-12,11.4,,,,,2026-05-26,14.2,,,,,2026-06-25,30.4,,,,,2026-07-14,19.2,,,
20016.0273,20016.0273,AUSTIN 2,GEORGETOWN,WOLF RANCH,2026-04-06,2026-04-14,2026-04-15,9.3,,1,,2026-04-23,2026-04-21,6.7,,-2,,,2026-05-10,17.4,,,,,2026-05-21,11.2,,,,,2026-06-03,13.4,,,,,2026-07-03,30.4,,,,,2026-07-24,20.7,,,
20370.0023,20370.0023,AUSTIN 2,HUTTO,FLORA,2026-02-11,2026-02-18,2026-02-19,8.5,2026-05-05,1,76,2026-02-23,2026-02-25,6.5,2026-05-11,2,77,2026-03-06,2026-03-11,16.2,2026-05-30,5,85,2026-03-16,2026-03-19,12.7,2026-06-09,3,85,2026-03-30,2026-03-31,14.7,2026-07-05,1,97,2026-04-27,2026-04-24,25.3,2026-07-31,-3,95,,2026-05-10,12.6,2026-08-11,,
20373.0015,20373.0015,AUSTIN 2,GEORGETOWN,PARKSIDE ON THE RIVER WEST,2026-04-06,2026-04-09,2026-04-13,7.3,,4,,2026-04-15,2026-04-14,5.2,,-1,,2026-04-24,2026-05-02,16.8,,8,,,2026-05-05,11.0,,,,,2026-05-18,13.3,,,,,2026-06-17,30.3,,,,,2026-07-04,16.9,,,
20373.0035,20373.0035,AUSTIN 2,GEORGETOWN,PARKSIDE ON THE RIVER WEST,2026-03-23,2026-03-30,2026-04-01,9.4,,2,,2026-04-01,2026-04-04,5.5,,3,,2026-04-10,2026-04-18,17.4,,8,,2026-04-28,2026-04-21,11.0,,-7,,,2026-05-10,12.2,,,,,2026-06-08,28.6,,,,,2026-06-29,21.0,,,
20373.0114,20373.0114,AUSTIN 2,GEORGETOWN,PARKSIDE ON THE RIVER WEST,2026-01-29,2026-02-23,2026-02-08,10.3,2026-04-26,-15,62,2026-03-02,2026-03-01,5.6,2026-05-03,-1,62,2026-03-26,2026-03-20,18.1,2026-05-21,-6,56,2026-04-10,2026-04-06,11.4,2026-05-31,-4,51,,2026-04-24,14.1,2026-06-16,,,,2026-05-24,30.4,2026-07-29,,,,2026-06-16,22.6,2026-08-27,,
20378.0053,20378.0053,AUSTIN 2,GEORGETOWN,WOODSIDE,2025-11-06,2025-11-11,2025-11-12,6.4,2025-11-17,1,6,2025-11-14,2025-11-16,4.8,2025-11-17,2,3,2025-11-26,2025-11-29,14.9,2025-12-05,3,9,2025-12-12,2025-12-07,11.0,2025-12-04,-5,-8,2025-12-23,2025-12-25,13.0,2025-12-23,2,0,2026-02-06,2026-01-19,26.8,2026-04-26,-18,79,2026-02-21,2026-02-18,11.7,2026-05-12,-3,80
20026.0043,754114,AUSTIN 3,KYLE,6 CREEKS,2025-05-27,2025-06-09,2025-06-05,8.8,,-4,,2025-06-20,2025-06-14,5.0,,-6,,2025-07-01,2025-07-12,21.5,,11,,2025-07-25,2025-07-16,15.3,,-9,,2025-08-08,2025-08-09,15.5,,1,,2025-08-28,2025-08-30,22.1,,2,,2025-08-29,2025-09-06,9.2,,8,
20026.0093,754121,AUSTIN 3,KYLE,6 CREEKS,2025-06-06,2025-06-20,2025-06-14,8.2,,-6,,2025-06-27,2025-06-25,5.3,,-2,,2025-07-16,2025-07-18,21.3,,2,,2025-07-27,2025-07-29,12.6,,2,,2025-08-14,2025-08-11,15.5,,-3,,2025-09-09,2025-09-05,22.1,,-4,,2025-09-10,2025-09-17,7.9,,7,
20026.0206,755106,AUSTIN 3,KYLE,6 CREEKS,2023-12-27,2024-01-04,2024-01-06,10.3,,2,,2024-01-12,2024-01-12,7.6,,0,,2024-02-19,2024-02-03,22.3,,-16,,2024-03-05,2024-03-06,15.8,,1,,,2024-03-22,16.6,,,,,2024-04-19,27.6,,,,,2024-04-29,9.9,,,
20403.0031,20403.0031,AUSTIN 3,LOCKHART,JUNIPER SPRINGS,2026-02-02,2026-02-09,2026-02-12,9.8,2026-05-04,3,84,2026-02-11,2026-02-13,3.9,2026-05-06,2,84,2026-02-23,2026-02-23,12.4,2026-05-22,0,88,2026-03-06,2026-03-08,13.1,2026-06-03,2,89,2026-03-17,2026-03-22,16.5,2026-06-17,5,92,2026-03-28,2026-04-07,21.2,2026-06-30,10,94,2026-04-08,2026-04-11,13.7,2026-07-18,3,101
20366.0099,20366.0099,PERRY D1,ROCKWALL,TERRACES,2026-03-03,2026-03-17,2026-03-20,16.5,,3,,2026-03-20,2026-03-22,5.2,,2,,2026-04-20,2026-04-12,23.1,,-8,,,2026-05-02,11.6,,,,,2026-05-18,16.3,,,,,2026-06-05,18.3,,,,,2026-06-23,18.3,,,
20414.0020,20414.0020,PERRY D1,HEATH,BRISTOL VALLEY,2026-03-19,2026-04-01,2026-04-05,16.5,,4,,2026-04-13,2026-04-10,9.0,,-3,,,2026-04-28,14.6,,,,,2026-05-12,14.0,,,,,2026-06-05,23.9,,,,,2026-07-06,31.4,,,,,2026-07-23,17.4,,,
20037.0504,20037.0504,PERRY D2,MCKINNEY,TRINITY FALLS,2026-03-03,2026-03-13,2026-03-14,11.4,,1,,2026-03-17,2026-03-19,6.1,,2,,2026-04-15,2026-04-08,21.8,,-7,,2026-04-24,2026-04-26,10.7,,2,,,2026-05-08,14.3,,,,,2026-05-30,22.1,,,,,2026-06-15,16.2,,,
20037.0465,20037.0465,PERRY D2,MCKINNEY,TRINITY FALLS,2026-03-18,2026-03-31,2026-03-29,11.4,,-2,,2026-04-08,2026-04-06,5.8,,-2,,2026-04-27,2026-05-04,25.6,,7,,,2026-05-08,11.1,,,,,2026-05-22,14.3,,,,,2026-06-13,22.1,,,,,2026-06-28,15.4,,,
20037.0483,20037.0483,PERRY D2,MCKINNEY,TRINITY FALLS,2026-03-18,2026-04-02,2026-03-29,11.4,,-4,,2026-04-07,2026-04-08,6.1,,1,,,2026-05-03,25.6,,,,,2026-05-14,11.1,,,,,2026-05-28,14.3,,,,,2026-06-19,22.1,,,,,2026-07-04,15.4,,,
20037.0405,20037.0405,PERRY D2,MCKINNEY,TRINITY FALLS,2026-02-19,2026-03-10,2026-03-02,11.4,,-8,,2026-03-19,2026-03-15,4.9,,-4,,2026-04-13,2026-04-14,25.6,,1,,2026-04-27,2026-04-24,10.7,,-3,,2026-05-01,2026-05-11,14.3,,10,,,2026-05-23,22.1,,,,,2026-06-08,16.2,,,
20037.0419,20037.0419,PERRY D2,MCKINNEY,TRINITY FALLS,2026-02-19,2026-03-31,2026-03-02,11.4,,-29,,2026-04-07,2026-04-06,5.6,,-1,,,2026-05-03,25.6,,,,,2026-05-14,11.1,,,,,2026-05-28,14.3,,,,,2026-06-19,22.1,,,,,2026-07-04,15.4,,,
20043.0033,260060,PERRY D2,CELINA,THE PARKS AT WILSON CREEK,2023-07-21,2023-08-01,2023-08-06,16.0,,5,,2023-08-09,2023-08-08,6.8,,-1,,2023-09-26,2023-08-28,19.0,,-29,,2023-10-10,2023-10-05,8.9,,-5,,2023-10-18,2023-10-23,12.7,,5,,2023-12-07,2023-11-07,19.5,,-30,,2024-01-16,2023-12-24,17.0,,-23,
20043.0050,260039,PERRY D2,CELINA,THE PARKS AT WILSON CREEK,2025-06-10,2025-07-09,2025-06-27,16.8,,-12,,2025-07-10,2025-07-13,3.8,,3,,2025-08-01,2025-07-31,20.8,,-1,,2025-08-14,2025-08-12,11.3,,-2,,2025-08-25,2025-08-27,13.0,,2,,2025-09-09,2025-09-14,19.5,,5,,2025-09-24,2025-09-26,16.7,,2,
20055.0077,346135,PERRY D3,CELINA,NORTH SKY,2026-01-07,2026-01-16,2026-01-22,15.5,,6,,2026-01-21,2026-01-22,5.6,,1,,2026-02-05,2026-02-05,15.2,,0,,2026-02-19,2026-02-18,12.9,,-1,,2026-03-02,2026-03-04,13.0,,2,,2026-03-19,2026-03-22,19.5,,3,,2026-03-27,2026-04-05,16.8,,9,
20362.0039,20362.0039,PERRY D3,LAVON,HILLSTEAD,2026-01-06,2026-01-16,2026-01-16,9.8,2026-01-16,0,0,2026-01-20,2026-01-20,3.9,2026-01-19,0,-1,2026-02-02,2026-02-01,12.4,2026-04-26,-1,83,2026-02-12,2026-02-15,13.1,2026-05-09,3,86,2026-02-25,2026-02-28,16.5,2026-05-29,3,93,2026-03-13,2026-03-18,21.2,2026-06-12,5,91,2026-04-06,2026-03-27,13.7,2026-06-30,-10,85
20383.0018,20383.0018,PERRY D3,CELINA,THE HEIGHTS AT UPTOWN CELINA,2025-06-23,2025-06-27,2025-07-04,11.4,2025-07-03,7,6,2025-07-03,2025-07-01,4.4,2025-06-30,-2,-3,2025-07-21,2025-07-18,15.4,2025-07-16,-3,-5,2025-07-30,2025-08-01,11.3,2025-08-03,2,4,2025-08-04,2025-08-12,12.8,2025-08-19,8,15,2025-08-27,2025-08-24,19.5,2025-09-02,-3,6,2025-09-12,2025-09-12,15.8,2025-09-12,0,0
20031.0165,20031.0165,PERRY D4,MANSFIELD,M3 RANCH,2026-04-01,2026-04-08,2026-04-15,14.1,,7,,2026-04-13,2026-04-13,4.9,,0,,2026-04-23,2026-04-30,17.4,,7,,,2026-05-08,14.7,,,,,2026-05-20,12.3,,,,,2026-06-09,20.3,,,,,2026-06-24,14.7,,,
20031.0184,20031.0184,PERRY D4,MANSFIELD,M3 RANCH,2026-04-28,,2026-05-08,10.4,,,,,2026-05-12,4.5,,,,,2026-05-29,17.4,,,,,2026-06-13,14.7,,,,,2026-06-25,12.3,,,,,2026-07-15,20.3,,,,,2026-07-29,13.8,,,
20031.0193,20031.0193,PERRY D4,MANSFIELD,M3 RANCH,2026-03-20,2026-03-27,2026-04-01,12.0,,5,,2026-04-01,2026-03-31,4.5,,-1,,2026-04-13,2026-04-18,17.4,,5,,2026-04-28,2026-04-28,14.7,,0,,,2026-05-10,12.3,,,,,2026-05-30,20.3,,,,,2026-06-14,15.0,,,
20034.0265,20034.0265,PERRY D4,FORT WORTH,VENTANA,2026-04-02,2026-04-14,2026-04-13,11.3,,-1,,2026-04-20,2026-04-19,4.6,,-1,,,2026-05-06,15.9,,,,,2026-05-17,11.2,,,,,2026-06-01,14.8,,,,,2026-06-15,14.3,,,,,2026-07-04,19.0,,,
20034.0267,20034.0267,PERRY D4,FORT WORTH,VENTANA,2026-04-16,2026-04-27,2026-04-26,10.4,,-1,,,2026-05-01,3.6,,,,,2026-05-17,15.5,,,,,2026-05-28,11.2,,,,,2026-06-12,14.8,,,,,2026-06-30,18.4,,,,,2026-07-18,18.4,,,
20034.0306,20034.0306,PERRY D4,FORT WORTH,VENTANA,2026-04-16,2026-04-27,2026-04-26,10.2,,-1,,,2026-04-30,3.5,,,,,2026-05-16,15.5,,,,,2026-05-28,11.8,,,,,2026-06-12,14.8,,,,,2026-06-29,17.2,,,,,2026-07-17,18.3,,,
20034.0318,20034.0318,PERRY D4,FORT WORTH,VENTANA,2026-04-27,,2026-05-08,11.3,,,,,2026-05-13,4.5,,,,,2026-05-28,15.4,,,,,2026-06-09,11.9,,,,,2026-06-24,14.6,,,,,2026-07-10,16.2,,,,,2026-07-28,18.4,,,
20088.0123,20088.0123,PERRY D4,HASLET,SWEETGRASS,2026-04-14,2026-04-27,2026-04-25,11.0,,-2,,2026-04-30,2026-05-02,4.7,,2,,,2026-05-19,18.9,,,,,2026-05-29,10.2,,,,,2026-06-10,12.5,,,,,2026-07-01,20.7,,,,,2026-07-23,21.9,,,
20088.0124,20088.0124,PERRY D4,HASLET,SWEETGRASS,2026-04-14,2026-04-28,2026-04-25,11.0,,-3,,,2026-05-03,4.7,,,,,2026-05-22,18.9,,,,,2026-05-31,8.9,,,,,2026-06-12,12.5,,,,,2026-07-03,20.7,,,,,2026-07-25,21.9,,,
20088.0155,20088.0155,PERRY D4,HASLET,SWEETGRASS,2026-04-21,,2026-05-03,12.2,,,,,2026-05-08,4.7,,,,,2026-05-27,18.9,,,,,2026-06-05,8.9,,,,,2026-06-17,12.5,,,,,2026-07-08,20.7,,,,,2026-07-30,21.9,,,
20088.0199,20088.0199,PERRY D4,HASLET,SWEETGRASS,2026-04-27,,2026-05-09,12.2,,,,,2026-05-14,4.7,,,,,2026-06-02,18.9,,,,,2026-06-11,8.9,,,,,2026-06-23,12.5,,,,,2026-07-14,20.7,,,,,2026-08-05,21.9,,,
20088.0203,20088.0203,PERRY D4,HASLET,SWEETGRASS,2026-03-30,2026-04-09,2026-04-12,12.8,,3,,2026-04-16,2026-04-14,4.7,,-2,,,2026-05-05,18.9,,,,,2026-05-14,8.9,,,,,2026-05-26,12.5,,,,,2026-06-16,20.7,,,,,2026-07-08,21.9,,,
20088.0205,20088.0205,PERRY D4,HASLET,SWEETGRASS,2026-04-02,2026-04-17,2026-04-15,12.8,,-2,,2026-04-29,2026-04-22,4.7,,-7,,,2026-05-18,18.9,,,,,2026-05-27,8.9,,,,,2026-06-08,12.5,,,,,2026-06-29,20.7,,,,,2026-07-21,21.9,,,
20088.0207,20088.0207,PERRY D4,HASLET,SWEETGRASS,2026-03-17,2026-03-31,2026-03-30,12.8,,-1,,2026-04-07,2026-04-05,4.8,,-2,,2026-04-29,2026-04-26,18.9,,-3,,,2026-05-08,8.9,,,,,2026-05-20,12.5,,,,,2026-06-10,20.7,,,,,2026-07-02,21.9,,,
20372.0043,20372.0043,PERRY D4,FORT WORTH,TALON HILLS,2026-04-05,2026-04-14,2026-04-16,11.0,,2,,2026-04-21,2026-04-19,5.1,,-2,,,2026-05-07,15.9,,,,,2026-05-20,13.1,,,,,2026-06-05,15.6,,,,,2026-06-18,12.8,,,,,2026-07-07,19.3,,,
20394.0008,20394.0008,PERRY D4,LAKEWOOD VILLAGE,LAKEWOOD VILLAGE,2026-02-16,2026-02-27,2026-02-26,9.6,2026-05-09,-1,71,2026-03-09,2026-03-05,6.2,2026-05-14,-4,66,2026-04-13,2026-03-26,17.1,2026-05-31,-18,48,,2026-04-26,12.7,2026-06-13,,,,2026-05-13,16.6,2026-06-25,,,,2026-06-12,29.5,2026-07-19,,,,2026-07-01,18.5,2026-09-18,,
20394.0017,20394.0017,PERRY D4,LAKEWOOD VILLAGE,LAKEWOOD VILLAGE,2026-02-17,2026-03-02,2026-02-27,9.9,2026-05-09,-3,68,2026-03-02,2026-03-07,4.8,2026-05-14,5,73,2026-03-18,2026-03-15,13.4,2026-05-31,-3,74,2026-03-30,2026-03-31,12.7,2026-06-13,1,75,,2026-04-16,16.6,2026-06-25,,,,2026-05-14,28.1,2026-07-19,,,,2026-06-02,18.5,2026-09-18,,
20394.0030,20394.0030,PERRY D4,LAKEWOOD VILLAGE,LAKEWOOD VILLAGE,2026-03-10,2026-03-24,2026-03-20,10.3,,-4,,2026-04-01,2026-03-29,4.8,,-3,,2026-04-22,2026-04-15,13.7,,-7,,,2026-05-05,12.7,,,,,2026-05-22,16.6,,,,,2026-06-19,28.1,,,,,2026-07-08,18.5,,,
20407.0003,20407.0003,PERRY D4,DENTON,LANDMARK,2026-02-24,2026-03-04,2026-03-05,8.6,2026-05-09,1,66,2026-03-10,2026-03-10,6.2,2026-05-14,0,65,2026-03-26,2026-03-20,10.5,2026-05-31,-6,66,2026-04-06,2026-04-09,14.2,2026-06-13,3,68,2026-04-21,2026-04-22,16.1,2026-06-25,1,65,,2026-05-15,23.6,2026-07-19,,,,2026-06-06,21.6,2026-08-28,,
20124.0087,20124.0087,HOUSTON 1,MONT BELVIEU,RICELAND,2025-02-05,2025-03-07,2025-02-22,16.5,2025-02-27,-13,-8,2025-03-17,2025-03-14,7.2,2025-03-18,-3,1,2025-04-04,2025-03-30,13.2,2025-04-04,-5,0,2025-04-09,2025-04-16,11.9,2025-04-18,7,9,2025-04-30,2025-04-27,17.9,2025-04-28,-3,-2,2025-05-27,2025-05-29,29.4,2025-06-10,2,14,2025-06-27,2025-06-06,10.3,2025-06-27,-21,0
20132.0869,20132.0869,HOUSTON 1,MANVEL,MERIDIANA,2025-12-22,2026-02-02,2026-01-10,19.0,2026-04-26,-23,83,2026-02-09,2026-02-10,7.7,2026-05-04,1,84,2026-02-18,2026-02-18,8.9,2026-05-17,0,88,2026-03-03,2026-03-01,10.7,2026-05-29,-2,87,2026-03-18,2026-03-20,17.3,2026-06-17,2,91,2026-04-06,2026-04-08,20.6,2026-07-28,2,113,2026-04-15,2026-04-19,13.0,2026-08-07,4,114
20165.0101,20165.0101,HOUSTON 1,MANVEL,VALENCIA,2026-02-02,2026-02-11,2026-02-16,14.1,2026-05-15,5,93,2026-02-19,2026-02-19,8.0,2026-05-23,0,93,2026-02-26,2026-02-27,8.4,2026-06-03,1,97,2026-03-11,2026-03-07,9.3,2026-06-17,-4,98,2026-03-25,2026-03-23,11.9,2026-07-04,-2,101,2026-04-06,2026-04-08,14.3,2026-07-10,2,95,2026-04-16,2026-04-17,11.5,2026-07-22,1,97
20410.0037,20410.0037,HOUSTON 1,HOUSTON,MIDLINE,2026-04-23,,2026-05-05,11.8,,,,,2026-05-12,7.3,,,,,2026-05-23,11.0,,,,,2026-06-04,11.6,,,,,2026-06-22,18.0,,,,,2026-07-18,25.7,,,,,2026-07-27,8.7,,,
20178.0161,20178.0161,HOUSTON 2,MAGNOLIA,ESCONDIDO,2025-12-12,2025-12-26,2025-12-23,11.1,2025-12-30,-3,4,2025-12-29,2026-01-01,5.8,2025-12-28,3,-1,2026-01-09,2026-01-10,12.1,2026-01-08,1,-1,2026-01-20,2026-01-19,10.3,2026-01-20,-1,0,2026-01-30,2026-01-31,11.2,2026-04-26,1,86,2026-02-11,2026-02-28,28.6,2026-05-12,17,90,2026-02-20,2026-02-26,15.4,2026-06-01,6,101
20183.0271,20183.0271,HOUSTON 2,MAGNOLIA,AUDUBON,2026-02-18,2026-02-27,2026-03-03,13.0,,4,,2026-03-03,2026-03-04,5.3,,1,,2026-03-09,2026-03-15,12.1,,6,,2026-03-17,2026-03-19,10.3,,2,,2026-04-17,2026-04-07,20.5,,-10,,,2026-05-10,23.2,,,,,2026-05-25,15.1,,,
20364.0031,20364.0031,HOUSTON 2,MONTGOMERY,KRESSTON,2026-02-05,2026-02-19,2026-02-18,13.0,,-1,,2026-02-23,2026-02-24,5.3,,1,,2026-03-05,2026-03-05,10.1,,0,,2026-03-16,2026-03-18,12.6,,2,,2026-03-27,2026-04-02,16.6,,6,,2026-04-17,2026-04-24,28.1,,7,,2026-04-24,2026-05-06,18.5,,12,
20233.0586,20233.0586,HOUSTON 3,FULSHEAR,JORDAN RANCH,2026-02-23,2026-02-23,2026-03-06,11.5,,11,,2026-03-10,2026-02-28,5.0,,-10,,2026-03-21,2026-03-21,11.2,,0,,2026-03-27,2026-03-31,9.9,,4,,2026-04-14,2026-04-14,18.3,,0,,,2026-04-29,15.0,,,,,2026-05-11,12.5,,,
20233.0595,20233.0595,HOUSTON 3,FULSHEAR,JORDAN RANCH,2026-02-10,2026-02-23,2026-02-21,10.8,2026-05-13,-2,79,2026-02-27,2026-02-27,4.5,2026-05-18,0,80,2026-03-11,2026-03-10,11.4,2026-06-01,-1,82,2026-03-24,2026-03-20,9.0,2026-06-11,-4,79,2026-04-02,2026-04-10,17.4,2026-06-27,8,86,2026-04-17,2026-04-18,15.6,2026-07-20,1,94,2026-04-28,2026-04-29,12.5,2026-08-01,1,95
20233.0603,20233.0603,HOUSTON 3,FULSHEAR,JORDAN RANCH,2026-04-07,2026-04-29,2026-04-18,11.3,,-11,,,2026-05-04,5.4,,,,,2026-05-15,11.3,,,,,2026-05-25,10.0,,,,,2026-06-13,19.0,,,,,2026-07-01,18.0,,,,,2026-07-13,12.5,,,
20356.0036,20356.0036,HOUSTON 3,FULSHEAR,FULSHEAR LAKES,2026-01-14,2026-02-06,2026-01-31,17.4,2026-04-26,-6,79,2026-02-12,2026-02-13,7.1,2026-05-10,1,87,2026-02-23,2026-02-23,11.4,2026-05-24,0,90,2026-03-06,2026-03-06,10.5,2026-06-05,0,91,2026-04-08,2026-03-24,18.5,2026-06-21,-15,74,2026-04-14,2026-04-19,11.2,2026-07-14,5,91,,2026-04-27,12.7,2026-07-26,,
20181.0967,20181.0967,HOUSTON 5,CYPRESS,BRIDGELAND,2025-12-03,2025-12-19,2025-12-16,12.9,2025-12-17,-3,-2,2025-12-23,2025-12-26,6.7,2025-12-21,3,-2,2026-01-06,2026-01-04,12.1,2026-01-06,-2,0,2026-01-19,2026-01-16,9.5,2026-01-19,-3,0,2026-02-13,2026-02-04,16.3,2026-04-26,-9,72,2026-02-24,2026-03-03,18.1,2026-05-14,7,79,2026-03-03,2026-03-15,18.6,2026-05-27,12,85
20195.0100,339012,HOUSTON 5,HOCKLEY,THE GRAND PRAIRIE,2023-08-07,2023-08-18,2023-08-20,12.9,,2,,2023-08-29,2023-08-25,7.4,,-4,,2023-09-02,2023-09-10,11.9,,8,,2023-09-11,2023-09-14,12.4,,3,,2023-09-25,2023-09-25,14.3,,0,,2023-10-10,2023-10-17,21.8,,7,,2023-10-26,2023-10-25,14.9,,-1,
20195.0003,333014,HOUSTON 5,HOCKLEY,THE GRAND PRAIRIE,2023-08-08,2023-08-18,2023-08-18,9.6,,0,,2023-08-29,2023-08-24,6.3,,-5,,2023-09-06,2023-09-10,11.9,,4,,2023-09-11,2023-09-17,11.4,,6,,2023-09-26,2023-09-25,13.8,,-1,,2023-10-10,2023-10-18,21.8,,8,,2023-10-24,2023-10-24,13.9,,0,
20288.0606,678214,SAN ANTONIO 1,SAN ANTONIO,KALLISON RANCH,2022-11-21,2022-12-05,2022-12-03,12.0,,-2,,2022-12-21,2022-12-11,5.9,,-10,,2023-01-11,2023-01-03,13.5,,-8,,2023-01-25,2023-01-25,13.8,,0,,2023-02-27,2023-02-09,14.9,,-18,,2023-03-20,2023-03-22,22.9,,2,,2023-04-04,2023-04-02,13.1,,-2,
20289.0143,684180,SAN ANTONIO 1,SAN ANTONIO,LADERA,2026-04-06,2026-04-22,2026-04-15,8.9,,-7,,2026-04-27,2026-04-28,6.1,,1,,,2026-05-12,14.8,,,,,2026-05-25,13.2,,,,,2026-06-10,16.2,,,,,2026-07-07,26.6,,,,,2026-07-21,13.9,,,
20289.0220,684148,SAN ANTONIO 1,SAN ANTONIO,LADERA,2026-03-02,2026-03-06,2026-03-11,9.3,,5,,2026-03-12,2026-03-12,6.3,,0,,2026-03-27,2026-03-29,17.4,,2,,2026-04-15,2026-04-09,13.0,,-6,,,2026-04-30,15.3,,,,,2026-05-25,24.6,,,,,2026-06-10,16.4,,,
20289.0448,20289.0448,SAN ANTONIO 1,SAN ANTONIO,LADERA,2026-03-26,2026-04-01,2026-04-06,11.0,,5,,2026-04-09,2026-04-07,6.3,,-2,,2026-04-24,2026-04-26,17.4,,2,,,2026-05-06,12.2,,,,,2026-05-22,16.3,,,,,2026-06-17,25.8,,,,,2026-07-03,16.2,,,
20289.0475,20289.0475,SAN ANTONIO 1,SAN ANTONIO,LADERA,2026-04-08,2026-04-17,2026-04-17,8.9,,0,,2026-04-27,2026-04-23,6.2,,-4,,,2026-05-15,17.7,,,,,2026-05-28,13.0,,,,,2026-06-13,15.9,,,,,2026-07-10,26.8,,,,,2026-07-25,14.8,,,
20290.0029,152286,SAN ANTONIO 1,CASTROVILLE,ALSATIAN OAKS,2025-10-09,2025-10-21,2025-10-17,8.0,,-4,,2025-10-27,2025-10-29,8.3,,2,,2025-11-10,2025-11-11,14.7,,1,,2025-11-19,2025-11-20,10.2,,1,,2025-12-11,2025-12-08,19.0,,-3,,2026-01-07,2026-01-13,33.4,,6,,2026-01-12,2026-01-17,9.7,,5,
20369.0044,20369.0044,SAN ANTONIO 1,SAN ANTONIO,HABY HILL,2026-01-06,2026-01-12,2026-01-16,10.0,2026-01-14,4,2,2026-01-15,2026-01-18,6.3,2026-01-20,3,5,2026-01-29,2026-01-30,14.7,2026-01-29,1,0,2026-02-23,2026-02-12,13.5,2026-04-26,-11,62,2026-03-16,2026-03-07,12.5,2026-05-12,-9,57,2026-04-13,2026-04-17,32.2,2026-06-09,4,57,2026-04-16,2026-04-24,11.5,2026-06-20,8,65
20369.0080,20369.0080,SAN ANTONIO 1,SAN ANTONIO,HABY HILL,2025-04-04,2025-04-14,2025-04-16,12.4,2025-04-15,2,1,2025-04-17,2025-04-20,6.1,2025-04-25,3,8,2025-04-30,2025-05-02,14.9,2025-05-04,2,4,2025-05-07,2025-05-13,13.1,2025-05-18,6,11,2025-06-12,2025-05-27,20.3,2025-05-22,-16,-21,2025-07-14,2025-07-13,30.7,2025-07-10,-1,-4,2025-07-17,2025-07-26,11.6,2025-07-17,9,0
20301.0044,606129,SAN ANTONIO 2,BOERNE,THE RANCHES AT CREEKSIDE,2025-12-31,2026-01-14,2026-01-08,8.1,,-6,,2026-01-23,2026-01-21,6.6,,-2,,2026-02-07,2026-02-04,12.0,,-3,,2026-02-16,2026-02-16,8.8,,0,,2026-03-03,2026-03-03,15.1,,0,,2026-03-27,2026-03-30,26.6,,3,,2026-03-31,2026-04-07,11.2,,7,
20315.0079,20315.0079,SAN ANTONIO 2,BULVERDE,JOHNSON RANCH,2024-12-18,2024-12-27,2024-12-26,8.4,2024-12-30,-1,3,2024-12-30,2025-01-02,6.3,2025-01-03,3,4,2025-01-09,2025-01-13,14.0,2025-01-14,4,5,2025-01-15,2025-01-20,10.9,2025-01-16,5,1,2025-01-27,2025-01-30,15.0,2025-02-04,3,8,2025-03-06,2025-02-25,29.5,2025-03-01,-9,-5,2025-03-12,2025-03-16,9.8,2025-03-12,4,0
20315.0070,20315.0070,SAN ANTONIO 2,BULVERDE,JOHNSON RANCH,2025-02-13,2025-02-24,2025-02-21,8.3,2025-02-23,-3,-1,2025-02-27,2025-03-02,6.3,2025-03-03,3,4,2025-03-08,2025-03-13,14.0,2025-03-16,5,8,2025-03-17,2025-03-19,10.9,2025-03-19,2,2,2025-03-30,2025-04-01,15.0,2025-03-29,2,-1,2025-05-14,2025-04-28,29.5,2025-04-26,-16,-18,2025-06-06,2025-05-24,9.8,2025-06-06,-13,0
20321.0044,306127,SAN ANTONIO 2,SAN ANTONIO,VERANDA SA,2026-02-17,2026-02-26,2026-02-24,7.4,,-2,,2026-03-05,2026-03-04,6.4,,-1,,2026-03-16,2026-03-19,14.0,,3,,2026-03-26,2026-03-26,10.5,,0,,2026-04-07,2026-04-09,13.7,,2,,,2026-05-03,25.8,,,,,2026-05-14,10.9,,,
20389.0050,20389.0050,SAN ANTONIO 2,SAN ANTONIO,HIDDEN CANYON,2026-03-20,2026-03-30,2026-03-30,9.9,,0,,2026-04-03,2026-04-05,6.2,,2,,2026-04-24,2026-04-18,15.1,,-6,,,2026-05-04,10.1,,,,,2026-05-18,13.7,,,,,2026-06-12,25.4,,,,,2026-06-25,12.5,,,
20316.0170,20316.0170,SAN ANTONIO 3,SCHERTZ,HOMESTEAD,2025-11-07,2025-11-14,2025-11-15,8.3,2025-11-13,1,-1,2025-11-19,2025-11-21,6.7,2025-11-21,2,2,2025-12-17,2025-12-02,12.7,2025-12-15,-15,-2,2025-12-31,2025-12-29,12.0,2025-12-30,-2,-1,2026-01-14,2026-01-15,15.4,2026-01-11,1,-3,2026-02-05,2026-02-06,22.9,2026-04-26,1,80,2026-02-16,2026-02-19,14.1,2026-04-27,3,70
20345.0071,20345.0071,SAN ANTONIO 3,NEW BRAUNFELS,MAYFAIR,2026-03-11,2026-03-17,2026-03-20,8.7,,3,,2026-03-30,2026-03-25,7.6,,-5,,2026-04-14,2026-04-10,11.2,,-4,,2026-04-24,2026-04-24,9.5,,0,,,2026-05-10,16.3,,,,,2026-06-02,23.4,,,,,2026-06-13,11.2,,,
20363.0024,20363.0024,SAN ANTONIO 3,NEW BRAUNFELS,SOLMS LANDING,2025-06-02,2025-06-09,2025-06-11,8.7,2025-06-10,2,1,2025-06-12,2025-06-14,5.4,2025-06-13,2,1,2025-06-25,2025-06-24,11.9,2025-06-23,-1,-2,2025-07-03,2025-07-05,9.6,2025-07-07,2,4,,2025-07-21,18.0,2026-04-26,,,,2025-08-16,25.6,2026-05-19,,,,2025-08-28,12.2,2026-05-31,,
20090.0190,20090.0190,BRITTON D3,PROSPER,STAR TRAIL,2026-02-17,2026-03-02,2026-03-01,11.5,,-1,,2026-03-05,2026-03-08,5.6,,3,,2026-03-25,2026-03-28,23.3,,3,,2026-04-02,2026-04-07,12.8,,5,,2026-04-23,2026-04-20,17.9,,-3,,,2026-05-22,28.8,,,,,2026-06-12,20.6,,,
20393.0047,20393.0047,BRITTON D3,PROSPER,STAR VIEW,2026-03-18,2026-04-01,2026-03-31,13.4,,-1,,2026-04-08,2026-04-07,5.7,,-1,,2026-04-28,2026-04-25,17.5,,-3,,,2026-05-07,9.5,,,,,2026-05-22,14.8,,,,,2026-06-22,31.4,,,,,2026-07-11,18.7,,,
20007.0179,20007.0179,AUSTIN 1,LIBERTY HILL,LARIAT,2026-03-05,2026-03-12,2026-03-13,7.8,,1,,2026-03-17,2026-03-18,5.8,,1,,2026-03-28,2026-03-29,11.7,,1,,2026-04-06,2026-04-09,11.6,,3,,2026-04-15,2026-04-27,21.4,,12,,,2026-05-13,27.6,,,,,2026-05-24,10.6,,,
20007.0181,20007.0181,AUSTIN 1,LIBERTY HILL,LARIAT,2026-03-05,2026-03-12,2026-03-13,7.8,,1,,2026-03-16,2026-03-18,5.8,,2,,2026-03-25,2026-03-28,11.7,,3,,2026-03-31,2026-04-06,11.6,,6,,2026-04-14,2026-04-23,22.7,,9,,2026-05-01,2026-05-12,27.6,,11,,,2026-05-12,10.6,,,
20007.0186,20007.0186,AUSTIN 1,LIBERTY HILL,LARIAT,2026-03-23,2026-03-30,2026-03-30,6.6,,0,,2026-04-01,2026-04-04,5.0,,3,,2026-04-10,2026-04-13,11.7,,3,,2026-04-16,2026-04-22,11.9,,6,,,2026-05-08,22.0,,,,,2026-06-07,30.2,,,,,2026-06-18,10.6,,,
20007.0188,20007.0188,AUSTIN 1,LIBERTY HILL,LARIAT,2025-12-02,2025-12-09,2025-12-08,6.0,2025-12-11,-1,2,2025-12-12,2025-12-14,5.2,2025-12-17,2,5,2026-01-06,2025-12-24,11.8,2026-01-02,-13,-4,2026-01-20,2026-01-17,11.1,2026-01-18,-3,-2,2026-02-02,2026-02-05,16.3,2026-04-26,3,83,2026-02-13,2026-03-02,28.1,2026-06-08,17,115,2026-02-19,2026-02-24,10.6,2026-06-13,5,114
20007.0195,20007.0195,AUSTIN 1,LIBERTY HILL,LARIAT,2026-03-09,2026-03-16,2026-03-16,7.0,,0,,2026-03-19,2026-03-21,4.8,,2,,2026-03-31,2026-03-31,11.8,,0,,2026-04-10,2026-04-12,11.6,,2,,2026-04-27,2026-04-29,19.2,,2,,,2026-05-25,27.6,,,,,2026-06-05,10.6,,,
20007.0167,20007.0167,AUSTIN 1,LIBERTY HILL,LARIAT,2025-11-11,2025-11-18,2025-11-17,5.7,2025-11-22,-1,4,2025-11-24,2025-11-23,4.9,2025-11-24,-1,0,2025-12-08,2025-12-06,11.8,2025-12-11,-2,3,2025-12-16,2025-12-20,11.6,2025-12-24,4,8,2026-01-06,2026-01-06,21.2,2026-01-02,0,-4,2026-01-28,2026-02-02,27.4,2026-02-04,5,7,2026-02-06,2026-02-08,10.6,2026-04-26,2,79
20007.0247,20007.0247,AUSTIN 1,LIBERTY HILL,LARIAT,2026-04-01,2026-04-16,2026-04-11,10.4,,-5,,2026-04-24,2026-04-22,5.9,,-2,,2026-05-01,2026-05-06,11.9,,5,,,2026-05-13,11.6,,,,,2026-05-31,18.0,,,,,2026-07-01,31.4,,,,,2026-07-12,10.6,,,
20007.0228,20007.0228,AUSTIN 1,LIBERTY HILL,LARIAT,2026-04-01,2026-04-09,2026-04-10,9.1,,1,,2026-04-14,2026-04-15,5.9,,1,,2026-04-23,2026-04-26,11.7,,3,,,2026-05-05,11.7,,,,,2026-05-21,16.5,,,,,2026-06-21,30.8,,,,,2026-07-02,10.6,,,
20013.0596,20013.0596,AUSTIN 1,LIBERTY HILL,SANTA RITA RANCH,2026-01-12,2026-01-16,2026-01-17,5.5,2026-01-18,1,2,2026-01-22,2026-01-22,6.1,2026-01-22,0,0,2026-02-05,2026-02-03,12.4,2026-04-26,-2,80,2026-02-11,2026-02-16,11.4,2026-05-03,5,81,2026-03-02,2026-02-28,17.1,2026-05-20,-2,79,2026-03-20,2026-03-30,27.6,2026-06-19,10,91,2026-04-02,2026-03-30,10.4,2026-07-07,-3,96
20013.0627,20013.0627,AUSTIN 1,LIBERTY HILL,SANTA RITA RANCH,2026-02-11,2026-02-24,2026-02-19,7.8,2026-05-04,-5,69,2026-03-03,2026-03-01,4.7,2026-05-10,-2,68,2026-03-13,2026-03-15,12.2,2026-05-25,2,73,2026-03-26,2026-03-25,11.7,2026-06-05,-1,71,2026-04-16,2026-04-14,19.0,2026-06-26,-2,71,,2026-05-15,28.7,2026-07-20,,,,2026-05-25,10.4,2026-08-03,,
20014.0003,167078,AUSTIN 1,LIBERTY HILL,SANTA RITA RANCH RENTALS,2022-08-11,2022-08-25,2022-08-17,5.9,,-8,,2022-09-01,2022-08-31,5.6,,-1,,2022-09-21,2022-09-14,13.3,,-7,,2022-09-23,2022-10-02,11.3,,9,,2022-11-11,2022-10-12,19.2,,-30,,2022-12-16,2022-12-08,26.7,,-8,,2022-12-30,2022-12-27,10.6,,-3,
20014.0006,167092,AUSTIN 1,LIBERTY HILL,SANTA RITA RANCH RENTALS,2022-04-04,2022-04-18,2022-04-09,5.3,,-9,,2022-04-27,2022-04-23,4.7,,-4,,2022-05-31,2022-05-10,13.2,,-21,,2022-06-13,2022-06-12,11.5,,-1,,2022-07-11,2022-07-06,22.9,,-5,,2022-08-24,2022-08-10,29.5,,-14,,2022-09-27,2022-09-04,10.6,,-23,
20014.0037,167094,AUSTIN 1,LIBERTY HILL,SANTA RITA RANCH RENTALS,2022-04-04,2022-04-18,2022-04-09,5.2,,-9,,2022-04-26,2022-04-23,4.7,,-3,,2022-05-31,2022-05-09,13.3,,-22,,2022-06-15,2022-06-12,11.5,,-3,,2022-07-13,2022-07-04,19.1,,-9,,2022-08-19,2022-08-12,29.5,,-7,,2022-09-27,2022-08-30,10.6,,-28,
20014.0045,167079,AUSTIN 1,LIBERTY HILL,SANTA RITA RANCH RENTALS,2022-08-10,2022-08-26,2022-08-16,6.0,,-10,,2022-09-01,2022-09-01,5.6,,0,,2022-09-23,2022-09-14,13.3,,-9,,2022-10-06,2022-10-04,11.3,,-2,,2022-11-14,2022-10-23,17.2,,-22,,2022-12-30,2022-12-11,26.7,,-19,,2023-01-31,2023-01-10,10.6,,-21,
20014.0059,167234,AUSTIN 1,LIBERTY HILL,SANTA RITA RANCH RENTALS,2023-12-14,2023-12-22,2023-12-22,7.9,,0,,2024-01-05,2023-12-29,7.1,,-7,,2024-01-16,2024-01-19,14.4,,3,,2024-02-09,2024-01-28,12.4,,-12,,2024-02-28,2024-02-26,17.3,,-2,,2024-03-15,2024-03-28,29.0,,13,,2024-03-29,2024-03-26,10.6,,-3,
20014.0061,167095,AUSTIN 1,LIBERTY HILL,SANTA RITA RANCH RENTALS,2022-03-23,2022-04-04,2022-03-30,7.1,,-5,,2022-04-14,2022-04-09,4.7,,-5,,2022-05-31,2022-04-27,13.3,,-34,,2022-06-15,2022-06-12,11.5,,-3,,2022-07-13,2022-07-04,18.8,,-9,,2022-09-07,2022-08-12,29.5,,-26,,2022-09-27,2022-09-18,10.6,,-9,
20014.0062,167097,AUSTIN 1,LIBERTY HILL,SANTA RITA RANCH RENTALS,2022-03-23,2022-04-05,2022-03-31,7.6,,-5,,2022-04-14,2022-04-10,4.6,,-4,,2022-05-31,2022-04-27,13.5,,-34,,2022-06-15,2022-06-11,11.5,,-4,,2022-07-12,2022-07-03,18.0,,-9,,2022-08-25,2022-08-08,26.8,,-17,,2022-09-30,2022-09-05,10.6,,-25,
20014.0075,167235,AUSTIN 1,LIBERTY HILL,SANTA RITA RANCH RENTALS,2023-12-27,2024-01-07,2024-01-04,7.6,,-3,,2024-01-16,2024-01-14,6.7,,-2,,2024-01-23,2024-01-30,13.7,,7,,2024-02-09,2024-02-04,12.3,,-5,,2024-03-01,2024-02-27,18.5,,-3,,2024-03-15,2024-03-29,27.8,,14,,2024-03-29,2024-03-26,10.6,,-3,
20014.0079,167140,AUSTIN 1,LIBERTY HILL,SANTA RITA RANCH RENTALS,2024-02-02,2024-02-13,2024-02-09,7.0,,-4,,2024-02-15,2024-02-17,4.4,,2,,2024-02-23,2024-02-29,13.8,,6,,2024-03-01,2024-03-06,12.3,,5,,2024-03-13,2024-03-24,23.4,,11,,2024-04-05,2024-04-10,28.1,,5,,2024-04-11,2024-04-16,10.6,,5,
20014.0086,167233,AUSTIN 1,LIBERTY HILL,SANTA RITA RANCH RENTALS,2024-01-13,2024-01-17,2024-01-20,7.3,,3,,2024-01-26,2024-01-23,5.5,,-3,,2024-02-06,2024-02-09,13.7,,3,,2024-02-20,2024-02-18,12.4,,-2,,2024-03-07,2024-03-06,15.3,,-1,,2024-03-26,2024-04-04,28.1,,9,,2024-04-05,2024-04-06,10.6,,1,
20014.0099,167139,AUSTIN 1,LIBERTY HILL,SANTA RITA RANCH RENTALS,2024-02-03,2024-02-10,2024-02-10,6.7,,0,,2024-02-15,2024-02-15,5.4,,0,,2024-02-23,2024-02-29,13.7,,6,,2024-03-01,2024-03-06,12.4,,5,,2024-03-18,2024-03-22,20.9,,4,,2024-04-05,2024-04-12,25.5,,7,,2024-04-11,2024-04-16,10.6,,5,
20014.0106,167142,AUSTIN 1,LIBERTY HILL,SANTA RITA RANCH RENTALS,2022-08-12,2022-08-24,2022-08-18,6.1,,-6,,2022-08-31,2022-08-30,5.6,,-1,,2022-09-19,2022-09-13,13.4,,-6,,2022-09-23,2022-09-30,11.3,,7,,2022-11-14,2022-10-12,19.2,,-33,,2022-12-09,2022-12-11,26.7,,2,,2022-12-30,2022-12-20,10.6,,-10,
20014.0113,167232,AUSTIN 1,LIBERTY HILL,SANTA RITA RANCH RENTALS,2023-12-18,2023-12-22,2023-12-24,6.5,,2,,2024-01-05,2023-12-29,7.1,,-7,,2024-01-24,2024-01-19,14.4,,-5,,2024-02-12,2024-02-05,11.7,,-7,,2024-03-01,2024-03-01,17.6,,0,,2024-03-15,2024-03-29,28.1,,14,,2024-03-29,2024-03-26,10.6,,-3,
20014.0122,167231,AUSTIN 1,LIBERTY HILL,SANTA RITA RANCH RENTALS,2024-01-17,2024-01-17,2024-01-23,6.4,,6,,2024-01-24,2024-01-23,5.5,,-1,,2024-02-05,2024-02-07,13.6,,2,,2024-02-16,2024-02-17,12.2,,1,,2024-03-08,2024-03-03,15.8,,-5,,2024-03-26,2024-04-05,27.8,,10,,2024-04-05,2024-04-06,10.6,,1,
20014.0140,167230,AUSTIN 1,LIBERTY HILL,SANTA RITA RANCH RENTALS,2023-12-18,2024-01-05,2023-12-24,6.5,,-12,,2024-01-18,2024-01-12,6.6,,-6,,2024-01-29,2024-02-01,13.8,,3,,2024-02-09,2024-02-10,12.3,,1,,2024-02-29,2024-02-28,19.4,,-1,,2024-03-15,2024-03-29,28.7,,14,,2024-03-29,2024-03-26,10.6,,-3,
20014.0142,167096,AUSTIN 1,LIBERTY HILL,SANTA RITA RANCH RENTALS,2022-03-23,2022-04-04,2022-03-30,7.2,,-5,,2022-04-14,2022-04-09,4.7,,-5,,2022-05-31,2022-04-27,13.5,,-34,,2022-06-15,2022-06-12,11.5,,-3,,2022-07-12,2022-07-04,19.1,,-8,,2022-09-06,2022-08-11,29.5,,-26,,2022-09-30,2022-09-17,10.6,,-13,
20014.0143,167098,AUSTIN 1,LIBERTY HILL,SANTA RITA RANCH RENTALS,2022-03-23,2022-04-08,2022-03-31,7.6,,-8,,2022-04-18,2022-04-14,5.5,,-4,,2022-05-27,2022-05-01,13.3,,-26,,2022-06-10,2022-06-08,11.5,,-2,,2022-07-07,2022-06-30,20.4,,-7,,2022-08-10,2022-08-06,29.5,,-4,,2022-08-25,2022-08-21,10.6,,-4,
20014.0145,167126,AUSTIN 1,LIBERTY HILL,SANTA RITA RANCH RENTALS,2022-04-04,2022-04-28,2022-04-09,5.0,,-19,,2022-05-06,2022-05-04,5.5,,-2,,2022-06-15,2022-05-19,13.4,,-27,,2022-06-30,2022-06-26,11.3,,-4,,2022-07-26,2022-07-19,19.3,,-7,,2022-09-30,2022-08-25,29.5,,-36,,2022-09-30,2022-10-11,10.6,,11,
20014.0147,167141,AUSTIN 1,LIBERTY HILL,SANTA RITA RANCH RENTALS,2024-01-31,2024-02-08,2024-02-07,7.2,,-1,,2024-02-15,2024-02-13,5.3,,-2,,2024-02-23,2024-02-29,13.8,,6,,2024-03-05,2024-03-06,12.4,,1,,2024-03-13,2024-03-29,24.2,,16,,2024-04-05,2024-04-10,28.1,,5,,2024-04-11,2024-04-16,10.6,,5,
20014.0158,167093,AUSTIN 1,LIBERTY HILL,SANTA RITA RANCH RENTALS,2022-04-04,2022-05-05,2022-04-09,5.1,,-26,,2022-05-13,2022-05-11,5.5,,-2,,2022-06-22,2022-05-26,13.2,,-27,,2022-07-05,2022-07-03,11.3,,-2,,2022-07-27,2022-07-25,20.2,,-2,,2022-09-29,2022-08-26,29.5,,-34,,2022-09-30,2022-10-10,10.6,,10,
20010.0215,783115,AUSTIN 2,GEORGETOWN,PARKSIDE ON THE RIVER,2026-02-03,2026-02-13,2026-02-13,10.1,,0,,2026-02-20,2026-02-20,6.7,,0,,2026-03-03,2026-03-09,16.9,,6,,2026-03-09,2026-03-14,11.0,,5,,2026-03-27,2026-03-25,16.4,,-2,,,2026-04-26,30.0,,,,,2026-05-12,16.3,,,
20010.0293,20010.0293,AUSTIN 2,GEORGETOWN,PARKSIDE ON THE RIVER,2024-08-18,2024-08-22,2024-08-27,9.4,2024-08-29,5,7,2024-08-24,2024-08-29,7.3,2024-09-02,5,9,2024-08-30,2024-09-10,16.8,2024-09-08,11,9,2024-09-09,2024-09-10,11.0,2024-09-07,1,-2,2024-09-20,2024-09-25,15.8,2024-09-22,5,2,2024-10-25,2024-10-19,29.4,2024-11-01,-6,7,2024-11-05,2024-11-12,17.9,2024-11-05,7,0
20010.0341,20010.0341,AUSTIN 2,GEORGETOWN,PARKSIDE ON THE RIVER,2025-12-02,2025-12-11,2025-12-12,9.5,2025-12-13,1,2,2025-12-22,2025-12-17,5.6,2025-12-22,-5,0,2026-01-06,2026-01-09,17.5,2026-01-06,3,0,2026-01-16,2026-01-17,11.2,2026-01-14,1,-2,2026-02-02,2026-02-01,15.8,2026-04-26,-1,83,2026-03-03,2026-03-03,28.7,2026-06-07,0,96,2026-03-12,2026-03-18,14.9,2026-06-21,6,101
20010.0294,20010.0294,AUSTIN 2,GEORGETOWN,PARKSIDE ON THE RIVER,2024-08-20,2024-08-28,2024-08-31,11.0,2024-09-03,3,6,2024-09-01,2024-09-04,7.2,2024-09-03,3,2,2024-09-06,2024-09-18,17.1,2024-09-30,12,24,2024-09-20,2024-09-17,11.0,2024-09-18,-3,-2,2024-10-02,2024-10-04,14.3,2024-10-03,2,1,2024-10-23,2024-10-31,29.4,2024-11-06,8,14,2024-11-11,2024-11-10,17.9,2024-11-11,-1,0
20016.0314,20016.0314,AUSTIN 2,GEORGETOWN,WOLF RANCH,2026-01-02,2026-01-12,2026-01-10,8.0,2026-01-12,-2,0,2026-01-15,2026-01-17,4.7,2026-01-16,2,1,2026-02-04,2026-02-02,18.1,2026-04-26,-2,81,2026-02-10,2026-02-15,11.2,2026-05-07,5,86,2026-02-25,2026-02-25,14.8,2026-05-22,0,86,2026-04-08,2026-03-25,28.3,2026-06-15,-14,68,2026-04-24,2026-04-21,13.0,2026-06-22,-3,59
20016.0325,20016.0325,AUSTIN 2,GEORGETOWN,WOLF RANCH,2026-02-04,2026-02-11,2026-02-11,7.0,2026-05-06,0,84,2026-02-16,2026-02-16,4.8,2026-05-10,0,83,2026-03-03,2026-03-05,16.7,2026-06-03,2,92,2026-03-11,2026-03-14,11.0,2026-06-14,3,95,2026-03-23,2026-03-25,14.3,2026-06-29,2,98,2026-04-17,2026-04-21,28.8,2026-07-23,4,97,2026-04-24,2026-04-30,12.6,2026-07-30,6,97
20016.0327,20016.0327,AUSTIN 2,GEORGETOWN,WOLF RANCH,2025-12-31,2026-01-09,2026-01-11,10.7,2026-01-10,2,1,2026-01-13,2026-01-14,5.2,2026-01-13,1,0,2026-02-04,2026-01-31,18.2,2026-04-26,-4,81,2026-02-10,2026-02-15,11.2,2026-05-07,5,86,2026-02-23,2026-02-24,14.3,2026-05-22,1,88,2026-03-17,2026-03-23,28.2,2026-06-15,6,90,2026-03-27,2026-03-30,12.9,2026-06-22,3,87
20016.0332,20016.0332,AUSTIN 2,GEORGETOWN,WOLF RANCH,2026-04-30,,2026-05-10,9.9,,,,,2026-05-17,6.5,,,,,2026-06-05,18.5,,,,,2026-06-16,11.2,,,,,2026-06-30,13.6,,,,,2026-07-30,29.8,,,,,2026-08-18,19.4,,,
20020.0329,20020.0329,AUSTIN 2,BASTROP,THE COLONY,2025-12-10,2026-01-20,2025-12-16,5.7,2025-12-26,-35,-25,2026-01-22,2026-01-26,6.5,2026-01-25,4,3,2026-02-09,2026-02-02,10.7,2026-04-26,-7,76,2026-02-20,2026-02-19,9.5,2026-05-05,-1,74,2026-03-09,2026-03-10,17.5,2026-05-19,1,71,2026-03-24,2026-03-29,20.5,2026-06-09,5,77,2026-04-02,2026-04-07,13.9,2026-06-26,5,85
20020.0265,20020.0265,AUSTIN 2,BASTROP,THE COLONY,2024-05-14,2024-05-20,2024-05-21,6.7,2024-05-18,1,-2,2024-05-28,2024-05-27,7.0,2024-05-25,-1,-3,2024-06-04,2024-06-08,10.7,2024-06-08,4,4,2024-06-12,2024-06-14,9.5,2024-06-14,2,2,2024-06-28,2024-06-30,17.5,2024-06-29,2,1,2024-07-15,2024-07-18,20.5,2024-07-31,3,16,2024-07-24,2024-07-29,13.9,2024-07-24,5,0
20020.0335,20020.0335,AUSTIN 2,BASTROP,THE COLONY,2026-03-17,2026-03-24,2026-03-23,6.5,,-1,,2026-03-30,2026-03-31,7.3,,1,,2026-04-07,2026-04-10,10.7,,3,,2026-04-20,2026-04-17,9.5,,-3,,,2026-05-08,17.5,,,,,2026-05-28,20.5,,,,,2026-06-11,13.9,,,
20020.0338,20020.0338,AUSTIN 2,BASTROP,THE COLONY,2025-12-18,2025-12-24,2025-12-24,5.7,2025-12-22,0,-2,2025-12-30,2026-01-01,7.8,2025-12-29,2,-1,2026-01-08,2026-01-10,10.7,2026-01-10,2,2,2026-01-17,2026-01-18,9.5,2026-01-18,1,1,2026-02-04,2026-02-04,17.5,2026-04-26,0,81,2026-02-23,2026-02-24,20.5,2026-05-29,1,95,2026-02-27,2026-03-09,13.9,2026-06-09,10,102
20020.0361,20020.0361,AUSTIN 2,BASTROP,THE COLONY,2025-12-03,2025-12-08,2025-12-09,5.6,2025-12-07,1,-1,2025-12-11,2025-12-15,7.3,2025-12-13,4,2,2025-12-23,2025-12-22,10.7,2025-12-22,-1,-1,2026-01-05,2026-01-02,9.5,2026-01-02,-3,-3,2026-01-23,2026-01-23,17.5,2026-01-22,0,-1,2026-02-23,2026-02-12,20.5,2026-04-26,-11,62,2026-03-13,2026-03-09,13.9,2026-05-07,-4,55
20020.0370,20020.0370,AUSTIN 2,BASTROP,THE COLONY,2026-01-05,2026-01-08,2026-01-12,6.7,2026-01-09,4,1,2026-01-12,2026-01-16,7.8,2026-01-13,4,1,2026-01-26,2026-01-23,10.7,2026-01-23,-3,-3,2026-02-09,2026-02-05,9.5,2026-04-26,-4,76,2026-02-18,2026-02-27,17.5,2026-05-13,9,84,2026-03-26,2026-03-10,20.5,2026-06-15,-16,81,2026-04-02,2026-04-09,13.9,2026-06-26,7,85
20020.0373,20020.0373,AUSTIN 2,BASTROP,THE COLONY,2026-04-08,2026-04-17,2026-04-15,6.7,,-2,,2026-04-21,2026-04-24,6.7,,3,,2026-04-28,2026-05-02,10.7,,4,,,2026-05-08,9.5,,,,,2026-05-26,17.5,,,,,2026-06-15,20.5,,,,,2026-06-29,13.9,,,
20370.0029,20370.0029,AUSTIN 2,HUTTO,FLORA,2026-02-26,2026-03-09,2026-03-06,8.5,2026-05-05,-3,57,2026-03-11,2026-03-16,7.1,2026-05-11,5,61,2026-03-23,2026-03-27,16.2,2026-05-30,4,68,2026-04-04,2026-04-05,12.7,2026-06-09,1,66,2026-04-28,2026-04-19,14.7,2026-07-05,-9,68,,2026-05-23,25.3,2026-07-31,,,,2026-06-05,12.6,2026-08-11,,
20370.0051,20370.0051,AUSTIN 2,HUTTO,FLORA,2025-12-09,2025-12-16,2025-12-17,8.5,2025-12-18,1,2,2025-12-22,2025-12-23,6.5,2025-12-22,1,0,2026-01-08,2026-01-07,16.2,2026-01-10,-1,2,2026-01-18,2026-01-21,12.7,2026-01-18,3,0,2026-02-03,2026-02-02,14.7,2026-04-26,-1,82,2026-03-03,2026-02-28,25.3,2026-05-22,-3,80,2026-03-09,2026-03-16,12.6,2026-06-02,7,85
20370.0054,20370.0054,AUSTIN 2,HUTTO,FLORA,2024-11-07,2024-11-12,2024-11-15,8.5,2024-11-16,3,4,2024-11-14,2024-11-19,6.5,2024-11-18,5,4,2024-12-02,2024-11-30,16.2,2024-12-03,-2,1,2024-12-09,2024-12-15,12.7,2024-12-12,6,3,2024-12-30,2024-12-24,14.7,2025-01-04,-6,5,2025-01-15,2025-01-24,25.3,2025-01-25,9,10,2025-01-25,2025-01-28,12.6,2025-01-25,3,0
20378.0007,20378.0007,AUSTIN 2,GEORGETOWN,WOODSIDE,2026-03-04,2026-03-13,2026-03-11,7.1,,-2,,2026-03-18,2026-03-18,5.2,,0,,2026-04-02,2026-04-02,15.3,,0,,2026-04-16,2026-04-13,11.0,,-3,,2026-04-27,2026-04-29,12.7,,2,,,2026-05-23,25.7,,,,,2026-06-09,17.3,,,
20378.0036,20378.0036,AUSTIN 2,GEORGETOWN,WOODSIDE,2026-04-28,,2026-05-04,6.3,,,,,2026-05-09,4.7,,,,,2026-05-24,14.9,,,,,2026-06-04,11.0,,,,,2026-06-17,13.1,,,,,2026-07-12,25.0,,,,,2026-07-26,13.8,,,
20024.0323,20024.0323,AUSTIN 3,AUSTIN,EASTON PARK,2026-04-02,2026-04-07,2026-04-11,9.5,,4,,2026-04-16,2026-04-13,5.9,,-3,,,2026-05-11,24.8,,,,,2026-05-25,14.3,,,,,2026-06-06,12.2,,,,,2026-06-27,21.0,,,,,2026-07-08,11.4,,,
20024.0260,20024.0260,AUSTIN 3,AUSTIN,EASTON PARK,2026-02-19,2026-03-04,2026-03-02,11.4,2026-05-06,-2,63,2026-03-09,2026-03-10,6.5,2026-05-15,1,67,2026-04-14,2026-04-03,24.8,2026-06-09,-11,56,2026-04-28,2026-04-28,14.4,2026-06-22,0,55,,2026-05-14,16.4,2026-07-06,,,,2026-06-15,32.1,2026-08-12,,,,2026-06-28,12.6,2026-08-24,,
20026.0162,755062,AUSTIN 3,KYLE,6 CREEKS,2026-03-11,2026-03-19,2026-03-20,9.1,,1,,2026-03-25,2026-03-25,5.6,,0,,2026-04-09,2026-04-14,20.2,,5,,2026-04-23,2026-04-24,14.5,,1,,,2026-05-08,15.5,,,,,2026-05-31,23.5,,,,,2026-06-08,7.9,,,
20333.0129,20333.0129,AUSTIN 3,SAN MARCOS,LA CIMA,2026-01-20,2026-01-30,2026-01-28,8.4,2026-04-26,-2,86,2026-02-04,2026-02-08,8.8,2026-05-01,4,86,2026-02-25,2026-02-20,16.2,2026-05-22,-5,86,2026-03-06,2026-03-10,12.7,2026-06-04,4,90,2026-03-23,2026-03-21,14.7,2026-06-18,-2,87,2026-04-17,2026-04-17,25.3,2026-07-25,0,99,2026-04-22,2026-04-30,12.6,2026-08-05,8,105
20333.0092,737067,AUSTIN 3,SAN MARCOS,LA CIMA,2026-02-05,2026-02-16,2026-02-13,8.4,,-3,,2026-02-20,2026-02-26,9.9,,6,,2026-03-06,2026-03-08,16.2,,2,,2026-03-18,2026-03-19,12.7,,1,,2026-04-06,2026-04-02,14.7,,-4,,2026-05-01,2026-05-01,25.3,,0,,,2026-05-14,12.6,,,
20337.0080,210064,AUSTIN 3,KYLE,CROSSWINDS,2026-02-13,2026-02-22,2026-02-21,8.3,,-1,,2026-02-25,2026-02-27,5.2,,2,,2026-03-06,2026-03-16,18.6,,10,,2026-03-17,2026-03-18,12.4,,1,,2026-03-30,2026-04-01,15.3,,2,,2026-04-16,2026-04-22,23.5,,6,,2026-04-24,2026-04-24,7.9,,0,
20337.0109,210092,AUSTIN 3,KYLE,CROSSWINDS,2026-02-07,2026-02-13,2026-02-14,6.8,,1,,2026-02-17,2026-02-19,5.5,,2,,2026-02-26,2026-03-08,18.6,,10,,2026-03-09,2026-03-10,12.0,,1,,2026-03-25,2026-03-24,15.3,,-1,,2026-04-09,2026-04-17,23.3,,8,,2026-04-16,2026-04-17,7.9,,1,
20337.0112,210063,AUSTIN 3,KYLE,CROSSWINDS,2026-03-11,2026-03-18,2026-03-19,7.8,,1,,2026-03-23,2026-03-24,5.7,,1,,2026-03-31,2026-04-10,18.2,,10,,2026-04-11,2026-04-12,12.2,,1,,2026-04-24,2026-04-26,15.3,,2,,,2026-05-17,22.7,,,,,2026-05-26,8.9,,,
20337.0127,210090,AUSTIN 3,KYLE,CROSSWINDS,2026-01-03,2026-01-09,2026-01-10,6.8,,1,,2026-01-14,2026-01-15,5.6,,1,,2026-01-23,2026-02-05,22.2,,13,,2026-02-09,2026-02-04,12.2,,-5,,2026-02-20,2026-02-24,15.3,,4,,2026-03-10,2026-03-15,22.7,,5,,2026-03-17,2026-03-18,7.6,,1,
20028.0062,249020,PERRY D1,MIDLOTHIAN,BRIDGEWATER,2023-05-01,2023-05-09,2023-05-15,13.6,,6,,2023-05-19,2023-05-14,5.2,,-5,,2023-06-02,2023-06-13,25.0,,11,,2023-06-13,2023-06-15,12.5,,2,,2023-06-26,2023-06-28,15.0,,2,,2023-07-18,2023-07-17,21.2,,-1,,2023-08-04,2023-08-10,23.1,,6,
20085.0052,20085.0052,PERRY D3,CELINA,MOSAIC,2026-03-23,2026-04-07,2026-04-04,11.7,,-3,,2026-04-09,2026-04-10,3.5,,1,,,2026-04-26,16.7,,,,,2026-05-07,11.3,,,,,2026-05-20,13.0,,,,,2026-06-09,19.5,,,,,2026-06-24,15.3,,,
20085.0053,20085.0053,PERRY D3,CELINA,MOSAIC,2026-02-12,2026-02-25,2026-02-23,10.6,2026-05-03,-2,67,2026-03-02,2026-03-02,4.5,2026-05-06,0,65,2026-03-27,2026-03-15,12.8,2026-05-19,-12,53,2026-04-02,2026-04-09,13.3,2026-06-01,7,60,2026-04-28,2026-04-15,12.8,2026-06-21,-13,54,,2026-05-17,19.3,2026-07-20,,,,2026-06-02,15.8,2026-08-10,,
20085.0054,20085.0054,PERRY D3,CELINA,MOSAIC,2026-03-23,2026-04-10,2026-04-05,13.4,,-5,,2026-04-17,2026-04-14,4.1,,-3,,,2026-05-04,16.5,,,,,2026-05-16,12.5,,,,,2026-05-29,13.0,,,,,2026-06-18,19.5,,,,,2026-07-03,15.4,,,
20085.0055,20085.0055,PERRY D3,CELINA,MOSAIC,2026-03-02,2026-03-25,2026-03-13,11.3,2026-05-03,-12,39,2026-03-27,2026-03-28,3.3,2026-05-06,1,40,,2026-04-17,21.4,2026-05-19,,,,2026-04-28,10.5,2026-06-01,,,,2026-05-11,12.8,2026-06-21,,,,2026-05-31,19.5,2026-07-20,,,,2026-06-16,15.8,2026-08-10,,
20383.0086,20383.0086,PERRY D3,CELINA,THE HEIGHTS AT UPTOWN CELINA,2026-02-12,2026-02-23,2026-02-25,13.1,2026-05-06,2,72,2026-02-26,2026-02-26,3.3,2026-05-09,0,72,2026-03-11,2026-03-13,15.0,2026-05-22,2,72,2026-03-25,2026-03-22,11.5,2026-06-04,-3,71,,2026-04-07,13.0,2026-06-24,,,,2026-04-27,19.5,2026-07-23,,,,2026-05-13,15.6,2026-08-13,,
20383.0088,20383.0088,PERRY D3,CELINA,THE HEIGHTS AT UPTOWN CELINA,2026-02-09,2026-02-17,2026-02-20,10.5,2026-05-06,3,78,2026-02-20,2026-02-21,4.4,2026-05-09,1,78,2026-03-10,2026-03-07,15.2,2026-05-22,-3,73,2026-03-23,2026-03-20,10.5,2026-06-04,-3,73,2026-04-21,2026-04-05,12.8,2026-06-24,-16,64,,2026-05-10,19.3,2026-07-23,,,,2026-05-26,15.8,2026-08-13,,
20383.0089,20383.0089,PERRY D3,CELINA,THE HEIGHTS AT UPTOWN CELINA,2026-02-12,2026-02-17,2026-02-23,11.2,,6,,2026-02-25,2026-02-22,4.5,,-3,,2026-03-10,2026-03-11,14.3,,1,,2026-03-23,2026-03-22,11.5,,-1,,2026-04-06,2026-04-05,12.7,,-1,,2026-04-17,2026-04-25,19.3,,8,,,2026-05-03,16.2,,,
20418.0013,20418.0013,PERRY D3,CELINA,RAMBLE,2026-04-10,2026-04-27,2026-04-21,11.5,,-6,,2026-04-30,2026-04-30,2.9,,0,,,2026-05-18,17.9,,,,,2026-05-27,8.7,,,,,2026-06-09,13.0,,,,,2026-06-29,19.5,,,,,2026-07-14,15.3,,,
20035.0018,146208,PERRY D4,FORT WORTH,VENTANA RENTALS,2024-06-18,2024-07-10,2024-06-30,12.5,,-10,,2024-08-03,2024-07-18,7.6,,-16,,2024-08-02,2024-08-22,18.8,,20,,2024-09-01,2024-08-17,14.7,,-15,,2024-09-19,2024-09-16,14.8,,-3,,,2024-10-05,15.9,,,,2024-11-19,2024-10-24,19.0,,-26,
20035.0019,146209,PERRY D4,FORT WORTH,VENTANA RENTALS,2024-06-07,2024-06-24,2024-06-21,13.8,,-3,,2024-07-08,2024-06-30,6.4,,-8,,2024-07-11,2024-07-27,18.8,,16,,2024-09-19,2024-07-25,14.1,,-56,,2024-09-27,2024-10-04,14.8,,7,,2024-10-24,2024-10-21,24.0,,-3,,2024-11-19,2024-11-11,17.8,,-8,
20035.0032,146196,PERRY D4,FORT WORTH,VENTANA RENTALS,2024-03-27,2024-04-10,2024-04-09,13.1,,-1,,2024-04-19,2024-04-17,7.4,,-2,,2024-05-22,2024-05-08,18.8,,-14,,2024-06-06,2024-06-03,11.9,,-3,,2024-06-28,2024-06-21,14.8,,-7,,2024-07-24,2024-07-13,15.0,,-11,,2024-08-09,2024-08-12,18.7,,3,
20035.0033,146202,PERRY D4,FORT WORTH,VENTANA RENTALS,2024-04-03,2024-04-17,2024-04-15,12.1,,-2,,2024-04-24,2024-04-23,6.4,,-1,,2024-05-23,2024-05-11,17.4,,-12,,2024-06-06,2024-06-03,11.4,,-3,,2024-07-22,2024-06-21,14.8,,-31,,2024-08-13,2024-08-04,12.7,,-9,,2024-10-08,2024-09-01,19.0,,-37,
20035.0034,146203,PERRY D4,FORT WORTH,VENTANA RENTALS,2024-04-03,2024-04-17,2024-04-15,12.0,,-2,,2024-04-24,2024-04-24,6.7,,0,,2024-05-27,2024-05-11,17.4,,-16,,2024-06-03,2024-06-07,11.4,,4,,2024-07-22,2024-06-18,14.8,,-34,,2024-08-07,2024-08-03,12.5,,-4,,2024-09-15,2024-08-27,19.6,,-19,
20035.0058,146212,PERRY D4,FORT WORTH,VENTANA RENTALS,2024-03-20,2024-04-29,2024-04-02,13.2,,-27,,2024-04-29,2024-05-05,6.1,,6,,2024-05-17,2024-05-18,18.8,,1,,2024-06-27,2024-05-30,12.8,,-28,,2024-08-02,2024-07-12,14.8,,-21,,2024-09-10,2024-08-20,17.8,,-21,,2024-10-08,2024-09-27,17.4,,-11,
20035.0062,146201,PERRY D4,FORT WORTH,VENTANA RENTALS,2024-04-03,2024-04-17,2024-04-15,12.0,,-2,,2024-04-24,2024-04-24,6.7,,0,,2024-05-27,2024-05-11,17.4,,-16,,2024-06-06,2024-06-07,11.4,,1,,2024-07-02,2024-06-21,14.8,,-11,,2024-08-07,2024-07-15,13.3,,-23,,2024-09-21,2024-08-25,18.0,,-27,
20035.0063,146204,PERRY D4,FORT WORTH,VENTANA RENTALS,2024-04-03,2024-04-18,2024-04-15,12.0,,-3,,2024-04-26,2024-04-25,6.9,,-1,,2024-05-23,2024-05-15,18.8,,-8,,2024-06-06,2024-06-04,11.9,,-2,,2024-07-22,2024-06-21,14.8,,-31,,2024-08-14,2024-08-06,14.6,,-8,,2024-10-08,2024-09-02,18.9,,-36,
20035.0064,146205,PERRY D4,FORT WORTH,VENTANA RENTALS,2024-04-03,2024-04-17,2024-04-15,12.0,,-2,,2024-05-14,2024-04-24,6.7,,-20,,2024-05-23,2024-06-02,18.8,,10,,2024-06-06,2024-06-05,13.2,,-1,,2024-07-30,2024-06-21,14.8,,-39,,2024-08-07,2024-08-11,12.3,,4,,2024-10-08,2024-08-27,19.6,,-42,
20035.0065,146207,PERRY D4,FORT WORTH,VENTANA RENTALS,2024-06-14,2024-06-24,2024-06-28,14.2,,4,,2024-07-08,2024-07-01,7.1,,-7,,2024-07-11,2024-07-26,18.5,,15,,2024-09-19,2024-07-25,14.1,,-56,,2024-09-19,2024-10-04,14.8,,15,,2024-11-01,2024-10-10,20.5,,-22,,2024-11-19,2024-11-19,17.9,,0,
20035.0070,146211,PERRY D4,FORT WORTH,VENTANA RENTALS,2024-04-11,2024-04-24,2024-04-23,11.9,,-1,,2024-05-13,2024-05-01,6.7,,-12,,2024-05-23,2024-05-31,18.5,,8,,2024-06-24,2024-06-05,13.2,,-19,,2024-07-29,2024-07-09,14.8,,-20,,2024-07-24,2024-08-10,11.9,,17,,2024-09-20,2024-08-13,19.5,,-38,
20035.0071,146213,PERRY D4,FORT WORTH,VENTANA RENTALS,2024-04-11,2024-04-22,2024-04-23,12.1,,1,,2024-04-29,2024-04-28,5.9,,-1,,2024-06-07,2024-05-16,17.1,,-22,,2024-07-25,2024-06-20,13.2,,-35,,2024-08-01,2024-08-09,14.8,,8,,2024-08-15,2024-08-23,22.3,,8,,2024-10-08,2024-09-04,19.7,,-34,
20035.0079,146200,PERRY D4,FORT WORTH,VENTANA RENTALS,2024-04-11,2024-04-19,2024-04-23,11.9,,4,,2024-05-14,2024-04-26,6.9,,-18,,2024-05-23,2024-06-01,18.5,,9,,2024-06-06,2024-06-05,13.0,,-1,,2024-07-22,2024-06-21,14.8,,-31,,2024-08-07,2024-08-03,11.8,,-4,,2024-09-20,2024-08-27,19.6,,-24,
20035.0080,146215,PERRY D4,FORT WORTH,VENTANA RENTALS,2024-04-23,2024-04-23,2024-05-05,12.4,,12,,2024-05-13,2024-04-30,6.7,,-13,,2024-05-31,2024-05-30,17.1,,-1,,2024-06-21,2024-06-13,13.3,,-8,,2024-08-02,2024-07-06,14.8,,-27,,2024-09-10,2024-08-16,14.1,,-25,,2024-10-18,2024-09-27,17.3,,-21,
20035.0081,146216,PERRY D4,FORT WORTH,VENTANA RENTALS,2024-04-23,2024-04-26,2024-05-06,12.5,,10,,2024-05-13,2024-05-03,6.5,,-10,,2024-05-21,2024-05-30,17.1,,9,,2024-07-25,2024-06-03,13.0,,-52,,2024-10-14,2024-08-09,14.8,,-66,,2024-09-17,2024-10-27,13.4,,40,,2024-10-18,2024-10-06,19.0,,-12,
20035.0106,146195,PERRY D4,FORT WORTH,VENTANA RENTALS,2024-03-27,2024-04-10,2024-04-09,13.1,,-1,,2024-04-19,2024-04-18,7.5,,-1,,2024-05-22,2024-05-08,18.8,,-14,,2024-06-06,2024-06-03,11.9,,-3,,2024-06-28,2024-06-21,14.8,,-7,,2024-07-24,2024-07-13,14.8,,-11,,2024-08-09,2024-08-12,18.7,,3,
20035.0107,146198,PERRY D4,FORT WORTH,VENTANA RENTALS,2024-03-27,2024-04-10,2024-04-09,13.1,,-1,,2024-04-19,2024-04-17,7.4,,-2,,2024-05-23,2024-05-08,18.8,,-15,,2024-06-06,2024-06-04,11.9,,-2,,2024-07-09,2024-06-21,14.8,,-18,,2024-07-22,2024-07-21,11.7,,-1,,2024-09-14,2024-08-10,19.3,,-35,
20035.0108,146210,PERRY D4,FORT WORTH,VENTANA RENTALS,2024-06-07,2024-06-24,2024-06-21,13.8,,-3,,2024-07-04,2024-07-01,7.0,,-3,,2024-07-17,2024-07-23,18.8,,6,,2024-09-01,2024-07-31,14.2,,-32,,2024-10-30,2024-09-16,14.8,,-44,,2024-10-30,2024-11-15,16.4,,16,,2024-11-16,2024-11-18,19.5,,2,
20035.0126,146219,PERRY D4,FORT WORTH,VENTANA RENTALS,2024-04-19,2024-05-02,2024-05-03,13.9,,1,,2024-05-13,2024-05-09,6.9,,-4,,2024-05-22,2024-05-31,18.5,,9,,2024-07-25,2024-06-04,13.3,,-51,,2024-08-19,2024-08-09,14.8,,-10,,2024-09-04,2024-09-02,13.7,,-2,,2024-10-18,2024-09-23,19.0,,-25,
20035.0129,146197,PERRY D4,FORT WORTH,VENTANA RENTALS,2024-03-27,2024-04-10,2024-04-09,13.1,,-1,,2024-04-19,2024-04-17,7.4,,-2,,2024-05-22,2024-05-08,18.8,,-14,,2024-06-06,2024-06-03,11.9,,-3,,2024-06-28,2024-06-21,14.8,,-7,,2024-07-25,2024-07-13,15.0,,-12,,2024-08-27,2024-08-12,18.0,,-15,
20035.0130,146199,PERRY D4,FORT WORTH,VENTANA RENTALS,2024-03-27,2024-04-17,2024-04-09,13.1,,-8,,2024-04-23,2024-04-23,6.3,,0,,2024-05-27,2024-05-12,18.8,,-15,,2024-06-06,2024-06-07,11.1,,1,,2024-07-22,2024-06-21,14.8,,-31,,2024-08-22,2024-08-06,14.8,,-16,,2024-09-14,2024-09-09,18.0,,-5,
20035.0131,146206,PERRY D4,FORT WORTH,VENTANA RENTALS,2024-04-10,2024-04-19,2024-04-22,12.0,,3,,2024-05-14,2024-04-26,6.9,,-18,,2024-05-31,2024-06-01,18.5,,1,,2024-06-06,2024-06-13,13.5,,7,,2024-07-22,2024-06-21,14.8,,-31,,2024-08-07,2024-08-03,12.0,,-4,,2024-10-08,2024-08-27,19.6,,-42,
20035.0132,146214,PERRY D4,FORT WORTH,VENTANA RENTALS,2024-04-11,2024-04-22,2024-04-23,12.1,,1,,2024-05-15,2024-04-28,5.9,,-17,,2024-05-24,2024-06-02,18.5,,9,,2024-07-17,2024-06-07,13.6,,-40,,2024-08-03,2024-08-01,14.8,,-2,,2024-09-04,2024-08-20,16.8,,-15,,2024-10-08,2024-09-21,17.3,,-17,
20035.0133,146217,PERRY D4,FORT WORTH,VENTANA RENTALS,2024-04-23,2024-05-02,2024-05-06,12.5,,4,,2024-05-13,2024-05-09,6.6,,-4,,2024-05-22,2024-05-30,17.1,,8,,2024-07-25,2024-06-04,13.1,,-51,,2024-08-23,2024-08-09,14.8,,-14,,2024-09-23,2024-09-07,15.4,,-16,,2024-10-18,2024-10-10,17.3,,-8,
20035.0134,146218,PERRY D4,FORT WORTH,VENTANA RENTALS,2024-04-23,2024-04-26,2024-05-05,12.4,,9,,2024-05-13,2024-05-03,6.9,,-10,,2024-05-22,2024-05-30,17.1,,8,,2024-06-28,2024-06-04,13.0,,-24,,2024-08-02,2024-07-13,14.8,,-20,,2024-09-04,2024-08-16,13.7,,-19,,2024-10-18,2024-09-21,17.3,,-27,
20035.0139,146283,PERRY D4,FORT WORTH,VENTANA RENTALS,2024-05-08,2024-05-22,2024-05-21,12.8,,-1,,2024-05-29,2024-05-29,7.3,,0,,2024-06-19,2024-06-15,17.4,,-4,,2024-06-21,2024-07-02,13.2,,11,,2024-08-02,2024-07-06,14.8,,-27,,2024-09-04,2024-08-17,14.9,,-18,,2024-10-18,2024-09-21,17.5,,-27,
20372.0011,20372.0011,PERRY D4,FORT WORTH,TALON HILLS,2026-02-10,2026-02-16,2026-02-20,9.6,2026-05-09,4,82,2026-02-24,2026-02-19,3.4,2026-05-14,-5,79,2026-03-03,2026-03-11,15.4,2026-05-31,8,89,2026-03-26,2026-03-17,13.6,2026-06-13,-9,79,2026-03-31,2026-04-10,14.8,2026-07-02,10,93,2026-04-14,2026-04-19,19.3,2026-07-17,5,94,2026-05-01,2026-05-04,19.6,2026-08-10,3,101
20407.0005,20407.0005,PERRY D4,DENTON,LANDMARK,2026-03-20,2026-03-31,2026-03-29,8.9,,-2,,2026-03-31,2026-04-06,5.6,,6,,2026-04-08,2026-04-12,12.2,,4,,,2026-04-24,16.5,,,,,2026-05-10,16.2,,,,,2026-05-29,19.1,,,,,2026-06-18,19.9,,,
20132.0910,20132.0910,HOUSTON 1,MANVEL,MERIDIANA,2025-12-12,2025-12-30,2025-12-27,14.9,2025-12-28,-3,-2,2026-01-07,2026-01-08,8.9,2026-01-07,1,0,2026-01-16,2026-01-17,9.7,2026-01-17,1,1,2026-01-16,2026-01-25,9.3,2026-01-23,9,7,2026-02-10,2026-02-06,21.0,2026-04-26,-4,75,2026-02-23,2026-02-25,15.4,2026-05-16,2,82,2026-03-11,2026-03-06,10.9,2026-05-28,-5,78
20132.0833,20132.0833,HOUSTON 1,MANVEL,MERIDIANA,2026-01-15,2026-02-03,2026-02-04,19.7,2026-04-26,1,82,2026-02-12,2026-02-10,7.5,2026-05-03,-2,80,2026-02-20,2026-02-22,10.0,2026-05-12,2,81,2026-03-09,2026-03-06,14.0,2026-05-27,-3,79,2026-03-27,2026-03-26,17.1,2026-06-15,-1,80,2026-04-08,2026-04-17,20.5,2026-07-02,9,85,2026-04-21,2026-04-21,12.5,2026-07-13,0,83
20132.0834,20132.0834,HOUSTON 1,MANVEL,MERIDIANA,2026-01-28,2026-02-13,2026-02-12,15.1,2026-04-26,-1,72,2026-02-19,2026-02-22,9.3,2026-05-03,3,73,2026-03-06,2026-02-28,9.2,2026-05-12,-6,67,2026-03-17,2026-03-18,11.9,2026-05-27,1,71,2026-04-07,2026-04-03,17.0,2026-06-15,-4,69,2026-04-14,2026-04-24,17.4,2026-07-02,10,79,2026-04-24,2026-04-27,12.7,2026-07-13,3,80
20132.0835,20132.0835,HOUSTON 1,MANVEL,MERIDIANA,2026-02-06,2026-02-20,2026-02-19,12.8,,-1,,2026-02-26,2026-02-27,7.5,,1,,2026-03-09,2026-03-06,8.2,,-3,,2026-03-19,2026-03-17,7.8,,-2,,2026-04-07,2026-04-02,13.9,,-5,,2026-04-14,2026-04-23,16.1,,9,,2026-04-21,2026-04-25,11.4,,4,
20132.0836,20132.0836,HOUSTON 1,MANVEL,MERIDIANA,2026-03-26,2026-04-08,2026-04-14,19.4,,6,,2026-04-21,2026-04-16,8.0,,-5,,,2026-04-30,8.5,,,,,2026-05-13,12.8,,,,,2026-06-01,19.1,,,,,2026-06-21,19.8,,,,,2026-07-05,14.0,,,
20165.0289,20165.0289,HOUSTON 1,MANVEL,VALENCIA,2026-02-05,2026-02-19,2026-02-18,12.6,2026-05-15,-1,85,2026-02-26,2026-02-26,7.0,2026-05-26,0,89,2026-03-09,2026-03-07,9.0,2026-06-06,-2,89,2026-03-10,2026-03-16,7.3,2026-06-18,6,100,2026-04-07,2026-03-27,17.3,2026-07-13,-11,97,2026-04-15,2026-04-18,11.4,2026-07-29,3,105,2026-04-22,2026-04-26,10.6,2026-08-08,4,108
20165.0290,20165.0290,HOUSTON 1,MANVEL,VALENCIA,2026-02-26,2026-03-10,2026-03-10,11.6,,0,,2026-03-16,2026-03-17,7.0,,1,,2026-03-25,2026-03-24,8.3,,-1,,2026-03-30,2026-04-02,7.7,,3,,2026-04-20,2026-04-18,19.3,,-2,,2026-04-28,2026-05-01,10.7,,3,,,2026-05-09,10.7,,,
20165.0291,20165.0291,HOUSTON 1,MANVEL,VALENCIA,2026-04-06,2026-04-22,2026-04-18,12.0,,-4,,2026-04-30,2026-04-28,5.9,,-2,,,2026-05-09,8.8,,,,,2026-05-17,8.3,,,,,2026-06-03,17.1,,,,,2026-06-15,12.4,,,,,2026-06-26,10.6,,,
20165.0292,20165.0292,HOUSTON 1,MANVEL,VALENCIA,2026-02-26,2026-03-06,2026-03-09,11.1,,3,,2026-03-12,2026-03-15,8.8,,3,,2026-03-23,2026-03-21,8.7,,-2,,2026-03-30,2026-03-30,7.4,,0,,2026-04-13,2026-04-15,15.6,,2,,2026-04-22,2026-04-27,13.6,,5,,2026-04-28,2026-05-03,11.0,,5,
20165.0296,20165.0296,HOUSTON 1,MANVEL,VALENCIA,2026-04-06,2026-04-16,2026-04-18,12.0,,2,,2026-04-24,2026-04-23,6.8,,-1,,,2026-05-03,8.7,,,,,2026-05-11,7.8,,,,,2026-05-26,14.7,,,,,2026-06-07,12.4,,,,,2026-06-18,11.0,,,
20165.0332,20165.0332,HOUSTON 1,MANVEL,VALENCIA,2026-04-10,2026-04-27,2026-04-23,13.3,,-4,,,2026-05-03,5.9,,,,,2026-05-12,8.8,,,,,2026-05-20,8.0,,,,,2026-06-05,16.0,,,,,2026-06-17,12.3,,,,,2026-06-28,10.9,,,
20391.0018,20391.0018,HOUSTON 1,LEAGUE CITY,LEGACY,2026-02-10,2026-02-23,2026-02-22,12.2,2026-05-15,-1,81,2026-03-02,2026-02-27,3.7,2026-05-23,-3,82,2026-03-06,2026-03-24,22.5,2026-06-02,18,88,2026-03-19,2026-03-15,9.5,2026-06-11,-4,84,2026-04-06,2026-04-07,18.9,2026-07-03,1,88,2026-04-22,2026-05-06,30.1,2026-10-07,14,168,,2026-05-11,19.2,2026-10-17,,
20410.0003,20410.0003,HOUSTON 1,HOUSTON,MIDLINE,2025-12-05,2025-12-17,2025-12-19,13.9,2025-12-24,2,7,2025-12-29,2025-12-25,8.4,2025-12-25,-4,-4,2026-01-07,2026-01-08,9.7,2026-01-09,1,2,2026-01-15,2026-01-19,12.3,2026-01-19,4,4,2026-01-30,2026-02-05,21.3,2026-04-26,6,86,2026-02-24,2026-02-25,26.0,2026-06-06,1,102,2026-02-28,2026-03-05,8.9,2026-06-16,5,108
20410.0022,20410.0022,HOUSTON 1,HOUSTON,MIDLINE,2026-04-29,,2026-05-10,11.3,,,,,2026-05-17,6.7,,,,,2026-05-28,11.1,,,,,2026-06-08,11.3,,,,,2026-06-25,16.8,,,,,2026-07-23,28.2,,,,,2026-07-31,8.5,,,
20410.0023,20410.0023,HOUSTON 1,HOUSTON,MIDLINE,2026-04-22,,2026-05-06,13.8,,,,,2026-05-14,7.5,,,,,2026-05-26,11.7,,,,,2026-06-06,11.3,,,,,2026-06-25,19.5,,,,,2026-07-22,27.3,,,,,2026-07-31,8.6,,,
20410.0040,20410.0040,HOUSTON 1,HOUSTON,MIDLINE,2026-04-28,,2026-05-11,13.5,,,,,2026-05-19,7.6,,,,,2026-05-31,11.8,,,,,2026-06-12,11.8,,,,,2026-07-02,19.9,,,,,2026-07-31,28.7,,,,,2026-08-09,9.0,,,
20178.0135,20178.0135,HOUSTON 2,MAGNOLIA,ESCONDIDO,2025-12-26,2026-01-09,2026-01-09,13.8,2026-01-13,0,4,2026-01-12,2026-01-15,5.6,2026-01-11,3,-1,2026-01-22,2026-01-24,12.1,2026-01-22,2,0,2026-02-02,2026-02-01,10.3,2026-04-26,-1,83,2026-02-18,2026-02-12,9.9,2026-05-13,-6,84,2026-03-05,2026-03-14,23.8,2026-05-29,9,85,2026-03-13,2026-03-20,15.4,2026-06-18,7,97
20182.0164,715075,HOUSTON 2,TOMBALL,AMIRA,2019-08-28,2019-09-06,2019-09-06,8.9,,0,,2019-09-09,2019-09-10,3.9,,1,,2019-09-19,2019-09-21,11.5,,2,,2019-09-28,2019-09-27,7.8,,-1,,2026-04-15,2019-10-12,14.0,,-2377,,,2026-04-29,13.8,,,,,2026-05-17,18.2,,,
20183.0060,220133,HOUSTON 2,MAGNOLIA,AUDUBON,2024-04-30,2024-05-10,2024-05-10,9.5,,0,,2024-05-16,2024-05-15,5.3,,-1,,2024-05-22,2024-05-28,12.0,,6,,2024-05-29,2024-06-01,10.2,,3,,2024-06-03,2024-06-12,13.5,,9,,2024-06-20,2024-07-03,29.5,,13,,2024-07-02,2024-07-05,14.9,,3,
20183.0236,20183.0236,HOUSTON 2,MAGNOLIA,AUDUBON,2026-01-02,2026-01-14,2026-01-16,13.7,2026-01-14,2,0,2026-01-16,2026-01-19,5.5,2026-01-16,3,0,2026-01-30,2026-01-28,12.1,2026-04-26,-2,86,2026-02-06,2026-02-09,10.3,2026-05-15,3,98,2026-02-19,2026-02-20,14.3,2026-05-28,1,98,2026-03-12,2026-03-20,28.6,2026-06-13,8,93,2026-03-13,2026-03-27,15.4,2026-06-28,14,107
20183.0265,20183.0265,HOUSTON 2,MAGNOLIA,AUDUBON,2026-01-08,2026-01-28,2026-01-22,14.2,2026-01-23,-6,-5,2026-01-30,2026-02-01,4.4,2026-04-26,2,86,2026-02-07,2026-02-11,12.1,2026-05-07,4,89,2026-02-23,2026-02-17,10.3,2026-05-18,-6,84,2026-03-04,2026-03-12,16.9,2026-06-04,8,92,2026-03-25,2026-04-28,55.1,2026-06-20,34,87,2026-04-15,2026-04-09,15.1,2026-07-15,-6,91
20183.0301,20183.0301,HOUSTON 2,MAGNOLIA,AUDUBON,2025-12-10,2026-01-07,2025-12-27,17.0,2026-01-01,-11,-6,2026-01-13,2026-01-12,5.4,2026-01-12,-1,-1,2026-01-29,2026-01-25,12.1,2026-01-29,-4,0,2026-02-23,2026-02-08,10.3,2026-04-26,-15,62,2026-03-06,2026-03-11,15.8,2026-05-13,5,68,,2026-04-06,30.7,2026-05-29,,,,2026-04-21,14.9,2026-06-23,,
20183.0302,20183.0302,HOUSTON 2,MAGNOLIA,AUDUBON,2026-02-12,2026-03-02,2026-03-01,16.7,,-1,,2026-03-06,2026-03-06,3.6,,0,,2026-03-14,2026-03-18,12.1,,4,,2026-03-30,2026-03-24,10.3,,-6,,,2026-04-19,20.2,,,,,2026-05-15,25.6,,,,,2026-05-30,15.1,,,
20358.0054,20358.0054,HOUSTON 2,MONTGOMERY,TWO STEP FARM,2026-01-05,2026-01-29,2026-01-19,14.2,2026-04-26,-10,87,2026-02-02,2026-02-03,5.2,2026-05-04,1,91,2026-02-17,2026-02-15,12.9,2026-05-13,-2,85,2026-02-25,2026-03-02,12.7,2026-05-23,5,87,2026-03-12,2026-03-14,16.6,2026-06-07,2,87,,2026-05-09,58.4,2026-06-23,,,2026-04-17,2026-05-28,18.5,2026-07-18,41,92
20364.0063,20364.0063,HOUSTON 2,MONTGOMERY,KRESSTON,2025-11-20,2025-12-05,2025-12-08,18.2,2025-12-20,3,15,2025-12-10,2025-12-10,5.3,2025-12-10,0,0,2025-12-30,2025-12-26,15.5,2025-12-30,-4,0,2026-01-10,2026-01-12,12.7,2026-01-12,2,2,2026-01-22,2026-01-27,16.6,2026-01-22,5,0,2026-02-20,2026-02-19,28.1,2026-04-26,-1,65,2026-02-24,2026-03-11,18.5,2026-05-21,15,86
20398.0012,20398.0012,HOUSTON 2,HOCKLEY,EVERLY,2026-04-23,,2026-05-01,8.1,,,,,2026-05-07,6.2,,,,,2026-05-18,11.0,,,,,2026-05-30,11.5,,,,,2026-06-13,14.3,,,,,2026-07-05,21.8,,,,,2026-07-20,15.0,,,
20427.0087,20427.0087,HOUSTON 2,MAGNOLIA,ADERRA AT AUDUBON RENTALS,2026-04-28,,2026-05-07,9.4,,,,,2026-05-12,5.3,,,,,2026-05-24,12.0,,,,,2026-06-03,10.2,,,,,2026-06-19,16.4,,,,,2026-07-17,28.2,,,,,2026-08-01,14.7,,,
20267.0551,20267.0551,HOUSTON 3,RICHMOND,CANDELA,2025-12-22,2026-01-09,2026-01-01,10.1,2026-01-05,-8,-4,2026-01-14,2026-01-15,6.1,2026-01-14,1,0,2026-01-28,2026-01-25,10.7,2026-01-27,-3,-1,2026-02-09,2026-02-05,7.6,2026-04-26,-4,76,2026-02-17,2026-02-21,12.0,2026-05-12,4,84,2026-03-02,2026-03-05,16.0,2026-06-04,3,94,2026-03-13,2026-03-14,12.3,2026-06-16,1,95
20371.0034,20371.0034,HOUSTON 3,RICHMOND,CANDELA SOUTH,2024-11-12,2024-11-18,2024-11-20,8.3,2024-11-23,2,5,2024-11-21,2024-11-23,4.9,2024-11-24,2,3,2024-12-05,2024-12-02,10.7,2024-11-26,-3,-9,2024-12-09,2024-12-11,6.3,2024-12-12,2,3,2024-12-30,2024-12-23,14.4,2024-12-22,-7,-8,2025-01-17,2025-01-12,13.4,2025-01-13,-5,-4,2025-01-28,2025-01-29,12.2,2025-01-28,1,0
20205.0073,791044,HOUSTON 4,PORTER,THE HIGHLANDS,2022-10-05,2022-10-12,2022-10-15,10.4,,3,,2022-10-19,2022-10-16,4.2,,-3,,2022-11-03,2022-10-29,9.7,,-5,,2022-11-03,2022-11-11,7.7,,8,,,2022-11-21,18.0,,,,,2022-12-19,27.6,,,,,2023-01-02,13.6,,,
20205.0172,20205.0172,HOUSTON 4,PORTER,THE HIGHLANDS,2026-02-07,2026-02-16,2026-02-17,10.4,,1,,2026-02-16,2026-02-20,3.8,,4,,2026-02-24,2026-02-26,9.7,,2,,2026-03-05,2026-03-04,8.3,,-1,,2026-03-15,2026-03-23,18.0,,8,,2026-03-25,2026-04-12,27.6,,18,,2026-04-14,2026-04-08,13.6,,-6,
20205.0184,20205.0184,HOUSTON 4,PORTER,THE HIGHLANDS,2026-02-07,2026-02-16,2026-02-17,10.4,,1,,2026-02-20,2026-02-20,3.8,,0,,2026-02-24,2026-03-02,9.7,,6,,2026-03-09,2026-03-04,8.3,,-5,,2026-03-19,2026-03-27,18.0,,8,,2026-03-26,2026-04-16,27.6,,21,,2026-04-22,2026-04-09,13.6,,-13,
20205.0187,20205.0187,HOUSTON 4,PORTER,THE HIGHLANDS,2025-11-25,2025-12-05,2025-12-05,10.0,2025-12-07,0,2,2025-12-10,2025-12-09,3.9,2025-12-08,-1,-2,2025-12-18,2025-12-20,9.7,2025-12-19,2,1,2026-01-08,2025-12-26,8.1,2025-12-29,-13,-10,,2026-01-26,18.0,2026-04-26,,,,2026-02-23,27.6,2026-05-11,,,,2026-03-09,13.6,2026-05-19,,
20205.0200,20205.0200,HOUSTON 4,PORTER,THE HIGHLANDS,2026-02-04,2026-02-17,2026-02-17,12.6,2026-05-10,0,82,2026-02-19,2026-02-21,3.7,2026-05-13,2,83,2026-02-26,2026-03-01,9.7,2026-05-23,3,86,2026-03-10,2026-03-06,8.4,2026-06-03,-4,85,2026-03-25,2026-03-28,18.0,2026-06-28,3,95,2026-04-12,2026-04-22,27.6,2026-07-27,10,106,2026-04-23,2026-04-26,13.6,2026-08-11,3,110
20205.0203,20205.0203,HOUSTON 4,PORTER,THE HIGHLANDS,2026-03-15,2026-03-24,2026-03-27,11.6,,3,,2026-03-26,2026-03-28,3.7,,2,,2026-04-08,2026-04-05,9.7,,-3,,2026-04-13,2026-04-16,7.8,,3,,2026-04-29,2026-05-01,18.0,,2,,,2026-05-27,27.6,,,,,2026-06-10,13.6,,,
20209.0176,20209.0176,HOUSTON 4,WILLIS,THE WOODLANDS HILLS,2026-03-12,2026-04-02,2026-03-27,15.2,,-6,,2026-04-06,2026-04-07,5.4,,1,,2026-04-17,2026-04-26,20.0,,9,,2026-04-29,2026-04-28,11.1,,-1,,,2026-05-15,15.9,,,,,2026-06-15,31.0,,,,,2026-07-03,17.7,,,
20209.0177,20209.0177,HOUSTON 4,WILLIS,THE WOODLANDS HILLS,2026-04-09,2026-04-21,2026-04-25,15.6,,4,,2026-04-27,2026-04-26,5.4,,-1,,,2026-05-17,20.0,,,,,2026-05-28,11.1,,,,,2026-06-13,15.9,,,,,2026-07-14,31.0,,,,,2026-08-01,17.7,,,
20209.0178,20209.0178,HOUSTON 4,WILLIS,THE WOODLANDS HILLS,2026-04-14,,2026-04-29,14.8,,,,,2026-05-04,5.4,,,,,2026-05-24,20.0,,,,,2026-06-04,11.1,,,,,2026-06-20,15.9,,,,,2026-07-21,31.0,,,,,2026-08-08,17.7,,,
20209.0179,20209.0179,HOUSTON 4,WILLIS,THE WOODLANDS HILLS,2026-03-13,2026-03-25,2026-03-29,15.6,,4,,2026-03-31,2026-03-30,5.4,,-1,,2026-04-14,2026-04-20,20.0,,6,,2026-04-28,2026-04-25,11.1,,-3,,,2026-05-14,15.9,,,,,2026-06-14,31.0,,,,,2026-07-02,17.7,,,
20209.0180,20209.0180,HOUSTON 4,WILLIS,THE WOODLANDS HILLS,2026-03-05,2026-03-16,2026-03-20,15.4,,4,,2026-03-23,2026-03-21,5.4,,-2,,2026-04-07,2026-04-12,20.0,,5,,2026-04-16,2026-04-18,11.1,,2,,2026-04-29,2026-05-02,15.9,,3,,,2026-05-30,31.0,,,,,2026-06-17,17.7,,,
20215.0306,20215.0306,HOUSTON 4,CONROE,ARTAVIA,2026-04-16,2026-04-24,2026-04-26,10.2,,2,,2026-04-28,2026-04-28,3.7,,0,,,2026-05-08,10.5,,,,,2026-05-17,8.9,,,,,2026-06-02,15.5,,,,,2026-06-16,14.2,,,,,2026-06-30,13.6,,,
20215.0311,20215.0311,HOUSTON 4,CONROE,ARTAVIA,2026-01-23,2026-02-03,2026-02-01,9.2,2026-04-26,-2,82,2026-02-04,2026-02-07,3.6,2026-05-01,3,86,2026-02-13,2026-02-14,10.5,2026-05-10,1,86,2026-02-25,2026-02-22,9.2,2026-05-20,-3,84,2026-03-10,2026-03-13,15.6,2026-06-04,3,86,2026-03-19,2026-03-26,15.8,2026-06-21,7,94,2026-03-31,2026-04-02,14.1,2026-07-04,2,95
20215.0313,20215.0313,HOUSTON 4,CONROE,ARTAVIA,2026-02-03,2026-02-13,2026-02-12,9.2,,-1,,2026-02-17,2026-02-17,3.6,,0,,2026-02-23,2026-02-27,10.5,,4,,2026-03-02,2026-03-04,8.8,,2,,2026-03-18,2026-03-17,15.3,,-1,,2026-03-30,2026-04-02,14.9,,3,,2026-04-14,2026-04-13,14.1,,-1,
20215.0325,20215.0325,HOUSTON 4,CONROE,ARTAVIA,2026-01-19,2026-01-23,2026-01-28,8.8,2026-01-23,5,0,2026-01-28,2026-01-27,3.6,2026-01-28,-1,0,2026-02-05,2026-02-07,10.5,2026-04-26,2,80,2026-02-18,2026-02-14,8.8,2026-05-06,-4,77,2026-03-03,2026-03-05,15.3,2026-05-21,2,79,2026-03-16,2026-03-16,12.5,2026-06-07,0,83,2026-03-24,2026-03-30,13.7,2026-06-20,6,88
20215.0326,20215.0326,HOUSTON 4,CONROE,ARTAVIA,2026-01-27,2026-02-05,2026-02-06,10.2,2026-04-26,1,80,2026-02-09,2026-02-09,3.8,2026-05-01,0,81,2026-02-17,2026-02-19,10.5,2026-05-10,2,82,2026-03-02,2026-02-26,8.9,2026-05-20,-4,79,2026-03-24,2026-03-17,15.3,2026-06-04,-7,72,2026-03-31,2026-04-13,19.9,2026-06-21,13,82,2026-04-13,2026-04-14,14.4,2026-07-04,1,82
20175.0057,20175.0057,HOUSTON 5,HOCKLEY,JUBILEE,2025-12-09,2025-12-26,2025-12-25,16.0,2025-12-26,-1,0,2025-12-30,2026-01-02,7.4,2026-01-02,3,3,2026-01-16,2026-01-11,12.4,2026-01-13,-5,-3,2026-01-27,2026-01-28,12.0,2026-01-27,1,0,2026-02-12,2026-02-13,16.8,2026-04-26,1,73,2026-02-25,2026-03-05,21.3,2026-05-14,8,78,2026-03-06,2026-03-10,13.2,2026-05-24,4,79
20175.0058,20175.0058,HOUSTON 5,HOCKLEY,JUBILEE,2026-02-02,2026-02-13,2026-02-14,11.9,2026-05-13,1,89,2026-02-18,2026-02-18,5.2,2026-05-20,0,91,2026-03-02,2026-03-02,12.3,2026-06-03,0,93,2026-03-12,2026-03-13,10.9,2026-06-14,1,94,2026-04-06,2026-03-29,16.9,2026-07-01,-8,86,2026-04-28,2026-04-27,21.3,2026-07-19,-1,82,,2026-05-11,13.2,2026-07-29,,
20175.0069,20175.0069,HOUSTON 5,HOCKLEY,JUBILEE,2026-01-13,2026-02-05,2026-01-26,12.8,2026-04-26,-10,80,2026-02-10,2026-02-11,5.6,2026-05-03,1,82,2026-02-23,2026-02-22,12.3,2026-05-17,-1,83,2026-03-05,2026-03-07,11.5,2026-05-28,2,84,2026-03-19,2026-03-22,17.1,2026-06-14,3,87,2026-04-01,2026-04-09,21.3,2026-07-02,8,92,2026-04-15,2026-04-15,14.3,2026-07-12,0,88
20181.1116,20181.1116,HOUSTON 5,CYPRESS,BRIDGELAND,2026-03-10,2026-03-26,2026-03-21,10.6,,-5,,2026-04-01,2026-03-31,5.3,,-1,,2026-04-16,2026-04-13,12.1,,-3,,2026-04-27,2026-04-25,8.6,,-2,,,2026-05-14,16.5,,,,,2026-05-31,16.8,,,,,2026-06-12,12.0,,,
20181.1189,20181.1189,HOUSTON 5,CYPRESS,BRIDGELAND,2026-04-06,2026-04-17,2026-04-16,9.8,,-1,,2026-04-24,2026-04-22,5.4,,-2,,,2026-05-06,11.8,,,,,2026-05-15,8.9,,,,,2026-05-31,15.7,,,,,2026-06-14,14.4,,,,,2026-06-26,12.1,,,
20181.1190,20181.1190,HOUSTON 5,CYPRESS,BRIDGELAND,2026-02-24,2026-03-11,2026-03-06,10.5,,-5,,2026-03-13,2026-03-16,5.5,,3,,2026-03-25,2026-03-25,12.0,,0,,2026-04-06,2026-04-05,10.8,,-1,,2026-04-14,2026-04-20,14.4,,6,,2026-04-29,2026-05-02,17.9,,3,,,2026-05-10,11.0,,,
20181.0974,20181.0974,HOUSTON 5,CYPRESS,BRIDGELAND,2026-01-06,2026-01-22,2026-01-19,13.2,2026-01-20,-3,-2,2026-01-23,2026-01-28,5.7,2026-01-24,5,1,2026-02-06,2026-02-04,12.0,2026-04-26,-2,79,2026-02-24,2026-02-16,10.2,2026-05-09,-8,74,2026-03-09,2026-03-12,15.6,2026-05-26,3,78,2026-03-25,2026-04-05,27.2,2026-06-13,11,80,2026-04-02,2026-04-11,17.3,2026-06-26,9,85
20181.1069,20181.1069,HOUSTON 5,CYPRESS,BRIDGELAND,2026-02-12,2026-02-23,2026-02-22,10.3,,-1,,2026-03-02,2026-02-28,4.6,,-2,,2026-03-11,2026-03-14,11.8,,3,,2026-03-18,2026-03-20,9.4,,2,,2026-03-30,2026-04-01,14.2,,2,,2026-04-23,2026-04-19,19.7,,-4,,2026-05-01,2026-05-03,9.7,,2,
20181.1071,20181.1071,HOUSTON 5,CYPRESS,BRIDGELAND,2026-03-27,2026-04-30,2026-04-08,12.5,,-22,,,2026-05-05,4.7,,,,,2026-05-17,12.0,,,,,2026-05-28,10.7,,,,,2026-06-14,16.8,,,,,2026-07-01,17.4,,,,,2026-07-13,11.9,,,
20181.1083,20181.1083,HOUSTON 5,CYPRESS,BRIDGELAND,2026-01-08,2026-01-21,2026-01-20,11.8,2026-01-22,-1,1,2026-01-23,2026-01-27,5.9,2026-01-23,4,0,2026-02-05,2026-02-04,12.0,2026-04-26,-1,80,2026-02-17,2026-02-14,9.4,2026-05-09,-3,81,2026-03-02,2026-03-05,15.6,2026-05-26,3,85,2026-03-12,2026-03-21,19.2,2026-06-13,9,93,,2026-03-25,13.5,2026-06-26,,
20181.1144,20181.1144,HOUSTON 5,CYPRESS,BRIDGELAND,2026-04-23,,2026-05-03,10.4,,,,,2026-05-09,5.8,,,,,2026-05-21,12.1,,,,,2026-05-31,10.4,,,,,2026-06-16,16.2,,,,,2026-07-02,15.7,,,,,2026-07-13,11.4,,,
20181.1019,20181.1019,HOUSTON 5,CYPRESS,BRIDGELAND,2026-01-07,2026-01-26,2026-01-23,16.4,2026-01-26,-3,0,2026-02-02,2026-02-01,5.7,2026-04-26,-1,83,2026-02-13,2026-02-16,13.9,2026-05-05,3,81,2026-02-27,2026-02-23,10.4,2026-05-17,-4,79,,2026-03-19,20.2,2026-05-31,,,2026-04-08,2026-04-22,33.9,2026-06-26,14,79,2026-04-10,2026-04-25,16.6,2026-07-09,15,90
20181.1222,20181.1222,HOUSTON 5,CYPRESS,BRIDGELAND,2026-03-11,2026-03-25,2026-03-23,11.8,,-2,,2026-03-27,2026-03-30,5.4,,3,,2026-04-09,2026-04-08,12.1,,-1,,2026-04-20,2026-04-19,10.5,,-1,,,2026-05-06,15.6,,,,,2026-05-29,22.7,,,,,2026-06-15,16.8,,,
20181.1032,20181.1032,HOUSTON 5,CYPRESS,BRIDGELAND,2025-11-19,2025-12-11,2025-12-09,20.2,2025-12-29,-2,18,2025-12-18,2025-12-17,6.0,2025-12-18,-1,0,2026-01-08,2026-01-01,13.9,2026-01-05,-7,-3,2026-01-20,2026-01-19,11.3,2026-01-21,-1,1,2026-02-10,2026-02-11,22.3,2026-04-26,1,75,2026-04-14,2026-04-07,56.4,2026-05-14,-7,30,2026-04-24,2026-05-04,19.7,2026-05-24,10,30
20237.0080,20237.0080,HOUSTON 5,KATY,KATY COURT,2026-03-23,2026-04-06,2026-04-09,17.3,,3,,2026-04-08,2026-04-11,4.8,,3,,2026-04-15,2026-04-20,12.2,,5,,2026-04-28,2026-04-27,11.7,,-1,,,2026-05-20,22.0,,,,,2026-06-21,32.3,,,,,2026-07-06,14.9,,,
20237.0089,20237.0089,HOUSTON 5,KATY,KATY COURT,2026-04-06,2026-04-21,2026-04-23,17.1,,2,,2026-04-21,2026-04-26,4.6,,5,,2026-04-29,2026-05-05,13.6,,6,,,2026-05-11,11.8,,,,,2026-06-03,23.1,,,,,2026-06-29,26.0,,,,,2026-07-13,13.7,,,
20237.0090,20237.0090,HOUSTON 5,KATY,KATY COURT,2026-04-15,2026-04-29,2026-05-03,18.4,,4,,,2026-05-04,4.8,,,,,2026-05-14,10.4,,,,,2026-05-26,12.1,,,,,2026-06-19,24.2,,,,,2026-07-15,26.1,,,,,2026-07-29,13.8,,,
20238.0784,20238.0784,HOUSTON 5,KATY,ELYSON,2026-02-10,2026-02-20,2026-02-27,16.7,2026-05-09,7,78,2026-02-25,2026-02-25,4.6,2026-05-16,0,80,2026-03-10,2026-03-09,11.7,2026-05-25,-1,76,2026-03-18,2026-03-22,11.7,2026-06-03,4,77,2026-04-07,2026-04-08,21.0,2026-06-20,1,74,2026-04-15,2026-04-23,16.0,2026-07-08,8,84,2026-04-23,2026-04-25,10.3,2026-07-13,2,81
20238.0804,20238.0804,HOUSTON 5,KATY,ELYSON,2026-03-04,2026-03-18,2026-03-21,16.9,,3,,2026-03-20,2026-03-23,4.9,,3,,2026-04-02,2026-04-02,13.1,,0,,2026-04-02,2026-04-14,12.0,,12,,,2026-04-23,20.5,,,,,2026-05-10,16.9,,,,,2026-05-20,10.4,,,
20243.0274,20243.0274,HOUSTON 5,CYPRESS,MARVIDA,2025-11-26,2025-12-11,2025-12-08,11.6,2025-12-10,-3,-1,2025-12-16,2025-12-17,5.7,2025-12-16,1,0,2025-12-30,2025-12-28,12.1,2025-12-30,-2,0,2026-01-06,2026-01-09,9.7,2026-01-08,3,2,2026-01-23,2026-01-21,15.2,2026-01-22,-2,-1,2026-02-05,2026-02-07,14.6,2026-04-26,2,80,2026-02-12,2026-02-17,12.0,2026-05-04,5,81
20108.1121,20108.1121,HOUSTON 6,MISSOURI CITY,SIENNA,2025-10-03,2025-10-16,2025-10-19,16.1,2025-10-14,3,-2,2025-10-22,2025-10-22,6.0,2025-10-20,0,-2,2025-11-04,2025-11-02,10.7,2025-11-01,-2,-3,2025-11-14,2025-11-11,7.5,2025-11-13,-3,-1,2025-11-25,2025-12-04,19.9,2025-11-30,9,5,2026-03-09,2025-12-20,24.9,2026-04-26,-79,48,2026-03-20,2026-03-24,14.7,2026-05-11,4,52
20252.0030,290097,HOUSTON 6,RICHMOND,STONECREEK ESTATES,2023-07-26,2023-08-02,2023-08-04,9.1,,2,,2023-08-08,2023-08-08,6.4,,0,,2023-08-18,2023-08-19,11.2,,1,,2023-08-25,2023-08-26,7.6,,1,,2023-09-07,2023-09-08,13.5,,1,,2023-09-21,2023-09-25,18.0,,4,,2023-10-03,2023-10-03,12.4,,0,
20252.0333,20252.0333,HOUSTON 6,RICHMOND,STONECREEK ESTATES,2025-12-08,2026-01-02,2025-12-24,16.1,2025-12-23,-9,-10,2026-01-06,2026-01-08,6.2,2026-01-07,2,1,2026-01-15,2026-01-18,12.5,2026-01-19,3,4,2026-01-23,2026-01-26,11.4,2026-01-25,3,2,2026-02-20,2026-02-09,17.4,2026-04-26,-11,65,2026-02-27,2026-03-08,16.2,2026-05-18,9,80,2026-03-06,2026-03-11,12.5,2026-05-31,5,86
20252.0342,20252.0342,HOUSTON 6,RICHMOND,STONECREEK ESTATES,2025-11-26,2025-12-19,2025-12-13,16.6,2025-12-11,-6,-8,2025-12-22,2025-12-25,6.3,2025-12-24,3,2,2026-01-07,2026-01-03,11.7,2026-01-04,-4,-3,2026-01-14,2026-01-17,9.5,2026-01-17,3,3,2026-01-23,2026-02-02,18.5,2026-04-26,10,93,2026-02-17,2026-02-12,19.8,2026-05-18,-5,90,2026-02-27,2026-02-28,10.9,2026-05-31,1,93
20252.0385,20252.0385,HOUSTON 6,RICHMOND,STONECREEK ESTATES,2025-11-19,2025-12-03,2025-11-30,11.3,2025-12-04,-3,1,2025-12-09,2025-12-09,5.5,2025-12-08,0,-1,2025-12-18,2025-12-20,11.4,2025-12-22,2,4,2025-12-30,2025-12-28,10.1,2025-12-28,-2,-2,2026-01-14,2026-01-12,13.0,2026-04-26,-2,102,2026-02-01,2026-01-31,17.0,2026-05-18,-1,106,2026-02-20,2026-02-13,12.0,2026-05-31,-7,100
20252.0416,20252.0416,HOUSTON 6,RICHMOND,STONECREEK ESTATES,2025-12-30,2026-01-13,2026-01-09,10.5,2026-01-14,-4,1,2026-01-20,2026-01-18,4.7,2026-01-18,-2,-2,2026-01-29,2026-01-31,11.4,2026-02-02,2,4,2026-02-11,2026-02-07,9.2,2026-04-26,-4,74,2026-02-25,2026-02-25,14.1,2026-05-12,0,76,2026-03-16,2026-03-11,14.2,2026-06-03,-5,79,2026-03-28,2026-03-28,11.9,2026-06-16,0,80
20252.0452,20252.0452,HOUSTON 6,RICHMOND,STONECREEK ESTATES,2026-04-28,,2026-05-07,9.2,,,,,2026-05-14,6.7,,,,,2026-05-26,11.5,,,,,2026-06-04,9.0,,,,,2026-06-17,13.2,,,,,2026-07-05,18.1,,,,,2026-07-17,12.1,,,
20252.0474,20252.0474,HOUSTON 6,RICHMOND,STONECREEK ESTATES,2025-12-02,2025-12-15,2025-12-12,9.6,2025-12-17,-3,2,2025-12-17,2025-12-18,3.4,2025-12-20,1,3,2026-01-05,2025-12-29,11.7,2025-12-30,-7,-6,2026-01-14,2026-01-13,7.9,2026-01-15,-1,1,2026-01-28,2026-01-30,16.1,2026-01-30,2,2,2026-03-24,2026-03-23,53.7,2026-04-26,-1,33,2026-03-31,2026-04-07,14.0,2026-05-09,7,39
20252.0515,20252.0515,HOUSTON 6,RICHMOND,STONECREEK ESTATES,2025-12-12,2026-01-05,2025-12-29,17.2,2026-01-02,-7,-3,2026-01-09,2026-01-10,4.8,2026-01-09,1,0,2026-01-24,2026-01-22,12.8,2026-01-25,-2,1,2026-02-02,2026-02-04,10.5,2026-04-26,2,83,2026-02-23,2026-02-18,16.3,2026-05-13,-5,79,2026-03-10,2026-03-13,17.5,2026-05-26,3,77,2026-03-30,2026-03-22,12.4,2026-06-09,-8,71
20252.0516,20252.0516,HOUSTON 6,RICHMOND,STONECREEK ESTATES,2025-12-19,2026-01-13,2026-01-06,18.0,2026-01-09,-7,-4,2026-01-20,2026-01-19,6.3,2026-01-17,-1,-3,2026-01-29,2026-02-01,12.3,2026-02-05,3,7,2026-02-10,2026-02-09,10.8,2026-04-26,-1,75,2026-02-23,2026-02-27,17.2,2026-05-13,4,79,2026-03-16,2026-03-12,17.2,2026-05-26,-4,71,2026-04-08,2026-03-28,12.2,2026-06-09,-11,62
20272.0532,20272.0532,HOUSTON 6,RICHMOND,HARVEST GREEN,2026-01-14,2026-01-30,2026-02-01,18.5,2026-04-26,2,86,2026-02-03,2026-02-05,6.0,2026-05-01,2,87,2026-02-16,2026-02-13,10.5,2026-05-12,-3,85,2026-02-25,2026-02-26,10.3,2026-05-23,1,87,2026-03-11,2026-03-12,14.8,2026-06-11,1,92,2026-04-20,2026-03-26,14.9,2026-07-02,-25,73,,2026-05-02,12.0,2026-07-14,,
20387.0058,20387.0058,HOUSTON 6,RICHMOND,AUSTIN POINT,2025-12-29,2026-01-08,2026-01-06,8.2,2026-01-10,-2,2,2026-01-12,2026-01-12,4.4,2026-01-11,0,-1,2026-01-22,2026-01-22,10.4,2026-01-22,0,0,2026-02-04,2026-01-30,7.7,2026-04-26,-5,81,2026-02-16,2026-02-15,11.4,2026-05-12,-1,85,2026-03-03,2026-03-04,15.6,2026-06-01,1,90,2026-03-23,2026-03-22,18.8,2026-06-13,-1,82
20387.0066,20387.0066,HOUSTON 6,RICHMOND,AUSTIN POINT,2026-04-02,2026-04-23,2026-04-11,9.4,,-12,,2026-04-28,2026-04-28,5.0,,0,,,2026-05-08,10.4,,,,,2026-05-15,7.2,,,,,2026-05-30,15.4,,,,,2026-06-18,18.8,,,,,2026-07-06,18.3,,,
20401.0090,20401.0090,HOUSTON 6,RICHMOND,REVERA,2026-03-23,2026-03-26,2026-04-02,9.7,,7,,2026-03-31,2026-04-02,7.5,,2,,2026-04-02,2026-04-10,10.4,,8,,2026-04-20,2026-04-12,9.8,,-8,,,2026-05-01,11.4,,,,,2026-05-26,25.1,,,,,2026-06-11,15.8,,,
20401.0091,20401.0091,HOUSTON 6,RICHMOND,REVERA,2026-03-21,2026-03-30,2026-04-06,15.5,,7,,2026-03-31,2026-04-06,6.6,,6,,2026-04-07,2026-04-11,10.6,,4,,2026-04-20,2026-04-18,10.6,,-2,,,2026-05-07,17.1,,,,,2026-05-31,24.4,,,,,2026-06-16,15.7,,,
20286.0116,20286.0116,SAN ANTONIO 1,SAN ANTONIO,VIDA,2025-12-29,2026-01-12,2026-01-10,11.6,2026-01-14,-2,2,2026-01-16,2026-01-18,6.1,2026-01-17,2,1,2026-02-06,2026-02-02,16.6,2026-04-26,-4,79,2026-02-16,2026-02-18,11.8,2026-05-12,2,85,2026-03-02,2026-03-07,18.7,2026-05-30,5,89,2026-04-06,2026-03-31,29.0,2026-06-20,-6,75,2026-04-10,2026-04-19,13.1,2026-07-22,9,103
20288.1383,20288.1383,SAN ANTONIO 1,SAN ANTONIO,KALLISON RANCH,2026-02-12,2026-02-18,2026-02-20,8.3,,2,,2026-02-19,2026-02-24,6.0,,5,,2026-03-10,2026-03-05,13.6,,-5,,2026-03-27,2026-03-21,11.4,,-6,,,2026-04-10,14.5,,,,2026-04-30,2026-05-05,25.3,,5,,,2026-05-12,11.8,,,
20288.1385,20288.1385,SAN ANTONIO 1,SAN ANTONIO,KALLISON RANCH,2026-02-09,2026-02-13,2026-02-15,6.1,2026-05-04,2,80,2026-02-18,2026-02-19,5.6,2026-05-10,1,81,2026-03-19,2026-03-04,13.6,2026-05-24,-15,66,2026-03-19,2026-03-27,8.3,2026-06-17,8,90,2026-04-02,2026-04-02,14.3,2026-07-04,0,93,2026-04-30,2026-04-28,25.5,2026-07-30,-2,91,,2026-05-11,10.9,2026-08-17,,
20288.1386,20288.1386,SAN ANTONIO 1,SAN ANTONIO,KALLISON RANCH,2026-04-17,2026-04-28,2026-04-25,7.7,,-3,,2026-05-01,2026-05-04,5.6,,3,,,2026-05-15,13.8,,,,,2026-05-27,11.8,,,,,2026-06-08,12.5,,,,,2026-07-06,27.9,,,,,2026-07-18,12.1,,,
20288.1333,20288.1333,SAN ANTONIO 1,SAN ANTONIO,KALLISON RANCH,2026-01-12,2026-01-22,2026-01-21,9.3,2026-01-20,-1,-2,2026-01-30,2026-01-28,6.1,2026-04-26,-2,86,2026-02-05,2026-02-12,13.3,2026-05-07,7,91,2026-02-20,2026-02-22,17.0,2026-05-20,2,89,2026-03-10,2026-03-06,13.7,2026-06-03,-4,85,,2026-04-04,25.0,2026-07-07,,,2026-04-07,2026-04-16,12.2,2026-07-17,9,101
20288.0605,678319,SAN ANTONIO 1,SAN ANTONIO,KALLISON RANCH,2026-03-16,2026-03-24,2026-03-25,8.6,,1,,2026-04-01,2026-03-30,6.2,,-2,,2026-04-15,2026-04-15,13.7,,0,,,2026-04-29,14.5,,,,,2026-05-14,15.2,,,,,2026-06-11,28.0,,,,,2026-06-23,12.1,,,
20288.0799,678238,SAN ANTONIO 1,SAN ANTONIO,KALLISON RANCH,2025-12-05,2025-12-26,2025-12-15,10.0,,-11,,2025-12-26,2026-01-01,5.8,,6,,2026-01-09,2026-01-09,14.1,,0,,2026-01-22,2026-01-24,14.9,,2,,2026-02-11,2026-02-05,14.0,,-6,,2026-03-10,2026-03-09,26.0,,-1,,2026-03-16,2026-03-21,11.1,,5,
20289.0328,734088,SAN ANTONIO 1,SAN ANTONIO,LADERA,2026-04-10,2026-04-22,2026-04-19,8.7,,-3,,,2026-04-28,6.1,,,,,2026-05-13,14.9,,,,,2026-05-23,10.0,,,,,2026-06-08,15.9,,,,,2026-07-05,26.9,,,,,2026-07-20,15.1,,,
20289.0366,734089,SAN ANTONIO 1,SAN ANTONIO,LADERA,2026-01-09,2026-01-20,2026-01-17,7.7,,-3,,2026-01-30,2026-01-26,6.1,,-4,,2026-03-06,2026-02-16,17.4,,-18,,2026-03-19,2026-03-15,9.1,,-4,,,2026-04-02,14.1,,,,,2026-04-28,25.9,,,,,2026-05-14,15.9,,,
20289.0382,734097,SAN ANTONIO 1,SAN ANTONIO,LADERA,2025-12-12,2025-12-22,2025-12-20,8.0,,-2,,2025-12-29,2025-12-28,6.2,,-1,,2026-02-03,2026-01-13,15.4,,-21,,2026-02-17,2026-02-11,7.7,,-6,,2026-03-04,2026-03-02,13.0,,-2,,2026-03-23,2026-03-30,25.6,,7,,2026-04-07,2026-04-07,14.6,,0,
20289.0131,684144,SAN ANTONIO 1,SAN ANTONIO,LADERA,2026-02-03,2026-02-12,2026-02-10,6.9,,-2,,2026-02-19,2026-02-18,6.4,,-1,,2026-03-06,2026-03-08,17.4,,2,,2026-03-10,2026-03-18,11.7,,8,,,2026-03-31,21.0,,,,,2026-04-27,26.7,,,,,2026-05-11,14.0,,,
20289.0149,684181,SAN ANTONIO 1,SAN ANTONIO,LADERA,2025-10-16,2025-10-27,2025-10-27,10.6,,0,,2025-11-05,2025-11-02,6.1,,-3,,2025-12-08,2025-11-23,17.7,,-15,,2025-12-16,2025-12-18,9.7,,2,,2025-12-30,2026-01-04,19.5,,5,,2026-01-23,2026-01-24,25.5,,1,,2026-02-11,2026-02-05,13.4,,-6,
20289.0472,20289.0472,SAN ANTONIO 1,SAN ANTONIO,LADERA,2026-04-10,2026-04-28,2026-04-23,13.0,,-5,,,2026-05-04,6.1,,,,,2026-05-20,16.2,,,,,2026-06-01,11.6,,,,,2026-06-16,15.5,,,,,2026-07-14,27.5,,,,,2026-07-28,14.5,,,
20290.0094,20290.0094,SAN ANTONIO 1,CASTROVILLE,ALSATIAN OAKS,2026-02-06,2026-02-12,2026-02-14,8.2,2026-05-05,2,82,2026-02-20,2026-02-20,8.3,2026-05-11,0,80,2026-03-13,2026-03-07,14.7,2026-05-25,-6,73,2026-03-05,2026-03-23,9.5,2026-06-12,18,99,,2026-03-24,19.0,2026-06-29,,,,2026-04-26,33.4,2026-07-26,,,,2026-05-06,9.7,2026-07-31,,
20294.0009,251053,SAN ANTONIO 1,CASTROVILLE,MEGAN'S LANDING,2025-09-19,2025-10-14,2025-10-03,13.7,,-11,,2025-10-22,2025-10-22,8.3,,0,,2025-11-10,2025-11-06,14.7,,-4,,2025-11-25,2025-11-23,13.0,,-2,,,2025-12-14,19.0,,,,2026-01-14,2026-01-16,33.4,,2,,2026-02-06,2026-01-24,9.7,,-13,
20294.0034,20294.0034,SAN ANTONIO 1,CASTROVILLE,MEGAN'S LANDING,2025-08-28,2025-09-24,2025-09-12,14.5,2025-09-17,-12,-7,2025-10-06,2025-10-02,8.3,2025-10-04,-4,-2,2025-10-30,2025-10-21,14.7,2025-10-25,-9,-5,2025-11-17,2025-11-12,13.0,2025-11-13,-5,-4,2025-12-02,2025-12-06,19.0,2025-12-05,4,3,2026-01-02,2026-01-04,33.4,2026-01-02,2,0,2026-01-13,2026-01-12,9.7,2026-01-13,-1,0
20294.0038,20294.0038,SAN ANTONIO 1,CASTROVILLE,MEGAN'S LANDING,2026-03-13,2026-03-26,2026-03-28,14.5,,2,,2026-04-07,2026-04-03,8.3,,-4,,2026-04-21,2026-04-22,14.7,,1,,,2026-05-04,13.0,,,,,2026-05-23,19.0,,,,,2026-06-25,33.4,,,,,2026-07-05,9.7,,,
20399.0055,20399.0055,SAN ANTONIO 1,SAN ANTONIO,BRIGGS RANCH,2026-04-24,,2026-05-02,7.7,,,,,2026-05-08,6.0,,,,,2026-05-22,14.2,,,,,2026-06-02,10.7,,,,,2026-06-14,12.4,,,,,2026-07-15,30.9,,,,,2026-07-30,14.7,,,
20399.0081,20399.0081,SAN ANTONIO 1,SAN ANTONIO,BRIGGS RANCH,2025-12-11,2025-12-23,2025-12-23,11.5,2025-12-22,0,-1,2025-12-30,2025-12-29,6.1,2025-12-30,-1,0,2026-01-16,2026-01-14,14.9,2026-01-16,-2,0,2026-02-05,2026-01-30,14.0,2026-04-26,-6,80,2026-02-18,2026-02-18,13.0,2026-05-13,0,84,2026-03-16,2026-03-19,29.2,2026-06-10,3,86,2026-03-25,2026-03-31,15.0,2026-06-25,6,92
20399.0082,20399.0082,SAN ANTONIO 1,SAN ANTONIO,BRIGGS RANCH,2026-01-20,2026-02-02,2026-01-28,8.4,2026-04-26,-5,83,2026-02-05,2026-02-08,6.1,2026-05-03,3,87,2026-02-24,2026-02-19,14.4,2026-05-20,-5,85,2026-03-12,2026-03-07,11.4,2026-06-07,-5,87,2026-03-23,2026-03-26,13.9,2026-06-24,3,93,,2026-04-22,30.2,2026-07-22,,,,2026-05-06,14.2,2026-08-06,,
20399.0083,20399.0083,SAN ANTONIO 1,SAN ANTONIO,BRIGGS RANCH,2026-04-14,2026-04-29,2026-04-22,7.6,,-7,,,2026-05-05,6.0,,,,,2026-05-19,14.0,,,,,2026-05-28,8.7,,,,,2026-06-14,16.6,,,,,2026-07-15,30.7,,,,,2026-07-30,14.9,,,
20399.0084,20399.0084,SAN ANTONIO 1,SAN ANTONIO,BRIGGS RANCH,2026-01-12,2026-01-23,2026-01-20,8.0,2026-01-23,-3,0,2026-02-02,2026-01-29,6.2,2026-04-26,-4,83,2026-02-16,2026-02-15,13.4,2026-05-13,-1,86,2026-03-05,2026-02-26,10.0,2026-05-31,-7,87,2026-03-23,2026-03-20,15.3,2026-06-17,-3,86,,2026-04-22,30.2,2026-07-15,,,,2026-05-07,14.8,2026-07-30,,
20399.0024,20399.0024,SAN ANTONIO 1,SAN ANTONIO,BRIGGS RANCH,2025-12-26,2026-01-09,2026-01-08,12.9,2026-01-08,-1,-1,2026-01-20,2026-01-15,6.3,2026-01-16,-5,-4,2026-01-29,2026-02-03,13.7,2026-02-02,5,4,2026-02-20,2026-02-11,12.7,2026-04-26,-9,65,2026-03-16,2026-03-06,13.6,2026-05-13,-10,58,2026-04-14,2026-04-10,25.0,2026-06-10,-4,57,2026-04-28,2026-04-29,15.0,2026-06-25,1,58
20399.0026,20399.0026,SAN ANTONIO 1,SAN ANTONIO,BRIGGS RANCH,2025-12-26,2026-01-13,2026-01-06,10.7,2026-01-08,-7,-5,2026-01-20,2026-01-19,6.2,2026-01-20,-1,0,2026-01-30,2026-02-03,13.7,2026-04-26,4,86,2026-02-09,2026-02-13,13.7,2026-05-14,4,94,2026-03-02,2026-02-25,15.8,2026-05-31,-5,90,2026-04-16,2026-03-29,27.2,2026-06-28,-18,73,,2026-04-30,14.3,2026-07-13,,
20399.0027,20399.0027,SAN ANTONIO 1,SAN ANTONIO,BRIGGS RANCH,2025-12-26,2026-01-06,2026-01-07,11.7,2026-01-08,1,2,2026-01-12,2026-01-12,6.3,2026-01-13,0,1,2026-01-26,2026-01-27,15.0,2026-01-25,1,-1,2026-02-09,2026-02-07,12.3,2026-04-26,-2,76,,2026-02-24,15.2,2026-05-13,,,,2026-03-25,28.5,2026-06-10,,,,2026-04-09,14.6,2026-06-25,,
20301.0118,606090,SAN ANTONIO 2,BOERNE,THE RANCHES AT CREEKSIDE,2026-04-24,,2026-05-02,8.4,,,,,2026-05-08,6.4,,,,,2026-05-20,12.1,,,,,2026-05-30,9.8,,,,,2026-06-14,14.7,,,,,2026-07-11,26.6,,,,,2026-07-21,9.5,,,
20301.0186,20301.0186,SAN ANTONIO 2,BOERNE,THE RANCHES AT CREEKSIDE,2026-01-15,2026-01-29,2026-01-23,8.1,2026-04-26,-6,87,2026-02-04,2026-02-04,6.4,2026-05-03,0,88,2026-02-13,2026-02-16,12.3,2026-05-16,3,92,2026-02-24,2026-02-22,9.4,2026-05-31,-2,96,2026-03-13,2026-03-11,14.6,2026-06-14,-2,93,2026-03-31,2026-04-09,26.6,2026-07-10,9,101,2026-04-07,2026-04-15,15.1,2026-07-23,8,107
20301.0172,607059,SAN ANTONIO 2,BOERNE,THE RANCHES AT CREEKSIDE,2024-01-12,2024-01-12,2024-01-20,7.8,,8,,2024-01-18,2024-01-18,6.5,,0,,2024-01-25,2024-01-29,11.1,,4,,2024-01-31,2024-02-03,8.9,,3,,2024-02-14,2024-02-15,14.8,,1,,2024-03-14,2024-03-12,26.6,,-2,,2024-03-18,2024-03-24,10.3,,6,
20315.0096,20315.0096,SAN ANTONIO 2,BULVERDE,JOHNSON RANCH,2026-03-13,2026-03-23,2026-03-20,7.1,,-3,,2026-03-24,2026-03-29,6.3,,5,,2026-04-07,2026-04-07,14.0,,0,,2026-04-20,2026-04-18,10.9,,-2,,,2026-05-05,15.0,,,,,2026-06-03,29.5,,,,,2026-06-13,9.8,,,
20315.0126,20315.0126,SAN ANTONIO 2,BULVERDE,JOHNSON RANCH,2026-02-26,2026-03-05,2026-03-04,6.1,,-1,,2026-03-10,2026-03-11,5.6,,1,,2026-03-20,2026-03-24,14.0,,4,,2026-03-30,2026-03-31,10.9,,1,,,2026-04-14,15.0,,,,,2026-05-13,29.5,,,,,2026-05-23,9.8,,,
20315.0129,20315.0129,SAN ANTONIO 2,BULVERDE,JOHNSON RANCH,2026-04-20,2026-04-28,2026-04-27,6.9,,-1,,,2026-05-04,6.3,,,,,2026-05-18,14.0,,,,,2026-05-29,10.9,,,,,2026-06-13,15.0,,,,,2026-07-12,29.5,,,,,2026-07-22,9.8,,,
20320.0137,20320.0137,SAN ANTONIO 2,BOERNE,ESPERANZA,2026-01-06,2026-01-14,2026-01-13,6.7,2026-01-17,-1,3,2026-01-21,2026-01-20,6.0,2026-01-21,-1,0,2026-02-03,2026-02-01,10.8,2026-04-26,-2,82,2026-02-13,2026-02-13,9.6,2026-05-07,0,83,2026-02-27,2026-02-28,14.7,2026-05-28,1,90,2026-03-18,2026-03-26,26.6,2026-06-27,8,101,2026-03-24,2026-03-29,10.8,2026-07-11,5,109
20320.0118,20320.0118,SAN ANTONIO 2,BOERNE,ESPERANZA,2026-02-09,2026-03-02,2026-02-15,6.5,2026-04-30,-15,59,2026-03-11,2026-03-08,6.0,2026-05-09,-3,59,2026-03-24,2026-03-24,12.9,2026-05-19,0,56,2026-04-02,2026-04-03,9.5,2026-05-26,1,54,,2026-04-17,15.0,2026-06-18,,,,2026-05-14,26.6,2026-07-18,,,,2026-05-24,10.2,2026-08-03,,
20389.0019,20389.0019,SAN ANTONIO 2,SAN ANTONIO,HIDDEN CANYON,2026-03-26,2026-04-06,2026-04-04,8.8,,-2,,2026-04-10,2026-04-12,5.9,,2,,2026-04-24,2026-04-24,14.3,,0,,,2026-05-06,12.2,,,,,2026-05-18,12.3,,,,,2026-06-14,27.4,,,,,2026-06-27,12.7,,,
20389.0020,20389.0020,SAN ANTONIO 2,SAN ANTONIO,HIDDEN CANYON,2026-03-18,2026-03-30,2026-03-26,8.2,,-4,,2026-04-07,2026-04-05,5.9,,-2,,2026-04-22,2026-04-23,16.2,,1,,,2026-05-01,9.1,,,,,2026-05-18,16.6,,,,,2026-06-14,26.8,,,,,2026-06-26,12.4,,,
20389.0021,20389.0021,SAN ANTONIO 2,SAN ANTONIO,HIDDEN CANYON,2026-03-04,2026-03-17,2026-03-12,7.6,,-5,,2026-03-21,2026-03-23,5.9,,2,,2026-04-14,2026-04-06,16.3,,-8,,2026-04-24,2026-04-24,10.3,,0,,,2026-05-06,12.0,,,,,2026-06-01,25.9,,,,,2026-06-14,12.8,,,
20389.0038,20389.0038,SAN ANTONIO 2,SAN ANTONIO,HIDDEN CANYON,2026-02-09,2026-02-17,2026-02-16,7.1,2026-05-06,-1,78,2026-02-20,2026-02-23,6.0,2026-05-09,3,78,2026-03-11,2026-03-07,14.6,2026-06-04,-4,85,2026-03-19,2026-03-21,9.6,2026-06-16,2,89,2026-04-01,2026-04-06,18.0,2026-07-05,5,95,,2026-04-28,26.9,2026-07-29,,,,2026-05-10,11.9,2026-08-10,,
20316.0146,20316.0146,SAN ANTONIO 3,SCHERTZ,HOMESTEAD,2026-02-09,2026-02-09,2026-02-17,8.3,2026-05-02,8,82,2026-02-17,2026-02-16,6.7,2026-05-09,-1,81,2026-02-25,2026-03-02,12.7,2026-06-04,5,99,2026-03-09,2026-03-09,12.0,2026-06-17,0,100,2026-03-19,2026-03-24,15.4,2026-06-28,5,101,2026-04-09,2026-04-11,22.9,2026-07-22,2,104,2026-04-17,2026-04-23,14.1,2026-07-23,6,97
20316.0069,710068,SAN ANTONIO 3,SCHERTZ,HOMESTEAD,2024-12-02,2024-12-16,2024-12-10,8.3,,-6,,2025-01-02,2024-12-23,6.7,,-10,,2025-01-13,2025-01-15,12.7,,2,,2025-01-24,2025-01-25,12.0,,1,,2025-02-09,2025-02-08,15.4,,-1,,2025-03-06,2025-03-04,22.9,,-2,,2025-03-17,2025-03-20,14.1,,3,
20325.0251,20325.0251,SAN ANTONIO 3,NEW BRAUNFELS,VERAMENDI,2026-01-08,2026-01-20,2026-01-17,8.7,2026-01-20,-3,0,2026-01-23,2026-01-27,6.6,2026-01-26,4,3,2026-02-02,2026-02-04,11.7,2026-04-26,2,83,2026-02-13,2026-02-14,11.8,2026-05-06,1,82,2026-02-26,2026-03-02,16.7,2026-05-21,4,84,2026-04-02,2026-03-22,23.9,2026-06-13,-11,72,2026-04-10,2026-04-13,10.8,2026-06-28,3,79
20335.0114,20335.0114,SAN ANTONIO 3,NEW BRAUNFELS,LEGACY AT LAKE DUNLAP,2026-03-27,2026-04-06,2026-04-05,8.7,,-1,,2026-04-07,2026-04-11,5.5,,4,,2026-04-28,2026-04-19,12.2,,-9,,,2026-05-07,9.1,,,,,2026-05-25,18.0,,,,,2026-06-15,21.3,,,,,2026-06-26,10.6,,,
20344.0215,20344.0215,SAN ANTONIO 3,SEGUIN,MEADOWS OF MILL CREEK,2026-04-29,,2026-05-11,11.7,,,,,2026-05-16,4.8,,,,,2026-05-27,11.5,,,,,2026-06-07,10.9,,,,,2026-06-22,14.7,,,,,2026-07-17,25.2,,,,,2026-07-30,12.8,,,
20344.0218,20344.0218,SAN ANTONIO 3,SEGUIN,MEADOWS OF MILL CREEK,2026-04-01,2026-04-16,2026-04-11,9.8,,-5,,2026-04-24,2026-04-20,4.2,,-4,,2026-05-01,2026-05-05,11.2,,4,,,2026-05-12,10.9,,,,,2026-05-27,14.8,,,,,2026-06-14,18.4,,,,,2026-06-27,12.8,,,
20344.0223,20344.0223,SAN ANTONIO 3,SEGUIN,MEADOWS OF MILL CREEK,2026-04-29,,2026-05-10,11.0,,,,,2026-05-16,6.0,,,,,2026-05-27,11.5,,,,,2026-06-07,10.9,,,,,2026-06-22,14.7,,,,,2026-07-20,27.5,,,,,2026-08-02,12.8,,,
20344.0250,20344.0250,SAN ANTONIO 3,SEGUIN,MEADOWS OF MILL CREEK,2026-03-17,2026-03-27,2026-03-30,12.7,,3,,2026-04-07,2026-04-03,7.5,,-4,,2026-04-15,2026-04-18,11.5,,3,,2026-04-29,2026-04-26,10.9,,-3,,,2026-05-13,13.8,,,,,2026-06-06,23.7,,,,,2026-06-19,12.8,,,
20344.0253,20344.0253,SAN ANTONIO 3,SEGUIN,MEADOWS OF MILL CREEK,2026-04-09,2026-04-22,2026-04-21,11.5,,-1,,,2026-04-26,4.3,,,,,2026-05-07,11.5,,,,,2026-05-18,10.9,,,,,2026-06-02,15.2,,,,,2026-06-26,24.3,,,,,2026-07-09,12.8,,,
20345.0058,20345.0058,SAN ANTONIO 3,NEW BRAUNFELS,MAYFAIR,2026-01-12,2026-01-16,2026-01-21,8.7,2026-01-19,5,3,2026-01-22,2026-01-21,5.5,2026-01-20,-1,-2,2026-02-03,2026-02-03,11.7,2026-04-26,0,82,2026-02-16,2026-02-12,9.1,2026-05-08,-4,81,2026-03-09,2026-03-04,15.8,2026-05-23,-5,75,2026-03-26,2026-03-28,19.2,2026-06-15,2,81,2026-04-24,2026-04-07,11.8,2026-06-27,-17,64
20345.0065,20345.0065,SAN ANTONIO 3,NEW BRAUNFELS,MAYFAIR,2026-01-09,2026-01-16,2026-01-18,8.7,2026-01-16,2,0,2026-01-21,2026-01-23,6.6,2026-01-20,2,-1,2026-02-03,2026-02-02,11.7,2026-04-26,-1,82,2026-02-16,2026-02-13,10.4,2026-05-08,-3,81,2026-03-05,2026-03-04,16.1,2026-05-23,-1,79,2026-03-26,2026-03-28,22.7,2026-06-15,2,81,2026-04-15,2026-04-07,12.0,2026-06-27,-8,73
20345.0069,20345.0069,SAN ANTONIO 3,NEW BRAUNFELS,MAYFAIR,2026-01-09,2026-01-15,2026-01-18,8.7,2026-01-16,3,1,2026-01-20,2026-01-21,5.9,2026-01-19,1,-1,2026-02-03,2026-02-01,11.7,2026-04-26,-2,82,2026-02-16,2026-02-12,9.2,2026-05-08,-4,81,2026-03-06,2026-03-04,16.3,2026-05-23,-2,78,2026-03-25,2026-03-28,22.4,2026-06-15,3,82,2026-04-15,2026-04-06,11.8,2026-06-27,-9,73
20345.0077,20345.0077,SAN ANTONIO 3,NEW BRAUNFELS,MAYFAIR,2026-02-06,2026-02-17,2026-02-15,8.7,2026-05-03,-2,75,2026-02-23,2026-02-24,6.9,2026-05-07,1,73,2026-03-05,2026-03-07,11.7,2026-05-22,2,78,2026-03-16,2026-03-17,12.2,2026-06-03,1,79,2026-03-31,2026-04-02,16.7,2026-06-18,2,79,2026-04-23,2026-04-27,26.6,2026-07-11,4,79,,2026-05-05,12.0,2026-07-23,,
20357.0039,20357.0039,SAN ANTONIO 3,SCHERTZ,THE PARKLANDS,2026-02-09,2026-02-16,2026-02-17,8.3,2026-05-05,1,78,2026-02-18,2026-02-23,6.7,2026-05-11,5,82,2026-03-04,2026-03-03,12.7,2026-05-26,-1,83,2026-03-13,2026-03-16,12.0,2026-06-07,3,86,2026-03-30,2026-03-28,15.4,2026-06-22,-2,84,2026-04-06,2026-04-22,22.9,2026-07-15,16,100,2026-04-19,2026-04-20,14.1,2026-07-27,1,99
20357.0042,20357.0042,SAN ANTONIO 3,SCHERTZ,THE PARKLANDS,2026-01-15,2026-01-22,2026-01-23,8.3,2026-01-24,1,2,2026-01-28,2026-01-29,6.7,2026-01-28,1,0,2026-02-11,2026-02-10,12.7,2026-04-26,-1,74,2026-02-19,2026-02-23,12.0,2026-05-08,4,78,2026-03-02,2026-03-06,15.4,2026-05-23,4,82,2026-03-16,2026-03-25,22.9,2026-06-15,9,91,2026-03-25,2026-03-30,14.1,2026-06-27,5,94
20357.0074,20357.0074,SAN ANTONIO 3,SCHERTZ,THE PARKLANDS,2026-01-14,2026-01-19,2026-01-22,8.3,2026-01-19,3,0,2026-01-23,2026-01-26,6.7,2026-01-23,3,0,2026-02-06,2026-02-05,12.7,2026-04-26,-1,79,2026-02-16,2026-02-18,12.0,2026-05-08,2,81,2026-02-26,2026-03-03,15.4,2026-05-23,5,86,2026-03-09,2026-03-21,22.9,2026-06-15,12,98,2026-03-17,2026-03-23,14.1,2026-06-27,6,102
20381.0035,20381.0035,SAN ANTONIO 3,CIBOLO,CIBOLO VALLEY HEIGHTS,2026-02-11,2026-02-23,2026-02-23,12.3,2026-05-08,0,74,2026-03-02,2026-02-28,4.7,2026-05-15,-2,74,2026-03-16,2026-03-15,12.9,2026-05-27,-1,72,2026-03-26,2026-03-25,8.8,2026-06-09,-1,75,2026-04-10,2026-04-12,16.9,2026-06-27,2,78,,2026-04-27,16.6,2026-07-18,,,,2026-05-11,14.4,2026-07-30,,
20390.0010,20390.0010,SAN ANTONIO 3,NEW BRAUNFELS,THE PRESERVE AT ELM CREEK,2026-03-09,2026-03-23,2026-03-18,8.8,,-5,,2026-04-06,2026-03-29,5.8,,-8,,2026-04-14,2026-04-17,11.0,,3,,2026-04-24,2026-04-28,13.8,,4,,,2026-05-11,16.7,,,,,2026-06-12,32.4,,,,,2026-06-25,12.7,,,
20390.0016,20390.0016,SAN ANTONIO 3,NEW BRAUNFELS,THE PRESERVE AT ELM CREEK,2025-12-29,2026-01-12,2026-01-07,8.8,2026-01-08,-5,-4,2026-01-27,2026-01-17,5.4,2026-01-22,-10,-5,2026-01-30,2026-02-07,11.0,2026-04-26,8,86,2026-02-18,2026-02-13,13.8,2026-05-09,-5,80,2026-03-17,2026-03-07,16.7,2026-05-24,-10,68,2026-04-06,2026-04-09,23.3,2026-06-16,3,71,2026-04-28,2026-04-18,12.3,2026-06-28,-10,61
20054.0457,20054.0457,BRITTON D2,CELINA,MUSTANG LAKES,2026-04-15,2026-04-29,2026-04-28,13.0,,-1,,2026-05-01,2026-05-03,3.8,,2,,,2026-05-17,16.1,,,,,2026-05-26,8.9,,,,,2026-06-08,12.7,,,,,2026-06-28,19.5,,,,,2026-07-13,15.4,,,
20079.0076,284070,BRITTON D3,FRISCO,FIELDS,2026-01-13,2026-02-02,2026-02-02,20.5,,0,,2026-02-04,2026-02-11,9.2,,7,,2026-02-24,2026-03-10,33.9,,14,,2026-02-25,2026-03-11,14.8,,14,,2026-03-30,2026-03-18,21.3,,-12,,2026-04-29,2026-04-23,24.4,,-6,,,2026-05-22,22.7,,,
20090.0195,20090.0195,BRITTON D3,PROSPER,STAR TRAIL,2026-02-11,2026-02-20,2026-02-23,12.2,2026-05-06,3,75,2026-03-02,2026-02-27,6.9,2026-05-09,-3,68,2026-04-02,2026-03-22,20.4,2026-05-22,-11,50,2026-04-17,2026-04-15,12.9,2026-06-04,-2,48,,2026-05-04,17.3,2026-06-24,,,,2026-06-04,30.8,2026-07-23,,,,2026-06-23,18.7,2026-08-13,,
20393.0044,20393.0044,BRITTON D3,PROSPER,STAR VIEW,2026-04-07,2026-04-20,2026-04-21,13.9,,1,,2026-04-22,2026-04-24,4.1,,2,,,2026-05-10,17.6,,,,,2026-05-20,10.4,,,,,2026-06-03,14.1,,,,,2026-07-02,28.9,,,,,2026-07-21,19.2,,,
20007.0123,20007.0123,AUSTIN 1,LIBERTY HILL,LARIAT,2026-02-19,2026-02-26,2026-02-27,8.5,,1,,2026-03-05,2026-03-03,5.5,,-2,,2026-03-13,2026-03-17,11.8,,4,,2026-03-20,2026-03-25,11.7,,5,,2026-04-10,2026-04-12,23.3,,2,,,2026-05-09,28.7,,,,,2026-05-20,10.6,,,
20007.0134,20007.0134,AUSTIN 1,LIBERTY HILL,LARIAT,2026-03-10,2026-03-18,2026-03-17,6.7,,-1,,2026-03-24,2026-03-24,5.8,,0,,2026-04-01,2026-04-05,11.7,,4,,2026-04-14,2026-04-13,11.6,,-1,,,2026-05-04,19.8,,,,,2026-06-01,27.7,,,,,2026-06-12,10.6,,,
20007.0200,20007.0200,AUSTIN 1,LIBERTY HILL,LARIAT,2026-02-23,2026-03-05,2026-03-02,6.9,,-3,,2026-03-12,2026-03-10,5.2,,-2,,2026-03-24,2026-03-24,11.8,,0,,2026-04-03,2026-04-05,11.7,,2,,2026-04-14,2026-04-23,20.3,,9,,,2026-05-12,28.1,,,,,2026-05-23,10.6,,,
20009.0160,20009.0160,AUSTIN 1,LEANDER,PALMERA RIDGE,2026-03-23,2026-04-07,2026-04-02,10.3,,-5,,2026-04-17,2026-04-15,7.7,,-2,,2026-05-01,2026-05-06,19.0,,5,,,2026-05-14,12.7,,,,,2026-05-31,16.6,,,,,2026-06-28,28.1,,,,,2026-07-17,18.5,,,
20013.0662,20013.0662,AUSTIN 1,LIBERTY HILL,SANTA RITA RANCH,2026-01-16,2026-01-26,2026-01-25,9.1,2026-01-24,-1,-2,2026-01-29,2026-01-31,4.6,2026-04-26,2,87,2026-02-12,2026-02-10,12.3,2026-05-11,-2,88,2026-02-23,2026-02-23,11.5,2026-05-24,0,90,2026-03-06,2026-03-11,15.8,2026-06-10,5,96,2026-03-23,2026-04-04,28.7,2026-07-19,12,118,2026-04-02,2026-04-02,10.4,2026-07-30,0,119
20013.0663,20013.0663,AUSTIN 1,LIBERTY HILL,SANTA RITA RANCH,2026-01-13,2026-01-20,2026-01-19,6.3,2026-01-21,-1,1,2026-01-26,2026-01-25,4.5,2026-01-25,-1,-1,2026-02-10,2026-02-07,12.2,2026-04-26,-3,75,2026-02-17,2026-02-21,10.9,2026-05-09,4,81,2026-03-05,2026-03-09,19.7,2026-05-26,4,82,2026-03-24,2026-04-04,30.5,2026-07-04,11,102,2026-04-02,2026-04-04,10.5,2026-07-15,2,104
20013.0664,20013.0664,AUSTIN 1,LIBERTY HILL,SANTA RITA RANCH,2026-01-14,2026-01-22,2026-01-22,7.6,2026-01-22,0,0,2026-01-30,2026-01-27,5.1,2026-04-26,-3,86,2026-02-12,2026-02-11,12.3,2026-05-11,-1,88,2026-02-20,2026-02-23,11.4,2026-05-24,3,93,2026-03-06,2026-03-13,20.6,2026-06-10,7,96,2026-03-24,2026-04-05,30.5,2026-07-19,12,117,2026-04-02,2026-04-03,10.4,2026-07-30,1,119
20014.0005,167086,AUSTIN 1,LIBERTY HILL,SANTA RITA RANCH RENTALS,2022-05-20,2022-06-07,2022-05-27,6.9,,-11,,2022-06-17,2022-06-12,4.9,,-5,,2022-08-08,2022-07-01,13.6,,-38,,2022-08-17,2022-08-19,11.5,,2,,2022-09-15,2022-09-07,20.7,,-8,,2022-10-04,2022-10-14,28.7,,10,,2022-11-23,2022-10-15,10.6,,-39,
20014.0020,167105,AUSTIN 1,LIBERTY HILL,SANTA RITA RANCH RENTALS,2022-02-22,2022-03-10,2022-02-28,5.6,,-10,,2022-03-19,2022-03-16,5.6,,-3,,2022-05-10,2022-04-02,13.6,,-38,,2022-05-25,2022-05-22,11.5,,-3,,2022-06-21,2022-06-10,16.1,,-11,,2022-07-14,2022-07-19,28.4,,5,,2022-08-12,2022-07-25,10.6,,-18,
20014.0027,167085,AUSTIN 1,LIBERTY HILL,SANTA RITA RANCH RENTALS,2022-05-20,2022-06-07,2022-05-27,6.9,,-11,,2022-06-17,2022-06-12,4.9,,-5,,2022-08-01,2022-07-01,13.6,,-31,,2022-08-09,2022-08-12,11.5,,3,,2022-09-02,2022-08-30,20.7,,-3,,2022-10-04,2022-10-01,28.7,,-3,,2022-11-23,2022-10-15,10.6,,-39,
20014.0028,167089,AUSTIN 1,LIBERTY HILL,SANTA RITA RANCH RENTALS,2022-06-06,2022-07-05,2022-06-12,5.8,,-23,,2022-07-13,2022-07-10,5.0,,-3,,2022-08-05,2022-07-27,13.5,,-9,,2022-08-19,2022-08-16,11.5,,-3,,2022-09-21,2022-09-05,16.9,,-16,,2022-10-04,2022-10-20,28.7,,16,,2022-12-16,2022-10-15,10.6,,-62,
20014.0032,167127,AUSTIN 1,LIBERTY HILL,SANTA RITA RANCH RENTALS,2022-06-10,2022-07-05,2022-06-18,7.7,,-17,,2022-07-21,2022-07-10,5.0,,-11,,2022-08-08,2022-08-04,13.6,,-4,,2022-08-19,2022-08-19,11.5,,0,,2022-09-16,2022-09-08,20.0,,-8,,2022-10-04,2022-10-15,28.7,,11,,2022-12-16,2022-10-15,10.6,,-62,
20014.0035,167088,AUSTIN 1,LIBERTY HILL,SANTA RITA RANCH RENTALS,2022-05-20,2022-06-07,2022-05-27,7.4,,-11,,2022-06-17,2022-06-12,4.9,,-5,,2022-08-01,2022-07-01,13.7,,-31,,2022-08-09,2022-08-12,11.5,,3,,2022-09-23,2022-09-01,23.3,,-22,,2022-10-04,2022-10-22,28.7,,18,,2022-11-23,2022-10-15,10.6,,-39,
20014.0036,167091,AUSTIN 1,LIBERTY HILL,SANTA RITA RANCH RENTALS,2022-06-06,2022-07-05,2022-06-12,6.2,,-23,,2022-07-13,2022-07-10,5.0,,-3,,2022-08-09,2022-07-27,13.7,,-13,,2022-08-22,2022-08-20,11.5,,-2,,2022-09-07,2022-09-12,21.4,,5,,2022-10-04,2022-10-06,29.0,,2,,2022-12-23,2022-10-15,10.6,,-69,
20014.0063,167103,AUSTIN 1,LIBERTY HILL,SANTA RITA RANCH RENTALS,2022-02-22,2022-03-15,2022-02-27,5.5,,-16,,2022-03-24,2022-03-20,4.7,,-4,,2022-04-29,2022-04-07,13.6,,-22,,2022-05-13,2022-05-11,11.5,,-2,,2022-06-09,2022-05-29,16.1,,-11,,2022-08-10,2022-07-07,28.4,,-34,,2022-08-25,2022-08-21,10.6,,-4,
20014.0077,167087,AUSTIN 1,LIBERTY HILL,SANTA RITA RANCH RENTALS,2022-05-20,2022-06-07,2022-05-27,6.7,,-11,,2022-06-17,2022-06-12,4.9,,-5,,2022-08-01,2022-07-01,13.6,,-31,,2022-08-08,2022-08-12,11.5,,4,,2022-09-12,2022-08-30,21.8,,-13,,2022-10-04,2022-10-11,28.7,,7,,2022-11-23,2022-10-15,10.6,,-39,
20014.0100,167090,AUSTIN 1,LIBERTY HILL,SANTA RITA RANCH RENTALS,2022-06-06,2022-07-05,2022-06-12,5.7,,-23,,2022-07-13,2022-07-10,4.5,,-3,,2022-08-22,2022-07-27,13.7,,-26,,2022-08-31,2022-09-02,11.4,,2,,2022-09-21,2022-09-21,20.6,,0,,2022-10-04,2022-10-17,26.0,,13,,2022-12-30,2022-10-15,10.6,,-76,
20014.0101,167106,AUSTIN 1,LIBERTY HILL,SANTA RITA RANCH RENTALS,2022-02-22,2022-03-04,2022-02-28,6.1,,-4,,2022-03-11,2022-03-10,5.6,,-1,,2022-04-18,2022-03-25,13.7,,-24,,2022-05-02,2022-04-29,11.5,,-3,,2022-05-30,2022-05-21,18.6,,-9,,2022-07-09,2022-06-27,27.9,,-12,,2022-08-12,2022-07-20,10.6,,-23,
20014.0159,167104,AUSTIN 1,LIBERTY HILL,SANTA RITA RANCH RENTALS,2022-02-22,2022-03-04,2022-02-28,5.7,,-4,,2022-03-14,2022-03-10,5.6,,-4,,2022-04-21,2022-03-28,13.7,,-24,,2022-05-03,2022-05-03,11.5,,0,,2022-05-31,2022-05-21,17.5,,-10,,2022-07-09,2022-06-28,27.9,,-11,,2022-08-12,2022-07-20,10.6,,-23,
20011.0056,304061,AUSTIN 2,GEORGETOWN,PARKSIDE PENINSULA,2023-06-26,2023-07-03,2023-07-05,9.4,,2,,2023-07-11,2023-07-09,6.1,,-2,,2023-07-20,2023-07-27,16.2,,7,,2023-08-03,2023-07-31,11.0,,-3,,2023-08-18,2023-08-16,13.1,,-2,,2023-09-11,2023-09-14,26.8,,3,,2023-09-22,2023-09-28,17.2,,6,
20011.0115,20011.0115,AUSTIN 2,GEORGETOWN,PARKSIDE PENINSULA,2026-04-16,2026-04-23,2026-04-25,8.7,,2,,2026-04-28,2026-04-29,5.8,,1,,,2026-05-14,16.0,,,,,2026-05-25,11.0,,,,,2026-06-08,13.5,,,,,2026-07-06,28.0,,,,,2026-07-22,15.7,,,
20020.0284,20020.0284,AUSTIN 2,BASTROP,THE COLONY,2026-03-02,2026-03-04,2026-03-08,5.7,,4,,2026-03-06,2026-03-11,6.6,,5,,2026-03-17,2026-03-17,10.7,,0,,2026-03-25,2026-03-27,9.5,,2,,2026-04-14,2026-04-12,17.5,,-2,,,2026-05-04,20.5,,,,,2026-05-18,13.9,,,
20020.0300,20020.0300,AUSTIN 2,BASTROP,THE COLONY,2026-03-02,2026-03-05,2026-03-08,6.5,,3,,2026-03-09,2026-03-13,7.5,,4,,2026-03-19,2026-03-20,10.7,,1,,2026-03-30,2026-03-29,9.5,,-1,,2026-04-13,2026-04-17,17.5,,4,,,2026-05-03,20.5,,,,,2026-05-17,13.9,,,
20020.0305,20020.0305,AUSTIN 2,BASTROP,THE COLONY,2026-03-19,2026-03-25,2026-03-26,6.7,,1,,2026-03-31,2026-04-02,7.8,,2,,2026-04-10,2026-04-11,10.7,,1,,2026-04-21,2026-04-20,9.5,,-1,,,2026-05-09,17.5,,,,,2026-05-29,20.5,,,,,2026-06-12,13.9,,,
20020.0323,20020.0323,AUSTIN 2,BASTROP,THE COLONY,2026-02-04,2026-02-09,2026-02-10,5.8,2026-05-12,1,92,2026-02-11,2026-02-14,5.5,2026-05-17,3,95,2026-02-24,2026-02-22,10.7,2026-05-29,-2,94,2026-03-05,2026-03-06,9.5,2026-06-07,1,94,2026-03-18,2026-03-23,17.5,2026-06-21,5,95,2026-03-31,2026-04-07,20.5,2026-07-12,7,103,2026-04-14,2026-04-14,13.9,2026-07-29,0,106
20373.0079,20373.0079,AUSTIN 2,GEORGETOWN,PARKSIDE ON THE RIVER WEST,2025-10-09,2025-10-21,2025-10-19,9.9,2025-10-27,-2,6,2025-10-23,2025-10-28,6.8,2025-10-29,5,6,2025-11-07,2025-11-10,18.0,2025-11-11,3,4,2025-11-21,2025-11-18,11.0,2025-11-27,-3,6,2025-12-10,2025-12-05,14.0,2026-04-26,-5,137,2026-02-12,2026-01-09,30.5,2026-05-29,-34,106,2026-03-23,2026-02-28,16.1,2026-06-14,-23,83
20373.0096,20373.0096,AUSTIN 2,GEORGETOWN,PARKSIDE ON THE RIVER WEST,2026-04-06,,2026-04-15,9.3,,,,,2026-04-22,7.0,,,,,2026-05-10,18.0,,,,,2026-05-21,11.3,,,,,2026-06-03,13.5,,,,,2026-07-04,31.5,,,,,2026-07-24,19.7,,,
20373.0113,20373.0113,AUSTIN 2,GEORGETOWN,PARKSIDE ON THE RIVER WEST,2026-02-24,2026-03-11,2026-03-06,10.0,2026-05-11,-5,61,2026-03-18,2026-03-16,5.4,2026-05-18,-2,61,2026-04-13,2026-04-05,18.1,2026-06-05,-8,53,2026-04-29,2026-04-24,11.3,2026-06-15,-5,47,,2026-05-13,13.9,2026-07-01,,,,2026-06-11,29.5,2026-08-13,,,,2026-07-05,23.9,2026-09-11,,
20373.0117,20373.0117,AUSTIN 2,GEORGETOWN,PARKSIDE ON THE RIVER WEST,2026-03-26,2026-04-15,2026-04-06,11.0,,-9,,2026-04-20,2026-04-21,5.6,,1,,,2026-05-08,18.1,,,,,2026-05-19,11.4,,,,,2026-06-03,14.6,,,,,2026-07-05,32.1,,,,,2026-07-25,19.8,,,
20378.0039,20378.0039,AUSTIN 2,GEORGETOWN,WOODSIDE,2026-02-06,2026-02-13,2026-02-13,6.8,2026-05-07,0,83,2026-02-17,2026-02-18,4.9,2026-05-13,1,85,2026-03-06,2026-03-04,14.9,2026-06-03,-2,89,2026-03-16,2026-03-17,11.0,2026-06-11,1,87,2026-03-30,2026-03-31,14.7,2026-06-22,1,84,2026-04-27,2026-04-24,25.3,2026-07-25,-3,89,,2026-05-09,12.3,2026-08-10,,
20024.0214,20024.0214,AUSTIN 3,AUSTIN,EASTON PARK,2024-07-26,2024-08-05,2024-08-04,8.7,2024-08-03,-1,-2,2024-08-06,2024-08-12,7.1,2024-08-10,6,4,2024-08-19,2024-08-31,24.8,2024-08-31,12,12,2024-08-30,2024-09-02,14.3,2024-09-02,3,3,2024-09-12,2024-09-12,12.8,2024-09-10,0,-2,2024-10-20,2024-10-03,21.0,2024-09-27,-17,-23,2024-10-31,2024-10-31,11.4,2024-10-31,0,0
20024.0284,20024.0284,AUSTIN 3,AUSTIN,EASTON PARK,2026-01-14,2026-01-22,2026-01-24,9.5,2026-01-22,2,0,2026-01-28,2026-01-28,5.8,2026-01-27,0,-1,2026-02-16,2026-02-22,24.8,2026-04-26,6,69,2026-02-27,2026-03-02,14.3,2026-05-10,3,72,2026-03-05,2026-03-14,15.4,2026-05-21,9,77,2026-04-04,2026-03-23,18.1,2026-06-05,-12,62,2026-04-15,2026-04-15,11.4,2026-06-18,0,64
20024.0313,20024.0313,AUSTIN 3,AUSTIN,EASTON PARK,2026-03-05,2026-03-10,2026-03-14,8.8,,4,,2026-03-16,2026-03-16,6.1,,0,,2026-04-07,2026-04-10,24.8,,3,,2026-04-15,2026-04-21,14.3,,6,,2026-04-23,2026-04-29,13.5,,6,,,2026-05-11,18.1,,,,,2026-05-22,11.4,,,
20024.0314,20024.0314,AUSTIN 3,AUSTIN,EASTON PARK,2026-01-10,2026-01-16,2026-01-20,9.5,2026-01-18,4,2,2026-01-21,2026-01-22,5.8,2026-01-21,1,0,2026-02-24,2026-02-15,24.8,2026-04-26,-9,61,2026-03-10,2026-03-10,14.4,2026-05-10,0,61,2026-03-30,2026-03-24,13.6,2026-05-21,-6,52,2026-04-20,2026-04-17,18.2,2026-06-05,-3,46,,2026-05-01,11.4,2026-06-18,,
20024.0369,20024.0369,AUSTIN 3,AUSTIN,EASTON PARK,2026-04-16,2026-04-21,2026-04-25,9.0,,4,,2026-04-27,2026-04-27,5.9,,0,,,2026-05-22,24.8,,,,,2026-06-05,14.3,,,,,2026-06-18,12.8,,,,,2026-07-10,22.1,,,,,2026-07-21,11.4,,,
20024.0303,20024.0303,AUSTIN 3,AUSTIN,EASTON PARK,2026-03-20,2026-03-27,2026-03-31,10.5,,4,,2026-04-08,2026-04-02,6.1,,-6,,2026-04-29,2026-05-03,24.8,,4,,,2026-05-13,14.3,,,,,2026-05-29,16.2,,,,,2026-06-27,28.5,,,,,2026-07-09,12.3,,,
20024.0304,20024.0304,AUSTIN 3,AUSTIN,EASTON PARK,2026-04-07,2026-04-24,2026-04-17,9.8,,-7,,,2026-04-30,6.0,,,,,2026-05-25,24.8,,,,,2026-06-08,14.4,,,,,2026-06-23,14.7,,,,,2026-07-24,31.5,,,,,2026-08-06,12.6,,,
20024.0335,20024.0335,AUSTIN 3,AUSTIN,EASTON PARK,2026-03-03,2026-03-10,2026-03-13,9.5,,3,,2026-03-12,2026-03-16,6.2,,4,,2026-04-13,2026-04-06,24.8,,-7,,2026-04-23,2026-04-27,14.3,,4,,,2026-05-07,13.6,,,,,2026-06-08,32.1,,,,,2026-06-21,12.6,,,
20026.0277,20026.0277,AUSTIN 3,KYLE,6 CREEKS,2025-05-13,2025-05-15,2025-05-22,8.7,2025-05-22,7,7,2025-05-17,2025-05-20,5.3,2025-05-20,3,3,2025-06-04,2025-06-06,20.2,2025-06-17,2,13,2025-06-17,2025-06-17,13.0,2025-06-15,0,-2,2025-06-28,2025-07-02,15.5,2025-07-01,4,3,2025-07-14,2025-07-20,21.5,2025-07-17,6,3,2025-07-20,2025-07-21,7.3,2025-07-20,1,0
20026.0293,20026.0293,AUSTIN 3,KYLE,6 CREEKS,2025-06-28,2025-07-07,2025-07-06,7.6,2025-07-07,-1,0,2025-07-10,2025-07-12,5.1,2025-07-12,2,2,2025-08-04,2025-07-31,20.9,2025-08-10,-4,6,2025-08-20,2025-08-18,13.7,2025-08-15,-2,-5,2025-09-03,2025-09-04,15.3,2025-09-03,1,0,2025-09-18,2025-09-24,21.4,2025-09-22,6,4,2025-09-23,2025-09-26,7.6,2025-09-23,3,0
20026.0211,755090,AUSTIN 3,KYLE,6 CREEKS,2025-12-03,2025-12-15,2025-12-12,9.3,,-3,,2025-12-18,2025-12-21,6.0,,3,,2026-02-04,2026-01-10,23.1,,-25,,2026-02-18,2026-02-18,13.6,,0,,2026-02-27,2026-03-05,15.5,,6,,2026-03-10,2026-03-23,24.2,,13,,2026-03-25,2026-03-20,9.6,,-5,
20360.0061,20360.0061,AUSTIN 3,AUSTIN,PARTEN,2026-02-10,2026-02-18,2026-02-20,9.8,2026-05-05,2,76,2026-03-02,2026-02-24,6.2,2026-05-17,-6,76,2026-03-09,2026-03-27,24.8,2026-06-09,18,92,2026-03-18,2026-03-23,14.3,2026-06-22,5,96,2026-04-16,2026-04-02,15.2,2026-07-15,-14,90,,2026-05-09,23.0,2026-08-21,,,,2026-05-22,12.6,2026-09-17,,
20403.0087,20403.0087,AUSTIN 3,LOCKHART,JUNIPER SPRINGS,2025-12-22,2025-12-30,2026-01-01,9.8,2025-12-29,2,-1,2026-01-05,2026-01-03,3.9,2026-01-04,-2,-1,2026-01-19,2026-01-17,12.4,2026-01-22,-2,3,2026-01-29,2026-02-01,13.1,2026-04-26,3,87,2026-02-09,2026-02-14,16.5,2026-05-10,5,90,2026-02-23,2026-03-02,21.2,2026-07-30,7,157,2026-03-06,2026-03-09,13.7,2026-08-08,3,155
20403.0097,20403.0097,AUSTIN 3,LOCKHART,JUNIPER SPRINGS,2026-01-13,2026-01-20,2026-01-23,9.8,2026-01-20,3,0,2026-01-26,2026-01-24,3.9,2026-01-25,-2,-1,2026-02-05,2026-02-07,12.4,2026-04-26,2,80,2026-02-16,2026-02-18,13.1,2026-05-05,2,78,2026-03-02,2026-03-04,16.5,2026-05-19,2,78,2026-03-17,2026-03-23,21.2,2026-08-08,6,144,2026-03-23,2026-03-31,13.7,2026-08-17,8,147
20403.0017,20403.0017,AUSTIN 3,LOCKHART,JUNIPER SPRINGS,2026-03-10,2026-03-18,2026-03-20,9.8,,2,,2026-03-20,2026-03-22,3.9,,2,,2026-04-02,2026-04-01,12.4,,-1,,2026-04-13,2026-04-15,13.1,,2,,2026-04-28,2026-04-29,16.5,,1,,,2026-05-19,21.2,,,,,2026-06-02,13.7,,,
20403.0110,20403.0110,AUSTIN 3,LOCKHART,JUNIPER SPRINGS,2026-01-17,2026-01-20,2026-01-27,9.8,2026-01-20,7,0,2026-01-27,2026-01-24,3.9,2026-01-27,-3,0,2026-02-10,2026-02-08,12.4,2026-04-26,-2,75,2026-02-18,2026-02-23,13.1,2026-05-09,5,80,2026-03-02,2026-03-06,16.5,2026-05-23,4,82,2026-03-16,2026-03-23,21.2,2026-08-14,7,151,2026-03-26,2026-03-30,13.7,2026-08-24,4,151
20041.0081,20041.0081,PERRY D1,MCLENDON-CHISHOLM,SONOMA VERDE,2026-04-17,,2026-04-29,12.3,,,,,2026-05-04,4.7,,,,,2026-05-17,12.9,,,,,2026-05-26,8.8,,,,,2026-06-12,16.9,,,,,2026-06-29,16.6,,,,,2026-07-13,14.4,,,
20366.0071,20366.0071,PERRY D1,ROCKWALL,TERRACES,2026-02-25,2026-03-18,2026-03-12,15.1,,-6,,2026-03-25,2026-03-23,5.2,,-2,,2026-04-21,2026-04-17,23.1,,-4,,,2026-05-03,11.6,,,,,2026-05-19,16.3,,,,,2026-06-06,18.3,,,,,2026-06-24,18.3,,,
20414.0014,20414.0014,PERRY D1,HEATH,BRISTOL VALLEY,2026-03-09,2026-03-27,2026-03-22,13.4,,-5,,2026-04-13,2026-04-04,8.0,,-9,,2026-04-28,2026-04-26,13.2,,-2,,,2026-05-11,12.8,,,,,2026-05-31,19.9,,,,,2026-06-30,30.1,,,,,2026-07-20,20.4,,,
20414.0037,20414.0037,PERRY D1,HEATH,BRISTOL VALLEY,2026-03-19,2026-03-27,2026-04-03,14.5,,7,,2026-04-06,2026-04-04,8.2,,-2,,2026-04-20,2026-04-20,14.3,,0,,,2026-05-01,11.5,,,,,2026-05-22,21.0,,,,,2026-06-23,32.2,,,,,2026-07-13,20.0,,,
20414.0047,20414.0047,PERRY D1,HEATH,BRISTOL VALLEY,2026-03-04,2026-03-23,2026-03-19,15.2,,-4,,2026-04-06,2026-03-31,8.0,,-6,,,2026-04-21,15.0,,,,,2026-05-04,13.4,,,,,2026-05-27,23.1,,,,,2026-06-26,30.0,,,,,2026-07-17,21.0,,,
20037.0493,20037.0493,PERRY D2,MCKINNEY,TRINITY FALLS,2026-04-24,,2026-05-05,11.4,,,,,2026-05-09,4.4,,,,,2026-05-31,21.8,,,,,2026-06-11,10.7,,,,,2026-06-25,14.3,,,,,2026-07-17,22.1,,,,,2026-08-01,15.4,,,
20037.0494,20037.0494,PERRY D2,MCKINNEY,TRINITY FALLS,2026-03-23,2026-04-07,2026-04-03,11.4,,-4,,2026-04-12,2026-04-11,4.2,,-1,,2026-04-27,2026-05-06,24.3,,9,,,2026-05-08,11.1,,,,,2026-05-22,14.3,,,,,2026-06-13,22.1,,,,,2026-06-28,15.4,,,
20037.0497,20037.0497,PERRY D2,MCKINNEY,TRINITY FALLS,2026-04-17,2026-04-27,2026-04-28,11.4,,1,,2026-04-30,2026-05-03,5.8,,3,,,2026-05-22,21.8,,,,,2026-06-02,11.1,,,,,2026-06-16,14.3,,,,,2026-07-08,22.1,,,,,2026-07-23,15.4,,,
20037.0498,20037.0498,PERRY D2,MCKINNEY,TRINITY FALLS,2026-04-15,2026-04-23,2026-04-26,11.4,,3,,2026-04-27,2026-04-29,6.2,,2,,,2026-05-19,21.8,,,,,2026-05-30,11.1,,,,,2026-06-13,14.3,,,,,2026-07-05,22.1,,,,,2026-07-20,15.4,,,
20037.0506,20037.0506,PERRY D2,MCKINNEY,TRINITY FALLS,2026-03-25,2026-03-30,2026-04-05,11.4,,6,,2026-04-07,2026-04-05,5.9,,-2,,2026-04-27,2026-04-29,21.8,,2,,,2026-05-08,11.1,,,,,2026-05-22,14.3,,,,,2026-06-13,22.1,,,,,2026-06-28,15.4,,,
20037.0519,20037.0519,PERRY D2,MCKINNEY,TRINITY FALLS,2026-03-20,2026-03-26,2026-03-31,11.4,,5,,2026-03-31,2026-04-01,5.8,,1,,2026-04-14,2026-04-22,21.8,,8,,2026-04-24,2026-04-25,10.7,,1,,,2026-05-08,14.3,,,,,2026-05-30,22.1,,,,,2026-06-15,16.2,,,
20037.0394,20037.0394,PERRY D2,MCKINNEY,TRINITY FALLS,2025-05-15,2025-05-20,2025-05-27,11.7,2025-05-25,7,5,2025-05-21,2025-05-27,6.5,2025-05-24,6,3,2025-05-31,2025-06-12,21.8,2025-06-04,12,4,2025-06-05,2025-06-11,10.7,2025-06-12,6,7,2025-06-16,2025-06-19,14.3,2025-06-16,3,0,2025-06-25,2025-07-08,22.1,2025-07-03,13,8,2025-07-11,2025-07-10,15.4,2025-07-11,-1,0
20037.0400,20037.0400,PERRY D2,MCKINNEY,TRINITY FALLS,2025-05-21,2025-05-28,2025-06-01,11.4,2025-05-31,4,3,2025-05-29,2025-06-05,7.8,2025-06-01,7,3,2025-06-05,2025-06-21,23.0,2025-06-18,16,13,2025-06-11,2025-06-16,11.2,2025-06-18,5,7,2025-06-26,2025-06-25,14.3,2025-06-20,-1,-6,2025-07-15,2025-07-18,22.1,2025-07-11,3,-4,2025-07-23,2025-07-30,15.4,2025-07-23,7,0
20037.0408,20037.0408,PERRY D2,MCKINNEY,TRINITY FALLS,2026-03-09,2026-03-19,2026-03-20,11.4,,1,,2026-03-25,2026-03-25,6.4,,0,,2026-04-22,2026-04-17,23.0,,-5,,,2026-05-03,10.7,,,,,2026-05-17,14.3,,,,,2026-06-08,22.1,,,,,2026-06-23,15.4,,,
20054.0368,20054.0368,PERRY D2,CELINA,MUSTANG LAKES,2026-04-17,2026-05-01,2026-04-29,11.7,,-2,,,2026-05-06,5.4,,,,,2026-05-21,14.8,,,,,2026-05-29,7.9,,,,,2026-06-11,13.0,,,,,2026-07-01,19.5,,,,,2026-07-16,15.4,,,
20054.0369,20054.0369,PERRY D2,CELINA,MUSTANG LAKES,2026-04-17,2026-04-28,2026-04-28,11.2,,0,,,2026-05-02,4.0,,,,,2026-05-19,16.6,,,,,2026-05-27,8.4,,,,,2026-06-09,12.8,,,,,2026-06-29,19.5,,,,,2026-07-14,15.3,,,
20066.0633,20066.0633,PERRY D2,FORNEY,DEVONSHIRE,2026-04-14,2026-04-29,2026-04-23,8.5,,-6,,,2026-05-04,4.6,,,,,2026-05-18,14.4,,,,,2026-05-30,12.2,,,,,2026-06-12,12.8,,,,,2026-06-30,17.6,,,,,2026-07-15,14.5,,,
20362.0061,20362.0061,PERRY D3,LAVON,HILLSTEAD,2026-03-04,2026-03-18,2026-03-14,9.8,,-4,,2026-03-20,2026-03-22,3.9,,2,,2026-04-02,2026-04-01,12.4,,-1,,2026-04-14,2026-04-15,13.1,,1,,,2026-04-30,16.5,,,,,2026-05-21,21.2,,,,,2026-06-04,13.7,,,
20383.0019,20383.0019,PERRY D3,CELINA,THE HEIGHTS AT UPTOWN CELINA,2025-06-10,2025-06-18,2025-06-20,10.4,2025-06-20,2,2,2025-06-27,2025-06-22,3.9,2025-06-21,-5,-6,2025-07-22,2025-07-15,18.1,2025-07-10,-7,-12,2025-07-30,2025-08-03,11.9,2025-08-04,4,5,2025-08-05,2025-08-12,12.8,2025-08-19,7,14,2025-08-27,2025-08-25,19.5,2025-09-03,-2,7,2025-09-12,2025-09-12,15.8,2025-09-12,0,0
20400.0011,20400.0011,PERRY D3,LUCAS,ENCHANTED CREEK,2026-01-14,2026-01-22,2026-01-28,13.9,2026-01-22,6,0,2026-02-09,2026-01-30,8.1,2026-04-26,-10,76,2026-02-24,2026-02-27,17.6,2026-05-09,3,74,2026-03-17,2026-03-11,15.5,2026-05-22,-6,66,2026-04-13,2026-04-01,15.1,2026-06-11,-12,59,2026-04-29,2026-04-29,15.8,2026-07-30,0,92,,2026-05-30,30.7,2026-08-20,,
20418.0021,20418.0021,PERRY D3,CELINA,RAMBLE,2026-04-01,2026-04-16,2026-04-11,10.5,,-5,,2026-04-17,2026-04-20,3.6,,3,,,2026-05-04,17.2,,,,,2026-05-12,8.4,,,,,2026-05-25,12.7,,,,,2026-06-14,19.5,,,,,2026-06-29,15.4,,,
20418.0039,20418.0039,PERRY D3,CELINA,RAMBLE,2026-04-27,,2026-05-07,9.9,,,,,2026-05-12,4.9,,,,,2026-05-27,15.4,,,,,2026-06-06,9.6,,,,,2026-06-19,13.0,,,,,2026-07-09,19.5,,,,,2026-07-24,15.4,,,
20418.0009,20418.0009,PERRY D3,CELINA,RAMBLE,2026-04-10,2026-04-27,2026-04-22,12.2,,-5,,,2026-04-30,2.7,,,,,2026-05-18,17.7,,,,,2026-05-30,11.7,,,,,2026-06-12,13.0,,,,,2026-07-02,19.5,,,,,2026-07-17,15.4,,,
20418.0011,20418.0011,PERRY D3,CELINA,RAMBLE,2026-04-20,2026-04-29,2026-05-01,11.4,,2,,,2026-05-03,4.5,,,,,2026-05-20,17.1,,,,,2026-05-29,8.8,,,,,2026-06-11,13.0,,,,,2026-07-01,19.5,,,,,2026-07-16,15.4,,,
20031.0170,20031.0170,PERRY D4,MANSFIELD,M3 RANCH,2026-04-30,,2026-05-11,10.9,,,,,2026-05-15,4.5,,,,,2026-06-01,17.4,,,,,2026-06-16,14.7,,,,,2026-06-28,12.3,,,,,2026-07-18,20.3,,,,,2026-08-02,15.0,,,
20031.0183,20031.0183,PERRY D4,MANSFIELD,M3 RANCH,2026-02-12,2026-02-19,2026-02-23,10.8,2026-05-07,4,77,2026-02-24,2026-02-23,4.5,2026-05-14,-1,79,2026-03-04,2026-03-13,17.4,2026-05-21,9,78,2026-03-19,2026-03-19,14.7,2026-06-08,0,81,2026-03-30,2026-03-31,12.3,2026-06-16,1,78,2026-04-13,2026-04-19,20.3,2026-06-30,6,78,2026-04-23,2026-04-27,13.8,2026-07-09,4,77
20033.0323,20033.0323,PERRY D4,FORT WORTH,WALSH,2026-04-29,,2026-05-11,12.5,,,,,2026-05-16,5.0,,,,,2026-05-31,15.4,,,,,2026-06-13,13.3,,,,,2026-06-28,14.8,,,,,2026-07-16,17.9,,,,,2026-08-03,18.2,,,
20034.0281,20034.0281,PERRY D4,FORT WORTH,VENTANA,2026-03-27,2026-04-09,2026-04-09,13.4,,0,,2026-04-14,2026-04-14,5.1,,0,,2026-04-28,2026-04-30,15.9,,2,,,2026-05-10,11.7,,,,,2026-05-25,14.8,,,,,2026-06-07,13.0,,,,,2026-06-26,19.4,,,
20034.0312,20034.0312,PERRY D4,FORT WORTH,VENTANA,2026-03-09,2026-03-20,2026-03-20,11.1,,0,,2026-03-25,2026-03-25,5.2,,0,,2026-04-03,2026-04-10,15.9,,7,,2026-04-17,2026-04-14,11.3,,-3,,2026-04-28,2026-05-02,14.8,,4,,,2026-05-18,19.9,,,,,2026-06-06,18.5,,,
20035.0043,146273,PERRY D4,FORT WORTH,VENTANA RENTALS,2024-06-28,2024-07-12,2024-07-13,14.6,,1,,2024-07-29,2024-07-20,8.3,,-9,,2024-08-19,2024-08-17,18.8,,-2,,2024-09-12,2024-09-02,14.0,,-10,,2024-09-30,2024-09-27,14.8,,-3,,2024-11-19,2024-10-12,11.5,,-38,,2025-01-03,2024-12-07,17.9,,-27,
20035.0076,146281,PERRY D4,FORT WORTH,VENTANA RENTALS,2024-07-09,2024-07-16,2024-07-21,11.8,,5,,2024-08-05,2024-07-24,8.4,,-12,,2024-09-16,2024-08-23,18.5,,-24,,2024-09-30,2024-09-29,12.9,,-1,,2024-11-13,2024-10-15,14.8,,-29,,2024-11-27,2024-11-29,16.5,,2,,2024-12-20,2024-12-16,19.5,,-4,
20035.0088,146290,PERRY D4,FORT WORTH,VENTANA RENTALS,2024-07-09,2024-07-16,2024-07-21,11.8,,5,,2024-08-05,2024-07-24,8.4,,-12,,2024-08-21,2024-08-23,18.5,,2,,2024-09-17,2024-09-04,14.1,,-13,,2024-11-18,2024-10-02,14.8,,-47,,2024-12-18,2024-12-04,15.9,,-14,,2024-12-26,2025-01-04,17.2,,9,
20035.0089,146294,PERRY D4,FORT WORTH,VENTANA RENTALS,2024-07-18,2024-07-29,2024-07-30,12.0,,1,,2024-08-05,2024-08-04,6.3,,-1,,2024-08-19,2024-08-22,17.1,,3,,2024-09-17,2024-09-02,13.7,,-15,,2024-11-05,2024-10-02,14.8,,-34,,2024-12-03,2024-11-20,15.3,,-13,,2025-01-27,2024-12-20,17.2,,-38,
20035.0113,146277,PERRY D4,FORT WORTH,VENTANA RENTALS,2024-07-01,2024-07-18,2024-07-14,12.8,,-4,,2024-07-29,2024-07-26,7.7,,-3,,2024-09-13,2024-08-17,18.8,,-27,,2024-09-30,2024-09-27,13.6,,-3,,2024-11-05,2024-10-15,14.8,,-21,,2024-11-27,2024-11-22,16.9,,-5,,2024-12-23,2024-12-16,18.8,,-7,
20035.0147,146288,PERRY D4,FORT WORTH,VENTANA RENTALS,2024-07-09,2024-07-16,2024-07-21,11.8,,5,,2024-08-05,2024-07-24,8.4,,-12,,2024-08-02,2024-08-23,18.5,,21,,2024-09-17,2024-08-17,14.5,,-31,,2024-10-28,2024-10-02,14.8,,-26,,2024-12-02,2024-11-12,14.6,,-20,,2024-12-06,2024-12-19,17.2,,13,
20035.0148,146292,PERRY D4,FORT WORTH,VENTANA RENTALS,2024-07-18,2024-07-29,2024-07-30,12.0,,1,,2024-08-05,2024-08-04,6.3,,-1,,2024-08-19,2024-08-22,17.1,,3,,2024-09-17,2024-09-02,13.7,,-15,,2024-10-11,2024-10-02,14.8,,-9,,2024-11-05,2024-10-26,15.3,,-10,,2024-11-28,2024-11-24,18.7,,-4,
20035.0162,146280,PERRY D4,FORT WORTH,VENTANA RENTALS,2024-05-08,2024-05-22,2024-05-21,12.7,,-1,,2024-05-29,2024-05-30,7.7,,1,,2024-06-04,2024-06-15,17.4,,11,,2024-06-21,2024-06-18,13.6,,-3,,2024-07-30,2024-07-06,14.8,,-24,,2024-09-04,2024-08-11,12.0,,-24,,2024-10-18,2024-09-21,17.3,,-27,
20035.0173,146276,PERRY D4,FORT WORTH,VENTANA RENTALS,2024-07-01,2024-07-18,2024-07-14,12.8,,-4,,2024-07-29,2024-07-26,7.9,,-3,,2024-09-13,2024-08-17,18.8,,-27,,2024-09-17,2024-09-27,13.6,,10,,2024-11-05,2024-10-02,14.8,,-34,,2024-11-19,2024-11-21,16.4,,2,,2024-11-28,2024-12-08,19.5,,10,
20088.0106,20088.0106,PERRY D4,HASLET,SWEETGRASS,2026-02-05,2026-02-16,2026-02-16,11.0,2026-05-07,0,80,2026-02-17,2026-02-21,4.9,2026-05-10,4,82,2026-02-27,2026-03-08,18.9,2026-05-27,9,89,2026-03-10,2026-03-08,8.9,2026-06-09,-2,91,2026-03-27,2026-03-22,12.5,2026-06-21,-5,86,2026-04-16,2026-04-17,20.7,2026-07-15,1,90,,2026-05-08,21.9,2026-08-24,,
20088.0138,20088.0138,PERRY D4,HASLET,SWEETGRASS,2026-01-08,2026-01-19,2026-01-20,12.2,2026-01-19,1,0,2026-01-22,2026-01-24,5.0,2026-01-22,2,0,2026-02-09,2026-02-10,18.9,2026-04-26,1,76,2026-02-19,2026-02-18,8.9,2026-05-09,-1,79,2026-03-04,2026-03-03,12.5,2026-05-21,-1,78,2026-03-18,2026-03-25,20.7,2026-06-14,7,88,2026-04-10,2026-04-09,21.9,2026-07-24,-1,105
20088.0156,20088.0156,PERRY D4,HASLET,SWEETGRASS,2025-12-26,2026-01-02,2026-01-09,13.8,2026-01-03,7,1,2026-01-07,2026-01-07,5.0,2026-01-08,0,1,2026-01-15,2026-01-26,18.9,2026-01-24,11,9,2026-01-21,2026-01-24,8.9,2026-01-28,3,7,2026-02-02,2026-02-02,12.5,2026-04-26,0,83,2026-02-17,2026-02-23,20.7,2026-05-20,6,92,2026-03-02,2026-03-11,21.9,2026-06-29,9,119
20088.0163,20088.0163,PERRY D4,HASLET,SWEETGRASS,2026-02-12,2026-02-24,2026-02-24,12.2,,0,,2026-03-02,2026-03-01,4.9,,-1,,2026-03-19,2026-03-21,18.9,,2,,2026-03-31,2026-03-29,10.2,,-2,,2026-04-14,2026-04-12,12.5,,-2,,2026-04-30,2026-05-05,20.7,,5,,,2026-05-22,21.9,,,
20088.0194,20088.0194,PERRY D4,HASLET,SWEETGRASS,2026-02-10,2026-02-18,2026-02-22,12.2,2026-05-09,4,80,2026-02-23,2026-02-23,4.9,2026-05-14,0,80,2026-03-10,2026-03-14,18.9,2026-05-31,4,82,2026-03-19,2026-03-20,10.2,2026-06-13,1,86,2026-04-03,2026-03-31,12.5,2026-06-25,-3,83,2026-04-22,2026-04-24,20.7,2026-07-19,2,88,,2026-05-14,21.9,2026-08-28,,
20088.0197,20088.0197,PERRY D4,HASLET,SWEETGRASS,2026-01-13,2026-01-30,2026-01-25,12.2,2026-04-26,-5,86,2026-02-05,2026-02-04,5.0,2026-05-01,-1,85,2026-02-17,2026-02-24,18.9,2026-05-18,7,90,2026-03-02,2026-02-26,8.9,2026-05-31,-4,90,2026-03-16,2026-03-14,12.5,2026-06-12,-2,88,2026-04-01,2026-04-06,20.7,2026-07-06,5,96,2026-04-24,2026-04-23,21.9,2026-08-15,-1,113
20372.0042,20372.0042,PERRY D4,FORT WORTH,TALON HILLS,2026-02-10,2026-02-19,2026-02-22,12.1,2026-05-09,3,79,2026-02-24,2026-02-25,6.0,2026-05-14,1,79,2026-03-04,2026-03-12,16.4,2026-05-31,8,88,2026-03-26,2026-03-18,13.6,2026-06-13,-8,79,2026-03-30,2026-04-11,15.6,2026-07-02,12,94,2026-04-14,2026-04-16,16.9,2026-07-17,2,94,2026-04-30,2026-05-04,19.7,2026-08-10,4,102
20394.0021,20394.0021,PERRY D4,LAKEWOOD VILLAGE,LAKEWOOD VILLAGE,2026-02-26,2026-03-12,2026-03-09,10.6,,-3,,2026-03-19,2026-03-18,6.1,,-1,,2026-04-09,2026-04-03,14.7,,-6,,2026-04-10,2026-04-22,12.7,,12,,,2026-04-27,16.6,,,,,2026-05-25,28.1,,,,,2026-06-13,18.5,,,
20394.0026,20394.0026,PERRY D4,LAKEWOOD VILLAGE,LAKEWOOD VILLAGE,2026-03-09,2026-03-17,2026-03-19,9.7,,2,,2026-03-20,2026-03-22,4.9,,2,,2026-04-01,2026-04-04,14.7,,3,,2026-04-27,2026-04-14,12.7,,-13,,,2026-05-14,16.6,,,,,2026-06-11,28.1,,,,,2026-06-30,18.5,,,
20394.0033,20394.0033,PERRY D4,LAKEWOOD VILLAGE,LAKEWOOD VILLAGE,2026-03-10,2026-03-17,2026-03-20,9.9,,3,,2026-03-30,2026-03-22,4.9,,-8,,2026-04-22,2026-04-13,13.8,,-9,,,2026-05-05,12.7,,,,,2026-05-22,16.6,,,,,2026-06-19,28.1,,,,,2026-07-08,18.5,,,
20394.0034,20394.0034,PERRY D4,LAKEWOOD VILLAGE,LAKEWOOD VILLAGE,2026-04-09,2026-04-16,2026-04-19,9.9,,3,,2026-04-24,2026-04-22,6.5,,-2,,,2026-05-08,14.3,,,,,2026-05-21,12.7,,,,,2026-06-07,16.6,,,,,2026-07-05,28.1,,,,,2026-07-24,18.5,,,
20394.0035,20394.0035,PERRY D4,LAKEWOOD VILLAGE,LAKEWOOD VILLAGE,2026-03-24,2026-04-01,2026-04-04,10.5,,3,,2026-04-06,2026-04-07,6.4,,1,,,2026-04-19,13.5,,,,,2026-05-02,12.7,,,,,2026-05-19,16.6,,,,,2026-06-16,28.1,,,,,2026-07-05,18.5,,,
20394.0036,20394.0036,PERRY D4,LAKEWOOD VILLAGE,LAKEWOOD VILLAGE,2026-02-09,2026-02-16,2026-02-19,9.9,2026-05-09,3,82,2026-02-26,2026-02-21,4.7,2026-05-14,-5,77,2026-03-05,2026-03-13,15.0,2026-05-31,8,87,2026-03-24,2026-03-18,12.7,2026-06-13,-6,81,2026-04-09,2026-04-10,16.6,2026-06-25,1,77,2026-04-21,2026-05-07,28.1,2026-07-19,16,89,,2026-05-10,18.5,2026-09-18,,
20394.0060,20394.0060,PERRY D4,LAKEWOOD VILLAGE,LAKEWOOD VILLAGE,2026-03-30,2026-04-20,2026-04-11,11.8,,-9,,,2026-04-25,5.3,,,,,2026-05-14,19.0,,,,,2026-05-27,12.7,,,,,2026-06-13,16.6,,,,,2026-07-11,28.1,,,,,2026-07-30,18.5,,,
20394.0061,20394.0061,PERRY D4,LAKEWOOD VILLAGE,LAKEWOOD VILLAGE,2026-04-16,2026-04-24,2026-04-26,10.2,,2,,,2026-04-30,6.5,,,,,2026-05-17,17.5,,,,,2026-05-30,12.7,,,,,2026-06-16,16.6,,,,,2026-07-14,28.1,,,,,2026-08-02,18.5,,,
20394.0062,20394.0062,PERRY D4,LAKEWOOD VILLAGE,LAKEWOOD VILLAGE,2026-03-09,2026-03-16,2026-03-21,11.5,,5,,2026-03-30,2026-03-21,4.9,,-9,,2026-04-02,2026-04-17,18.5,,15,,,2026-04-15,12.7,,,,,2026-05-02,16.6,,,,,2026-05-30,28.1,,,,,2026-06-18,18.5,,,
20394.0064,20394.0064,PERRY D4,LAKEWOOD VILLAGE,LAKEWOOD VILLAGE,2026-04-09,2026-04-17,2026-04-20,11.0,,3,,2026-04-25,2026-04-24,6.5,,-1,,,2026-05-14,19.0,,,,,2026-05-27,12.7,,,,,2026-06-13,16.6,,,,,2026-07-11,28.1,,,,,2026-07-30,18.5,,,
20132.1152,20132.1152,HOUSTON 1,MANVEL,MERIDIANA,2026-03-25,2026-04-07,2026-04-08,13.7,,1,,2026-04-13,2026-04-14,7.4,,1,,2026-04-18,2026-04-21,7.8,,3,,,2026-04-27,9.4,,,,,2026-05-12,14.8,,,,,2026-06-01,19.9,,,,,2026-06-13,12.2,,,
20132.1155,20132.1155,HOUSTON 1,MANVEL,MERIDIANA,2026-04-02,,2026-04-17,15.3,,,,,2026-04-25,8.1,,,,,2026-05-03,8.5,,,,,2026-05-13,10.2,,,,,2026-05-27,13.7,,,,,2026-06-16,20.2,,,,,2026-06-29,12.5,,,
20132.1106,20132.1106,HOUSTON 1,MANVEL,MERIDIANA,2026-04-01,2026-04-10,2026-04-15,14.4,,5,,2026-04-22,2026-04-19,8.8,,-3,,2026-05-01,2026-04-30,7.9,,-1,,,2026-05-10,9.3,,,,,2026-05-26,15.8,,,,,2026-06-15,20.5,,,,,2026-06-27,12.1,,,
20132.1107,20132.1107,HOUSTON 1,MANVEL,MERIDIANA,2026-04-09,,2026-04-24,15.2,,,,,2026-05-02,8.3,,,,,2026-05-11,8.7,,,,,2026-05-21,10.2,,,,,2026-06-04,14.0,,,,,2026-06-25,20.7,,,,,2026-07-08,13.3,,,
20132.1108,20132.1108,HOUSTON 1,MANVEL,MERIDIANA,2026-03-27,2026-04-06,2026-04-12,15.5,,6,,2026-04-14,2026-04-12,5.6,,-2,,2026-04-24,2026-04-22,7.8,,-2,,,2026-05-03,8.9,,,,,2026-05-18,15.0,,,,,2026-06-07,20.3,,,,,2026-06-20,12.7,,,
20132.0837,20132.0837,HOUSTON 1,MANVEL,MERIDIANA,2025-12-17,2026-01-05,2026-01-02,16.0,2026-01-05,-3,0,2026-01-12,2026-01-11,6.5,2026-01-12,-1,0,2026-01-21,2026-01-21,9.2,2026-01-21,0,0,2026-02-03,2026-01-30,9.4,2026-04-26,-4,82,2026-02-16,2026-02-17,13.6,2026-05-15,1,88,2026-03-04,2026-03-09,21.1,2026-06-01,5,89,2026-03-18,2026-03-17,13.0,2026-06-12,-1,86
20132.0838,20132.0838,HOUSTON 1,MANVEL,MERIDIANA,2025-12-17,2026-01-09,2026-01-02,15.9,2026-01-05,-7,-4,2026-01-16,2026-01-15,5.9,2026-01-16,-1,0,2026-01-27,2026-01-27,10.9,2026-01-25,0,-2,2026-02-09,2026-02-05,9.0,2026-04-26,-4,76,2026-03-04,2026-02-23,13.6,2026-05-15,-9,72,2026-03-06,2026-03-22,17.7,2026-06-01,16,87,2026-03-24,2026-03-19,13.0,2026-06-12,-5,80
20132.0975,20132.0975,HOUSTON 1,MANVEL,MERIDIANA,2026-04-30,,2026-05-12,12.5,,,,,2026-05-20,8.1,,,,,2026-05-30,9.8,,,,,2026-06-07,7.8,,,,,2026-06-21,14.0,,,,,2026-07-08,17.4,,,,,2026-07-20,11.7,,,
20132.0977,20132.0977,HOUSTON 1,MANVEL,MERIDIANA,2026-04-14,,2026-04-26,11.7,,,,,2026-05-03,6.6,,,,,2026-05-12,8.9,,,,,2026-05-19,7.4,,,,,2026-06-02,14.5,,,,,2026-06-21,19.1,,,,,2026-07-04,12.8,,,
20132.1092,20132.1092,HOUSTON 1,MANVEL,MERIDIANA,2025-09-03,2025-09-19,2025-09-22,19.3,2025-09-28,3,9,2025-09-26,2025-09-27,8.2,2025-09-27,1,1,2025-10-01,2025-10-05,9.4,2025-10-09,4,8,2025-10-21,2025-10-15,14.3,2025-10-13,-6,-8,2025-11-05,2025-11-06,16.3,2025-11-09,1,4,,2025-11-24,19.1,2026-04-26,,,,2025-12-07,12.8,2026-05-06,,
20165.0116,20165.0116,HOUSTON 1,MANVEL,VALENCIA,2026-03-13,2026-03-24,2026-03-25,12.1,,1,,2026-03-31,2026-03-31,7.0,,0,,2026-04-09,2026-04-10,9.9,,1,,2026-04-09,2026-04-17,8.2,,8,,2026-04-29,2026-04-27,18.3,,-2,,,2026-05-11,12.0,,,,,2026-05-22,10.9,,,
20165.0041,20165.0041,HOUSTON 1,MANVEL,VALENCIA,2024-05-10,2024-05-20,2024-05-23,13.3,2024-05-30,3,10,2024-05-24,2024-05-28,7.9,2024-05-28,4,4,2024-06-01,2024-06-03,9.8,2024-06-04,2,3,2024-06-10,2024-06-10,8.6,2024-06-13,0,3,2024-07-08,2024-06-22,12.5,2024-06-29,-16,-9,2024-07-15,2024-07-19,10.9,2024-08-18,4,34,2024-07-16,2024-07-26,10.9,2024-07-16,10,0
20165.0229,20165.0229,HOUSTON 1,MANVEL,VALENCIA,2025-12-23,2026-01-09,2026-01-09,16.6,2026-01-12,0,3,2026-01-15,2026-01-15,6.2,2026-01-17,0,2,2026-01-26,2026-01-25,10.2,2026-01-26,-1,0,2026-02-13,2026-02-04,9.1,2026-04-26,-9,72,2026-02-20,2026-02-28,15.1,2026-05-15,8,84,2026-03-02,2026-03-05,13.3,2026-06-25,3,115,2026-03-06,2026-03-12,10.3,2026-07-05,6,121
20165.0238,20165.0238,HOUSTON 1,MANVEL,VALENCIA,2026-01-09,2026-01-29,2026-01-25,16.3,2026-04-26,-4,87,2026-02-05,2026-02-04,5.6,2026-05-04,-1,88,2026-02-13,2026-02-14,9.0,2026-05-15,1,91,2026-02-26,2026-02-23,10.3,2026-05-27,-3,90,2026-03-11,2026-03-13,14.6,2026-06-15,2,96,2026-03-23,2026-03-27,15.8,2026-07-26,4,125,2026-04-02,2026-04-03,10.9,2026-08-05,1,125
20165.0254,20165.0254,HOUSTON 1,MANVEL,VALENCIA,2026-02-13,2026-02-26,2026-03-02,16.7,2026-05-16,4,79,2026-03-05,2026-03-06,8.1,2026-05-24,1,80,2026-03-16,2026-03-13,8.1,2026-06-04,-3,80,2026-03-26,2026-03-24,7.9,2026-06-16,-2,82,2026-04-10,2026-04-10,14.8,2026-07-05,0,86,2026-04-21,2026-04-24,13.8,2026-08-15,3,116,,2026-05-01,10.2,2026-08-25,,
20165.0279,20165.0279,HOUSTON 1,MANVEL,VALENCIA,2026-02-04,2026-02-19,2026-02-17,12.9,2026-05-16,-2,86,2026-02-26,2026-02-26,7.0,2026-05-24,0,87,2026-03-06,2026-03-06,8.3,2026-06-04,0,90,2026-03-13,2026-03-14,7.6,2026-06-16,1,95,2026-04-07,2026-03-30,17.1,2026-07-05,-8,89,2026-04-14,2026-04-19,11.7,2026-08-15,5,123,2026-04-27,2026-04-24,10.1,2026-08-25,-3,120
20165.0051,20165.0051,HOUSTON 1,MANVEL,VALENCIA,2026-02-27,2026-03-13,2026-03-18,18.9,,5,,2026-03-23,2026-03-22,8.9,,-1,,2026-03-31,2026-04-01,8.9,,1,,2026-04-14,2026-04-16,16.1,,2,,2026-04-29,2026-05-02,17.9,,3,,,2026-05-18,19.4,,,,,2026-05-30,12.0,,,
20165.0068,20165.0068,HOUSTON 1,MANVEL,VALENCIA,2026-04-29,,2026-05-13,13.9,,,,,2026-05-21,8.5,,,,,2026-05-31,10.2,,,,,2026-06-10,9.9,,,,,2026-06-23,13.2,,,,,2026-07-10,16.7,,,,,2026-07-22,11.8,,,
20165.0188,20165.0188,HOUSTON 1,MANVEL,VALENCIA,2025-12-22,2026-02-04,2026-01-11,19.9,2026-04-26,-24,81,2026-02-13,2026-02-11,7.2,2026-04-28,-2,74,2026-02-25,2026-02-23,10.1,2026-05-09,-2,73,2026-03-13,2026-03-07,10.2,2026-05-21,-6,69,2026-04-14,2026-04-03,21.2,2026-06-09,-11,56,2026-04-22,2026-04-29,15.4,2026-07-20,7,89,,2026-05-05,12.6,2026-07-30,,
20410.0005,20410.0005,HOUSTON 1,HOUSTON,MIDLINE,2026-01-16,2026-02-06,2026-01-29,13.5,2026-04-26,-8,79,2026-02-17,2026-02-14,7.9,2026-05-04,-3,76,2026-02-26,2026-02-26,9.3,2026-05-15,0,78,2026-03-11,2026-03-10,11.7,2026-05-27,-1,77,2026-03-27,2026-03-30,18.9,2026-06-15,3,80,2026-04-16,2026-04-21,25.4,2026-07-26,5,101,,2026-04-25,9.5,2026-08-05,,
20410.0007,20410.0007,HOUSTON 1,HOUSTON,MIDLINE,2026-04-30,,2026-05-13,13.4,,,,,2026-05-21,8.1,,,,,2026-06-02,12.0,,,,,2026-06-13,11.1,,,,,2026-07-03,19.9,,,,,2026-08-02,29.8,,,,,2026-08-11,8.9,,,
20410.0017,20410.0017,HOUSTON 1,HOUSTON,MIDLINE,2026-01-19,2026-02-06,2026-01-31,12.2,2026-04-26,-6,79,2026-02-17,2026-02-14,7.7,2026-05-04,-3,76,2026-02-26,2026-02-26,9.2,2026-05-15,0,78,2026-03-11,2026-03-10,11.7,2026-05-27,-1,77,2026-04-10,2026-03-30,18.6,2026-06-15,-11,66,,2026-04-29,19.2,2026-07-26,,,,2026-05-08,9.2,2026-08-05,,
20410.0018,20410.0018,HOUSTON 1,HOUSTON,MIDLINE,2026-01-22,2026-02-17,2026-02-02,10.9,2026-04-26,-15,68,2026-02-23,2026-02-24,6.7,2026-05-04,1,70,2026-03-12,2026-03-06,10.6,2026-05-15,-6,64,2026-03-25,2026-03-22,10.4,2026-05-27,-3,63,2026-05-01,2026-04-12,18.4,2026-06-15,-19,45,,2026-05-18,17.2,2026-07-26,,,,2026-05-27,8.6,2026-08-05,,
20410.0019,20410.0019,HOUSTON 1,HOUSTON,MIDLINE,2026-01-22,2026-02-06,2026-02-02,10.8,2026-04-26,-4,79,2026-02-17,2026-02-13,7.1,2026-05-04,-4,76,2026-02-27,2026-02-26,8.5,2026-05-15,-1,77,2026-03-11,2026-03-10,10.6,2026-05-27,-1,77,,2026-03-28,17.1,2026-06-15,,,,2026-04-25,27.6,2026-07-26,,,,2026-05-04,8.9,2026-08-05,,
20410.0027,20410.0027,HOUSTON 1,HOUSTON,MIDLINE,2026-02-02,2026-02-16,2026-02-13,11.2,2026-05-15,-3,88,2026-02-26,2026-02-23,7.0,2026-05-23,-3,86,2026-03-12,2026-03-08,10.3,2026-06-03,-4,83,2026-03-25,2026-03-23,11.3,2026-06-15,-2,82,2026-04-27,2026-04-12,18.2,2026-07-04,-15,68,,2026-05-17,19.7,2026-08-14,,,,2026-05-27,9.6,2026-08-24,,
20410.0028,20410.0028,HOUSTON 1,HOUSTON,MIDLINE,2026-02-02,2026-02-27,2026-02-14,11.9,2026-05-15,-13,77,2026-03-23,2026-03-07,7.8,2026-05-23,-16,61,2026-04-07,2026-03-31,8.3,2026-06-03,-7,57,2026-04-17,2026-04-18,10.9,2026-06-15,1,59,,2026-05-07,19.8,2026-07-04,,,,2026-06-04,27.8,2026-08-14,,,,2026-06-13,9.4,2026-08-24,,
20183.0233,20183.0233,HOUSTON 2,MAGNOLIA,AUDUBON,2026-04-15,,2026-04-25,10.5,,,,,2026-04-30,4.9,,,,,2026-05-12,12.0,,,,,2026-05-22,10.2,,,,,2026-06-06,14.7,,,,,2026-07-03,26.6,,,,,2026-07-18,14.7,,,
20183.0264,20183.0264,HOUSTON 2,MAGNOLIA,AUDUBON,2026-02-26,2026-03-07,2026-03-14,15.9,,7,,2026-03-11,2026-03-12,5.3,,1,,2026-03-21,2026-03-23,12.1,,2,,2026-03-31,2026-03-31,10.3,,0,,2026-04-16,2026-04-20,19.5,,4,,,2026-05-11,25.2,,,,,2026-05-26,15.1,,,
20358.0039,20358.0039,HOUSTON 2,MONTGOMERY,TWO STEP FARM,2026-02-04,2026-02-16,2026-02-16,12.1,2026-05-15,0,88,2026-02-18,2026-02-20,4.1,2026-05-23,2,94,2026-02-27,2026-02-28,10.2,2026-06-01,1,94,2026-03-09,2026-03-12,12.6,2026-06-11,3,94,2026-03-26,2026-03-26,16.6,2026-06-26,0,92,2026-04-13,2026-05-21,55.7,2026-07-12,38,90,2026-04-17,2026-05-02,18.5,2026-08-06,15,111
20358.0066,20358.0066,HOUSTON 2,MONTGOMERY,TWO STEP FARM,2026-01-29,2026-02-17,2026-02-11,12.8,2026-05-22,-6,94,2026-02-23,2026-02-21,4.1,2026-05-25,-2,91,2026-03-03,2026-03-10,14.9,2026-06-05,7,94,2026-03-12,2026-03-16,12.7,2026-06-16,4,96,2026-03-25,2026-03-29,16.6,2026-07-02,4,99,,2026-05-20,55.7,2026-07-18,,,,2026-06-08,18.5,2026-08-12,,
20265.0256,20265.0256,HOUSTON 3,FULSHEAR,CROSS CREEK WEST,2026-01-02,2026-01-20,2026-01-17,15.0,2026-01-18,-3,-2,2026-01-21,2026-01-24,3.9,2026-01-24,3,3,2026-02-03,2026-02-01,11.3,2026-04-26,-2,82,2026-02-12,2026-02-13,9.8,2026-05-07,1,84,2026-03-04,2026-03-03,19.0,2026-05-21,-1,78,2026-03-23,2026-03-19,14.6,2026-06-13,-4,82,2026-04-06,2026-04-05,12.7,2026-06-25,-1,80
20267.0557,20267.0557,HOUSTON 3,RICHMOND,CANDELA,2026-04-20,,2026-04-29,9.1,,,,,2026-05-05,5.7,,,,,2026-05-15,10.2,,,,,2026-05-23,8.2,,,,,2026-06-07,14.6,,,,,2026-06-26,19.1,,,,,2026-07-08,12.1,,,
20267.0575,20267.0575,HOUSTON 3,RICHMOND,CANDELA,2026-03-04,2026-03-18,2026-03-12,8.5,,-6,,2026-03-23,2026-03-23,5.3,,0,,2026-04-01,2026-04-03,10.5,,2,,2026-04-08,2026-04-10,8.6,,2,,2026-04-22,2026-04-22,14.5,,0,,,2026-05-09,17.1,,,,,2026-05-21,12.4,,,
20267.0577,20267.0577,HOUSTON 3,RICHMOND,CANDELA,2026-03-31,,2026-04-10,10.4,,,,,2026-04-17,7.0,,,,,2026-04-27,10.3,,,,,2026-05-06,9.1,,,,,2026-05-21,14.7,,,,,2026-06-10,20.2,,,,,2026-06-22,12.0,,,
20267.0578,20267.0578,HOUSTON 3,RICHMOND,CANDELA,2026-02-06,2026-02-23,2026-02-15,9.2,,-8,,2026-02-26,2026-02-27,4.2,,1,,2026-03-06,2026-03-09,10.6,,3,,2026-03-13,2026-03-13,6.6,,0,,2026-03-26,2026-03-27,14.4,,1,,2026-04-17,2026-04-12,17.4,,-5,,2026-04-27,2026-04-29,12.2,,2,
20267.0586,20267.0586,HOUSTON 3,RICHMOND,CANDELA,2026-04-06,2026-04-17,2026-04-20,13.7,,3,,2026-04-27,2026-04-24,6.6,,-3,,,2026-05-07,10.1,,,,,2026-05-17,10.5,,,,,2026-06-04,18.2,,,,,2026-06-24,19.9,,,,,2026-07-06,12.3,,,
20356.0004,20356.0004,HOUSTON 3,FULSHEAR,FULSHEAR LAKES,2025-11-20,2025-12-22,2025-12-08,18.1,2025-12-22,-14,0,2026-01-05,2025-12-29,7.5,2026-01-05,-7,0,2026-01-17,2026-01-16,11.2,2026-01-19,-1,2,2026-01-30,2026-01-28,10.8,2026-04-26,-2,86,2026-02-18,2026-02-18,18.7,2026-05-12,0,83,2026-03-03,2026-03-04,14.1,2026-06-04,1,93,2026-03-18,2026-03-16,12.7,2026-06-16,-2,90
20356.0009,20356.0009,HOUSTON 3,FULSHEAR,FULSHEAR LAKES,2025-11-11,2025-12-04,2025-11-27,16.2,2025-12-13,-7,9,2025-12-15,2025-12-12,7.7,2025-12-18,-3,3,2025-12-31,2025-12-26,11.2,2025-12-29,-5,-2,2026-01-12,2026-01-11,10.8,2026-01-12,-1,0,2026-01-30,2026-01-31,18.7,2026-04-26,1,86,2026-02-13,2026-02-15,16.5,2026-05-19,2,95,2026-02-27,2026-02-26,12.7,2026-05-31,-1,93
20356.0029,20356.0029,HOUSTON 3,FULSHEAR,FULSHEAR LAKES,2025-12-23,2026-01-30,2026-01-08,16.5,2026-04-26,-22,86,2026-02-06,2026-02-06,7.1,2026-05-10,0,93,2026-02-24,2026-02-17,11.2,2026-05-24,-7,89,2026-03-06,2026-03-06,10.3,2026-06-05,0,91,2026-03-19,2026-03-25,19.1,2026-06-21,6,94,2026-04-22,2026-04-05,16.7,2026-07-14,-17,83,2026-04-29,2026-05-04,12.5,2026-07-26,5,88
20359.0052,20359.0052,HOUSTON 3,KATY,GRANGE,2026-01-20,2026-02-06,2026-02-04,15.4,2026-04-26,-2,79,2026-02-12,2026-02-10,4.4,2026-05-01,-2,78,2026-02-24,2026-02-25,12.8,2026-05-16,1,81,2026-03-09,2026-03-07,10.9,2026-05-25,-2,77,2026-03-23,2026-03-30,20.5,2026-06-06,7,75,2026-04-06,2026-04-12,19.9,2026-06-29,6,84,2026-04-18,2026-04-16,10.0,2026-07-05,-2,78
20371.0003,20371.0003,HOUSTON 3,RICHMOND,CANDELA SOUTH,2026-04-20,,2026-04-29,8.8,,,,,2026-05-03,4.4,,,,,2026-05-14,10.6,,,,,2026-05-22,8.3,,,,,2026-06-05,13.8,,,,,2026-06-20,15.0,,,,,2026-07-02,12.3,,,
20371.0024,20371.0024,HOUSTON 3,RICHMOND,CANDELA SOUTH,2025-08-29,2025-09-10,2025-09-08,10.1,2025-09-09,-2,-1,2025-09-12,2025-09-14,4.5,2025-09-16,2,4,2025-09-20,2025-09-23,10.5,2025-09-17,3,-3,2025-09-26,2025-09-28,8.2,2025-09-27,2,1,2025-10-09,2025-10-12,15.5,2025-10-09,3,0,2025-10-17,2025-10-23,13.9,2025-10-23,6,6,2025-10-27,2025-10-30,13.1,2025-10-27,3,0
20415.0059,20415.0059,HOUSTON 3,KATY,LAKES OF CANE ISLAND,2026-04-28,,2026-05-15,16.6,,,,,2026-05-20,4.7,,,,,2026-06-04,14.8,,,,,2026-06-15,11.3,,,,,2026-07-09,24.2,,,,,2026-08-04,26.1,,,,,2026-08-18,14.2,,,
20415.0060,20415.0060,HOUSTON 3,KATY,LAKES OF CANE ISLAND,2026-04-17,2026-04-28,2026-05-03,16.2,,5,,,2026-05-03,4.6,,,,,2026-05-12,9.2,,,,,2026-05-24,12.0,,,,,2026-06-16,23.3,,,,,2026-07-13,27.0,,,,,2026-07-27,13.8,,,
20415.0065,20415.0065,HOUSTON 3,KATY,LAKES OF CANE ISLAND,2026-04-27,,2026-05-12,14.6,,,,,2026-05-16,4.3,,,,,2026-05-30,13.7,,,,,2026-06-10,11.4,,,,,2026-07-06,25.8,,,,,2026-07-30,24.2,,,,,2026-08-14,14.7,,,
20415.0005,20415.0005,HOUSTON 3,KATY,LAKES OF CANE ISLAND,2026-04-16,,2026-05-02,15.9,,,,,2026-05-06,4.5,,,,,2026-05-17,11.2,,,,,2026-05-29,11.8,,,,,2026-06-23,24.6,,,,,2026-07-19,26.5,,,,,2026-08-03,14.7,,,
20205.0231,20205.0231,HOUSTON 4,PORTER,THE HIGHLANDS,2026-02-24,2026-03-09,2026-03-08,12.2,,-1,,2026-03-12,2026-03-13,3.9,,1,,2026-03-20,2026-03-22,9.7,,2,,2026-04-09,2026-03-28,8.4,,-12,,2026-04-27,2026-04-27,18.0,,0,,,2026-05-25,27.6,,,,,2026-06-08,13.6,,,
20215.0422,20215.0422,HOUSTON 4,CONROE,ARTAVIA,2026-04-01,2026-04-14,2026-04-14,13.1,,0,,2026-04-16,2026-04-18,3.6,,2,,2026-04-25,2026-04-26,10.5,,1,,,2026-05-04,9.1,,,,,2026-05-20,15.7,,,,,2026-06-05,16.4,,,,,2026-06-19,13.9,,,
20218.0120,20218.0120,HOUSTON 4,CONROE,EVERGREEN,2026-04-13,,2026-04-27,13.7,,,,,2026-05-01,3.8,,,,,2026-05-12,10.6,,,,,2026-05-22,10.2,,,,,2026-06-07,16.2,,,,,2026-07-04,26.8,,,,,2026-07-17,13.5,,,
20221.0335,20221.0335,HOUSTON 4,CONROE,GRAND CENTRAL PARK,2026-04-29,,2026-05-10,10.9,,,,,2026-05-14,4.4,,,,,2026-05-24,10.5,,,,,2026-06-02,9.2,,,,,2026-06-18,15.9,,,,,2026-07-07,18.7,,,,,2026-07-21,13.8,,,
20221.0350,20221.0350,HOUSTON 4,CONROE,GRAND CENTRAL PARK,2026-04-27,,2026-05-07,10.2,,,,,2026-05-11,3.7,,,,,2026-05-21,10.5,,,,,2026-05-30,9.2,,,,,2026-06-15,15.6,,,,,2026-07-03,18.4,,,,,2026-07-17,14.0,,,
20221.0353,20221.0353,HOUSTON 4,CONROE,GRAND CENTRAL PARK,2026-04-27,,2026-05-08,11.4,,,,,2026-05-12,3.8,,,,,2026-05-23,10.6,,,,,2026-06-01,9.5,,,,,2026-06-17,16.2,,,,,2026-07-11,23.5,,,,,2026-07-24,13.2,,,
20221.0354,20221.0354,HOUSTON 4,CONROE,GRAND CENTRAL PARK,2026-04-27,,2026-05-09,11.8,,,,,2026-05-14,4.5,,,,,2026-05-24,10.4,,,,,2026-06-03,9.7,,,,,2026-06-19,16.2,,,,,2026-07-14,25.3,,,,,2026-07-28,14.0,,,
20388.0066,20388.0066,HOUSTON 4,MONTGOMERY,BRIARLEY,2025-05-16,2025-05-27,2025-05-31,14.8,2025-05-30,4,3,2025-06-02,2025-06-01,5.0,2025-06-01,-1,-1,2025-06-07,2025-06-28,25.9,2025-06-12,21,5,2025-06-17,2025-06-20,12.7,2025-06-21,3,4,2025-06-27,2025-07-04,16.9,2025-07-02,7,5,2025-07-22,2025-07-27,29.5,2025-07-17,5,-5,2025-07-30,2025-08-10,18.5,2025-07-30,11,0
20175.0004,363015,HOUSTON 5,HOCKLEY,JUBILEE,2024-01-08,2024-01-19,2024-01-21,12.9,,2,,2024-01-29,2024-01-25,5.6,,-4,,2024-02-08,2024-02-10,12.3,,2,,2024-02-19,2024-02-19,11.2,,0,,2024-03-06,2024-03-07,16.7,,1,,2024-03-22,2024-03-27,21.3,,5,,2024-04-03,2024-04-05,14.3,,2,
20181.1191,20181.1191,HOUSTON 5,CYPRESS,BRIDGELAND,2026-02-13,2026-03-02,2026-02-23,10.3,,-7,,2026-03-05,2026-03-07,4.9,,2,,2026-03-14,2026-03-17,12.0,,3,,2026-03-23,2026-03-23,9.3,,0,,2026-04-07,2026-04-07,14.5,,0,,2026-04-28,2026-04-26,18.8,,-2,,,2026-05-08,10.3,,,
20181.1198,20181.1198,HOUSTON 5,CYPRESS,BRIDGELAND,2026-04-16,,2026-04-26,9.6,,,,,2026-05-02,5.5,,,,,2026-05-14,12.0,,,,,2026-05-23,9.2,,,,,2026-06-08,15.7,,,,,2026-06-23,14.8,,,,,2026-07-05,11.6,,,
20181.1062,20181.1062,HOUSTON 5,CYPRESS,BRIDGELAND,2026-03-12,2026-03-23,2026-03-23,11.1,,0,,2026-03-27,2026-03-27,4.5,,0,,2026-04-07,2026-04-08,12.1,,1,,2026-04-14,2026-04-16,8.5,,2,,2026-04-28,2026-04-29,14.5,,1,,,2026-05-15,17.2,,,,,2026-05-26,10.8,,,
20181.0996,20181.0996,HOUSTON 5,CYPRESS,BRIDGELAND,2026-03-09,2026-03-27,2026-03-22,13.4,,-5,,2026-04-06,2026-04-03,6.9,,-3,,2026-04-11,2026-04-18,11.8,,7,,2026-04-23,2026-04-21,10.4,,-2,,,2026-05-11,17.7,,,,,2026-06-03,22.6,,,,,2026-06-20,16.6,,,
20181.0997,20181.0997,HOUSTON 5,CYPRESS,BRIDGELAND,2026-03-27,2026-04-22,2026-04-13,17.1,,-9,,2026-04-27,2026-04-28,6.3,,1,,,2026-05-09,12.0,,,,,2026-05-20,10.5,,,,,2026-06-10,20.9,,,,,2026-06-28,18.3,,,,,2026-07-17,18.5,,,
20181.1013,20181.1013,HOUSTON 5,CYPRESS,BRIDGELAND,2026-02-06,2026-02-25,2026-02-19,12.5,,-6,,2026-02-27,2026-03-04,6.7,,5,,2026-03-12,2026-03-11,12.0,,-1,,2026-03-20,2026-03-23,10.6,,3,,2026-04-07,2026-04-04,15.4,,-3,,,2026-05-02,24.8,,,,,2026-05-19,16.8,,,
20195.0181,20195.0181,HOUSTON 5,HOCKLEY,THE GRAND PRAIRIE,2026-04-28,,2026-05-07,9.2,,,,,2026-05-15,7.5,,,,,2026-05-27,12.1,,,,,2026-06-08,12.3,,,,,2026-06-22,13.7,,,,,2026-07-14,21.8,,,,,2026-07-29,14.9,,,
20195.0128,20195.0128,HOUSTON 5,HOCKLEY,THE GRAND PRAIRIE,2026-04-23,,2026-05-01,7.7,,,,,2026-05-07,6.0,,,,,2026-05-19,12.2,,,,,2026-05-30,11.4,,,,,2026-06-14,15.4,,,,,2026-07-06,21.8,,,,,2026-07-20,14.0,,,
20238.0725,20238.0725,HOUSTON 5,KATY,ELYSON,2026-04-07,2026-04-21,2026-04-19,12.4,,-2,,2026-04-23,2026-04-25,4.1,,2,,,2026-05-03,9.9,,,,,2026-05-15,11.7,,,,,2026-06-03,18.9,,,,,2026-06-17,13.6,,,,,2026-06-26,9.3,,,
20238.0738,20238.0738,HOUSTON 5,KATY,ELYSON,2026-04-28,,2026-05-10,12.1,,,,,2026-05-14,4.2,,,,,2026-05-24,9.6,,,,,2026-06-05,11.9,,,,,2026-06-23,18.3,,,,,2026-07-07,14.3,,,,,2026-07-16,9.3,,,
20238.0741,20238.0741,HOUSTON 5,KATY,ELYSON,2026-02-04,2026-02-16,2026-02-17,13.4,2026-05-07,1,80,2026-02-17,2026-02-20,4.2,2026-05-10,3,82,2026-02-28,2026-02-27,10.5,2026-05-26,-1,87,2026-03-12,2026-03-11,11.4,2026-06-06,-1,86,2026-03-23,2026-03-29,17.3,2026-06-20,6,89,2026-04-06,2026-04-08,15.9,2026-07-07,2,92,2026-04-14,2026-04-15,9.3,2026-07-10,1,87
20238.0762,20238.0762,HOUSTON 5,KATY,ELYSON,2026-04-28,,2026-05-11,13.3,,,,,2026-05-15,4.1,,,,,2026-05-26,10.5,,,,,2026-06-06,11.4,,,,,2026-06-24,18.4,,,,,2026-07-08,14.3,,,,,2026-07-17,9.3,,,
20238.0774,20238.0774,HOUSTON 5,KATY,ELYSON,2026-03-30,2026-04-08,2026-04-14,15.3,,6,,2026-04-14,2026-04-12,4.4,,-2,,2026-04-23,2026-04-24,10.1,,1,,,2026-05-05,11.6,,,,,2026-05-24,19.3,,,,,2026-06-11,18.4,,,,,2026-06-21,9.7,,,
20238.0792,20238.0792,HOUSTON 5,KATY,ELYSON,2026-01-23,2026-02-16,2026-02-10,17.8,2026-04-26,-6,69,2026-02-18,2026-02-21,4.6,2026-05-03,3,74,2026-03-03,2026-03-04,14.3,2026-05-12,1,70,2026-03-11,2026-03-14,11.5,2026-05-21,3,71,2026-03-25,2026-04-01,20.9,2026-06-07,7,74,2026-04-13,2026-04-14,20.0,2026-06-25,1,73,2026-04-15,2026-04-23,10.4,2026-06-30,8,76
20238.0799,20238.0799,HOUSTON 5,KATY,ELYSON,2026-04-06,2026-04-24,2026-04-22,15.5,,-2,,,2026-04-29,4.5,,,,,2026-05-10,10.9,,,,,2026-05-22,11.7,,,,,2026-06-12,20.7,,,,,2026-06-29,17.0,,,,,2026-07-09,9.9,,,
20238.0711,20238.0711,HOUSTON 5,KATY,ELYSON,2026-01-08,2026-01-23,2026-01-26,17.8,2026-01-22,3,-1,2026-01-29,2026-01-28,4.7,2026-04-26,-1,87,2026-02-11,2026-02-10,11.7,2026-05-10,-1,88,2026-02-19,2026-02-23,11.6,2026-05-23,4,93,2026-03-02,2026-03-11,19.6,2026-06-09,9,99,2026-03-13,2026-03-21,18.9,2026-06-25,8,104,2026-03-20,2026-03-24,10.5,2026-07-04,4,106
20108.1104,20108.1104,HOUSTON 6,MISSOURI CITY,SIENNA,2025-12-03,2025-12-13,2025-12-19,16.1,2025-12-21,6,8,2025-12-17,2025-12-18,5.3,2025-12-17,1,0,2025-12-31,2025-12-28,10.9,2025-12-29,-3,-2,2026-01-09,2026-01-09,9.0,2026-01-10,0,1,2026-01-26,2026-01-31,21.6,2026-01-21,5,-5,2026-02-17,2026-02-20,24.7,2026-04-26,3,68,2026-02-27,2026-03-03,14.3,2026-05-09,4,71
20108.1110,20108.1110,HOUSTON 6,MISSOURI CITY,SIENNA,2026-01-07,2026-01-20,2026-01-23,16.1,2026-01-25,3,5,2026-01-26,2026-01-25,4.9,2026-01-24,-1,-2,2026-02-05,2026-02-06,10.7,2026-04-26,1,80,2026-02-19,2026-02-14,8.8,2026-05-06,-5,76,2026-03-05,2026-03-08,16.6,2026-05-18,3,74,2026-03-25,2026-03-30,24.7,2026-06-12,5,79,2026-04-15,2026-04-08,14.3,2026-06-25,-7,71
20108.1133,20108.1133,HOUSTON 6,MISSOURI CITY,SIENNA,2025-12-19,2026-01-13,2026-01-04,16.1,2026-01-07,-9,-6,2026-01-19,2026-01-18,5.1,2026-01-18,-1,-1,2026-01-30,2026-01-30,11.1,2026-04-26,0,86,2026-02-18,2026-02-07,8.3,2026-05-05,-11,76,2026-04-22,2026-03-05,15.5,2026-05-21,-48,29,,2026-05-17,24.5,2026-06-10,,,,2026-06-01,14.7,2026-06-22,,
20108.1134,20108.1134,HOUSTON 6,MISSOURI CITY,SIENNA,2025-12-27,2026-01-15,2026-01-12,16.2,2026-01-15,-3,0,2026-01-19,2026-01-21,6.2,2026-01-20,2,1,2026-02-03,2026-01-30,11.3,2026-04-26,-4,82,2026-02-18,2026-02-13,10.0,2026-05-05,-5,76,2026-03-05,2026-03-07,16.8,2026-05-21,2,77,,2026-03-30,24.5,2026-06-10,,,,2026-04-13,14.3,2026-06-22,,
20108.1135,20108.1135,HOUSTON 6,MISSOURI CITY,SIENNA,2026-01-14,2026-01-27,2026-01-30,16.1,2026-02-02,3,6,2026-01-30,2026-02-01,4.9,2026-04-26,2,86,2026-02-10,2026-02-10,10.7,2026-05-09,0,88,2026-02-20,2026-02-18,7.9,2026-05-18,-2,87,2026-03-09,2026-03-07,15.0,2026-06-03,-2,86,,2026-04-03,24.7,2026-06-23,,,,2026-04-17,14.3,2026-07-05,,
20108.1140,20108.1140,HOUSTON 6,MISSOURI CITY,SIENNA,2026-02-09,2026-02-18,2026-02-25,16.1,,7,,2026-02-19,2026-02-24,5.9,,5,,2026-02-28,2026-03-01,10.5,,1,,2026-03-11,2026-03-08,7.8,,-3,,,2026-03-26,14.9,,,,,2026-04-20,24.7,,,,,2026-05-04,14.3,,,
20108.1142,20108.1142,HOUSTON 6,MISSOURI CITY,SIENNA,2026-02-06,2026-02-17,2026-02-22,16.1,,5,,2026-02-19,2026-02-22,4.9,,3,,2026-02-27,2026-03-02,10.7,,3,,2026-03-09,2026-03-07,8.3,,-2,,2026-04-06,2026-03-27,17.7,,-10,,,2026-05-01,24.7,,,,,2026-05-15,14.3,,,
20252.0445,20252.0445,HOUSTON 6,RICHMOND,STONECREEK ESTATES,2026-02-26,2026-03-12,2026-03-09,11.2,,-3,,2026-03-16,2026-03-19,6.5,,3,,2026-03-26,2026-03-27,11.5,,1,,2026-04-08,2026-04-05,9.7,,-3,,2026-04-17,2026-04-21,13.5,,4,,2026-04-29,2026-05-05,18.1,,6,,,2026-05-12,12.9,,,
20252.0446,20252.0446,HOUSTON 6,RICHMOND,STONECREEK ESTATES,2026-04-01,2026-04-13,2026-04-15,13.8,,2,,2026-04-17,2026-04-19,5.8,,2,,2026-04-28,2026-04-29,11.5,,1,,,2026-05-07,9.3,,,,,2026-05-21,14.5,,,,,2026-06-09,19.3,,,,,2026-06-21,11.8,,,
20252.0465,20252.0465,HOUSTON 6,RICHMOND,STONECREEK ESTATES,2026-04-01,2026-04-10,2026-04-11,10.5,,1,,2026-04-16,2026-04-16,5.9,,0,,2026-04-27,2026-04-27,11.4,,0,,,2026-05-05,8.1,,,,,2026-05-18,13.0,,,,,2026-06-04,17.5,,,,,2026-06-16,12.4,,,
20252.0519,20252.0519,HOUSTON 6,RICHMOND,STONECREEK ESTATES,2026-02-25,2026-03-16,2026-03-11,13.6,,-5,,2026-03-17,2026-03-21,4.8,,4,,2026-04-15,2026-03-29,12.3,,-17,,2026-04-27,2026-04-26,10.5,,-1,,,2026-05-16,18.7,,,,,2026-06-02,17.3,,,,,2026-06-14,12.1,,,
20252.0522,20252.0522,HOUSTON 6,RICHMOND,STONECREEK ESTATES,2026-03-03,2026-03-16,2026-03-17,14.1,,1,,2026-03-20,2026-03-23,6.6,,3,,2026-04-01,2026-04-02,12.8,,1,,2026-04-16,2026-04-13,11.7,,-3,,2026-04-23,2026-05-01,15.0,,8,,,2026-05-14,20.9,,,,,2026-05-27,12.6,,,
20272.0522,20272.0522,HOUSTON 6,RICHMOND,HARVEST GREEN,2026-01-30,2026-02-13,2026-02-12,12.6,2026-05-02,-1,78,2026-02-17,2026-02-19,6.3,2026-05-05,2,77,2026-02-25,2026-02-27,10.4,2026-05-13,2,77,2026-03-09,2026-03-07,9.7,2026-05-19,-2,71,2026-03-31,2026-03-24,15.0,2026-06-03,-7,64,2026-04-06,2026-04-15,15.0,2026-06-19,9,74,2026-04-21,2026-04-19,13.2,2026-06-28,-2,68
20272.0534,20272.0534,HOUSTON 6,RICHMOND,HARVEST GREEN,2026-03-09,2026-03-24,2026-03-23,14.3,,-1,,2026-03-30,2026-03-30,6.4,,0,,2026-04-07,2026-04-10,10.6,,3,,2026-04-22,2026-04-17,9.9,,-5,,,2026-05-06,13.9,,,,,2026-05-23,17.4,,,,,2026-06-05,13.5,,,
20352.0033,20352.0033,HOUSTON 6,ROSENBERG,BROOKEWATER,2026-03-20,2026-04-10,2026-04-01,12.3,,-9,,2026-04-14,2026-04-15,4.7,,1,,2026-04-28,2026-04-27,12.9,,-1,,,2026-05-07,8.8,,,,,2026-05-24,16.9,,,,,2026-06-10,16.6,,,,,2026-06-24,14.4,,,
20352.0035,20352.0035,HOUSTON 6,ROSENBERG,BROOKEWATER,2026-03-17,2026-04-01,2026-03-29,12.3,,-3,,2026-04-06,2026-04-06,4.7,,0,,2026-04-16,2026-04-19,12.9,,3,,2026-04-17,2026-04-25,8.8,,8,,,2026-05-04,16.9,,,,,2026-05-21,16.6,,,,,2026-06-04,14.4,,,
20387.0061,20387.0061,HOUSTON 6,RICHMOND,AUSTIN POINT,2026-03-31,2026-04-06,2026-04-08,8.1,,2,,2026-04-09,2026-04-10,3.6,,1,,2026-04-20,2026-04-20,10.5,,0,,2026-04-30,2026-04-27,7.4,,-3,,,2026-05-12,12.2,,,,,2026-05-31,18.8,,,,,2026-06-18,18.4,,,
20387.0073,20387.0073,HOUSTON 6,RICHMOND,AUSTIN POINT,2026-04-16,2026-04-30,2026-04-25,8.9,,-5,,,2026-05-04,4.5,,,,,2026-05-15,10.5,,,,,2026-05-22,7.4,,,,,2026-06-04,13.4,,,,,2026-06-25,20.6,,,,,2026-07-13,18.3,,,
20387.0076,20387.0076,HOUSTON 6,RICHMOND,AUSTIN POINT,2025-05-02,2025-05-12,2025-05-11,8.9,2025-05-14,-1,2,2025-05-13,2025-05-15,3.4,2025-05-15,2,2,2025-05-23,2025-05-23,10.5,2025-05-23,0,0,2025-06-03,2025-05-30,7.3,2025-06-01,-4,-2,2025-06-17,2025-06-16,12.9,2025-06-19,-1,2,2025-07-10,2025-07-05,18.1,2025-07-07,-5,-3,2025-07-21,2025-07-28,17.9,2025-07-21,7,0
20387.0044,20387.0044,HOUSTON 6,RICHMOND,AUSTIN POINT,2026-04-23,,2026-05-09,15.6,,,,,2026-05-14,5.4,,,,,2026-05-25,11.0,,,,,2026-06-04,10.0,,,,,2026-06-21,17.0,,,,,2026-07-14,22.8,,,,,2026-07-31,16.9,,,
20288.1223,20288.1223,SAN ANTONIO 1,SAN ANTONIO,KALLISON RANCH,2025-10-07,2025-10-13,2025-10-14,7.2,2025-10-15,1,2,2025-10-16,2025-10-19,5.7,2025-10-19,3,3,2025-10-29,2025-10-30,13.6,2025-10-30,1,1,2025-11-12,2025-11-08,10.0,2025-11-22,-4,10,2025-11-20,2025-11-26,14.1,2025-11-29,6,9,2025-12-05,2025-12-17,26.5,2025-12-16,12,11,2025-12-23,2025-12-20,15.1,2025-12-23,-3,0
20288.1379,20288.1379,SAN ANTONIO 1,SAN ANTONIO,KALLISON RANCH,2026-03-30,2026-04-06,2026-04-06,7.2,,0,,2026-04-14,2026-04-12,5.7,,-2,,,2026-04-27,13.5,,,,,2026-05-07,9.8,,,,,2026-05-21,14.1,,,,,2026-06-17,26.8,,,,,2026-06-29,12.1,,,
20288.1382,20288.1382,SAN ANTONIO 1,SAN ANTONIO,KALLISON RANCH,2026-02-19,2026-02-25,2026-02-27,7.8,,2,,2026-03-03,2026-03-03,6.1,,0,,2026-03-19,2026-03-16,13.2,,-3,,2026-04-06,2026-03-31,11.7,,-6,,,2026-04-19,13.5,,,,,2026-05-15,25.6,,,,,2026-05-27,12.3,,,
20288.1384,20288.1384,SAN ANTONIO 1,SAN ANTONIO,KALLISON RANCH,2026-03-02,2026-03-06,2026-03-10,7.6,,4,,2026-03-11,2026-03-12,6.0,,1,,2026-03-31,2026-03-24,13.5,,-7,,2026-04-21,2026-04-13,12.9,,-8,,,2026-05-03,12.4,,,,,2026-05-28,25.5,,,,,2026-06-09,11.6,,,
20288.0588,605500,SAN ANTONIO 1,SAN ANTONIO,KALLISON RANCH,2026-01-09,2026-01-20,2026-01-18,8.9,,-2,,2026-01-26,2026-01-26,5.9,,0,,2026-02-09,2026-02-08,13.4,,-1,,2026-02-23,2026-02-19,10.5,,-4,,2026-03-10,2026-03-09,13.9,,-1,,2026-03-30,2026-04-06,27.2,,7,,2026-04-07,2026-04-12,12.5,,5,
20288.0602,678286,SAN ANTONIO 1,SAN ANTONIO,KALLISON RANCH,2026-02-05,2026-02-20,2026-02-16,11.2,,-4,,2026-03-02,2026-02-26,6.0,,-4,,2026-03-11,2026-03-16,13.8,,5,,2026-03-30,2026-03-25,13.8,,-5,,2026-04-10,2026-04-12,13.0,,2,,,2026-05-07,27.4,,,,,2026-05-19,11.9,,,
20288.1430,20288.1430,SAN ANTONIO 1,SAN ANTONIO,KALLISON RANCH,2026-03-10,2026-03-31,2026-03-18,8.5,,-13,,2026-04-07,2026-04-06,5.8,,-1,,2026-04-20,2026-04-21,13.7,,1,,,2026-05-03,13.1,,,,,2026-05-17,14.0,,,,,2026-06-14,28.0,,,,,2026-06-26,12.3,,,
20289.0080,287018,SAN ANTONIO 1,SAN ANTONIO,LADERA,2026-04-21,,2026-04-28,7.2,,,,,2026-05-04,6.1,,,,,2026-05-21,17.1,,,,,2026-06-02,11.8,,,,,2026-06-16,14.0,,,,,2026-07-12,25.6,,,,,2026-07-27,15.0,,,
20290.0106,20290.0106,SAN ANTONIO 1,CASTROVILLE,ALSATIAN OAKS,2026-02-09,2026-02-18,2026-02-18,8.9,2026-05-05,0,76,2026-03-02,2026-02-26,8.3,2026-05-11,-4,70,2026-03-16,2026-03-17,14.7,2026-05-25,1,70,2026-03-25,2026-03-26,9.5,2026-06-12,1,79,,2026-04-13,19.0,2026-06-29,,,,2026-05-16,33.4,2026-07-26,,,,2026-05-26,9.7,2026-07-31,,
20290.0115,20290.0115,SAN ANTONIO 1,CASTROVILLE,ALSATIAN OAKS,2026-01-08,2026-01-20,2026-01-16,8.2,2026-01-17,-4,-3,2026-01-26,2026-01-28,8.3,2026-01-26,2,0,2026-02-03,2026-02-10,14.7,2026-04-26,7,82,2026-02-13,2026-02-13,10.2,2026-05-14,0,90,2026-03-03,2026-03-04,19.0,2026-05-31,1,89,2026-03-24,2026-04-05,33.4,2026-06-27,12,95,2026-03-31,2026-04-03,9.7,2026-07-02,3,93
20294.0037,20294.0037,SAN ANTONIO 1,CASTROVILLE,MEGAN'S LANDING,2026-02-25,2026-03-13,2026-03-11,13.7,,-2,,2026-03-24,2026-03-21,8.3,,-3,,2026-04-16,2026-04-08,14.7,,-8,,,2026-04-29,13.0,,,,,2026-05-18,19.0,,,,,2026-06-20,33.4,,,,,2026-06-30,9.7,,,
20294.0052,20294.0052,SAN ANTONIO 1,CASTROVILLE,MEGAN'S LANDING,2026-03-31,2026-04-15,2026-04-13,12.7,,-2,,2026-04-24,2026-04-23,8.3,,-1,,,2026-05-09,14.7,,,,,2026-05-22,13.0,,,,,2026-06-10,19.0,,,,,2026-07-13,33.4,,,,,2026-07-23,9.7,,,
20291.0059,292117,SAN ANTONIO 2,SAN ANTONIO,ARCADIA RIDGE,2026-04-02,2026-04-15,2026-04-10,8.4,,-5,,2026-04-21,2026-04-21,5.8,,0,,,2026-05-05,13.7,,,,,2026-05-13,8.3,,,,,2026-06-01,19.2,,,,,2026-06-28,27.0,,,,,2026-07-10,12.5,,,
20291.0080,292100,SAN ANTONIO 2,SAN ANTONIO,ARCADIA RIDGE,2025-11-18,2025-12-01,2025-11-26,8.3,,-5,,2025-12-07,2025-12-07,5.8,,0,,2025-12-16,2025-12-21,13.8,,5,,2025-12-31,2025-12-30,13.9,,-1,,2026-01-16,2026-01-12,12.4,,-4,,2026-02-16,2026-02-08,23.0,,-8,,2026-02-20,2026-02-27,11.1,,7,
20291.0084,292120,SAN ANTONIO 2,SAN ANTONIO,ARCADIA RIDGE,2025-11-26,2025-12-08,2025-12-03,7.4,,-5,,2025-12-15,2025-12-14,5.6,,-1,,2025-12-31,2025-12-29,14.5,,-2,,2026-01-08,2026-01-10,9.9,,2,,2026-01-28,2026-01-26,17.9,,-2,,2026-02-06,2026-02-23,26.2,,17,,2026-02-10,2026-02-19,13.2,,9,
20291.0108,292110,SAN ANTONIO 2,SAN ANTONIO,ARCADIA RIDGE,2026-02-26,2026-03-03,2026-03-06,7.5,,3,,2026-03-09,2026-03-09,6.0,,0,,2026-03-26,2026-03-23,13.7,,-3,,2026-04-03,2026-04-05,10.0,,2,,2026-04-14,2026-04-19,16.1,,5,,,2026-05-10,26.0,,,,,2026-05-22,11.8,,,
20291.0113,292136,SAN ANTONIO 2,SAN ANTONIO,ARCADIA RIDGE,2025-12-10,2025-12-18,2025-12-16,6.2,,-2,,2025-12-29,2025-12-24,5.6,,-5,,2026-01-09,2026-01-12,14.2,,3,,2026-01-20,2026-01-21,12.4,,1,,2026-01-29,2026-02-01,12.3,,3,,2026-02-23,2026-02-23,24.8,,0,,2026-03-02,2026-03-06,11.3,,4,
20291.0155,309043,SAN ANTONIO 2,SAN ANTONIO,ARCADIA RIDGE,2026-04-24,,2026-05-01,7.1,,,,,2026-05-07,5.6,,,,,2026-05-21,14.1,,,,,2026-05-31,9.9,,,,,2026-06-12,12.2,,,,,2026-07-08,26.0,,,,,2026-07-20,11.9,,,
20313.0069,20313.0069,SAN ANTONIO 2,BOERNE,CORLEY FARMS,2026-03-06,2026-03-18,2026-03-14,8.0,,-4,,2026-03-24,2026-03-24,6.1,,0,,2026-04-03,2026-04-06,12.7,,3,,2026-04-17,2026-04-12,8.8,,-5,,,2026-05-02,14.9,,,,,2026-05-29,26.6,,,,,2026-06-07,8.8,,,
20313.0076,20313.0076,SAN ANTONIO 2,BOERNE,CORLEY FARMS,2026-02-11,2026-02-18,2026-02-18,6.9,2026-05-06,0,77,2026-02-24,2026-02-24,5.9,2026-05-11,0,76,2026-03-06,2026-03-07,11.1,2026-05-28,1,83,2026-03-16,2026-03-15,8.8,2026-06-10,-1,86,,2026-03-31,14.9,2026-06-26,,,,2026-04-27,26.6,2026-07-17,,,,2026-05-06,9.5,2026-07-31,,
20320.0109,20320.0109,SAN ANTONIO 2,BOERNE,ESPERANZA,2026-01-13,2026-01-23,2026-01-20,6.5,2026-01-23,-3,0,2026-02-05,2026-01-29,6.1,2026-04-26,-7,80,2026-02-16,2026-02-18,13.2,2026-05-06,2,79,2026-02-28,2026-02-26,9.8,2026-05-13,-2,74,2026-03-13,2026-03-15,14.7,2026-06-05,2,84,2026-03-26,2026-04-09,26.6,2026-07-05,14,101,2026-04-06,2026-04-05,10.4,2026-07-21,-1,106
20320.0086,20320.0086,SAN ANTONIO 2,BOERNE,ESPERANZA,2026-04-08,,2026-04-17,9.2,,,,,2026-04-23,6.1,,,,,2026-05-07,14.4,,,,,2026-05-17,9.9,,,,,2026-06-01,15.2,,,,,2026-06-28,26.6,,,,,2026-07-11,12.6,,,
20365.0006,20365.0006,SAN ANTONIO 2,BOERNE,GEORGE'S RANCH,2025-06-27,2025-07-09,2025-07-07,9.8,2025-07-13,-2,4,2025-07-14,2025-07-15,6.1,2025-07-16,1,2,2025-08-06,2025-07-29,15.0,2025-08-19,-8,13,2025-08-18,2025-08-16,10.2,2025-08-18,-2,0,2025-09-05,2025-09-02,15.1,2025-09-04,-3,-1,2025-10-13,2025-10-02,26.9,2025-10-05,-11,-8,2025-10-30,2025-10-27,13.7,2025-11-03,-3,4
20365.0020,20365.0020,SAN ANTONIO 2,BOERNE,GEORGE'S RANCH,2026-04-08,2026-04-21,2026-04-17,9.4,,-4,,2026-04-28,2026-04-27,5.9,,-1,,,2026-05-12,13.6,,,,,2026-05-22,10.2,,,,,2026-06-06,15.3,,,,,2026-07-03,26.9,,,,,2026-07-17,13.5,,,
20365.0022,20365.0022,SAN ANTONIO 2,BOERNE,GEORGE'S RANCH,2026-02-12,2026-03-03,2026-02-20,7.7,,-11,,2026-03-13,2026-03-09,6.1,,-4,,2026-04-06,2026-03-28,14.6,,-9,,2026-04-27,2026-04-16,9.7,,-11,,,2026-05-12,15.2,,,,,2026-06-08,26.9,,,,,2026-06-21,12.7,,,
20365.0023,20365.0023,SAN ANTONIO 2,BOERNE,GEORGE'S RANCH,2026-04-16,,2026-04-25,9.1,,,,,2026-05-01,6.2,,,,,2026-05-15,14.5,,,,,2026-05-25,10.1,,,,,2026-06-09,15.0,,,,,2026-07-06,26.9,,,,,2026-07-19,12.8,,,
20396.0007,20396.0007,SAN ANTONIO 2,BULVERDE,THORNEBROOK,2026-01-26,2026-02-05,2026-02-01,6.1,2026-04-26,-4,80,2026-02-10,2026-02-11,6.3,2026-05-03,1,82,2026-03-05,2026-02-24,14.0,2026-05-20,-9,76,2026-03-14,2026-03-16,10.9,2026-06-01,2,79,2026-03-30,2026-03-29,15.0,2026-06-17,-1,79,2026-04-28,2026-04-28,29.5,2026-07-17,0,80,,2026-05-08,9.8,2026-08-02,,
20325.0259,20325.0259,SAN ANTONIO 3,NEW BRAUNFELS,VERAMENDI,2026-03-30,2026-04-13,2026-04-08,8.7,,-5,,2026-04-20,2026-04-18,5.4,,-2,,2026-04-30,2026-05-01,11.4,,1,,,2026-05-12,11.9,,,,,2026-05-29,16.9,,,,,2026-06-22,24.0,,,,,2026-07-03,10.8,,,
20344.0242,20344.0242,SAN ANTONIO 3,SEGUIN,MEADOWS OF MILL CREEK,2026-03-05,2026-03-16,2026-03-17,11.5,,1,,2026-03-23,2026-03-22,6.5,,-1,,2026-04-01,2026-04-03,11.5,,2,,2026-04-14,2026-04-12,10.9,,-2,,2026-04-28,2026-04-28,13.8,,0,,,2026-05-22,23.7,,,,,2026-06-04,12.8,,,
20357.0071,20357.0071,SAN ANTONIO 3,SCHERTZ,THE PARKLANDS,2026-02-06,2026-02-09,2026-02-14,8.3,2026-05-01,5,81,2026-02-11,2026-02-16,6.6,2026-05-05,5,83,2026-02-24,2026-02-24,12.7,2026-05-20,0,85,2026-03-03,2026-03-08,12.0,2026-06-01,5,90,2026-03-17,2026-03-18,15.4,2026-06-16,1,91,2026-04-01,2026-04-09,22.9,2026-07-09,8,99,2026-04-11,2026-04-15,14.1,2026-07-21,4,101
20357.0077,20357.0077,SAN ANTONIO 3,SCHERTZ,THE PARKLANDS,2026-02-16,2026-02-20,2026-02-24,8.3,,4,,2026-02-23,2026-02-27,6.6,,4,,2026-03-07,2026-03-08,12.7,,1,,2026-03-18,2026-03-19,12.0,,1,,2026-04-08,2026-04-02,15.4,,-6,,2026-04-21,2026-05-01,22.9,,10,,,2026-05-05,14.1,,,
20363.0032,20363.0032,SAN ANTONIO 3,NEW BRAUNFELS,SOLMS LANDING,2026-03-12,2026-03-17,2026-03-21,8.7,,4,,2026-03-23,2026-03-23,6.3,,0,,2026-04-03,2026-04-04,12.0,,1,,2026-04-23,2026-04-13,10.5,,-10,,,2026-05-09,16.1,,,,,2026-06-04,25.7,,,,,2026-06-15,11.4,,,
20381.0021,20381.0021,SAN ANTONIO 3,CIBOLO,CIBOLO VALLEY HEIGHTS,2026-04-16,2026-04-29,2026-04-28,12.3,,-1,,,2026-05-04,4.7,,,,,2026-05-17,12.9,,,,,2026-05-26,8.8,,,,,2026-06-12,16.9,,,,,2026-06-29,16.6,,,,,2026-07-13,14.4,,,
20381.0027,20381.0027,SAN ANTONIO 3,CIBOLO,CIBOLO VALLEY HEIGHTS,2026-02-16,2026-02-26,2026-02-28,12.3,,2,,2026-03-02,2026-03-03,4.7,,1,,2026-03-12,2026-03-15,12.9,,3,,2026-03-23,2026-03-21,8.8,,-2,,2026-04-02,2026-04-09,16.9,,7,,2026-04-20,2026-04-19,16.6,,-1,,2026-04-30,2026-05-04,14.4,,4,
20381.0031,20381.0031,SAN ANTONIO 3,CIBOLO,CIBOLO VALLEY HEIGHTS,2026-02-13,2026-02-24,2026-02-25,12.3,,1,,2026-02-26,2026-03-01,4.7,,3,,2026-03-12,2026-03-11,12.9,,-1,,2026-03-24,2026-03-21,8.8,,-3,,2026-04-06,2026-04-10,16.9,,4,,2026-04-21,2026-04-23,16.6,,2,,2026-04-30,2026-05-05,14.4,,5,
20381.0051,20381.0051,SAN ANTONIO 3,CIBOLO,CIBOLO VALLEY HEIGHTS,2026-04-15,2026-04-24,2026-04-27,12.3,,3,,2026-04-28,2026-04-29,4.7,,1,,,2026-05-11,12.9,,,,,2026-05-20,8.8,,,,,2026-06-06,16.9,,,,,2026-06-23,16.6,,,,,2026-07-07,14.4,,,
20390.0003,20390.0003,SAN ANTONIO 3,NEW BRAUNFELS,THE PRESERVE AT ELM CREEK,2025-07-31,2025-08-05,2025-08-09,8.8,2025-08-10,4,5,2025-08-11,2025-08-11,6.5,2025-08-15,0,4,2025-09-09,2025-08-23,12.0,2025-08-24,-17,-16,2025-09-29,2025-09-23,13.9,2025-09-22,-6,-7,2025-10-09,2025-10-15,16.2,2025-10-14,6,5,2025-11-10,2025-11-03,24.7,2025-11-01,-7,-9,2025-12-02,2025-11-22,12.0,2025-12-02,-10,0
20090.0171,20090.0171,BRITTON D3,PROSPER,STAR TRAIL,2026-02-02,2026-02-10,2026-02-12,10.2,2026-05-06,2,85,2026-02-12,2026-02-16,6.2,2026-05-09,4,86,2026-03-04,2026-03-05,21.4,2026-05-22,1,79,2026-03-16,2026-03-14,10.3,2026-06-04,-2,80,2026-03-31,2026-03-31,15.1,2026-06-24,0,85,2026-04-27,2026-05-01,31.4,2026-07-23,4,87,,2026-05-14,17.3,2026-08-13,,
20090.0189,20090.0189,BRITTON D3,PROSPER,STAR TRAIL,2026-02-02,2026-02-12,2026-02-12,10.2,2026-05-06,0,83,2026-02-17,2026-02-19,6.7,2026-05-09,2,81,2026-03-13,2026-03-11,22.5,2026-05-22,-2,70,2026-03-25,2026-03-26,13.0,2026-06-04,1,71,2026-04-13,2026-04-11,16.9,2026-06-24,-2,72,,2026-05-12,28.8,2026-07-23,,,,2026-06-01,20.1,2026-08-13,,
20393.0042,20393.0042,BRITTON D3,PROSPER,STAR VIEW,2026-03-20,2026-04-20,2026-04-02,13.4,,-18,,2026-04-27,2026-04-24,3.8,,-3,,,2026-05-16,18.5,,,,,2026-05-27,11.1,,,,,2026-06-10,14.0,,,,,2026-07-08,28.1,,,,,2026-07-24,16.3,,,
20393.0043,20393.0043,BRITTON D3,PROSPER,STAR VIEW,2026-03-20,2026-04-15,2026-04-02,13.2,,-13,,2026-04-17,2026-04-19,4.3,,2,,,2026-05-06,18.9,,,,,2026-05-14,8.1,,,,,2026-05-30,16.0,,,,,2026-06-24,25.0,,,,,2026-07-13,19.1,,,
20393.0046,20393.0046,BRITTON D3,PROSPER,STAR VIEW,2026-03-18,2026-04-08,2026-04-01,13.6,,-7,,2026-04-14,2026-04-13,4.8,,-1,,,2026-05-03,19.3,,,,,2026-05-14,10.7,,,,,2026-05-29,14.6,,,,,2026-06-25,26.5,,,,,2026-07-14,18.7,,,
20361.0034,20361.0034,BRITTON D4,HURST,ADKINS PARK,2026-03-04,2026-03-16,2026-03-19,15.4,,3,,2026-03-23,2026-03-26,9.6,,3,,2026-04-07,2026-04-14,22.5,,7,,2026-04-20,2026-04-16,9.5,,-4,,2026-04-30,2026-05-09,18.9,,9,,,2026-05-30,30.1,,,,,2026-06-18,19.2,,,
20007.0157,20007.0157,AUSTIN 1,LIBERTY HILL,LARIAT,2026-04-14,2026-04-27,2026-04-21,7.3,,-6,,,2026-05-03,5.5,,,,,2026-05-15,11.8,,,,,2026-05-27,11.6,,,,,2026-06-11,14.7,,,,,2026-07-18,37.2,,,,,2026-07-29,10.6,,,
20013.0577,20013.0577,AUSTIN 1,LIBERTY HILL,SANTA RITA RANCH,2026-01-14,2026-01-23,2026-01-21,7.5,2026-01-20,-2,-3,2026-01-28,2026-01-28,5.4,2026-01-29,0,1,2026-02-10,2026-02-09,12.3,2026-04-26,-1,75,2026-02-17,2026-02-21,11.4,2026-05-03,4,75,2026-03-05,2026-03-07,18.0,2026-05-20,2,76,2026-03-27,2026-04-02,27.6,2026-06-19,6,84,2026-04-09,2026-04-06,10.4,2026-07-07,-3,89
20013.0638,20013.0638,AUSTIN 1,LIBERTY HILL,SANTA RITA RANCH,2026-01-14,2026-01-22,2026-01-22,8.2,2026-01-22,0,0,2026-01-30,2026-01-27,5.4,2026-04-26,-3,86,2026-02-10,2026-02-11,12.3,2026-05-11,1,90,2026-02-17,2026-02-21,11.5,2026-05-22,4,94,,2026-03-08,19.3,2026-06-12,,,,2026-04-06,29.0,2026-07-06,,,,2026-04-16,10.3,2026-07-20,,
20013.0651,20013.0651,AUSTIN 1,LIBERTY HILL,SANTA RITA RANCH,2026-04-17,2026-04-24,2026-04-24,7.3,,0,,2026-04-30,2026-04-29,5.5,,-1,,,2026-05-12,12.3,,,,,2026-05-24,11.5,,,,,2026-06-10,16.9,,,,,2026-07-12,31.8,,,,,2026-07-22,10.3,,,
20013.0549,20013.0549,AUSTIN 1,LIBERTY HILL,SANTA RITA RANCH,2025-12-04,2025-12-18,2025-12-14,10.4,2025-12-16,-4,-2,2025-12-22,2025-12-25,6.9,2025-12-23,3,1,2026-01-10,2026-01-03,12.3,2026-01-06,-7,-4,2026-01-19,2026-01-22,11.5,2026-01-21,3,2,2026-02-18,2026-02-07,18.9,2026-04-26,-11,67,2026-03-20,2026-03-20,29.8,2026-06-20,0,92,2026-03-27,2026-03-31,10.5,2026-07-07,4,102
20013.0553,20013.0553,AUSTIN 1,LIBERTY HILL,SANTA RITA RANCH,2026-03-25,2026-04-07,2026-04-05,10.7,,-2,,2026-04-13,2026-04-13,5.6,,0,,2026-04-25,2026-04-25,12.3,,0,,,2026-05-06,11.5,,,,,2026-05-21,14.8,,,,,2026-06-21,31.4,,,,,2026-07-01,10.4,,,
20013.0559,20013.0559,AUSTIN 1,LIBERTY HILL,SANTA RITA RANCH,2026-03-31,2026-04-15,2026-04-09,8.9,,-6,,2026-04-20,2026-04-21,5.7,,1,,,2026-05-02,12.3,,,,,2026-05-14,11.5,,,,,2026-05-29,15.3,,,,,2026-06-29,31.4,,,,,2026-07-09,10.4,,,
20014.0112,167214,AUSTIN 1,LIBERTY HILL,SANTA RITA RANCH RENTALS,2023-09-06,2023-09-15,2023-09-13,6.7,,-2,,2023-09-21,2023-09-21,5.7,,0,,2023-10-05,2023-10-04,13.5,,-1,,2023-10-17,2023-10-17,11.9,,0,,2023-10-27,2023-11-05,18.9,,9,,2023-12-14,2023-11-24,28.0,,-20,,2023-12-30,2023-12-25,10.6,,-5,
20014.0167,167215,AUSTIN 1,LIBERTY HILL,SANTA RITA RANCH RENTALS,2023-09-07,2023-09-22,2023-09-14,6.7,,-8,,2023-10-02,2023-09-27,5.2,,-5,,2023-10-10,2023-10-16,13.5,,6,,2023-10-23,2023-10-22,12.2,,-1,,2023-11-02,2023-11-13,21.0,,11,,2023-12-12,2023-11-29,26.8,,-13,,2023-12-30,2023-12-23,10.6,,-7,
20014.0168,167217,AUSTIN 1,LIBERTY HILL,SANTA RITA RANCH RENTALS,2023-09-13,2023-09-20,2023-09-20,6.6,,0,,2023-09-26,2023-09-26,5.7,,0,,2023-10-10,2023-10-09,13.2,,-1,,2023-10-23,2023-10-22,12.1,,-1,,2023-11-10,2023-11-12,19.9,,2,,2023-12-14,2023-12-08,28.3,,-6,,2023-12-30,2023-12-25,10.6,,-5,
20353.0008,20353.0008,AUSTIN 1,GEORGETOWN,PARMER RANCH,2026-03-30,2026-04-06,2026-04-07,8.0,,1,,2026-04-13,2026-04-11,5.1,,-2,,2026-04-29,2026-04-30,16.9,,1,,,2026-05-10,11.0,,,,,2026-05-26,15.5,,,,,2026-06-23,27.6,,,,,2026-07-07,13.8,,,
20379.0046,20379.0046,AUSTIN 1,LIBERTY HILL,EL DORADO,2026-03-04,2026-03-13,2026-03-12,8.2,,-1,,2026-03-19,2026-03-19,6.2,,0,,2026-04-01,2026-03-31,11.9,,-1,,2026-04-09,2026-04-13,11.6,,4,,,2026-04-30,20.8,,,,,2026-05-29,28.7,,,,,2026-06-08,10.3,,,
20379.0044,20379.0044,AUSTIN 1,LIBERTY HILL,EL DORADO,2026-02-12,2026-02-25,2026-02-21,9.1,,-4,,2026-03-04,2026-03-03,5.7,,-1,,2026-03-18,2026-03-16,11.8,,-2,,2026-03-30,2026-03-30,11.7,,0,,2026-04-17,2026-04-19,20.4,,2,,,2026-05-16,29.4,,,,,2026-05-26,10.4,,,
20379.0071,20379.0071,AUSTIN 1,LIBERTY HILL,EL DORADO,2026-03-31,2026-04-08,2026-04-08,8.2,,0,,2026-04-17,2026-04-14,6.0,,-3,,2026-05-01,2026-04-29,11.8,,-2,,,2026-05-13,11.6,,,,,2026-05-30,17.3,,,,,2026-06-30,31.0,,,,,2026-07-10,10.4,,,
20010.0332,20010.0332,AUSTIN 2,GEORGETOWN,PARKSIDE ON THE RIVER,2026-03-11,2026-03-23,2026-03-20,9.3,,-3,,2026-03-27,2026-03-30,6.5,,3,,2026-04-09,2026-04-14,18.0,,5,,2026-04-17,2026-04-20,11.0,,3,,,2026-05-05,18.2,,,,,2026-06-06,32.0,,,,,2026-06-23,17.1,,,
20020.0114,796090,AUSTIN 2,BASTROP,THE COLONY,2025-05-15,2025-05-19,2025-05-22,6.7,,3,,2025-05-21,2025-05-27,7.6,,6,,2025-06-02,2025-06-01,10.7,,-1,,2025-06-09,2025-06-12,9.5,,3,,2025-06-20,2025-06-27,17.5,,7,,2025-07-08,2025-07-10,20.5,,2,,2025-07-29,2025-07-22,13.9,,-7,
20370.0021,20370.0021,AUSTIN 2,HUTTO,FLORA,2026-01-07,2026-01-15,2026-01-15,8.5,2026-01-16,0,1,2026-01-22,2026-01-22,7.1,2026-01-21,0,-1,2026-02-09,2026-02-07,16.2,2026-04-26,-2,76,2026-02-14,2026-02-22,12.7,2026-05-06,8,81,2026-02-26,2026-03-01,14.7,2026-06-01,3,95,2026-04-15,2026-03-23,25.3,2026-06-27,-23,73,2026-04-22,2026-04-28,12.6,2026-07-08,6,77
20370.0034,20370.0034,AUSTIN 2,HUTTO,FLORA,2026-03-25,2026-04-03,2026-04-02,8.5,,-1,,2026-04-07,2026-04-10,7.1,,3,,2026-04-24,2026-04-23,16.2,,-1,,,2026-05-07,12.7,,,,,2026-05-22,14.7,,,,,2026-06-16,25.3,,,,,2026-06-29,12.6,,,
20373.0021,20373.0021,AUSTIN 2,GEORGETOWN,PARKSIDE ON THE RIVER WEST,2026-03-13,2026-03-23,2026-03-22,9.1,,-1,,2026-03-29,2026-03-29,5.7,,0,,2026-04-09,2026-04-16,18.3,,7,,2026-04-28,2026-04-20,11.0,,-8,,,2026-05-10,12.5,,,,,2026-06-08,29.4,,,,,2026-06-29,21.2,,,
20024.0337,20024.0337,AUSTIN 3,AUSTIN,EASTON PARK,2026-03-31,2026-04-14,2026-04-10,10.3,,-4,,2026-04-16,2026-04-20,6.3,,4,,,2026-05-11,24.8,,,,,2026-05-25,14.3,,,,,2026-06-09,14.5,,,,,2026-07-09,29.9,,,,,2026-07-22,12.6,,,
20026.0283,20026.0283,AUSTIN 3,KYLE,6 CREEKS,2026-02-11,2026-02-16,2026-02-18,6.8,,2,,2026-02-19,2026-02-22,5.7,,3,,2026-03-05,2026-03-11,19.6,,6,,2026-03-17,2026-03-18,13.4,,1,,2026-03-30,2026-04-01,15.3,,2,,2026-04-10,2026-04-22,22.7,,12,,2026-04-17,2026-04-18,7.9,,1,
20337.0058,206115,AUSTIN 3,KYLE,CROSSWINDS,2023-04-17,2023-05-01,2023-04-24,6.8,,-7,,2023-05-01,2023-05-06,5.5,,5,,2023-06-02,2023-05-19,17.9,,-14,,2023-06-13,2023-06-14,12.4,,1,,2023-06-27,2023-06-29,16.4,,2,,2023-08-01,2023-07-22,25.0,,-10,,2023-08-25,2023-08-10,9.2,,-15,
20360.0065,20360.0065,AUSTIN 3,AUSTIN,PARTEN,2026-01-15,2026-01-21,2026-01-26,11.2,2026-01-24,5,3,2026-01-29,2026-01-27,6.1,2026-04-26,-2,87,2026-02-19,2026-02-23,24.8,2026-05-19,4,89,2026-03-06,2026-03-05,14.3,2026-06-01,-1,87,2026-04-15,2026-03-21,15.4,2026-06-24,-25,70,2026-04-17,2026-05-08,23.0,2026-07-31,21,105,,2026-04-30,12.9,2026-08-27,,
20041.0056,20041.0056,PERRY D1,MCLENDON-CHISHOLM,SONOMA VERDE,2026-02-23,2026-03-06,2026-03-07,12.3,,1,,2026-03-09,2026-03-11,4.7,,2,,2026-04-14,2026-03-22,12.9,,-23,,,2026-04-23,8.8,,,,,2026-05-10,16.9,,,,,2026-05-27,16.6,,,,,2026-06-10,14.4,,,
20041.0075,20041.0075,PERRY D1,MCLENDON-CHISHOLM,SONOMA VERDE,2026-04-17,,2026-04-29,12.3,,,,,2026-05-04,4.7,,,,,2026-05-17,12.9,,,,,2026-05-26,8.8,,,,,2026-06-12,16.9,,,,,2026-06-29,16.6,,,,,2026-07-13,14.4,,,
20382.0003,20382.0003,PERRY D1,WAXAHACHIE,MYRTLE CREEK,2025-03-21,2025-03-26,2025-04-02,12.0,2025-04-01,7,6,2025-03-31,2025-03-31,5.1,2025-03-28,0,-3,2025-04-11,2025-04-12,12.2,2025-04-16,1,5,2025-04-14,2025-04-22,11.4,2025-04-23,8,9,2025-04-19,2025-05-02,18.3,2025-05-02,13,13,2025-05-15,2025-05-13,24.3,2025-05-06,-2,-9,2025-06-09,2025-05-29,14.1,2025-06-09,-11,0
20382.0004,20382.0004,PERRY D1,WAXAHACHIE,MYRTLE CREEK,2025-03-24,2025-04-02,2025-04-05,12.0,2025-04-06,3,4,2025-04-08,2025-04-07,5.1,2025-04-08,-1,0,2025-04-29,2025-04-20,12.2,2025-04-24,-9,-5,2025-04-29,2025-05-10,11.4,2025-05-11,11,12,2025-05-01,2025-05-17,18.3,2025-05-17,16,16,2025-05-15,2025-05-25,24.3,2025-05-18,10,3,2025-06-20,2025-05-29,14.1,2025-06-20,-22,0
20413.0119,20413.0119,PERRY D1,FORNEY,MERAKI,2026-01-02,2026-01-06,2026-01-11,9.1,2026-01-15,5,9,2026-01-07,2026-01-10,4.0,2026-01-12,3,5,2026-01-13,2026-01-21,14.4,2026-01-23,8,10,2026-01-19,2026-01-25,12.2,2026-01-25,6,6,2026-01-21,2026-01-28,9.4,2026-02-06,7,16,2026-02-02,2026-02-08,17.6,2026-04-26,6,83,2026-02-14,2026-02-17,14.5,2026-05-13,3,88
20043.0277,20043.0277,PERRY D2,CELINA,THE PARKS AT WILSON CREEK,2026-02-18,2026-03-06,2026-03-04,13.6,,-2,,2026-03-17,2026-03-11,4.8,,-6,,2026-04-06,2026-04-04,18.4,,-2,,2026-04-20,2026-04-19,12.7,,-1,,2026-04-30,2026-05-03,12.8,,3,,,2026-05-20,19.5,,,,,2026-06-06,16.8,,,
20362.0006,20362.0006,PERRY D3,LAVON,HILLSTEAD,2026-02-03,2026-02-11,2026-02-13,9.8,2026-05-06,2,84,2026-02-13,2026-02-15,3.9,2026-05-09,2,85,2026-02-25,2026-02-25,12.4,2026-05-22,0,86,2026-03-10,2026-03-10,13.1,2026-06-04,0,86,2026-03-27,2026-03-26,16.5,2026-06-24,-1,89,2026-04-10,2026-04-17,21.2,2026-07-08,7,89,2026-04-24,2026-04-24,13.7,2026-07-26,0,93
20362.0032,20362.0032,PERRY D3,LAVON,HILLSTEAD,2026-01-08,2026-01-16,2026-01-18,9.8,2026-01-18,2,2,2026-01-20,2026-01-20,3.9,2026-01-19,0,-1,2026-02-17,2026-02-01,12.4,2026-04-26,-16,68,2026-02-27,2026-03-02,13.1,2026-05-09,3,71,2026-03-16,2026-03-15,16.5,2026-05-29,-1,74,2026-04-02,2026-04-06,21.2,2026-06-12,4,71,2026-04-20,2026-04-16,13.7,2026-06-30,-4,71
20400.0003,20400.0003,PERRY D3,LUCAS,ENCHANTED CREEK,2025-08-26,2025-09-03,2025-09-10,15.4,2025-09-03,7,0,2025-09-09,2025-09-11,7.9,2025-09-06,2,-3,2025-10-09,2025-09-28,18.6,2025-09-22,-11,-17,2025-10-29,2025-10-25,16.2,2025-10-22,-4,-7,2025-11-19,2025-11-13,14.8,2025-11-18,-6,-1,2025-12-13,2025-12-08,18.9,2026-01-07,-5,25,2026-01-26,2026-01-15,32.8,2026-01-26,-11,0
20088.0159,20088.0159,PERRY D4,HASLET,SWEETGRASS,2026-02-12,2026-02-23,2026-02-24,12.2,,1,,2026-02-26,2026-02-28,4.9,,2,,2026-03-13,2026-03-17,18.9,,4,,2026-03-20,2026-03-23,10.2,,3,,2026-04-02,2026-04-01,12.5,,-1,,2026-04-16,2026-04-23,20.7,,7,,,2026-05-08,21.9,,,
20088.0195,20088.0195,PERRY D4,HASLET,SWEETGRASS,2026-02-27,2026-03-12,2026-03-11,12.1,,-1,,2026-03-18,2026-03-17,4.8,,-1,,2026-04-08,2026-04-06,18.9,,-2,,2026-04-17,2026-04-17,8.9,,0,,,2026-04-29,12.5,,,,,2026-05-20,20.7,,,,,2026-06-11,21.9,,,
20124.0176,20124.0176,HOUSTON 1,MONT BELVIEU,RICELAND,2026-04-15,2026-04-22,2026-05-01,16.5,,9,,2026-04-28,2026-04-29,6.8,,1,,,2026-05-11,13.2,,,,,2026-05-23,11.9,,,,,2026-06-10,17.9,,,,,2026-07-09,29.4,,,,,2026-07-19,10.3,,,
20132.1110,20132.1110,HOUSTON 1,MANVEL,MERIDIANA,2025-10-03,2025-11-14,2025-10-21,17.6,2025-10-19,-24,-26,2025-11-24,2025-11-22,8.2,2025-11-19,-2,-5,2025-12-11,2025-12-03,8.7,2025-12-05,-8,-6,2025-12-22,2025-12-21,9.7,2025-12-26,-1,4,2026-01-19,2026-01-08,17.1,2026-01-08,-11,-11,2026-02-06,2026-02-05,17.3,2026-04-26,-1,79,2026-02-13,2026-02-19,13.0,2026-05-06,6,82
20410.0032,20410.0032,HOUSTON 1,HOUSTON,MIDLINE,2026-04-09,2026-04-20,2026-04-20,10.8,,0,,2026-04-29,2026-04-26,6.2,,-3,,,2026-05-10,10.8,,,,,2026-05-21,10.7,,,,,2026-06-07,17.2,,,,,2026-07-04,26.6,,,,,2026-07-13,9.1,,,
20178.0149,20178.0149,HOUSTON 2,MAGNOLIA,ESCONDIDO,2026-02-10,2026-02-20,2026-02-22,12.0,,2,,2026-02-23,2026-02-25,5.0,,2,,2026-02-28,2026-03-07,12.1,,7,,2026-03-10,2026-03-10,10.3,,0,,2026-03-24,2026-03-24,14.0,,0,,2026-04-02,2026-04-21,28.4,,19,,2026-04-09,2026-04-17,15.4,,8,
20183.0238,20183.0238,HOUSTON 2,MAGNOLIA,AUDUBON,2026-03-06,2026-04-06,2026-03-18,11.9,,-19,,2026-04-08,2026-04-09,3.0,,1,,2026-04-18,2026-04-20,12.1,,2,,,2026-04-28,10.3,,,,,2026-05-16,18.2,,,,,2026-06-08,23.4,,,,,2026-06-22,14.4,,,
20364.0016,20364.0016,HOUSTON 2,MONTGOMERY,KRESSTON,2026-02-05,2026-02-24,2026-02-18,13.4,,-6,,2026-02-26,2026-02-28,4.1,,2,,2026-03-13,2026-03-10,12.5,,-3,,2026-03-24,2026-03-26,12.7,,2,,2026-04-06,2026-04-10,16.6,,4,,2026-04-17,2026-05-04,28.1,,17,,2026-04-27,2026-05-06,18.5,,9,
20376.0006,20376.0006,HOUSTON 2,MAGNOLIA,WOODHAVYN,2026-03-18,2026-03-27,2026-03-29,10.6,,2,,2026-03-30,2026-04-01,5.1,,2,,2026-04-10,2026-04-11,12.1,,1,,2026-04-20,2026-04-20,10.2,,0,,2026-04-30,2026-05-03,13.5,,3,,,2026-06-02,32.5,,,,,2026-06-17,14.6,,,
20376.0013,20376.0013,HOUSTON 2,MAGNOLIA,WOODHAVYN,2026-01-02,2026-01-12,2026-01-16,13.6,2026-01-11,4,-1,2026-01-15,2026-01-15,3.1,2026-01-15,0,0,2026-01-24,2026-01-27,12.1,2026-01-24,3,0,2026-02-03,2026-02-03,10.2,2026-04-26,0,82,2026-02-13,2026-02-14,11.5,2026-05-13,1,89,2026-02-26,2026-03-18,32.5,2026-05-29,20,92,2026-03-06,2026-03-13,15.1,2026-06-23,7,109
20376.0051,20376.0051,HOUSTON 2,MAGNOLIA,WOODHAVYN,2026-02-24,2026-03-05,2026-03-10,14.3,,5,,2026-03-07,2026-03-10,5.4,,3,,2026-03-17,2026-03-19,12.1,,2,,2026-03-25,2026-03-27,10.3,,2,,2026-04-08,2026-04-14,19.7,,6,,2026-04-23,2026-05-11,32.5,,18,,2026-04-30,2026-05-08,15.4,,8,
20376.0056,20376.0056,HOUSTON 2,MAGNOLIA,WOODHAVYN,2026-02-06,2026-02-17,2026-02-19,13.0,,2,,2026-02-19,2026-02-21,4.3,,2,,2026-02-27,2026-03-03,12.1,,4,,2026-03-09,2026-03-09,10.3,,0,,2026-03-18,2026-03-23,14.1,,5,,2026-04-07,2026-04-20,32.5,,13,,2026-04-15,2026-04-22,15.1,,7,
20233.0599,20233.0599,HOUSTON 3,FULSHEAR,JORDAN RANCH,2026-04-15,,2026-04-26,11.5,,,,,2026-05-02,6.0,,,,,2026-05-13,11.4,,,,,2026-05-23,9.8,,,,,2026-06-10,18.0,,,,,2026-06-30,20.0,,,,,2026-07-12,12.3,,,
20233.0602,20233.0602,HOUSTON 3,FULSHEAR,JORDAN RANCH,2026-02-09,2026-02-23,2026-02-20,10.8,,-3,,2026-02-26,2026-02-27,4.4,,1,,2026-03-12,2026-03-09,11.4,,-3,,2026-03-12,2026-03-22,9.8,,10,,2026-04-06,2026-03-30,18.3,,-7,,2026-04-22,2026-04-20,14.2,,-2,,,2026-05-04,12.5,,,
20267.0592,20267.0592,HOUSTON 3,RICHMOND,CANDELA,2026-04-30,,2026-05-14,14.0,,,,,2026-05-21,6.8,,,,,2026-06-01,10.9,,,,,2026-06-11,10.1,,,,,2026-06-27,16.4,,,,,2026-07-20,23.0,,,,,2026-08-01,11.6,,,
20371.0096,20371.0096,HOUSTON 3,RICHMOND,CANDELA SOUTH,2025-09-25,2025-10-10,2025-10-12,17.2,2025-10-10,2,0,2025-10-16,2025-10-15,5.2,2025-10-15,-1,-1,2025-10-28,2025-10-27,10.6,2025-10-28,-1,0,2025-11-10,2025-11-08,11.5,2025-11-06,-2,-4,2025-11-20,2025-11-24,13.5,2025-11-26,4,6,2025-12-15,2025-12-05,14.6,2025-12-13,-10,-2,2025-12-23,2025-12-28,13.3,2025-12-23,5,0
20181.1045,20181.1045,HOUSTON 5,CYPRESS,BRIDGELAND,2025-10-27,2025-11-12,2025-11-06,10.3,2025-11-07,-6,-5,2025-11-14,2025-11-17,5.3,2025-11-17,3,3,2025-11-26,2025-11-26,12.0,2025-11-30,0,4,2025-12-05,2025-12-07,10.6,2025-12-12,2,7,2025-12-22,2025-12-20,14.5,2025-12-22,-2,0,2026-01-14,2026-01-10,18.9,2026-01-14,-4,0,2026-01-29,2026-01-29,15.2,2026-04-26,0,87
20181.1207,20181.1207,HOUSTON 5,CYPRESS,BRIDGELAND,2026-01-09,2026-01-20,2026-01-19,10.4,2026-01-20,-1,0,2026-01-22,2026-01-26,5.6,2026-01-25,4,3,2026-01-31,2026-02-03,12.0,2026-04-26,3,85,2026-02-11,2026-02-10,9.5,2026-05-12,-1,90,2026-02-20,2026-02-27,15.7,2026-05-29,7,98,2026-02-27,2026-03-08,15.6,2026-06-21,9,114,2026-04-07,2026-03-12,13.1,2026-07-01,-26,85
20237.0078,20237.0078,HOUSTON 5,KATY,KATY COURT,2026-02-07,2026-02-24,2026-02-25,18.2,2026-05-12,1,77,2026-02-26,2026-03-01,4.6,2026-05-17,3,80,2026-03-05,2026-03-12,14.3,2026-05-27,7,83,2026-03-16,2026-03-17,11.7,2026-06-07,1,83,2026-04-16,2026-04-09,24.5,2026-07-05,-7,80,,2026-05-17,31.0,2026-07-18,,,,2026-06-01,14.6,2026-07-28,,
20237.0092,20237.0092,HOUSTON 5,KATY,KATY COURT,2026-01-09,2026-01-28,2026-01-28,18.6,2026-01-25,0,-3,2026-02-03,2026-02-02,4.7,2026-04-26,-1,82,2026-02-12,2026-02-15,12.0,2026-05-06,3,83,2026-02-23,2026-02-23,11.3,2026-05-17,0,83,2026-03-18,2026-03-19,24.2,2026-06-14,1,88,2026-04-02,2026-04-19,31.6,2026-06-27,17,86,2026-04-07,2026-04-17,15.1,2026-07-07,10,91
20238.0812,20238.0812,HOUSTON 5,KATY,ELYSON,2026-01-30,2026-02-17,2026-02-17,17.7,2026-05-09,0,81,2026-02-24,2026-02-22,4.7,2026-05-15,-2,80,2026-03-10,2026-03-07,11.4,2026-06-04,-3,86,2026-03-20,2026-03-22,11.7,2026-06-18,2,90,2026-03-30,2026-04-08,18.8,2026-07-05,9,97,2026-04-24,2026-04-18,18.8,2026-07-19,-6,86,,2026-05-05,11.4,2026-07-29,,
20108.0965,20108.0965,HOUSTON 6,MISSOURI CITY,SIENNA,2024-06-14,2024-07-10,2024-06-30,16.2,2024-06-28,-10,-12,2024-07-18,2024-07-16,6.3,2024-07-14,-2,-4,2024-08-06,2024-07-30,11.7,2024-07-31,-7,-6,2024-08-19,2024-08-16,10.2,2024-08-17,-3,-2,2024-09-17,2024-09-11,22.9,2024-09-09,-6,-8,2024-10-15,2024-10-12,24.7,2024-10-06,-3,-9,2024-11-05,2024-10-30,14.7,2024-11-05,-6,0
20252.0408,20252.0408,HOUSTON 6,RICHMOND,STONECREEK ESTATES,2026-03-24,2026-04-06,2026-04-04,11.1,,-2,,2026-04-06,2026-04-11,4.7,,5,,2026-04-17,2026-04-17,11.5,,0,,2026-04-27,2026-04-25,7.8,,-2,,,2026-05-11,13.7,,,,,2026-05-29,18.4,,,,,2026-06-10,12.3,,,
20252.0230,726022,HOUSTON 6,RICHMOND,STONECREEK ESTATES,2019-07-31,2019-08-08,2019-08-11,11.0,,3,,2019-08-13,2019-08-15,6.9,,2,,2019-08-29,2019-08-24,11.5,,-5,,2019-09-13,2019-09-06,8.5,,-7,,,2019-09-26,12.8,,,,,2019-10-17,21.2,,,,,2019-10-31,13.8,,,
20252.0497,20252.0497,HOUSTON 6,RICHMOND,STONECREEK ESTATES,2026-01-23,2026-02-03,2026-02-10,18.1,2026-04-26,7,82,2026-02-16,2026-02-10,6.7,2026-04-30,-6,73,2026-03-03,2026-02-28,11.9,2026-05-16,-3,74,2026-03-26,2026-03-13,10.1,2026-05-25,-13,60,2026-04-20,2026-04-09,14.2,2026-06-11,-11,52,2026-04-24,2026-05-05,15.2,2026-06-24,11,61,,2026-05-06,12.1,2026-07-08,,
20252.0528,20252.0528,HOUSTON 6,RICHMOND,STONECREEK ESTATES,2026-04-23,,2026-05-09,16.0,,,,,2026-05-16,6.5,,,,,2026-05-29,12.8,,,,,2026-06-09,11.0,,,,,2026-06-25,16.1,,,,,2026-07-16,21.2,,,,,2026-07-28,11.9,,,
20352.0039,20352.0039,HOUSTON 6,ROSENBERG,BROOKEWATER,2025-12-31,2026-01-22,2026-01-12,12.3,2026-01-16,-10,-6,2026-01-27,2026-01-27,4.7,2026-01-25,0,-2,2026-02-06,2026-02-09,12.9,2026-04-26,3,79,2026-02-24,2026-02-15,8.8,2026-05-08,-9,73,2026-03-10,2026-03-13,16.9,2026-05-26,3,77,2026-03-20,2026-03-27,16.6,2026-06-15,7,87,2026-04-06,2026-04-03,14.4,2026-06-24,-3,79
20352.0041,20352.0041,HOUSTON 6,ROSENBERG,BROOKEWATER,2026-01-06,2026-01-20,2026-01-18,12.3,2026-01-22,-2,2,2026-01-23,2026-01-25,4.7,2026-01-23,2,0,2026-02-03,2026-02-05,12.9,2026-04-26,2,82,2026-02-17,2026-02-12,8.8,2026-05-08,-5,80,2026-03-02,2026-03-06,16.9,2026-05-26,4,85,2026-03-18,2026-03-19,16.6,2026-06-15,1,89,2026-04-07,2026-04-01,14.4,2026-06-24,-6,78
20387.0059,20387.0059,HOUSTON 6,RICHMOND,AUSTIN POINT,2025-12-29,2026-01-13,2026-01-07,9.1,2026-01-10,-6,-3,2026-01-16,2026-01-17,3.7,2026-01-16,1,0,2026-01-27,2026-01-27,10.6,2026-01-26,0,-1,2026-02-09,2026-02-03,7.4,2026-04-26,-6,76,2026-02-16,2026-02-21,11.6,2026-05-12,5,85,2026-03-03,2026-03-04,15.8,2026-06-01,1,90,2026-03-23,2026-03-22,18.6,2026-06-13,-1,82
20387.0063,20387.0063,HOUSTON 6,RICHMOND,AUSTIN POINT,2026-04-30,,2026-05-09,9.5,,,,,2026-05-14,4.8,,,,,2026-05-25,10.7,,,,,2026-06-02,7.5,,,,,2026-06-14,12.5,,,,,2026-07-05,21.4,,,,,2026-07-23,18.5,,,
20387.0006,20387.0006,HOUSTON 6,RICHMOND,AUSTIN POINT,2025-05-23,2025-06-09,2025-06-05,12.6,2025-06-04,-4,-5,2025-06-18,2025-06-14,5.4,2025-06-13,-4,-5,2025-06-30,2025-06-29,10.6,2025-06-29,-1,-1,2025-07-14,2025-07-10,10.1,2025-07-09,-4,-5,2025-08-05,2025-07-28,13.7,2025-07-30,-8,-6,2025-10-20,2025-10-03,59.2,2025-08-25,-17,-56,2025-12-08,2025-11-13,24.2,2025-12-08,-25,0
20288.1254,20288.1254,SAN ANTONIO 1,SAN ANTONIO,KALLISON RANCH,2025-10-20,2025-10-29,2025-10-27,6.5,2025-10-28,-2,-1,2025-10-30,2025-11-04,5.6,2025-11-04,5,5,2025-11-11,2025-11-13,13.8,2025-11-13,2,2,2025-11-19,2025-11-20,8.8,2025-12-05,1,16,2025-12-08,2025-12-08,18.6,2025-12-06,0,-2,2025-12-29,2026-01-04,27.1,2026-01-03,6,5,2026-01-21,2026-01-12,13.6,2026-01-21,-9,0
20289.0071,287042,SAN ANTONIO 1,SAN ANTONIO,LADERA,2023-09-06,2023-09-11,2023-09-12,6.3,,1,,2023-09-14,2023-09-17,5.9,,3,,2023-09-22,2023-10-01,17.1,,9,,2023-09-28,2023-10-05,13.3,,7,,2023-10-18,2023-10-16,18.1,,-2,,2023-11-10,2023-11-10,23.2,,0,,2023-12-12,2023-11-27,16.7,,-15,
20289.0156,684166,SAN ANTONIO 1,SAN ANTONIO,LADERA,2023-09-11,2023-09-11,2023-09-18,6.7,,7,,2023-09-13,2023-09-17,6.2,,4,,2023-09-26,2023-09-28,15.0,,2,,2023-10-03,2023-10-06,10.3,,3,,2023-10-24,2023-10-23,19.7,,-1,,2023-11-14,2023-11-20,26.7,,6,,2023-11-20,2023-11-29,15.0,,9,
20290.0075,20290.0075,SAN ANTONIO 1,CASTROVILLE,ALSATIAN OAKS,2025-12-30,2026-01-05,2026-01-07,8.2,2026-01-08,2,3,2026-01-12,2026-01-13,8.3,2026-01-11,1,-1,2026-01-23,2026-01-27,14.7,2026-01-26,4,3,2026-02-05,2026-02-01,9.5,2026-04-26,-4,80,2026-02-24,2026-02-24,19.0,2026-05-13,0,78,2026-03-13,2026-03-29,33.4,2026-06-09,16,88,2026-03-19,2026-03-23,9.7,2026-06-14,4,87
20290.0109,20290.0109,SAN ANTONIO 1,CASTROVILLE,ALSATIAN OAKS,2026-04-20,2026-04-27,2026-04-28,8.2,,1,,,2026-05-05,8.3,,,,,2026-05-20,14.7,,,,,2026-05-29,9.5,,,,,2026-06-17,19.0,,,,,2026-07-20,33.4,,,,,2026-07-30,9.7,,,
20291.0124,292123,SAN ANTONIO 2,SAN ANTONIO,ARCADIA RIDGE,2026-03-30,2026-04-08,2026-04-07,7.7,,-1,,2026-04-17,2026-04-14,6.0,,-3,,,2026-05-01,13.6,,,,,2026-05-14,12.6,,,,,2026-05-29,15.0,,,,,2026-06-25,27.2,,,,,2026-07-08,12.7,,,
20291.0140,309048,SAN ANTONIO 2,SAN ANTONIO,ARCADIA RIDGE,2026-04-24,,2026-05-03,8.9,,,,,2026-05-09,6.0,,,,,2026-05-23,13.9,,,,,2026-06-04,12.3,,,,,2026-06-16,12.5,,,,,2026-07-14,27.7,,,,,2026-07-26,11.9,,,
20291.0176,309076,SAN ANTONIO 2,SAN ANTONIO,ARCADIA RIDGE,2026-04-10,2026-04-27,2026-04-18,7.9,,-9,,,2026-05-03,5.7,,,,,2026-05-17,13.7,,,,,2026-05-25,8.4,,,,,2026-06-11,16.6,,,,,2026-07-09,27.6,,,,,2026-07-21,11.6,,,
20301.0225,20301.0225,SAN ANTONIO 2,BOERNE,THE RANCHES AT CREEKSIDE,2026-03-25,2026-04-07,2026-04-01,7.3,,-6,,2026-04-17,2026-04-13,6.1,,-4,,2026-04-30,2026-04-28,10.6,,-2,,,2026-05-09,9.2,,,,,2026-05-24,15.0,,,,,2026-06-20,26.6,,,,,2026-06-30,9.9,,,
20314.0190,20314.0190,SAN ANTONIO 2,SAN ANTONIO,KINDER RANCH,2025-10-06,2025-10-16,2025-10-17,11.2,2025-10-18,1,2,2025-10-21,2025-10-22,6.4,2025-10-22,1,1,2025-11-03,2025-11-06,16.1,2025-11-07,3,4,2025-11-20,2025-11-12,9.2,2025-11-15,-8,-5,2025-12-04,2025-12-03,13.5,2025-12-07,-1,3,2026-01-09,2026-01-02,29.1,2026-01-12,-7,3,2026-01-30,2026-01-23,14.2,2026-04-26,-7,86
20315.0104,20315.0104,SAN ANTONIO 2,BULVERDE,JOHNSON RANCH,2026-03-06,2026-03-13,2026-03-13,7.1,,0,,2026-03-19,2026-03-19,6.3,,0,,2026-03-31,2026-04-02,14.0,,2,,2026-04-16,2026-04-11,10.9,,-5,,,2026-05-01,15.0,,,,,2026-05-30,29.5,,,,,2026-06-09,9.8,,,
20320.0057,140078,SAN ANTONIO 2,BOERNE,ESPERANZA,2025-03-20,2025-03-31,2025-03-27,6.6,,-4,,2025-04-09,2025-04-06,6.0,,-3,,2025-04-22,2025-04-21,11.8,,-1,,2025-04-30,2025-05-02,9.8,,2,,,2025-05-15,15.0,,,,,2025-06-11,26.6,,,,,2025-06-19,8.3,,,
20320.0105,20320.0105,SAN ANTONIO 2,BOERNE,ESPERANZA,2025-11-21,2025-11-28,2025-11-30,8.6,2025-11-25,2,-3,2025-12-04,2025-12-04,6.3,2025-12-07,0,3,2025-12-16,2025-12-19,14.6,2025-12-14,3,-2,2025-12-29,2025-12-26,10.0,2025-12-23,-3,-6,2026-01-21,2026-01-13,14.7,2026-01-21,-8,0,2026-01-30,2026-02-17,26.6,2026-04-26,18,86,2026-02-07,2026-02-09,9.7,2026-05-12,2,94
20320.0122,20320.0122,SAN ANTONIO 2,BOERNE,ESPERANZA,2025-08-14,2025-08-26,2025-08-22,8.2,2025-08-18,-4,-8,2025-08-29,2025-09-01,6.1,2025-09-04,3,6,2025-09-10,2025-09-13,14.9,2025-09-08,3,-2,2025-09-25,2025-09-20,10.0,2025-09-17,-5,-8,2025-10-20,2025-10-10,14.7,2025-10-18,-10,-2,2025-11-04,2025-11-16,26.6,2025-11-19,12,15,2025-12-04,2025-11-14,10.2,2025-12-04,-20,0
20320.0127,20320.0127,SAN ANTONIO 2,BOERNE,ESPERANZA,2025-03-07,2025-03-17,2025-03-15,7.7,2025-03-11,-2,-6,2025-03-21,2025-03-23,6.3,2025-03-26,2,5,2025-04-09,2025-04-03,12.9,2025-03-31,-6,-9,2025-04-21,2025-04-19,9.5,2025-04-16,-2,-5,2025-05-13,2025-05-06,15.0,2025-05-14,-7,1,2025-05-28,2025-06-09,26.6,2025-06-12,12,15,2025-07-08,2025-06-07,10.2,2025-07-08,-31,0
20384.0003,20384.0003,SAN ANTONIO 2,SAN ANTONIO,DOMINION,2025-06-19,2025-06-30,2025-07-02,12.7,2025-06-29,2,-1,2025-07-17,2025-07-06,6.2,2025-07-17,-11,0,2025-07-24,2025-08-02,15.9,2025-08-09,9,16,2025-08-05,2025-08-07,14.1,2025-08-05,2,0,2025-08-20,2025-08-19,14.3,2025-08-22,-1,2,2025-09-23,2025-09-15,25.8,2025-09-18,-8,-5,2025-10-14,2025-10-08,15.1,2025-10-14,-6,0
20384.0021,20384.0021,SAN ANTONIO 2,SAN ANTONIO,DOMINION,2026-03-16,2026-04-10,2026-03-27,10.5,,-14,,,2026-04-16,6.3,,,,,2026-05-02,16.1,,,,,2026-05-14,12.2,,,,,2026-05-29,14.9,,,,,2026-06-26,28.4,,,,,2026-07-14,17.6,,,
20384.0023,20384.0023,SAN ANTONIO 2,SAN ANTONIO,DOMINION,2026-03-16,2026-04-02,2026-03-27,10.5,,-6,,2026-04-16,2026-04-08,6.4,,-8,,,2026-05-02,15.8,,,,,2026-05-14,11.9,,,,,2026-05-29,14.9,,,,,2026-06-26,28.4,,,,,2026-07-13,17.0,,,
20389.0022,20389.0022,SAN ANTONIO 2,SAN ANTONIO,HIDDEN CANYON,2026-02-23,2026-03-03,2026-03-02,7.3,,-1,,2026-03-09,2026-03-09,6.1,,0,,2026-03-26,2026-03-24,14.5,,-2,,2026-04-06,2026-04-08,12.8,,2,,2026-04-16,2026-04-18,12.4,,2,,,2026-05-13,26.7,,,,,2026-05-25,12.4,,,
20389.0036,20389.0036,SAN ANTONIO 2,SAN ANTONIO,HIDDEN CANYON,2026-04-15,,2026-04-23,7.6,,,,,2026-04-29,6.0,,,,,2026-05-13,14.4,,,,,2026-05-23,9.9,,,,,2026-06-05,12.9,,,,,2026-07-02,26.8,,,,,2026-07-15,12.9,,,
20357.0012,20357.0012,SAN ANTONIO 3,SCHERTZ,THE PARKLANDS,2024-07-08,2024-07-15,2024-07-16,8.3,2024-07-17,1,2,2024-07-19,2024-07-22,6.6,2024-07-21,3,2,2024-07-31,2024-08-01,12.7,2024-08-03,1,3,2024-08-06,2024-08-12,12.0,2024-08-12,6,6,2024-08-16,2024-08-21,15.4,2024-08-21,5,5,2024-08-30,2024-09-08,22.9,2024-09-08,9,9,2024-09-14,2024-09-13,14.1,2024-09-14,-1,0
20007.0254,20007.0254,AUSTIN 1,LIBERTY HILL,LARIAT,2026-04-16,2026-04-24,2026-04-23,6.8,,-1,,2026-04-29,2026-04-29,5.4,,0,,,2026-05-11,11.8,,,,,2026-05-23,11.5,,,,,2026-06-09,17.0,,,,,2026-07-08,28.5,,,,,2026-07-19,10.6,,,
20007.0168,20007.0168,AUSTIN 1,LIBERTY HILL,LARIAT,2025-11-11,2025-11-24,2025-11-17,6.1,2025-11-22,-7,-2,2025-11-24,2025-11-29,4.8,2025-11-30,5,6,2025-12-09,2025-12-06,11.8,2025-12-11,-3,2,2025-12-18,2025-12-20,11.2,2025-12-25,2,7,2026-01-08,2026-01-09,21.8,2026-01-04,1,-4,2026-02-02,2026-02-04,27.4,2026-04-26,2,83,2026-02-06,2026-02-13,10.6,2026-05-05,7,88
20007.0219,20007.0219,AUSTIN 1,LIBERTY HILL,LARIAT,2026-04-27,2026-04-30,2026-05-04,7.2,,4,,,2026-05-06,5.8,,,,,2026-05-18,11.7,,,,,2026-05-29,11.5,,,,,2026-06-13,15.2,,,,,2026-07-13,30.0,,,,,2026-07-24,10.6,,,
20008.0030,313111,AUSTIN 1,GEORGETOWN,NOLINA,2025-04-25,2025-05-02,2025-05-03,8.1,,1,,2025-05-12,2025-05-09,6.5,,-3,,2025-06-06,2025-05-27,15.3,,-10,,2025-06-16,2025-06-17,11.1,,1,,2025-06-25,2025-06-30,14.3,,5,,2025-07-17,2025-07-19,24.1,,2,,2025-08-04,2025-08-02,16.5,,-2,
20013.0319,741080,AUSTIN 1,LIBERTY HILL,SANTA RITA RANCH,2023-10-24,2023-10-30,2023-10-30,6.0,,0,,2023-11-08,2023-11-04,4.7,,-4,,2023-11-24,2023-11-20,12.4,,-4,,2023-12-07,2023-12-05,10.9,,-2,,2023-12-27,2023-12-24,17.2,,-3,,2024-02-02,2024-01-24,27.9,,-9,,2024-02-01,2024-02-13,10.5,,12,
20013.0550,20013.0550,AUSTIN 1,LIBERTY HILL,SANTA RITA RANCH,2025-12-11,2025-12-26,2025-12-23,11.6,2025-12-23,-3,-3,2026-01-02,2026-01-02,6.8,2025-12-31,0,-2,2026-01-15,2026-01-14,12.4,2026-01-17,-1,2,2026-02-01,2026-01-27,12.1,2026-04-26,-5,84,2026-02-17,2026-02-16,14.6,2026-05-18,-1,90,2026-03-25,2026-03-22,32.9,2026-07-12,-3,109,2026-04-14,2026-04-04,10.4,2026-07-29,-10,106
20013.0565,20013.0565,AUSTIN 1,LIBERTY HILL,SANTA RITA RANCH,2026-04-13,2026-04-23,2026-04-21,8.1,,-2,,,2026-04-29,6.2,,,,,2026-05-11,12.3,,,,,2026-05-23,11.7,,,,,2026-06-09,17.5,,,,,2026-07-17,37.9,,,,,2026-07-27,10.3,,,
20014.0009,167134,AUSTIN 1,LIBERTY HILL,SANTA RITA RANCH RENTALS,2022-06-22,2022-07-13,2022-06-28,6.4,,-15,,2022-07-23,2022-07-19,5.6,,-4,,2022-08-15,2022-08-06,13.6,,-9,,2022-08-25,2022-08-26,11.5,,1,,2022-10-05,2022-09-13,18.8,,-22,,2022-10-20,2022-11-03,28.8,,14,,2022-12-23,2022-10-31,10.6,,-53,
20014.0033,167129,AUSTIN 1,LIBERTY HILL,SANTA RITA RANCH RENTALS,2022-06-16,2022-06-27,2022-06-23,6.6,,-4,,2022-07-06,2022-07-02,4.7,,-4,,2022-08-22,2022-07-20,13.5,,-33,,2022-09-01,2022-09-02,11.5,,1,,2022-10-20,2022-09-21,19.9,,-29,,2022-12-02,2022-11-18,28.8,,-14,,2022-12-30,2022-12-13,10.6,,-17,
20014.0047,167130,AUSTIN 1,LIBERTY HILL,SANTA RITA RANCH RENTALS,2022-06-16,2022-06-27,2022-06-23,7.0,,-4,,2022-07-21,2022-07-02,4.7,,-19,,2022-08-19,2022-08-03,13.5,,-16,,2022-09-01,2022-08-30,11.5,,-2,,2022-10-31,2022-09-22,21.5,,-39,,2022-11-03,2022-11-29,28.8,,26,,2022-12-30,2022-11-14,10.6,,-46,
20014.0048,167132,AUSTIN 1,LIBERTY HILL,SANTA RITA RANCH RENTALS,2022-06-22,2022-07-13,2022-06-28,6.4,,-15,,2022-07-21,2022-07-19,5.6,,-2,,2022-08-22,2022-08-03,13.5,,-19,,2022-08-29,2022-09-02,11.5,,4,,2022-10-20,2022-09-20,22.3,,-30,,2022-10-27,2022-11-18,28.8,,22,,2022-12-30,2022-11-07,10.6,,-53,
20014.0049,167135,AUSTIN 1,LIBERTY HILL,SANTA RITA RANCH RENTALS,2022-06-22,2022-07-13,2022-06-28,6.4,,-15,,2022-07-23,2022-07-19,5.6,,-4,,2022-08-25,2022-08-06,13.6,,-19,,2022-09-06,2022-09-05,11.5,,-1,,2022-11-01,2022-09-26,20.3,,-36,,2022-11-03,2022-11-30,28.8,,27,,2022-12-30,2022-11-14,10.6,,-46,
20014.0071,167200,AUSTIN 1,LIBERTY HILL,SANTA RITA RANCH RENTALS,2023-04-26,2023-05-04,2023-05-03,6.5,,-1,,2023-05-16,2023-05-10,5.6,,-6,,2023-05-30,2023-05-30,13.6,,0,,2023-06-26,2023-06-11,12.2,,-15,,2023-07-14,2023-07-16,19.8,,2,,2023-08-23,2023-08-13,29.8,,-10,,2023-08-31,2023-09-03,10.6,,3,
20014.0073,167216,AUSTIN 1,LIBERTY HILL,SANTA RITA RANCH RENTALS,2023-09-13,2023-09-21,2023-09-20,7.2,,-1,,2023-10-02,2023-09-26,5.2,,-6,,2023-10-10,2023-10-16,13.7,,6,,2023-10-23,2023-10-22,12.3,,-1,,2023-11-02,2023-11-15,23.1,,13,,2023-12-12,2023-11-29,26.8,,-13,,2023-12-30,2023-12-23,10.6,,-7,
20014.0091,167133,AUSTIN 1,LIBERTY HILL,SANTA RITA RANCH RENTALS,2022-06-22,2022-07-13,2022-06-29,6.8,,-14,,2022-07-21,2022-07-19,5.6,,-2,,2022-08-15,2022-08-04,13.6,,-11,,2022-08-26,2022-08-26,11.5,,0,,2022-10-13,2022-09-15,20.0,,-28,,2022-10-18,2022-11-11,28.8,,24,,2022-12-23,2022-10-29,10.6,,-55,
20014.0124,167110,AUSTIN 1,LIBERTY HILL,SANTA RITA RANCH RENTALS,2022-07-15,2022-08-03,2022-07-21,6.0,,-13,,2022-08-08,2022-08-09,5.6,,1,,2022-09-06,2022-08-21,13.4,,-16,,2022-09-14,2022-09-17,11.3,,3,,2022-11-01,2022-10-04,20.0,,-28,,2022-11-03,2022-11-30,28.8,,27,,2022-12-30,2022-11-14,10.6,,-46,
20014.0146,167128,AUSTIN 1,LIBERTY HILL,SANTA RITA RANCH RENTALS,2022-06-16,2022-06-27,2022-06-24,7.6,,-3,,2022-07-21,2022-07-01,4.3,,-20,,2022-08-11,2022-08-03,13.5,,-8,,2022-08-17,2022-08-22,11.4,,5,,2022-09-23,2022-09-08,22.3,,-15,,2022-10-04,2022-10-19,26.0,,15,,2022-12-16,2022-10-15,10.6,,-62,
20014.0162,167131,AUSTIN 1,LIBERTY HILL,SANTA RITA RANCH RENTALS,2022-06-16,2022-07-13,2022-06-23,6.6,,-20,,2022-07-21,2022-07-19,5.6,,-2,,2022-08-08,2022-08-03,13.5,,-5,,2022-08-16,2022-08-19,11.5,,3,,2022-09-23,2022-09-06,21.1,,-17,,2022-10-04,2022-10-22,28.7,,18,,2022-12-16,2022-10-15,10.6,,-62,
20010.0115,783123,AUSTIN 2,GEORGETOWN,PARKSIDE ON THE RIVER,2026-04-13,2026-04-20,2026-04-22,8.5,,2,,2026-04-24,2026-04-25,5.1,,1,,,2026-05-10,16.1,,,,,2026-05-21,11.0,,,,,2026-06-05,15.2,,,,,2026-07-05,30.3,,,,,2026-07-22,16.5,,,
20020.0264,20020.0264,AUSTIN 2,BASTROP,THE COLONY,2025-01-02,2025-01-07,2025-01-08,5.8,2025-01-06,1,-1,2025-01-08,2025-01-13,6.4,2025-01-12,5,4,2025-01-21,2025-01-19,10.7,2025-01-19,-2,-2,2025-01-28,2025-01-31,9.5,2025-01-31,3,3,2025-02-15,2025-02-15,17.5,2025-02-14,0,-1,2025-02-26,2025-03-07,20.5,2025-03-20,9,22,2025-03-07,2025-03-12,13.9,2025-03-07,5,0
20373.0019,20373.0019,AUSTIN 2,GEORGETOWN,PARKSIDE ON THE RIVER WEST,2026-04-16,2026-04-30,2026-04-25,8.7,,-5,,,2026-05-06,5.6,,,,,2026-05-23,17.3,,,,,2026-06-03,11.4,,,,,2026-06-17,13.9,,,,,2026-07-18,30.7,,,,,2026-08-04,17.4,,,
20373.0068,20373.0068,AUSTIN 2,GEORGETOWN,PARKSIDE ON THE RIVER WEST,2026-03-14,2026-03-25,2026-03-23,9.2,,-2,,2026-03-31,2026-04-01,6.7,,1,,2026-04-17,2026-04-18,18.5,,1,,,2026-04-28,11.3,,,,,2026-05-12,13.7,,,,,2026-06-13,31.6,,,,,2026-07-04,20.5,,,
20373.0087,20373.0087,AUSTIN 2,GEORGETOWN,PARKSIDE ON THE RIVER WEST,2026-01-22,2026-02-09,2026-02-02,10.8,2026-04-26,-7,76,2026-02-18,2026-02-14,5.5,2026-05-03,-4,74,2026-03-04,2026-03-08,18.2,2026-05-21,4,78,2026-03-17,2026-03-15,11.4,2026-05-31,-2,75,2026-03-30,2026-03-31,13.9,2026-06-16,1,78,2026-04-21,2026-04-29,30.2,2026-07-29,8,99,,2026-05-07,16.3,2026-08-27,,
20373.0109,20373.0109,AUSTIN 2,GEORGETOWN,PARKSIDE ON THE RIVER WEST,2026-02-12,2026-03-03,2026-02-22,9.9,2026-05-11,-9,69,2026-03-10,2026-03-09,5.5,2026-05-18,-1,69,2026-04-07,2026-03-28,18.1,2026-06-05,-10,59,2026-04-24,2026-04-18,11.4,2026-06-15,-6,52,,2026-05-09,14.5,2026-07-01,,,,2026-06-08,30.1,2026-08-13,,,,2026-06-29,21.4,2026-09-11,,
20373.0118,20373.0118,AUSTIN 2,GEORGETOWN,PARKSIDE ON THE RIVER WEST,2026-01-05,2026-01-20,2026-01-17,12.3,2026-01-20,-3,0,2026-01-27,2026-01-25,5.5,2026-01-27,-2,0,2026-02-18,2026-02-14,18.2,2026-04-26,-4,67,2026-03-04,2026-03-01,11.4,2026-05-06,-3,63,2026-03-27,2026-03-18,14.1,2026-05-22,-9,56,2026-04-23,2026-04-23,26.7,2026-07-04,0,72,,2026-05-09,16.1,2026-08-02,,
20024.0318,20024.0318,AUSTIN 3,AUSTIN,EASTON PARK,2026-03-25,2026-04-01,2026-04-03,9.5,,2,,2026-04-06,2026-04-07,5.7,,1,,2026-04-28,2026-05-01,24.8,,3,,,2026-05-12,14.3,,,,,2026-05-26,13.8,,,,,2026-06-15,20.0,,,,,2026-06-26,11.4,,,
20333.0034,737003,AUSTIN 3,SAN MARCOS,LA CIMA,2021-02-05,2021-03-04,2021-02-13,8.4,,-19,,2021-03-16,2021-03-14,9.9,,-2,,2021-04-01,2021-04-01,16.2,,0,,2021-04-19,2021-04-14,12.7,,-5,,2021-05-08,2021-05-04,14.7,,-4,,2021-06-21,2021-06-02,25.3,,-19,,2021-07-12,2021-07-04,12.6,,-8,
20333.0144,20333.0144,AUSTIN 3,SAN MARCOS,LA CIMA,2026-01-21,2026-01-30,2026-01-29,8.4,2026-04-26,-1,86,2026-02-04,2026-02-09,9.9,2026-05-01,5,86,2026-02-24,2026-02-20,16.2,2026-05-22,-4,87,2026-03-09,2026-03-09,12.7,2026-06-04,0,87,2026-03-23,2026-03-24,14.7,2026-06-18,1,87,2026-05-01,2026-04-17,25.3,2026-07-15,-14,75,,2026-05-14,12.6,2026-08-09,,
20337.0134,228044,AUSTIN 3,KYLE,CROSSWINDS,2025-03-07,2025-03-13,2025-03-16,8.7,,3,,2025-03-20,2025-03-18,5.4,,-2,,2025-04-28,2025-04-08,19.1,,-20,,2025-05-16,2025-05-11,12.9,,-5,,2025-05-27,2025-05-31,15.5,,4,,2025-06-15,2025-06-19,22.7,,4,,2025-07-18,2025-06-24,9.0,,-24,
20403.0060,20403.0060,AUSTIN 3,LOCKHART,JUNIPER SPRINGS,2026-04-22,2026-04-22,2026-05-02,9.8,,10,,2026-04-24,2026-04-26,3.9,,2,,,2026-05-06,12.4,,,,,2026-05-19,13.1,,,,,2026-06-04,16.5,,,,,2026-06-25,21.2,,,,,2026-07-09,13.7,,,
20403.0081,20403.0081,AUSTIN 3,LOCKHART,JUNIPER SPRINGS,2026-03-30,2026-04-07,2026-04-09,9.8,,2,,2026-04-13,2026-04-11,3.9,,-2,,2026-04-17,2026-04-25,12.4,,8,,2026-04-28,2026-04-30,13.1,,2,,,2026-05-14,16.5,,,,,2026-06-04,21.2,,,,,2026-06-18,13.7,,,
20403.0100,20403.0100,AUSTIN 3,LOCKHART,JUNIPER SPRINGS,2026-03-25,2026-04-06,2026-04-04,9.8,,-2,,2026-04-07,2026-04-10,3.9,,3,,2026-04-28,2026-04-19,12.4,,-9,,,2026-05-11,13.1,,,,,2026-05-27,16.5,,,,,2026-06-17,21.2,,,,,2026-07-01,13.7,,,
20059.0148,20059.0148,PERRY D1,FATE,AVONDALE,2025-11-13,2025-11-21,2025-11-22,9.2,2025-11-26,1,5,2025-11-26,2025-11-25,4.4,2025-11-25,-1,-1,2025-12-09,2025-12-16,19.9,2025-12-21,7,12,2025-12-22,2025-12-21,12.5,2025-12-22,-1,0,2026-01-09,2026-01-08,16.7,2026-01-09,-1,0,2026-01-20,2026-01-27,17.5,2026-01-26,7,6,2026-02-05,2026-02-03,14.5,2026-04-26,-2,80
20059.0149,20059.0149,PERRY D1,FATE,AVONDALE,2025-10-29,2025-11-05,2025-11-06,8.1,2025-11-11,1,6,2025-11-10,2025-11-09,3.7,2025-11-09,-1,-1,2025-11-21,2025-11-30,19.9,2025-12-05,9,14,2025-12-02,2025-12-03,12.4,2025-12-04,1,2,2025-12-19,2025-12-19,16.7,2025-12-20,0,1,2026-01-12,2026-01-06,17.5,2026-01-05,-6,-7,2026-01-23,2026-01-26,14.5,2026-01-23,3,0
20366.0003,20366.0003,PERRY D1,ROCKWALL,TERRACES,2024-11-08,2024-11-19,2024-11-22,14.2,2024-11-20,3,1,2024-11-21,2024-11-24,5.1,2024-12-02,3,11,2024-12-03,2024-12-14,23.1,2024-12-04,11,1,2024-12-11,2024-12-15,11.6,2024-12-17,4,6,2024-12-31,2024-12-27,16.3,2024-12-30,-4,-1,2025-01-24,2025-01-18,18.3,2025-01-15,-6,-9,2025-02-07,2025-02-11,18.3,2025-02-07,4,0
20056.0131,20056.0131,PERRY D2,CELINA,CAMBRIDGE CROSSING,2026-02-17,2026-02-26,2026-03-01,11.8,,3,,2026-03-02,2026-03-03,5.0,,1,,2026-03-16,2026-03-16,13.8,,0,,2026-03-30,2026-03-27,10.9,,-3,,2026-04-10,2026-04-12,12.7,,2,,2026-04-27,2026-04-30,19.5,,3,,,2026-05-13,16.0,,,
20066.0635,20066.0635,PERRY D2,FORNEY,DEVONSHIRE,2025-09-09,2025-09-18,2025-09-20,10.5,2025-09-19,2,1,2025-09-22,2025-09-22,4.5,2025-09-21,0,-1,2025-10-01,2025-10-06,14.4,2025-10-06,5,5,2025-10-13,2025-10-13,12.2,2025-10-13,0,0,2025-10-27,2025-10-21,8.3,2025-10-24,-6,-3,2025-11-11,2025-11-14,17.6,2025-11-13,3,2,2025-12-03,2025-11-26,14.5,2025-12-03,-7,0
20031.0036,779095,PERRY D4,MANSFIELD,M3 RANCH,2026-02-09,2026-02-17,2026-02-19,10.3,,2,,2026-02-23,2026-02-21,4.5,,-2,,2026-03-04,2026-03-12,17.4,,8,,2026-03-19,2026-03-19,14.7,,0,,2026-03-30,2026-03-31,12.3,,1,,2026-04-09,2026-04-19,20.3,,10,,2026-04-23,2026-04-24,14.5,,1,
20031.0037,779099,PERRY D4,MANSFIELD,M3 RANCH,2025-11-19,2025-12-03,2025-12-02,12.7,,-1,,2025-12-09,2025-12-08,5.0,,-1,,2025-12-19,2025-12-26,17.4,,7,,2026-01-05,2026-01-03,14.7,,-2,,2026-01-15,2026-01-17,12.3,,2,,2026-02-05,2026-02-04,20.3,,-1,,2026-02-17,2026-02-20,15.2,,3,
20034.0263,20034.0263,PERRY D4,FORT WORTH,VENTANA,2026-03-03,2026-03-12,2026-03-14,10.6,,2,,2026-03-17,2026-03-17,5.1,,0,,2026-03-26,2026-04-01,15.4,,6,,2026-04-09,2026-04-06,11.3,,-3,,2026-04-22,2026-04-24,14.8,,2,,,2026-05-11,19.5,,,,,2026-05-30,19.2,,,
20034.0275,20034.0275,PERRY D4,FORT WORTH,VENTANA,2026-03-05,2026-03-12,2026-03-16,11.1,,4,,2026-03-17,2026-03-17,4.7,,0,,2026-03-27,2026-04-02,15.9,,6,,2026-04-14,2026-04-07,11.3,,-7,,2026-04-28,2026-04-29,14.8,,1,,,2026-05-16,18.3,,,,,2026-06-05,19.5,,,
20034.0299,20034.0299,PERRY D4,FORT WORTH,VENTANA,2026-02-23,2026-03-02,2026-03-06,11.1,2026-05-09,4,68,2026-03-04,2026-03-06,3.5,2026-05-12,2,69,2026-03-16,2026-03-20,16.0,2026-05-26,4,71,2026-03-30,2026-03-27,11.4,2026-06-04,-3,66,2026-04-13,2026-04-14,14.8,2026-07-03,1,81,2026-04-28,2026-04-30,17.2,2026-08-10,2,104,,2026-05-18,19.7,2026-09-08,,
20394.0055,20394.0055,PERRY D4,LAKEWOOD VILLAGE,LAKEWOOD VILLAGE,2026-02-03,2026-02-13,2026-02-17,14.0,2026-05-09,4,85,2026-02-25,2026-02-20,6.5,2026-05-14,-5,78,2026-02-27,2026-03-16,18.7,2026-05-31,17,93,2026-04-21,2026-03-12,12.7,2026-06-13,-40,53,,2026-05-08,16.6,2026-06-25,,,,2026-06-05,28.1,2026-07-19,,,,2026-06-24,18.5,2026-08-29,,
20124.0018,694008,HOUSTON 1,MONT BELVIEU,RICELAND,2025-07-31,2025-08-18,2025-08-17,16.5,,-1,,2025-08-25,2025-08-26,7.6,,1,,2025-09-15,2025-09-07,13.2,,-8,,2025-09-16,2025-09-27,11.9,,11,,2025-09-24,2025-10-04,17.9,,10,,2025-11-05,2025-10-23,29.4,,-13,,2025-11-17,2025-11-15,10.3,,-2,
20124.0120,20124.0120,HOUSTON 1,MONT BELVIEU,RICELAND,2025-08-04,2025-09-05,2025-08-21,16.5,2025-08-26,-15,-10,2025-09-15,2025-09-12,7.2,2025-09-16,-3,1,2025-10-06,2025-09-28,13.2,2025-10-03,-8,-3,2025-10-16,2025-10-18,11.9,2025-10-20,2,4,2025-10-28,2025-11-03,17.9,2025-11-04,6,7,,2025-11-26,29.4,2026-04-26,,,,2025-12-06,10.3,2026-05-06,,
20124.0121,20124.0121,HOUSTON 1,MONT BELVIEU,RICELAND,2025-08-04,2025-09-04,2025-08-20,16.5,2025-08-26,-15,-9,2025-09-12,2025-09-11,7.2,2025-09-15,-1,3,2025-09-24,2025-09-25,13.2,2025-09-30,1,6,2025-10-03,2025-10-06,11.9,2025-10-08,3,5,2025-10-24,2025-10-21,17.9,2025-10-22,-3,-2,,2025-11-22,29.4,2026-04-26,,,,2025-12-02,10.3,2026-05-06,,
20132.0903,20132.0903,HOUSTON 1,MANVEL,MERIDIANA,2025-01-14,2025-02-03,2025-01-27,12.7,2025-01-30,-7,-4,2025-02-07,2025-02-10,6.9,2025-02-11,3,4,2025-02-21,2025-02-17,9.6,2025-02-17,-4,-4,2025-02-24,2025-03-01,7.6,2025-02-28,5,4,,2025-03-15,18.8,2026-04-26,,,,2025-04-02,18.3,2026-05-16,,,,2025-04-15,12.9,2026-05-28,,
20132.0904,20132.0904,HOUSTON 1,MANVEL,MERIDIANA,2025-01-24,2025-02-05,2025-02-07,14.2,2025-02-09,2,4,2025-02-12,2025-02-13,7.8,2025-02-13,1,1,2025-02-21,2025-02-21,9.1,2025-02-22,0,1,2025-02-26,2025-03-01,7.9,2025-02-28,3,2,,2025-03-15,17.0,2026-04-26,,,,2025-04-03,19.2,2026-05-16,,,,2025-04-15,11.8,2026-05-28,,
20165.0339,20165.0339,HOUSTON 1,MANVEL,VALENCIA,2026-04-09,2026-04-27,2026-04-24,15.3,,-3,,,2026-05-03,6.4,,,,,2026-05-12,8.9,,,,,2026-05-22,10.3,,,,,2026-06-05,14.4,,,,,2026-06-22,17.4,,,,,2026-07-03,11.4,,,
20165.0194,20165.0194,HOUSTON 1,MANVEL,VALENCIA,2026-03-29,2026-04-16,2026-04-19,20.8,,3,,2026-04-22,2026-04-24,8.0,,2,,,2026-05-02,9.5,,,,,2026-05-15,13.2,,,,,2026-06-03,18.7,,,,,2026-06-19,16.0,,,,,2026-07-01,12.4,,,
20391.0025,20391.0025,HOUSTON 1,LEAGUE CITY,LEGACY,2025-08-11,2025-08-20,2025-08-25,14.4,2025-08-30,5,10,2025-09-02,2025-08-25,4.8,2025-08-28,-8,-5,2025-09-05,2025-09-24,22.5,2025-09-12,19,7,2025-09-15,2025-09-14,9.5,2025-09-14,-1,-1,,2025-10-04,18.9,2026-04-26,,,,2025-11-03,30.1,2026-07-31,,,,2025-11-22,19.2,2026-08-10,,
20391.0051,20391.0051,HOUSTON 1,LEAGUE CITY,LEGACY,2026-04-15,,2026-04-29,14.4,,,,,2026-05-04,5.4,,,,,2026-05-26,22.5,,,,,2026-06-04,9.5,,,,,2026-06-23,18.9,,,,,2026-07-23,30.1,,,,,2026-08-11,19.2,,,
20178.0226,20178.0226,HOUSTON 2,MAGNOLIA,ESCONDIDO,2026-04-29,,2026-05-10,10.8,,,,,2026-05-14,4.0,,,,,2026-05-26,12.1,,,,,2026-06-05,10.3,,,,,2026-06-19,13.8,,,,,2026-07-18,28.8,,,,,2026-08-02,14.7,,,
20178.0208,20178.0208,HOUSTON 2,MAGNOLIA,ESCONDIDO,2026-04-20,,2026-05-05,15.1,,,,,2026-05-10,5.1,,,,,2026-05-22,12.1,,,,,2026-06-01,10.3,,,,,2026-06-17,16.4,,,,,2026-07-15,28.0,,,,,2026-07-30,14.5,,,
20358.0030,20358.0030,HOUSTON 2,MONTGOMERY,TWO STEP FARM,2026-04-14,,2026-04-29,14.7,,,,,2026-05-05,5.6,,,,,2026-05-16,11.4,,,,,2026-05-29,12.7,,,,,2026-06-15,16.6,,,,,2026-07-13,28.1,,,,,2026-08-01,18.5,,,
20358.0037,20358.0037,HOUSTON 2,MONTGOMERY,TWO STEP FARM,2026-03-27,2026-04-14,2026-04-11,14.7,,-3,,2026-04-20,2026-04-18,4.3,,-2,,2026-04-28,2026-05-01,10.8,,3,,,2026-05-11,12.7,,,,,2026-05-28,16.6,,,,,2026-06-25,28.1,,,,,2026-07-14,18.5,,,
20376.0016,20376.0016,HOUSTON 2,MAGNOLIA,WOODHAVYN,2025-02-17,2025-02-24,2025-02-27,10.5,2025-02-26,3,2,2025-02-28,2025-02-27,2.9,2025-02-27,-1,-1,2025-03-11,2025-03-12,12.1,2025-03-09,1,-2,2025-03-17,2025-03-21,10.2,2025-03-22,4,5,2025-03-27,2025-04-03,16.9,2025-04-03,7,7,2025-04-11,2025-04-29,32.5,2025-04-12,18,1,2025-04-29,2025-04-26,15.1,2025-04-29,-3,0
20376.0021,20376.0021,HOUSTON 2,MAGNOLIA,WOODHAVYN,2026-03-04,2026-03-13,2026-03-15,10.7,,2,,2026-03-18,2026-03-18,5.1,,0,,2026-03-26,2026-03-30,12.0,,4,,2026-04-07,2026-04-05,10.2,,-2,,2026-04-14,2026-04-21,13.5,,7,,2026-04-29,2026-05-16,32.3,,17,,,2026-05-14,15.1,,,
20233.0486,20233.0486,HOUSTON 3,FULSHEAR,JORDAN RANCH,2025-02-08,2025-02-17,2025-02-19,11.3,2025-02-23,2,6,2025-02-24,2025-02-22,4.7,2025-02-21,-2,-3,2025-03-06,2025-03-07,11.2,2025-03-06,1,0,2025-03-11,2025-03-15,9.0,2025-03-12,4,1,,2025-03-29,18.3,2026-04-26,,,,2025-04-11,12.8,2026-05-04,,,,2025-04-23,12.5,2026-05-18,,
20265.0145,226049,HOUSTON 3,FULSHEAR,CROSS CREEK WEST,2022-09-28,2022-10-06,2022-10-09,11.2,,3,,2022-10-13,2022-10-11,5.5,,-2,,2022-10-26,2022-10-24,11.2,,-2,,2022-10-27,2022-11-04,9.0,,8,,,2022-11-14,18.3,,,,,2022-12-02,17.7,,,,,2022-12-14,12.4,,,
20265.0229,20265.0229,HOUSTON 3,FULSHEAR,CROSS CREEK WEST,2026-04-28,,2026-05-09,11.2,,,,,2026-05-14,4.7,,,,,2026-05-25,11.3,,,,,2026-06-03,9.1,,,,,2026-06-21,18.1,,,,,2026-07-06,14.9,,,,,2026-07-18,12.4,,,
20265.0283,20265.0283,HOUSTON 3,FULSHEAR,CROSS CREEK WEST,2026-04-28,,2026-05-13,14.8,,,,,2026-05-19,6.0,,,,,2026-05-30,11.3,,,,,2026-06-09,10.4,,,,,2026-06-28,19.0,,,,,2026-07-13,15.1,,,,,2026-07-26,12.7,,,
20265.0287,20265.0287,HOUSTON 3,FULSHEAR,CROSS CREEK WEST,2026-04-13,2026-04-28,2026-04-27,14.2,,-1,,,2026-05-02,4.0,,,,,2026-05-13,11.3,,,,,2026-05-23,10.0,,,,,2026-06-11,18.7,,,,,2026-06-27,16.2,,,,,2026-07-10,12.7,,,
20267.0428,20267.0428,HOUSTON 3,RICHMOND,CANDELA,2025-11-17,2025-12-02,2025-12-02,14.8,2025-12-04,0,2,2025-12-05,2025-12-08,6.1,2025-12-09,3,4,2025-12-15,2025-12-16,10.7,2025-12-14,1,-1,2025-12-26,2025-12-26,11.4,2025-12-27,0,1,2026-01-12,2026-01-11,16.4,2026-01-10,-1,-2,2026-01-28,2026-01-30,18.2,2026-01-28,2,0,2026-02-05,2026-02-10,12.5,2026-04-26,5,80
20359.0035,20359.0035,HOUSTON 3,KATY,GRANGE,2025-03-24,2025-04-07,2025-04-08,15.5,2025-04-10,1,3,2025-04-10,2025-04-11,4.3,2025-04-12,1,2,2025-05-01,2025-04-25,14.8,2025-04-25,-6,-6,2025-05-19,2025-05-12,11.1,2025-05-10,-7,-9,,2025-06-06,17.7,2026-04-26,,,,2025-06-22,16.2,2026-05-19,,,,2025-07-02,10.1,2026-05-25,,
20415.0099,20415.0099,HOUSTON 3,KATY,LAKES OF CANE ISLAND,2026-04-15,,2026-05-01,15.5,,,,,2026-05-05,4.3,,,,,2026-05-15,9.8,,,,,2026-05-27,11.9,,,,,2026-06-20,24.3,,,,,2026-07-16,25.6,,,,,2026-07-30,13.7,,,
20415.0101,20415.0101,HOUSTON 3,KATY,LAKES OF CANE ISLAND,2026-04-15,,2026-04-27,12.4,,,,,2026-05-01,4.1,,,,,2026-05-10,8.9,,,,,2026-05-22,11.8,,,,,2026-06-14,22.9,,,,,2026-07-06,22.4,,,,,2026-07-18,12.5,,,
20415.0103,20415.0103,HOUSTON 3,KATY,LAKES OF CANE ISLAND,2026-04-28,,2026-05-10,12.4,,,,,2026-05-14,4.2,,,,,2026-05-24,9.6,,,,,2026-06-05,11.9,,,,,2026-06-27,22.3,,,,,2026-07-19,22.4,,,,,2026-08-01,13.3,,,
20415.0011,20415.0011,HOUSTON 3,KATY,LAKES OF CANE ISLAND,2026-04-07,2026-04-20,2026-04-24,17.2,,4,,2026-04-24,2026-04-25,4.8,,1,,2026-05-01,2026-05-05,11.1,,4,,,2026-05-13,11.9,,,,,2026-06-05,23.0,,,,,2026-07-02,26.6,,,,,2026-07-17,14.9,,,
20415.0012,20415.0012,HOUSTON 3,KATY,LAKES OF CANE ISLAND,2026-04-09,2026-04-23,2026-04-25,16.1,,2,,2026-04-29,2026-04-28,4.6,,-1,,,2026-05-08,9.4,,,,,2026-05-20,11.9,,,,,2026-06-15,26.2,,,,,2026-07-11,25.7,,,,,2026-07-26,14.7,,,
20205.0227,20205.0227,HOUSTON 4,PORTER,THE HIGHLANDS,2026-03-26,2026-04-06,2026-04-07,11.6,,1,,2026-04-16,2026-04-10,3.9,,-6,,2026-04-25,2026-04-26,9.7,,1,,,2026-05-03,8.2,,,,,2026-05-21,18.0,,,,,2026-06-18,27.6,,,,,2026-07-02,13.6,,,
20215.0319,20215.0319,HOUSTON 4,CONROE,ARTAVIA,2026-02-03,2026-02-12,2026-02-12,9.1,,0,,2026-02-16,2026-02-16,3.6,,0,,2026-02-20,2026-02-26,10.5,,6,,2026-02-27,2026-03-01,8.8,,2,,2026-03-12,2026-03-14,15.3,,2,,2026-03-26,2026-03-23,11.5,,-3,,2026-04-07,2026-04-09,13.6,,2,
20215.0357,20215.0357,HOUSTON 4,CONROE,ARTAVIA,2026-04-08,2026-04-20,2026-04-21,13.3,,1,,2026-04-20,2026-04-24,3.8,,4,,2026-05-01,2026-04-30,10.5,,-1,,,2026-05-10,9.1,,,,,2026-05-26,15.7,,,,,2026-06-13,17.9,,,,,2026-06-27,14.1,,,
20221.0234,750002,HOUSTON 4,CONROE,GRAND CENTRAL PARK,2020-02-04,2020-02-13,2020-02-13,9.0,,0,,2020-02-18,2020-02-18,5.3,,0,,2020-02-28,2020-02-28,10.5,,0,,2020-03-07,2020-03-08,9.0,,1,,2020-03-20,2020-03-23,15.9,,3,,2020-03-26,2020-04-02,13.2,,7,,2020-04-01,2020-04-08,13.1,,7,
20221.0292,20221.0292,HOUSTON 4,CONROE,GRAND CENTRAL PARK,2025-10-23,2025-10-31,2025-11-03,10.9,2025-11-04,3,4,2025-11-05,2025-11-04,3.8,2025-11-03,-1,-2,2025-11-14,2025-11-15,10.5,2025-11-14,1,0,2025-11-24,2025-11-23,9.5,2025-11-24,-1,0,2025-12-03,2025-12-10,16.2,2025-12-09,7,6,2025-12-15,2025-12-20,16.8,2025-12-15,5,0,2026-01-02,2025-12-29,13.5,2026-01-02,-4,0
20221.0301,20221.0301,HOUSTON 4,CONROE,GRAND CENTRAL PARK,2026-02-26,2026-03-11,2026-03-08,10.4,,-3,,2026-03-16,2026-03-15,3.8,,-1,,2026-03-25,2026-03-27,10.6,,2,,2026-04-02,2026-04-03,9.4,,1,,2026-04-14,2026-04-18,16.2,,4,,2026-04-30,2026-05-02,17.8,,2,,,2026-05-14,14.4,,,
20221.0306,20221.0306,HOUSTON 4,CONROE,GRAND CENTRAL PARK,2026-02-18,2026-02-27,2026-02-28,10.5,,1,,2026-03-04,2026-03-03,3.8,,-1,,2026-03-10,2026-03-14,10.5,,4,,2026-03-19,2026-03-19,9.2,,0,,2026-04-02,2026-04-04,15.7,,2,,2026-04-14,2026-04-19,16.5,,5,,2026-04-17,2026-04-28,13.7,,11,
20181.1125,20181.1125,HOUSTON 5,CYPRESS,BRIDGELAND,2026-04-01,2026-04-14,2026-04-13,11.8,,-1,,2026-04-14,2026-04-19,5.0,,5,,2026-04-25,2026-04-26,12.0,,1,,,2026-05-04,9.3,,,,,2026-05-19,15.5,,,,,2026-06-03,15.1,,,,,2026-06-15,11.9,,,
20181.1075,20181.1075,HOUSTON 5,CYPRESS,BRIDGELAND,2026-04-09,2026-04-23,2026-04-21,11.8,,-2,,2026-04-28,2026-04-29,6.2,,1,,,2026-05-10,12.0,,,,,2026-05-20,10.4,,,,,2026-06-05,15.9,,,,,2026-06-23,17.6,,,,,2026-07-11,17.5,,,
20181.1150,20181.1150,HOUSTON 5,CYPRESS,BRIDGELAND,2026-04-17,,2026-04-27,10.3,,,,,2026-05-02,5.4,,,,,2026-05-14,12.0,,,,,2026-05-23,9.2,,,,,2026-06-08,15.9,,,,,2026-06-23,14.6,,,,,2026-07-05,11.9,,,
20181.0210,243056,HOUSTON 5,CYPRESS,BRIDGELAND,2023-01-04,2023-01-13,2023-01-22,18.2,,9,,2023-01-24,2023-01-20,6.9,,-4,,2023-02-06,2023-02-07,13.9,,1,,2023-02-14,2023-02-15,9.2,,1,,2023-02-23,2023-03-07,20.8,,12,,2023-03-27,2023-03-23,28.2,,-4,,2023-05-02,2023-04-14,18.0,,-18,
20243.0042,131055,HOUSTON 5,CYPRESS,MARVIDA,2022-06-23,2022-07-12,2022-07-05,12.4,,-7,,2022-07-27,2022-07-18,5.9,,-9,,2022-11-30,2022-08-08,11.8,,-114,,2022-11-30,2022-12-10,9.6,,10,,,2022-12-18,17.6,,,,,2023-01-09,21.6,,,,,2023-01-26,17.1,,,
20108.0723,602308,HOUSTON 6,MISSOURI CITY,SIENNA,2022-09-19,2022-09-26,2022-10-05,16.1,,9,,2022-10-03,2022-10-01,4.8,,-2,,2022-10-08,2022-10-14,10.7,,6,,2022-10-10,2022-10-17,9.0,,7,,2022-11-10,2022-10-27,16.8,,-14,,2022-11-28,2022-12-03,23.2,,5,,2022-12-02,2022-12-12,14.3,,10,
20108.1118,20108.1118,HOUSTON 6,MISSOURI CITY,SIENNA,2025-10-03,2025-10-16,2025-10-19,16.2,2025-10-17,3,1,2025-10-21,2025-10-22,6.0,2025-10-20,1,-1,2025-11-06,2025-11-01,11.3,2025-11-03,-5,-3,2025-11-18,2025-11-15,8.9,2025-11-17,-3,-1,2025-12-05,2025-12-10,22.2,2025-12-09,5,4,2026-03-17,2025-12-30,24.9,2026-04-26,-77,40,2026-04-06,2026-04-01,14.7,2026-05-08,-5,32
20252.0521,20252.0521,HOUSTON 6,RICHMOND,STONECREEK ESTATES,2026-04-20,,2026-05-06,16.3,,,,,2026-05-13,6.6,,,,,2026-05-26,12.8,,,,,2026-06-06,11.0,,,,,2026-06-23,17.2,,,,,2026-07-14,20.6,,,,,2026-07-26,12.1,,,
20272.0495,20272.0495,HOUSTON 6,RICHMOND,HARVEST GREEN,2026-04-16,2026-04-20,2026-04-27,10.8,,7,,2026-04-23,2026-04-24,4.1,,1,,,2026-05-03,10.5,,,,,2026-05-11,7.8,,,,,2026-05-23,12.0,,,,,2026-06-06,14.5,,,,,2026-06-19,13.3,,,
20272.0497,20272.0497,HOUSTON 6,RICHMOND,HARVEST GREEN,2026-03-17,2026-03-27,2026-03-31,13.6,,4,,2026-03-31,2026-04-03,6.6,,3,,2026-04-14,2026-04-10,10.4,,-4,,2026-04-23,2026-04-23,9.2,,0,,2026-04-27,2026-05-07,14.2,,10,,,2026-05-12,15.3,,,,,2026-05-25,13.4,,,
20272.0506,20272.0506,HOUSTON 6,RICHMOND,HARVEST GREEN,2025-11-26,2025-12-05,2025-12-08,11.6,2025-12-02,3,-3,2025-12-09,2025-12-12,7.0,2025-12-08,3,-1,2025-12-19,2025-12-19,10.4,2025-12-17,0,-2,2025-12-22,2025-12-30,11.2,2025-12-25,8,3,2026-01-13,2026-01-07,16.5,2026-01-06,-6,-7,2026-01-27,2026-01-28,15.3,2026-01-29,1,2,2026-02-11,2026-02-09,13.0,2026-04-26,-2,74
20272.0513,20272.0513,HOUSTON 6,RICHMOND,HARVEST GREEN,2026-03-12,2026-03-23,2026-03-26,14.3,,3,,2026-03-25,2026-03-28,5.2,,3,,2026-04-06,2026-04-05,10.5,,-1,,2026-04-15,2026-04-15,9.1,,0,,2026-04-27,2026-05-01,16.0,,4,,,2026-05-10,13.1,,,,,2026-05-23,13.2,,,
20272.0518,20272.0518,HOUSTON 6,RICHMOND,HARVEST GREEN,2026-02-09,2026-02-17,2026-02-20,10.7,,3,,2026-02-23,2026-02-22,4.9,,-1,,2026-03-06,2026-03-05,10.1,,-1,,2026-03-05,2026-03-15,8.5,,10,,2026-03-23,2026-03-22,16.8,,-1,,2026-04-14,2026-04-05,13.2,,-9,,2026-05-01,2026-04-27,12.6,,-4,
20286.0024,190019,SAN ANTONIO 1,SAN ANTONIO,VIDA,2022-09-06,2022-09-13,2022-09-14,8.1,,1,,2022-09-22,2022-09-19,5.7,,-3,,2022-10-27,2022-10-07,14.6,,-20,,2022-11-05,2022-11-02,6.1,,-3,,2022-12-19,2022-11-19,13.8,,-30,,2023-01-12,2023-01-13,25.3,,1,,2023-01-11,2023-01-24,11.7,,13,
20286.0118,20286.0118,SAN ANTONIO 1,SAN ANTONIO,VIDA,2025-11-05,2025-11-18,2025-11-15,10.2,2025-11-21,-3,3,2025-11-19,2025-11-24,5.9,2025-11-23,5,4,2025-12-11,2025-12-04,15.1,2025-12-03,-7,-8,2025-12-29,2025-12-23,11.9,2025-12-27,-6,-2,2026-01-15,2026-01-14,15.6,2026-01-16,-1,1,2026-04-02,2026-02-11,27.4,2026-04-26,-50,24,2026-04-10,2026-04-16,13.7,2026-05-28,6,48
20286.0121,20286.0121,SAN ANTONIO 1,SAN ANTONIO,VIDA,2026-04-14,2026-04-27,2026-04-20,6.0,,-7,,2026-04-30,2026-05-03,5.7,,3,,,2026-05-15,14.8,,,,,2026-05-26,11.1,,,,,2026-06-10,14.8,,,,,2026-07-10,30.3,,,,,2026-07-22,12.1,,,
20286.0123,20286.0123,SAN ANTONIO 1,SAN ANTONIO,VIDA,2026-04-10,2026-04-17,2026-04-18,8.1,,1,,2026-04-23,2026-04-23,5.8,,0,,,2026-05-07,14.4,,,,,2026-05-16,9.3,,,,,2026-06-01,16.2,,,,,2026-07-02,30.6,,,,,2026-07-14,12.0,,,
20286.0124,20286.0124,SAN ANTONIO 1,SAN ANTONIO,VIDA,2026-04-08,2026-04-15,2026-04-16,7.7,,1,,2026-04-23,2026-04-21,6.0,,-2,,,2026-05-07,14.3,,,,,2026-05-19,11.5,,,,,2026-06-06,18.1,,,,,2026-07-06,30.0,,,,,2026-07-18,11.8,,,
20288.0357,605532,SAN ANTONIO 1,SAN ANTONIO,KALLISON RANCH,2026-03-17,2026-03-30,2026-03-27,9.6,,-3,,2026-04-01,2026-04-05,6.0,,4,,2026-04-13,2026-04-15,13.9,,2,,2026-04-30,2026-04-26,13.1,,-4,,,2026-05-15,14.9,,,,,2026-06-12,28.2,,,,,2026-06-24,11.7,,,
20288.0358,605534,SAN ANTONIO 1,SAN ANTONIO,KALLISON RANCH,2026-04-14,2026-04-21,2026-04-20,6.1,,-1,,2026-04-28,2026-04-27,5.6,,-1,,,2026-05-12,13.5,,,,,2026-05-21,8.5,,,,,2026-06-06,15.8,,,,,2026-07-02,26.4,,,,,2026-07-14,12.5,,,
20288.0449,605533,SAN ANTONIO 1,SAN ANTONIO,KALLISON RANCH,2026-04-01,2026-04-13,2026-04-10,8.8,,-3,,2026-04-16,2026-04-19,5.8,,3,,2026-04-24,2026-04-30,13.6,,6,,,2026-05-09,15.0,,,,,2026-05-22,13.1,,,,,2026-06-19,27.6,,,,,2026-07-01,12.0,,,
20288.0450,605536,SAN ANTONIO 1,SAN ANTONIO,KALLISON RANCH,2026-03-24,2026-03-31,2026-04-01,8.2,,1,,2026-04-06,2026-04-06,6.1,,0,,2026-04-16,2026-04-19,13.3,,3,,,2026-05-01,15.1,,,,,2026-05-15,14.4,,,,,2026-06-09,25.1,,,,,2026-06-21,12.4,,,
20288.0597,605535,SAN ANTONIO 1,SAN ANTONIO,KALLISON RANCH,2026-04-17,2026-04-28,2026-04-25,8.3,,-3,,,2026-05-04,5.9,,,,,2026-05-17,13.5,,,,,2026-05-27,10.5,,,,,2026-06-10,13.9,,,,,2026-07-08,27.9,,,,,2026-07-20,12.0,,,
20289.0329,734090,SAN ANTONIO 1,SAN ANTONIO,LADERA,2025-12-10,2025-12-18,2025-12-18,7.5,,0,,2025-12-23,2025-12-24,6.2,,1,,2026-02-05,2026-01-09,17.1,,-27,,2026-02-19,2026-02-13,8.0,,-6,,,2026-03-03,11.5,,,,2026-03-23,2026-03-29,25.7,,6,,2026-04-07,2026-04-10,18.0,,3,
20289.0066,287019,SAN ANTONIO 1,SAN ANTONIO,LADERA,2025-08-22,2025-09-02,2025-08-30,8.4,,-3,,2025-09-03,2025-09-08,6.1,,5,,2025-09-29,2025-09-20,17.4,,-9,,2025-10-08,2025-10-08,8.7,,0,,2025-10-22,2025-10-23,14.7,,1,,2025-11-18,2025-11-16,25.2,,-2,,2025-12-01,2025-12-05,17.0,,4,
20289.0088,287044,SAN ANTONIO 1,SAN ANTONIO,LADERA,2025-07-15,2025-07-21,2025-07-21,5.7,,0,,2025-07-22,2025-07-27,5.6,,5,,2025-08-04,2025-08-08,17.1,,4,,2025-08-28,2025-08-13,9.4,,-15,,2025-09-19,2025-09-11,14.1,,-8,,2025-10-13,2025-10-13,23.8,,0,,2025-11-18,2025-10-30,16.5,,-19,
20289.0141,684171,SAN ANTONIO 1,SAN ANTONIO,LADERA,2025-07-21,2025-07-29,2025-07-29,8.1,,0,,2025-08-12,2025-08-04,6.2,,-8,,2025-08-26,2025-08-29,17.1,,3,,2025-09-12,2025-09-05,10.0,,-7,,2025-10-01,2025-09-29,16.6,,-2,,2025-11-07,2025-10-26,25.4,,-12,,2025-11-26,2025-11-22,15.5,,-4,
20290.0019,152246,SAN ANTONIO 1,CASTROVILLE,ALSATIAN OAKS,2023-11-28,2023-12-05,2023-12-06,8.0,,1,,2023-12-11,2023-12-13,8.3,,2,,2023-12-14,2023-12-26,14.7,,12,,2023-12-12,2023-12-23,9.5,,11,,2024-01-11,2023-12-31,19.0,,-11,,2024-02-06,2024-02-13,33.4,,7,,2024-03-07,2024-02-16,9.7,,-20,
20290.0065,20290.0065,SAN ANTONIO 1,CASTROVILLE,ALSATIAN OAKS,2025-06-02,2025-06-09,2025-06-10,8.0,2025-06-14,1,5,2025-06-16,2025-06-17,8.3,2025-06-17,1,1,2025-07-02,2025-07-01,14.7,2025-06-29,-1,-3,2025-07-15,2025-07-11,9.5,2025-07-20,-4,5,2025-07-24,2025-08-03,19.0,2025-08-01,10,8,2025-08-27,2025-08-26,33.4,2025-08-21,-1,-6,2025-09-12,2025-09-06,9.7,2025-09-12,-6,0
20294.0075,20294.0075,SAN ANTONIO 1,CASTROVILLE,MEGAN'S LANDING,2026-03-17,2026-04-07,2026-04-01,14.5,,-6,,2026-04-15,2026-04-15,8.3,,0,,,2026-04-30,14.7,,,,,2026-05-13,13.0,,,,,2026-06-01,19.0,,,,,2026-07-04,33.4,,,,,2026-07-14,9.7,,,
20369.0010,20369.0010,SAN ANTONIO 1,SAN ANTONIO,HABY HILL,2025-07-25,2025-08-04,2025-08-04,9.6,2025-08-02,0,-2,2025-08-08,2025-08-10,6.2,2025-08-12,2,4,2025-08-21,2025-08-22,14.1,2025-08-22,1,1,2025-08-27,2025-09-03,12.8,2025-09-11,7,15,,2025-09-16,20.4,2026-04-26,,,,2025-10-16,29.8,2026-05-24,,,,2025-10-28,11.9,2026-06-04,,
20369.0075,20369.0075,SAN ANTONIO 1,SAN ANTONIO,HABY HILL,2025-06-17,2025-06-26,2025-06-26,8.6,2025-06-28,0,2,2025-07-01,2025-07-02,6.3,2025-07-07,1,6,2025-07-28,2025-07-15,14.2,2025-07-18,-13,-10,2025-07-29,2025-08-09,11.6,2025-08-15,11,17,2025-08-08,2025-08-14,16.4,2025-08-13,6,5,2025-09-17,2025-09-09,32.4,2025-09-05,-8,-12,2025-10-03,2025-09-29,12.1,2025-10-03,-4,0
20291.0142,309029,SAN ANTONIO 2,SAN ANTONIO,ARCADIA RIDGE,2025-09-18,2025-09-30,2025-09-26,7.8,,-4,,2025-10-03,2025-10-06,5.7,,3,,2025-10-24,2025-10-17,13.9,,-7,,2025-10-30,2025-11-05,12.0,,6,,2025-11-17,2025-11-17,18.0,,0,,2025-12-09,2025-12-13,25.6,,4,,2025-12-17,2025-12-21,12.5,,4,
20301.0227,20301.0227,SAN ANTONIO 2,BOERNE,THE RANCHES AT CREEKSIDE,2026-03-26,2026-04-08,2026-04-04,8.8,,-4,,2026-04-16,2026-04-14,6.3,,-2,,2026-04-28,2026-04-27,10.6,,-1,,,2026-05-07,9.2,,,,,2026-05-22,15.0,,,,,2026-06-18,26.6,,,,,2026-06-28,10.3,,,
20301.0229,20301.0229,SAN ANTONIO 2,BOERNE,THE RANCHES AT CREEKSIDE,2025-11-04,2025-11-13,2025-11-12,8.1,2025-11-10,-1,-3,2025-11-17,2025-11-20,6.6,2025-11-20,3,3,2025-12-02,2025-11-30,13.2,2025-11-30,-2,-2,2025-12-12,2025-12-12,9.7,2025-12-17,0,5,2025-12-26,2025-12-27,15.1,2025-12-26,1,0,2026-01-16,2026-01-22,26.6,2026-01-21,6,5,2026-01-23,2026-01-27,10.8,2026-01-23,4,0
20313.0048,20313.0048,SAN ANTONIO 2,BOERNE,CORLEY FARMS,2025-11-12,2025-11-19,2025-11-20,7.9,2025-11-22,1,3,2025-11-24,2025-11-25,6.2,2025-11-24,1,0,2025-12-08,2025-12-07,13.3,2025-12-11,-1,3,2025-12-18,2025-12-18,9.8,2025-12-21,0,3,2026-01-06,2026-01-02,15.1,2026-01-03,-4,-3,2026-01-21,2026-02-02,26.6,2026-01-27,12,6,2026-02-09,2026-02-01,11.2,2026-04-26,-8,76
20313.0056,20313.0056,SAN ANTONIO 2,BOERNE,CORLEY FARMS,2025-12-05,2025-12-15,2025-12-14,8.5,2025-12-15,-1,0,2025-12-19,2025-12-21,6.1,2025-12-20,2,1,2026-01-07,2026-01-02,13.9,2026-01-05,-5,-2,2026-01-20,2026-01-16,8.8,2026-01-20,-4,0,2026-02-03,2026-02-04,14.9,2026-04-26,1,82,2026-02-26,2026-03-02,26.6,2026-05-17,4,80,2026-03-11,2026-03-07,9.2,2026-05-31,-4,81
20313.0064,20313.0064,SAN ANTONIO 2,BOERNE,CORLEY FARMS,2026-02-27,2026-03-16,2026-03-07,8.2,,-9,,2026-03-23,2026-03-22,5.8,,-1,,2026-04-03,2026-04-05,12.6,,2,,2026-04-17,2026-04-12,9.3,,-5,,,2026-05-02,14.8,,,,,2026-05-29,26.6,,,,,2026-06-08,10.1,,,
20315.0120,20315.0120,SAN ANTONIO 2,BULVERDE,JOHNSON RANCH,2026-03-27,2026-04-14,2026-04-03,7.5,,-11,,2026-04-23,2026-04-20,6.3,,-3,,,2026-05-07,14.0,,,,,2026-05-18,10.9,,,,,2026-06-02,15.0,,,,,2026-07-01,29.5,,,,,2026-07-11,9.8,,,
20320.0149,20320.0149,SAN ANTONIO 2,BOERNE,ESPERANZA,2026-02-23,2026-03-02,2026-03-02,7.1,,0,,2026-03-09,2026-03-08,6.2,,-1,,2026-03-20,2026-03-22,13.0,,2,,2026-04-02,2026-03-30,9.5,,-3,,,2026-04-17,15.2,,,,,2026-05-14,26.6,,,,,2026-05-24,9.7,,,
20320.0151,20320.0151,SAN ANTONIO 2,BOERNE,ESPERANZA,2025-11-25,2025-12-01,2025-12-03,7.7,2025-12-06,2,5,2025-12-09,2025-12-07,6.3,2025-12-08,-2,-1,2025-12-18,2025-12-23,14.4,2025-12-18,5,0,2025-12-29,2025-12-28,10.0,2025-12-29,-1,0,2026-01-19,2026-01-13,14.9,2026-01-19,-6,0,2026-02-02,2026-02-15,26.6,2026-04-26,13,83,2026-02-09,2026-02-12,9.6,2026-05-10,3,90
20384.0005,20384.0005,SAN ANTONIO 2,SAN ANTONIO,DOMINION,2026-04-29,,2026-05-10,10.9,,,,,2026-05-16,6.3,,,,,2026-05-30,14.4,,,,,2026-06-12,13.3,,,,,2026-06-26,14.3,,,,,2026-07-25,28.8,,,,,2026-08-09,15.2,,,
20384.0025,20384.0025,SAN ANTONIO 2,SAN ANTONIO,DOMINION,2025-11-25,2025-12-05,2025-12-07,11.6,2025-12-05,2,0,2025-12-12,2025-12-11,6.3,2025-12-22,-1,10,2025-12-23,2025-12-28,16.4,2026-01-04,5,12,2026-02-02,2026-01-05,13.1,2026-04-26,-28,83,2026-02-16,2026-02-15,12.8,2026-05-13,-1,86,2026-03-04,2026-03-15,26.6,2026-06-11,11,99,2026-04-07,2026-03-20,16.1,2026-07-01,-18,85
20389.0006,20389.0006,SAN ANTONIO 2,SAN ANTONIO,HIDDEN CANYON,2026-01-08,2026-01-16,2026-01-18,10.3,2026-01-18,2,2,2026-01-23,2026-01-22,6.2,2026-01-19,-1,-4,2026-02-16,2026-02-08,16.3,2026-04-26,-8,69,2026-03-02,2026-02-26,9.5,2026-05-08,-4,67,2026-03-16,2026-03-14,11.9,2026-05-27,-2,72,2026-03-23,2026-04-10,24.9,2026-06-20,18,89,2026-04-07,2026-04-06,14.2,2026-07-02,-1,86
20316.0043,710084,SAN ANTONIO 3,SCHERTZ,HOMESTEAD,2025-10-21,2025-10-24,2025-10-29,8.3,,5,,2025-10-31,2025-10-31,6.7,,0,,2025-11-24,2025-11-13,12.7,,-11,,2025-12-03,2025-12-06,12.0,,3,,,2025-12-18,15.4,,,,2026-01-13,2026-01-10,22.9,,-3,,2026-01-27,2026-01-27,14.1,,0,
20316.0071,710083,SAN ANTONIO 3,SCHERTZ,HOMESTEAD,2025-10-31,2025-11-04,2025-11-08,8.3,,4,,2025-11-07,2025-11-11,6.6,,4,,2025-12-11,2025-11-20,12.7,,-21,,2026-01-02,2025-12-23,12.0,,-10,,2026-02-02,2026-01-17,15.4,,-16,,2026-02-04,2026-02-25,22.9,,21,,2026-02-16,2026-02-18,14.1,,2,
20325.0229,788005,SAN ANTONIO 3,NEW BRAUNFELS,VERAMENDI,2022-08-31,2022-09-06,2022-09-09,8.7,,3,,2022-09-12,2022-09-13,7.5,,1,,2022-10-26,2022-09-24,11.7,,-32,,2022-11-07,2022-11-06,10.9,,-1,,2022-11-14,2022-11-23,16.2,,9,,2023-01-13,2022-12-02,17.7,,-42,,2023-01-27,2023-01-23,10.1,,-4,
20381.0004,20381.0004,SAN ANTONIO 3,CIBOLO,CIBOLO VALLEY HEIGHTS,2025-12-15,2025-12-29,2025-12-27,12.3,2025-12-27,-2,-2,2026-01-06,2026-01-03,4.7,2026-01-05,-3,-1,2026-01-17,2026-01-19,12.9,2026-01-18,2,1,2026-01-29,2026-01-26,8.8,2026-04-26,-3,87,2026-02-10,2026-02-15,16.9,2026-05-14,5,93,2026-03-04,2026-02-27,16.6,2026-06-04,-5,92,2026-03-17,2026-03-18,14.4,2026-06-16,1,91
20381.0020,20381.0020,SAN ANTONIO 3,CIBOLO,CIBOLO VALLEY HEIGHTS,2026-01-12,2026-01-22,2026-01-24,12.3,2026-01-24,2,2,2026-01-28,2026-01-27,4.7,2026-01-29,-1,1,2026-02-07,2026-02-10,12.9,2026-04-26,3,78,2026-02-18,2026-02-16,8.8,2026-05-09,-2,80,2026-03-06,2026-03-07,16.9,2026-05-27,1,82,2026-03-30,2026-03-23,16.6,2026-06-17,-7,79,2026-04-07,2026-04-13,14.4,2026-06-29,6,83
20079.0040,198268,BRITTON D3,FRISCO,FIELDS,2026-02-16,2026-03-04,2026-03-04,16.2,,0,,2026-03-12,2026-03-13,8.9,,1,,2026-04-02,2026-04-10,29.4,,8,,2026-04-14,2026-04-18,16.0,,4,,,2026-05-05,21.3,,,,,2026-05-29,24.4,,,,,2026-06-21,22.7,,,
20079.0122,284085,BRITTON D3,FRISCO,FIELDS,2026-03-17,2026-03-30,2026-03-31,13.8,,1,,2026-04-01,2026-04-07,7.7,,6,,2026-04-21,2026-05-01,30.3,,10,,,2026-05-03,12.1,,,,,2026-05-24,21.3,,,,,2026-06-17,24.4,,,,,2026-07-10,22.7,,,
20361.0028,20361.0028,BRITTON D4,HURST,ADKINS PARK,2026-02-09,2026-03-03,2026-02-24,15.1,2026-05-09,-7,67,2026-03-12,2026-03-15,11.9,2026-05-20,3,69,2026-03-20,2026-04-03,22.5,2026-06-09,14,81,2026-04-06,2026-03-29,9.5,2026-06-22,-8,77,2026-04-28,2026-04-25,18.9,2026-07-04,-3,67,,2026-05-28,30.1,2026-07-28,,,,2026-06-16,19.2,2026-09-06,,
20007.0173,20007.0173,AUSTIN 1,LIBERTY HILL,LARIAT,2026-03-27,2026-04-06,2026-04-04,8.4,,-2,,2026-04-13,2026-04-10,4.2,,-3,,2026-04-22,2026-04-25,11.7,,3,,2026-05-01,2026-05-03,11.3,,2,,,2026-05-25,23.8,,,,,2026-06-23,28.9,,,,,2026-07-04,10.6,,,
20007.0187,20007.0187,AUSTIN 1,LIBERTY HILL,LARIAT,2026-02-25,2026-03-05,2026-03-04,7.0,,-1,,2026-03-09,2026-03-10,5.2,,1,,2026-03-19,2026-03-21,11.7,,2,,2026-03-26,2026-03-31,11.7,,5,,2026-04-08,2026-04-18,22.7,,10,,,2026-05-06,27.6,,,,,2026-05-17,10.6,,,
20013.0576,20013.0576,AUSTIN 1,LIBERTY HILL,SANTA RITA RANCH,2025-10-01,2025-10-08,2025-10-07,5.9,2025-10-07,-1,-1,2025-10-13,2025-10-14,5.8,2025-10-14,1,1,2025-10-24,2025-10-25,12.3,2025-10-30,1,6,2025-11-07,2025-11-05,11.5,2025-10-31,-2,-7,2025-11-26,2025-11-22,14.7,2025-11-24,-4,-2,2025-12-23,2025-12-26,30.4,2025-12-26,3,3,2026-01-15,2026-01-02,10.4,2026-01-15,-13,0
20013.0581,20013.0581,AUSTIN 1,LIBERTY HILL,SANTA RITA RANCH,2026-04-28,,2026-05-04,6.4,,,,,2026-05-09,4.7,,,,,2026-05-21,12.3,,,,,2026-06-01,11.4,,,,,2026-06-20,18.7,,,,,2026-07-19,28.5,,,,,2026-07-29,10.3,,,
20014.0043,167208,AUSTIN 1,LIBERTY HILL,SANTA RITA RANCH RENTALS,2023-06-22,2023-06-27,2023-06-30,7.6,,3,,2023-07-05,2023-07-02,5.1,,-3,,2023-08-01,2023-07-19,13.7,,-13,,2023-08-11,2023-08-13,11.6,,2,,2023-08-29,2023-08-27,16.2,,-2,,2023-10-18,2023-09-26,27.7,,-22,,2023-10-31,2023-10-29,10.6,,-2,
20014.0072,167213,AUSTIN 1,LIBERTY HILL,SANTA RITA RANCH RENTALS,2023-06-30,2023-07-05,2023-07-07,7.1,,2,,2023-07-14,2023-07-10,5.2,,-4,,2023-08-01,2023-07-28,13.6,,-4,,2023-08-11,2023-08-13,11.6,,2,,2023-08-25,2023-08-27,15.9,,2,,2023-10-20,2023-09-22,27.7,,-28,,2023-11-01,2023-10-31,10.6,,-1,
20014.0111,167206,AUSTIN 1,LIBERTY HILL,SANTA RITA RANCH RENTALS,2023-06-20,2023-06-27,2023-06-27,7.0,,0,,2023-07-05,2023-07-02,5.1,,-3,,2023-07-24,2023-07-19,13.5,,-5,,2023-08-03,2023-08-05,11.6,,2,,2023-08-23,2023-08-22,19.0,,-1,,2023-10-16,2023-09-19,27.4,,-27,,2023-10-31,2023-10-27,10.6,,-4,
20014.0117,167207,AUSTIN 1,LIBERTY HILL,SANTA RITA RANCH RENTALS,2023-06-19,2023-07-05,2023-06-25,6.4,,-10,,2023-07-13,2023-07-10,5.4,,-3,,2023-07-27,2023-07-27,13.6,,0,,2023-08-07,2023-08-08,12.0,,1,,2023-09-05,2023-08-28,21.1,,-8,,2023-10-16,2023-10-01,26.0,,-15,,2023-10-31,2023-10-27,10.6,,-4,
20014.0153,167209,AUSTIN 1,LIBERTY HILL,SANTA RITA RANCH RENTALS,2023-06-19,2023-06-26,2023-06-25,5.9,,-1,,2023-07-05,2023-07-01,5.1,,-4,,2023-07-25,2023-07-19,13.5,,-6,,2023-08-03,2023-08-06,11.6,,3,,2023-08-23,2023-08-24,21.0,,1,,2023-10-18,2023-09-19,27.4,,-29,,2023-10-31,2023-10-29,10.6,,-2,
20014.0154,167210,AUSTIN 1,LIBERTY HILL,SANTA RITA RANCH RENTALS,2023-06-29,2023-07-05,2023-07-06,7.5,,1,,2023-07-20,2023-07-10,5.4,,-10,,2023-08-02,2023-08-03,13.6,,1,,2023-08-15,2023-08-14,12.2,,-1,,2023-09-26,2023-08-31,16.0,,-26,,2023-10-18,2023-10-22,26.0,,4,,2023-10-31,2023-10-29,10.6,,-2,
20353.0023,20353.0023,AUSTIN 1,GEORGETOWN,PARMER RANCH,2026-04-26,,2026-05-05,8.9,2026-05-04,,,,2026-05-12,6.6,2026-05-09,,,,2026-05-31,18.7,2026-05-28,,,,2026-06-11,11.1,2026-06-09,,,,2026-06-26,15.3,2026-06-23,,,,2026-07-25,29.1,2026-07-10,,,,2026-08-12,17.9,2026-07-22,,
20353.0075,20353.0075,AUSTIN 1,GEORGETOWN,PARMER RANCH,2026-02-27,2026-03-06,2026-03-05,5.9,,-1,,2026-03-12,2026-03-11,4.9,,-1,,2026-03-31,2026-03-29,16.8,,-2,,2026-04-06,2026-04-11,11.1,,5,,2026-04-22,2026-04-22,16.3,,0,,,2026-05-20,27.8,,,,,2026-06-03,14.2,,,
20379.0033,20379.0033,AUSTIN 1,LIBERTY HILL,EL DORADO,2026-02-07,2026-02-18,2026-02-16,8.8,2026-05-05,-2,76,2026-02-25,2026-02-24,6.5,2026-05-11,-1,75,2026-03-09,2026-03-09,11.8,2026-05-20,0,72,2026-03-19,2026-03-21,11.9,2026-06-01,2,74,2026-04-09,2026-04-07,18.8,2026-06-15,-2,67,2026-04-27,2026-05-10,31.2,2026-07-24,13,88,2026-04-30,2026-05-07,10.4,2026-07-28,7,89
20010.0214,783106,AUSTIN 2,GEORGETOWN,PARKSIDE ON THE RIVER,2026-03-21,2026-04-01,2026-03-29,8.4,,-3,,2026-04-09,2026-04-06,5.4,,-3,,2026-04-23,2026-04-26,16.7,,3,,,2026-05-04,11.2,,,,,2026-05-19,15.3,,,,,2026-06-19,30.9,,,,,2026-07-09,19.6,,,
20373.0005,20373.0005,AUSTIN 2,GEORGETOWN,PARKSIDE ON THE RIVER WEST,2025-12-04,2025-12-12,2025-12-14,9.7,2025-12-22,2,10,2025-12-16,2025-12-19,7.0,2025-12-18,3,2,2026-01-08,2026-01-03,17.7,2026-01-08,-5,0,2026-01-21,2026-01-19,11.3,2026-01-21,-2,0,2026-01-29,2026-02-02,12.5,2026-04-26,4,87,2026-03-09,2026-02-25,27.3,2026-06-02,-12,85,2026-03-20,2026-03-26,17.1,2026-07-06,6,108
20373.0016,20373.0016,AUSTIN 2,GEORGETOWN,PARKSIDE ON THE RIVER WEST,2026-03-31,2026-04-16,2026-04-11,10.6,,-5,,2026-04-21,2026-04-22,5.7,,1,,2026-04-29,2026-05-09,17.7,,10,,,2026-05-10,11.0,,,,,2026-05-25,14.7,,,,,2026-06-24,30.1,,,,,2026-07-14,20.3,,,
20373.0052,20373.0052,AUSTIN 2,GEORGETOWN,PARKSIDE ON THE RIVER WEST,2025-05-27,2025-06-05,2025-06-05,8.7,2025-06-14,0,9,2025-06-12,2025-06-12,6.8,2025-06-13,0,1,2025-06-27,2025-06-30,17.6,2025-07-01,3,4,2025-07-08,2025-07-08,11.1,2025-07-17,0,9,2025-07-25,2025-07-22,13.6,2025-07-24,-3,-1,2025-08-22,2025-08-24,29.9,2025-08-27,2,5,2025-09-10,2025-09-11,20.1,2025-09-10,1,0
20373.0074,20373.0074,AUSTIN 2,GEORGETOWN,PARKSIDE ON THE RIVER WEST,2026-03-04,2026-03-13,2026-03-13,9.0,,0,,2026-03-18,2026-03-20,6.8,,2,,2026-04-15,2026-04-05,18.0,,-10,,2026-04-28,2026-04-26,11.3,,-2,,,2026-05-11,13.0,,,,,2026-06-10,29.8,,,,,2026-07-03,22.9,,,
20373.0078,20373.0078,AUSTIN 2,GEORGETOWN,PARKSIDE ON THE RIVER WEST,2026-02-09,2026-02-17,2026-02-19,9.9,2026-05-14,2,86,2026-02-25,2026-02-24,6.8,2026-05-22,-1,86,2026-03-12,2026-03-15,17.6,2026-06-10,3,90,2026-03-29,2026-03-23,11.1,2026-06-30,-6,93,2026-04-13,2026-04-11,13.2,2026-07-16,-2,94,,2026-05-12,28.9,2026-08-18,,,,2026-06-01,19.6,2026-09-03,,
20024.0311,20024.0311,AUSTIN 3,AUSTIN,EASTON PARK,2025-09-21,2025-09-29,2025-09-30,9.1,2025-09-29,1,0,2025-10-03,2025-10-05,5.8,2025-10-04,2,1,2025-10-14,2025-10-28,24.8,2025-10-28,14,14,2025-10-24,2025-10-28,14.3,2025-10-28,4,4,2025-10-31,2025-11-08,15.4,2025-11-04,8,4,2025-11-17,2025-11-17,17.5,2025-11-15,0,-2,2025-12-03,2025-11-28,11.4,2025-12-03,-5,0
20026.0273,755017,AUSTIN 3,KYLE,6 CREEKS,2020-10-01,2020-10-16,2020-10-10,9.0,,-6,,2020-10-20,2020-10-22,6.3,,2,,2020-11-04,2020-11-11,22.4,,7,,2020-11-28,2020-11-19,14.6,,-9,,2020-12-08,2020-12-15,16.6,,7,,2021-01-11,2021-01-02,25.2,,-9,,2021-02-10,2021-01-20,8.6,,-21,
20333.0025,737066,AUSTIN 3,SAN MARCOS,LA CIMA,2025-08-14,2025-08-18,2025-08-22,8.4,,4,,2025-08-26,2025-08-27,9.2,,1,,2025-09-08,2025-09-11,16.2,,3,,2025-09-23,2025-09-21,12.7,,-2,,2025-10-13,2025-10-08,14.7,,-5,,2025-11-04,2025-11-07,25.3,,3,,2025-11-14,2025-11-17,12.6,,3,
20337.0055,206102,AUSTIN 3,KYLE,CROSSWINDS,2025-10-02,2025-10-07,2025-10-09,6.9,,2,,2025-10-09,2025-10-12,5.3,,3,,2025-10-24,2025-11-01,22.9,,8,,2025-11-03,2025-11-05,12.0,,2,,2025-11-17,2025-11-18,15.3,,1,,2025-12-08,2025-12-08,20.8,,0,,2025-12-09,2025-12-16,8.1,,7,
20337.0056,206104,AUSTIN 3,KYLE,CROSSWINDS,2025-10-09,2025-10-14,2025-10-16,6.9,,2,,2025-10-17,2025-10-19,5.3,,2,,2025-10-24,2025-11-09,22.9,,16,,2025-11-03,2025-11-05,12.0,,2,,2025-11-18,2025-11-18,15.3,,0,,2025-12-03,2025-12-09,20.8,,6,,2025-12-10,2025-12-10,7.3,,0,
20337.0121,210088,AUSTIN 3,KYLE,CROSSWINDS,2025-10-08,2025-10-15,2025-10-17,8.9,,2,,2025-10-20,2025-10-21,5.6,,1,,2025-11-04,2025-11-11,21.7,,7,,2025-11-13,2025-11-16,12.1,,3,,2025-11-26,2025-11-28,15.5,,2,,2025-12-19,2025-12-18,21.5,,-1,,2025-12-31,2025-12-27,8.4,,-4,
20337.0139,228043,AUSTIN 3,KYLE,CROSSWINDS,2026-03-12,2026-03-23,2026-03-20,8.3,,-3,,2026-03-27,2026-03-29,5.6,,2,,2026-04-08,2026-04-15,19.0,,7,,2026-04-17,2026-04-21,13.5,,4,,,2026-05-02,15.5,,,,,2026-05-25,23.5,,,,,2026-06-02,7.8,,,
20403.0003,20403.0003,AUSTIN 3,LOCKHART,JUNIPER SPRINGS,2025-08-01,2025-08-07,2025-08-11,9.8,2025-08-09,4,2,2025-08-11,2025-08-11,3.9,2025-08-09,0,-2,2025-08-20,2025-08-23,12.4,2025-08-27,3,7,2025-08-27,2025-09-02,13.1,2025-09-01,6,5,2025-09-12,2025-09-12,16.5,2025-09-10,0,-2,2025-09-23,2025-10-03,21.2,2025-09-25,10,2,2025-10-06,2025-10-07,13.7,2025-10-06,1,0
20403.0029,20403.0029,AUSTIN 3,LOCKHART,JUNIPER SPRINGS,2025-11-26,2025-12-03,2025-12-06,9.8,2025-12-04,3,1,2025-12-08,2025-12-07,3.9,2025-12-05,-1,-3,2025-12-19,2025-12-20,12.4,2025-12-24,1,5,2025-12-31,2026-01-01,13.1,2025-12-31,1,0,2026-01-15,2026-01-16,16.5,2026-01-14,1,-1,2026-01-28,2026-02-05,21.2,2026-01-28,8,0,2026-02-04,2026-02-11,13.7,2026-04-26,7,81
20403.0030,20403.0030,AUSTIN 3,LOCKHART,JUNIPER SPRINGS,2025-11-26,2025-12-03,2025-12-06,9.8,2025-12-04,3,1,2025-12-08,2025-12-07,3.9,2025-12-05,-1,-3,2025-12-19,2025-12-20,12.4,2025-12-24,1,5,2025-12-31,2026-01-01,13.1,2025-12-31,1,0,2026-01-14,2026-01-16,16.5,2026-01-14,2,0,2026-01-28,2026-02-04,21.2,2026-01-27,7,-1,2026-02-06,2026-02-11,13.7,2026-04-26,5,79
20403.0071,20403.0071,AUSTIN 3,LOCKHART,JUNIPER SPRINGS,2026-02-16,2026-02-24,2026-02-26,9.8,,2,,2026-03-03,2026-02-28,3.9,,-3,,2026-03-11,2026-03-15,12.4,,4,,2026-03-18,2026-03-24,13.1,,6,,2026-04-06,2026-04-03,16.5,,-3,,2026-04-17,2026-04-27,21.2,,10,,2026-04-24,2026-05-01,13.7,,7,
20403.0072,20403.0072,AUSTIN 3,LOCKHART,JUNIPER SPRINGS,2026-01-02,2026-01-08,2026-01-12,9.8,2026-01-10,4,2,2026-01-09,2026-01-12,3.9,2026-01-10,3,1,2026-01-27,2026-01-21,12.4,2026-01-25,-6,-2,2026-02-09,2026-02-09,13.1,2026-04-26,0,76,2026-02-23,2026-02-25,16.5,2026-05-10,2,76,2026-03-10,2026-03-16,21.2,2026-05-23,6,74,2026-03-17,2026-03-24,13.7,2026-06-10,7,85
20403.0074,20403.0074,AUSTIN 3,LOCKHART,JUNIPER SPRINGS,2025-12-22,2026-01-07,2026-01-01,9.8,2025-12-30,-6,-8,2026-01-12,2026-01-11,3.9,2026-01-09,-1,-3,2026-01-27,2026-01-24,12.4,2026-01-28,-3,1,2026-02-09,2026-02-09,13.1,2026-04-26,0,76,2026-02-23,2026-02-25,16.5,2026-05-10,2,76,2026-03-03,2026-03-16,21.2,2026-05-23,13,81,2026-03-13,2026-03-17,13.7,2026-06-10,4,89
20403.0004,20403.0004,AUSTIN 3,LOCKHART,JUNIPER SPRINGS,2025-08-05,2025-08-08,2025-08-15,9.8,2025-08-12,7,4,2025-08-11,2025-08-12,3.9,2025-08-13,1,2,2025-08-18,2025-08-23,12.4,2025-08-28,5,10,2025-08-27,2025-08-31,13.1,2025-08-27,4,0,2025-09-10,2025-09-12,16.5,2025-09-10,2,0,2025-09-24,2025-10-01,21.2,2025-11-30,7,67,2025-10-06,2025-10-08,13.7,2025-10-06,2,0
20403.0010,20403.0010,AUSTIN 3,LOCKHART,JUNIPER SPRINGS,2025-08-06,2025-08-13,2025-08-16,9.8,2025-08-13,3,0,2025-08-18,2025-08-17,3.9,2025-08-18,-1,0,2025-09-04,2025-08-30,12.4,2025-09-04,-5,0,2025-09-22,2025-09-17,13.1,2025-09-13,-5,-9,2025-10-03,2025-10-08,16.5,2025-10-06,5,3,2025-12-23,2025-10-24,21.2,2025-12-23,-60,0,2025-12-31,2026-01-06,13.7,2025-12-31,6,0
20403.0005,20403.0005,AUSTIN 3,LOCKHART,JUNIPER SPRINGS,2025-08-05,2025-08-08,2025-08-15,9.8,2025-08-08,7,0,2025-08-12,2025-08-12,3.9,2025-08-15,0,3,2025-08-19,2025-08-24,12.4,2025-09-02,5,14,2025-08-27,2025-09-01,13.1,2025-09-01,5,5,2025-09-09,2025-09-12,16.5,2025-09-10,3,1,2025-09-25,2025-09-30,21.2,2025-12-01,5,67,2025-10-06,2025-10-09,13.7,2025-10-06,3,0
20403.0013,20403.0013,AUSTIN 3,LOCKHART,JUNIPER SPRINGS,2025-08-12,2025-08-22,2025-08-22,9.8,2025-08-15,0,-7,2025-08-26,2025-08-26,3.9,2025-08-29,0,3,2025-09-09,2025-09-07,12.4,2025-09-16,-2,7,2025-09-22,2025-09-22,13.1,2025-09-22,0,0,2025-10-06,2025-10-08,16.5,2025-10-06,2,0,2025-12-26,2025-10-27,21.2,2025-12-28,-60,2,2025-12-31,2026-01-09,13.7,2025-12-31,9,0
20059.0142,20059.0142,PERRY D1,FATE,AVONDALE,2025-10-21,2025-10-28,2025-10-29,7.6,2025-11-03,1,6,2025-10-31,2025-10-31,3.1,2025-11-01,0,1,2025-11-13,2025-11-20,19.9,2025-11-25,7,12,2025-11-24,2025-11-25,12.4,2025-11-26,1,2,2025-12-09,2025-12-11,16.7,2025-12-12,2,3,2025-12-16,2025-12-27,17.5,2025-12-26,11,10,2025-12-27,2025-12-30,14.5,2025-12-27,3,0
20059.0032,268121,PERRY D1,FATE,AVONDALE,2023-12-01,2023-12-12,2023-12-12,11.1,,0,,2023-12-20,2023-12-17,5.2,,-3,,2024-01-10,2024-01-09,19.9,,-1,,2024-01-22,2024-01-22,12.3,,0,,2024-02-07,2024-02-08,16.7,,1,,2024-03-01,2024-02-25,17.5,,-5,,2024-03-08,2024-03-17,15.6,,9,
20059.0043,268111,PERRY D1,FATE,AVONDALE,2025-12-18,2026-01-02,2025-12-29,11.4,,-4,,2026-01-02,2026-01-08,5.9,,6,,2026-01-16,2026-01-22,19.9,,6,,2026-02-03,2026-01-28,12.5,,-6,,2026-02-13,2026-02-20,16.7,,7,,2026-02-24,2026-03-03,17.5,,7,,2026-03-16,2026-03-10,14.5,,-6,
20366.0033,20366.0033,PERRY D1,ROCKWALL,TERRACES,2026-01-14,2026-02-06,2026-01-30,16.2,2026-04-26,-7,79,2026-02-10,2026-02-11,5.2,2026-05-09,1,88,2026-03-05,2026-03-05,23.1,2026-05-22,0,78,2026-03-17,2026-03-17,11.6,2026-06-05,0,80,2026-03-31,2026-04-02,16.3,2026-06-24,2,85,2026-04-24,2026-04-18,18.3,2026-07-09,-6,76,,2026-05-12,18.3,2026-07-22,,
20366.0035,20366.0035,PERRY D1,ROCKWALL,TERRACES,2025-12-11,2025-12-23,2025-12-27,16.0,2025-12-23,4,0,2026-01-05,2025-12-28,5.1,2026-01-05,-8,0,2026-02-10,2026-01-28,23.1,2026-04-26,-13,75,2026-02-16,2026-02-22,11.6,2026-05-10,6,83,2026-02-27,2026-03-04,16.3,2026-05-29,5,91,2026-03-17,2026-03-17,18.3,2026-06-13,0,88,2026-04-13,2026-04-04,18.3,2026-06-26,-9,74
20366.0109,20366.0109,PERRY D1,ROCKWALL,TERRACES,2026-02-25,2026-03-13,2026-03-13,15.8,,0,,2026-03-23,2026-03-18,5.2,,-5,,2026-04-22,2026-04-15,23.1,,-7,,,2026-05-04,11.6,,,,,2026-05-20,16.3,,,,,2026-06-07,18.3,,,,,2026-06-25,18.3,,,
20382.0022,20382.0022,PERRY D1,WAXAHACHIE,MYRTLE CREEK,2026-01-21,2026-02-04,2026-02-02,11.8,2026-04-26,-2,81,2026-02-09,2026-02-09,5.1,2026-04-28,0,78,2026-02-18,2026-02-21,12.2,2026-05-14,3,85,2026-03-03,2026-03-01,11.4,2026-05-26,-2,84,2026-03-17,2026-03-21,18.3,2026-06-13,4,88,2026-04-02,2026-04-10,24.3,2026-06-30,8,89,2026-04-24,2026-04-16,14.1,2026-07-17,-8,84
20382.0033,20382.0033,PERRY D1,WAXAHACHIE,MYRTLE CREEK,2026-04-24,,2026-05-06,11.8,,,,,2026-05-11,5.1,,,,,2026-05-23,12.2,,,,,2026-06-03,11.4,,,,,2026-06-21,18.3,,,,,2026-07-15,24.3,,,,,2026-08-02,18.2,,,
20382.0058,20382.0058,PERRY D1,WAXAHACHIE,MYRTLE CREEK,2026-04-02,2026-04-09,2026-04-14,12.0,,5,,2026-04-14,2026-04-14,5.1,,0,,2026-04-27,2026-04-26,12.2,,-1,,,2026-05-08,11.4,,,,,2026-05-26,18.3,,,,,2026-06-19,24.3,,,,,2026-07-03,14.1,,,
20382.0064,20382.0064,PERRY D1,WAXAHACHIE,MYRTLE CREEK,2026-04-08,2026-04-21,2026-04-20,12.0,,-1,,2026-04-27,2026-04-26,5.1,,-1,,,2026-05-09,12.2,,,,,2026-05-20,11.4,,,,,2026-06-07,18.3,,,,,2026-07-01,24.3,,,,,2026-07-15,14.1,,,
20037.0518,20037.0518,PERRY D2,MCKINNEY,TRINITY FALLS,2026-02-28,2026-03-11,2026-03-11,11.4,2026-05-06,0,56,2026-03-18,2026-03-15,3.8,2026-05-10,-3,53,2026-04-08,2026-04-09,21.8,2026-05-24,1,46,2026-04-17,2026-04-19,10.7,2026-06-05,2,49,2026-04-28,2026-05-01,14.3,2026-06-16,3,49,,2026-05-20,22.1,2026-07-03,,,,2026-06-05,16.2,2026-07-21,,
20056.0132,20056.0132,PERRY D2,CELINA,CAMBRIDGE CROSSING,2026-01-09,2026-01-20,2026-01-24,14.6,2026-01-20,4,0,2026-01-24,2026-01-24,4.0,2026-01-25,0,1,2026-02-11,2026-02-09,16.1,2026-04-26,-2,74,2026-02-20,2026-02-22,10.9,2026-05-08,2,77,2026-03-02,2026-03-05,12.7,2026-05-19,3,78,2026-03-22,2026-03-22,19.5,2026-06-05,0,75,2026-03-27,2026-04-06,15.4,2026-06-23,10,88
20056.0139,20056.0139,PERRY D2,CELINA,CAMBRIDGE CROSSING,2025-12-17,2025-12-29,2025-12-30,13.2,2025-12-28,1,-1,2026-01-05,2026-01-03,4.9,2026-01-03,-2,-2,2026-01-14,2026-01-23,18.2,2026-01-18,9,4,2026-01-30,2026-01-26,12.4,2026-04-26,-4,86,2026-02-11,2026-02-12,12.5,2026-05-07,1,85,2026-02-27,2026-03-03,19.5,2026-05-24,4,86,2026-03-06,2026-03-15,16.2,2026-06-11,9,97
20056.0140,20056.0140,PERRY D2,CELINA,CAMBRIDGE CROSSING,2025-12-31,2026-01-09,2026-01-15,15.2,2026-01-11,6,2,2026-01-13,2026-01-14,5.1,2026-01-14,1,1,2026-01-30,2026-01-28,15.1,2026-04-26,-2,86,2026-02-09,2026-02-09,10.4,2026-05-08,0,88,2026-02-23,2026-02-22,12.7,2026-05-19,-1,85,2026-03-09,2026-03-14,19.3,2026-06-05,5,88,2026-03-14,2026-03-25,15.7,2026-06-23,11,101
20066.0611,20066.0611,PERRY D2,FORNEY,DEVONSHIRE,2026-04-14,,2026-04-25,10.7,,,,2026-04-30,2026-04-30,4.5,,0,,,2026-05-14,14.4,,,,,2026-05-26,12.3,,,,,2026-06-07,11.5,,,,,2026-06-25,17.6,,,,,2026-07-10,14.5,,,
20055.0037,301062,PERRY D3,CELINA,NORTH SKY,2025-12-01,2025-12-11,2025-12-15,13.7,,4,,2025-12-17,2025-12-17,5.9,,0,,2025-12-29,2026-01-01,14.6,,3,,2026-01-14,2026-01-09,11.1,,-5,,2026-01-23,2026-01-27,13.0,,4,,2026-02-16,2026-02-12,19.5,,-4,,2026-03-06,2026-03-05,16.8,,-1,
20362.0059,20362.0059,PERRY D3,LAVON,HILLSTEAD,2026-01-06,2026-01-16,2026-01-16,9.8,2026-01-17,0,1,2026-01-20,2026-01-20,3.9,2026-01-19,0,-1,2026-02-05,2026-02-01,12.4,2026-04-26,-4,80,2026-02-18,2026-02-18,13.1,2026-05-07,0,78,2026-03-04,2026-03-06,16.5,2026-05-25,2,82,2026-03-17,2026-03-25,21.2,2026-06-23,8,98,2026-04-07,2026-03-31,13.7,2026-07-15,-7,99
20362.0060,20362.0060,PERRY D3,LAVON,HILLSTEAD,2026-02-19,2026-03-09,2026-03-01,9.8,,-8,,2026-03-11,2026-03-13,3.9,,2,,2026-03-23,2026-03-23,12.4,,0,,2026-04-06,2026-04-05,13.1,,-1,,2026-04-21,2026-04-22,16.5,,1,,,2026-05-12,21.2,,,,,2026-05-26,13.7,,,
20362.0076,20362.0076,PERRY D3,LAVON,HILLSTEAD,2026-01-08,2026-01-23,2026-01-18,9.8,2026-01-19,-5,-4,2026-01-31,2026-01-27,3.9,2026-04-26,-4,85,2026-02-16,2026-02-12,12.4,2026-05-10,-4,83,2026-03-02,2026-03-01,13.1,2026-05-21,-1,80,2026-03-17,2026-03-18,16.5,2026-06-08,1,83,2026-04-02,2026-04-07,21.2,2026-07-07,5,96,2026-04-17,2026-04-16,13.7,2026-07-29,-1,103
20362.0090,20362.0090,PERRY D3,LAVON,HILLSTEAD,2026-01-09,2026-01-20,2026-01-19,9.8,2026-01-20,-1,0,2026-01-22,2026-01-24,3.9,2026-01-23,2,1,2026-02-04,2026-02-03,12.4,2026-04-26,-1,81,2026-02-16,2026-02-17,13.1,2026-05-07,1,80,2026-03-03,2026-03-04,16.5,2026-05-25,1,83,2026-03-17,2026-03-24,21.2,2026-06-23,7,98,2026-03-30,2026-03-31,13.7,2026-07-15,1,107
20400.0023,20400.0023,PERRY D3,LUCAS,ENCHANTED CREEK,2025-08-25,2025-09-10,2025-09-11,16.6,2025-09-02,1,-8,2025-09-18,2025-09-18,7.8,2025-09-13,0,-5,2025-10-21,2025-10-12,23.8,2025-10-01,-9,-20,2025-11-08,2025-11-06,16.0,2025-11-03,-2,-5,2025-11-22,2025-11-29,20.7,2025-11-28,7,6,2025-12-16,2025-12-18,26.4,2026-01-10,2,25,2026-02-26,2026-01-17,32.3,2026-04-26,-40,59
20034.0122,725003,PERRY D4,FORT WORTH,VENTANA,2019-04-12,2019-04-24,2019-04-24,12.1,,0,,2019-04-25,2019-04-28,4.1,,3,,2019-05-06,2019-05-12,17.3,,6,,2019-05-13,2019-05-18,11.6,,5,,2019-05-31,2019-05-28,14.8,,-3,,2019-06-12,2019-06-14,13.6,,2,,2019-06-13,2019-07-02,20.4,,19,
20088.0139,20088.0139,PERRY D4,HASLET,SWEETGRASS,2026-02-16,2026-02-24,2026-02-27,11.2,,3,,2026-02-28,2026-03-01,4.9,,1,,2026-03-18,2026-03-19,18.9,,1,,2026-03-30,2026-03-28,10.2,,-2,,2026-04-09,2026-04-11,12.5,,2,,2026-04-26,2026-04-30,20.7,,4,,,2026-05-18,21.9,,,
20088.0150,20088.0150,PERRY D4,HASLET,SWEETGRASS,2026-02-10,2026-02-20,2026-02-22,12.2,2026-05-04,2,73,2026-02-23,2026-02-25,4.9,2026-05-10,2,76,2026-03-06,2026-03-14,18.9,2026-05-27,8,82,2026-03-17,2026-03-16,10.2,2026-06-09,-1,84,,2026-03-29,12.5,2026-06-21,,,2026-04-16,2026-04-19,20.7,2026-07-15,3,90,,2026-05-08,21.9,2026-08-24,,
20372.0017,20372.0017,PERRY D4,FORT WORTH,TALON HILLS,2026-02-19,2026-03-05,2026-03-02,10.8,,-3,,2026-03-09,2026-03-10,5.1,,1,,2026-03-19,2026-03-26,16.7,,7,,2026-03-31,2026-04-01,13.3,,1,,2026-04-21,2026-04-15,14.8,,-6,,,2026-05-04,12.6,,,,,2026-05-23,19.4,,,
20124.0166,20124.0166,HOUSTON 1,MONT BELVIEU,RICELAND,2025-10-24,2025-11-13,2025-11-09,16.5,2025-11-09,-4,-4,2025-11-20,2025-11-20,7.4,2025-11-21,0,1,2025-12-03,2025-12-03,13.2,2025-12-01,0,-2,2025-12-11,2025-12-15,11.9,2025-12-06,4,-5,2026-01-02,2025-12-29,17.9,2026-01-04,-4,2,,2026-01-31,29.4,2026-04-26,,,,2026-02-10,10.3,2026-05-08,,
20124.0167,20124.0167,HOUSTON 1,MONT BELVIEU,RICELAND,2025-10-30,2025-11-19,2025-11-15,16.5,2025-11-15,-4,-4,2025-11-21,2025-11-26,7.3,2025-11-27,5,6,2025-12-09,2025-12-04,13.2,2025-12-02,-5,-7,2025-12-17,2025-12-21,11.9,2025-12-12,4,-5,2026-01-12,2026-01-04,17.9,2026-01-10,-8,-2,,2026-02-10,29.4,2026-04-26,,,,2026-02-20,10.3,2026-05-08,,
20124.0168,20124.0168,HOUSTON 1,MONT BELVIEU,RICELAND,2025-11-19,2025-12-04,2025-12-05,16.5,2025-12-05,1,1,2025-12-15,2025-12-11,7.4,2025-12-12,-4,-3,2025-12-19,2025-12-28,13.2,2025-12-26,9,7,2025-12-22,2025-12-31,11.9,2025-12-22,9,0,2026-01-16,2026-01-09,17.9,2026-01-15,-7,-1,,2026-02-14,29.4,2026-04-26,,,,2026-02-24,10.3,2026-05-08,,
20132.0909,20132.0909,HOUSTON 1,MANVEL,MERIDIANA,2026-02-27,2026-03-06,2026-03-11,12.3,,5,,2026-03-13,2026-03-15,9.4,,2,,2026-03-25,2026-03-22,8.9,,-3,,2026-04-02,2026-04-03,8.6,,1,,2026-04-16,2026-04-19,17.3,,3,,2026-04-30,2026-05-04,18.5,,4,,,2026-05-12,12.1,,,
20132.1129,20132.1129,HOUSTON 1,MANVEL,MERIDIANA,2025-10-30,2025-11-26,2025-11-15,15.5,2025-11-15,-11,-11,2025-12-08,2025-12-06,9.9,2025-12-01,-2,-7,2025-12-17,2025-12-16,7.8,2025-12-19,-1,2,2026-01-06,2025-12-27,10.1,2026-01-01,-10,-5,2026-01-21,2026-01-21,15.0,2026-01-23,0,2,2026-02-05,2026-02-12,21.7,2026-04-26,7,80,2026-02-20,2026-02-17,12.4,2026-05-06,-3,75
20132.0829,20132.0829,HOUSTON 1,MANVEL,MERIDIANA,2025-10-17,2025-11-17,2025-11-09,23.1,2025-11-05,-8,-12,2025-11-24,2025-11-27,10.5,2025-11-24,3,0,2025-12-10,2025-12-04,10.0,2025-12-03,-6,-7,2025-12-30,2025-12-21,11.3,2025-12-25,-9,-5,2026-01-12,2026-01-20,21.0,2026-01-18,8,6,2026-02-02,2026-02-05,23.8,2026-04-26,3,83,2026-02-13,2026-02-15,13.3,2026-05-07,2,83
20132.0832,20132.0832,HOUSTON 1,MANVEL,MERIDIANA,2025-12-11,2025-12-29,2025-12-28,16.6,2025-12-30,-1,1,2026-01-05,2026-01-06,8.5,2026-01-05,1,0,2026-01-09,2026-01-13,8.5,2026-01-14,4,5,2026-01-27,2026-01-19,10.4,2026-01-24,-8,-3,2026-02-09,2026-02-09,12.9,2026-04-26,0,76,2026-02-20,2026-03-02,20.6,2026-05-13,10,82,2026-03-04,2026-03-04,11.8,2026-05-24,0,81
20132.0856,20132.0856,HOUSTON 1,MANVEL,MERIDIANA,2025-12-12,2025-12-29,2025-12-30,17.7,2025-12-31,1,2,2026-01-06,2026-01-07,9.4,2026-01-05,1,-1,2026-01-16,2026-01-16,9.5,2026-01-15,0,-1,2026-02-03,2026-01-31,14.8,2026-04-26,-3,82,2026-02-18,2026-02-20,17.1,2026-05-15,2,86,2026-03-10,2026-03-10,20.3,2026-06-01,0,83,2026-03-18,2026-03-24,13.9,2026-06-12,6,86
20132.1034,20132.1034,HOUSTON 1,MANVEL,MERIDIANA,2026-04-28,,2026-05-17,19.5,,,,,2026-05-27,9.9,,,,,2026-06-05,9.3,,,,,2026-06-19,14.1,,,,,2026-07-07,17.7,,,,,2026-07-27,19.8,,,,,2026-08-09,13.0,,,
20132.1091,20132.1091,HOUSTON 1,MANVEL,MERIDIANA,2025-08-19,2025-09-05,2025-09-09,20.7,2025-09-13,4,8,2025-09-12,2025-09-13,8.5,2025-09-13,1,1,2025-09-20,2025-09-22,9.7,2025-09-25,2,5,2025-10-01,2025-10-05,15.3,2025-10-02,4,1,2025-10-14,2025-10-17,16.2,2025-10-20,3,6,,2025-11-02,19.0,2026-04-26,,,,2025-11-15,12.7,2026-05-06,,
20165.0288,20165.0288,HOUSTON 1,MANVEL,VALENCIA,2026-01-30,2026-02-11,2026-02-12,13.5,2026-05-15,1,93,2026-02-17,2026-02-17,6.2,2026-05-26,0,98,2026-02-25,2026-02-25,8.5,2026-06-06,0,101,2026-03-04,2026-03-04,7.1,2026-06-18,0,106,2026-03-20,2026-03-18,13.6,2026-07-13,-2,115,2026-03-30,2026-04-03,13.8,2026-07-29,4,121,2026-04-06,2026-04-10,10.8,2026-08-08,4,124
20165.0233,20165.0233,HOUSTON 1,MANVEL,VALENCIA,2025-12-23,2026-01-15,2026-01-07,14.6,2026-01-12,-8,-3,2026-01-26,2026-01-22,6.7,2026-01-23,-4,-3,2026-01-30,2026-02-02,7.4,2026-04-26,3,86,2026-02-13,2026-02-09,9.6,2026-05-08,-4,84,2026-02-23,2026-02-28,15.5,2026-05-27,5,93,2026-03-11,2026-03-10,15.5,2026-07-07,-1,118,2026-03-24,2026-03-22,11.2,2026-07-17,-2,115
20165.0280,20165.0280,HOUSTON 1,MANVEL,VALENCIA,2026-02-04,2026-02-23,2026-02-20,15.7,2026-05-16,-3,82,2026-03-02,2026-03-02,7.2,2026-05-24,0,83,2026-03-16,2026-03-09,7.5,2026-06-04,-7,80,2026-03-23,2026-03-24,8.2,2026-06-16,1,85,2026-04-09,2026-04-08,16.5,2026-07-05,-1,87,2026-04-16,2026-04-24,14.6,2026-08-15,8,121,2026-05-01,2026-04-27,11.3,2026-08-25,-4,116
20165.0048,20165.0048,HOUSTON 1,MANVEL,VALENCIA,2025-10-24,2025-11-12,2025-11-12,18.6,2025-11-12,0,0,2025-11-19,2025-11-20,8.1,2025-11-20,1,1,2025-12-01,2025-11-30,10.6,2025-11-30,-1,-1,2025-12-15,2025-12-14,13.3,2025-12-15,-1,0,2026-01-05,2026-01-02,17.9,2026-01-01,-3,-4,2026-01-09,2026-01-21,16.3,2026-01-11,12,2,2026-01-21,2026-01-21,12.0,2026-01-21,0,0
20165.0049,20165.0049,HOUSTON 1,MANVEL,VALENCIA,2025-12-01,2025-12-12,2025-12-20,19.3,2025-12-20,8,8,2025-12-18,2025-12-21,9.1,2025-12-20,3,2,2025-12-30,2025-12-28,10.3,2025-12-29,-2,-1,2026-01-13,2026-01-14,14.9,2026-01-13,1,0,2026-01-21,2026-02-02,19.6,2026-01-30,12,9,2026-02-06,2026-02-07,17.2,2026-04-26,1,79,2026-02-13,2026-02-18,11.9,2026-05-08,5,84
20165.0050,20165.0050,HOUSTON 1,MANVEL,VALENCIA,2026-01-15,2026-02-06,2026-02-03,19.0,2026-04-26,-3,79,2026-02-12,2026-02-13,7.1,2026-05-04,1,81,2026-02-23,2026-02-22,10.1,2026-05-15,-1,81,2026-03-03,2026-03-07,11.5,2026-05-29,4,87,2026-03-18,2026-03-21,17.7,2026-06-15,3,89,2026-03-27,2026-04-06,18.9,2026-06-21,10,86,2026-04-07,2026-04-08,12.2,2026-07-03,1,87
20165.0196,20165.0196,HOUSTON 1,MANVEL,VALENCIA,2026-02-10,2026-03-02,2026-02-27,16.9,2026-05-21,-3,80,2026-03-06,2026-03-10,7.7,2026-05-23,4,78,2026-03-16,2026-03-16,9.6,2026-06-03,0,79,2026-03-31,2026-03-28,12.3,2026-06-15,-3,76,2026-04-14,2026-04-17,17.1,2026-07-04,3,81,,2026-05-03,18.8,2026-08-14,,,,2026-05-16,12.6,2026-08-24,,
20165.0198,20165.0198,HOUSTON 1,MANVEL,VALENCIA,2026-01-15,2026-02-13,2026-02-04,19.6,2026-04-26,-9,72,2026-02-20,2026-02-23,9.6,2026-04-28,3,67,2026-03-04,2026-03-02,10.1,2026-05-09,-2,66,2026-03-18,2026-03-15,11.0,2026-05-21,-3,64,2026-04-01,2026-04-06,19.2,2026-06-09,5,69,2026-04-15,2026-04-19,18.4,2026-07-20,4,96,2026-04-24,2026-04-28,13.0,2026-07-30,4,97
20165.0226,20165.0226,HOUSTON 1,MANVEL,VALENCIA,2025-01-14,2025-01-14,2025-01-28,14.1,2025-02-08,14,25,2025-01-23,2025-01-24,10.1,2025-01-16,1,-7,2025-01-29,2025-02-01,8.9,2025-02-03,3,5,2025-02-13,2025-02-10,11.7,2025-02-10,-3,-3,2025-03-06,2025-03-01,16.3,2025-03-04,-5,-2,2025-03-25,2025-03-20,13.6,2025-04-16,-5,22,2025-04-04,2025-04-06,12.2,2025-04-04,2,0
20391.0021,20391.0021,HOUSTON 1,LEAGUE CITY,LEGACY,2026-02-10,2026-02-24,2026-02-24,14.4,,0,,2026-03-03,2026-02-28,3.7,,-3,,2026-03-11,2026-03-25,22.5,,14,,2026-03-19,2026-03-20,9.5,,1,,2026-04-08,2026-04-07,18.9,,-1,,,2026-05-08,30.1,,,,,2026-05-27,19.2,,,
20178.0205,20178.0205,HOUSTON 2,MAGNOLIA,ESCONDIDO,2026-04-20,2026-04-30,2026-05-01,10.8,,1,,,2026-05-05,5.5,,,,,2026-05-17,12.1,,,,,2026-05-27,10.3,,,,,2026-06-12,16.5,,,,,2026-07-08,26.3,,,,,2026-07-23,14.5,,,
20178.0220,20178.0220,HOUSTON 2,MAGNOLIA,ESCONDIDO,2026-02-04,2026-02-20,2026-02-21,16.9,2026-05-14,1,83,2026-02-24,2026-02-25,4.8,2026-05-15,1,80,2026-03-07,2026-03-08,12.1,2026-06-01,1,86,2026-03-16,2026-03-17,10.3,2026-06-12,1,88,,2026-04-02,17.1,2026-07-04,,,2026-04-24,2026-04-28,26.3,2026-07-20,4,87,,2026-05-09,15.1,2026-08-14,,
20183.0128,799038,HOUSTON 2,MAGNOLIA,AUDUBON,2022-08-10,2022-08-18,2022-08-23,12.8,,5,,2022-08-31,2022-08-23,5.1,,-8,,2022-09-16,2022-09-12,12.0,,-4,,2022-09-21,2022-09-26,10.3,,5,,,2022-10-07,16.4,,,,,2022-11-28,52.2,,,,,2022-12-12,14.4,,,
20364.0033,20364.0033,HOUSTON 2,MONTGOMERY,KRESSTON,2024-11-12,2024-11-22,2024-11-26,13.7,2024-12-04,4,12,2024-12-02,2024-11-28,6.0,2024-11-24,-4,-8,2024-12-13,2024-12-15,13.2,2024-12-14,2,1,2024-12-19,2024-12-26,12.6,2024-12-24,7,5,2024-12-26,2025-01-05,16.9,2025-01-05,10,10,2025-02-03,2025-01-23,28.1,2025-01-11,-11,-23,2025-02-24,2025-02-22,18.5,2025-02-24,-2,0
20364.0069,20364.0069,HOUSTON 2,MONTGOMERY,KRESSTON,2024-11-12,2024-12-02,2024-11-29,16.8,2024-12-12,-3,10,2024-12-02,2024-12-07,4.7,2024-12-07,5,5,2024-12-13,2024-12-17,15.3,2024-12-22,4,9,2024-12-20,2024-12-26,12.7,2024-12-26,6,6,2024-12-30,2025-01-06,16.9,2025-01-01,7,2,2025-01-23,2025-01-27,28.1,2025-01-15,4,-8,2025-02-24,2025-02-11,18.5,2025-02-24,-13,0
20376.0036,20376.0036,HOUSTON 2,MAGNOLIA,WOODHAVYN,2026-04-14,2026-04-28,2026-04-26,12.3,,-2,,2026-04-30,2026-05-03,5.0,,3,,,2026-05-12,12.1,,,,,2026-05-22,10.3,,,,,2026-06-08,16.9,,,,,2026-07-07,28.8,,,,,2026-07-21,14.4,,,
20377.0013,20377.0013,HOUSTON 2,TODD MISSION,COLTON,2025-10-22,2025-11-18,2025-11-04,12.8,2025-11-08,-14,-10,2025-11-26,2025-11-22,4.2,2025-11-21,-4,-5,2025-12-19,2025-12-11,14.5,2025-12-08,-8,-11,2025-12-26,2025-12-28,9.4,2025-12-26,2,0,2026-01-08,2026-01-13,17.9,2026-01-08,5,0,2026-01-23,2026-01-28,19.6,2026-01-23,5,0,2026-02-12,2026-02-04,11.8,2026-04-26,-8,73
20398.0099,20398.0099,HOUSTON 2,HOCKLEY,EVERLY,2026-04-16,,2026-04-23,7.0,,,,,2026-04-29,5.5,,,,,2026-05-11,11.6,,,,,2026-05-22,10.9,,,,,2026-06-06,15.4,,,,,2026-06-28,21.8,,,,,2026-07-13,14.5,,,
20267.0587,20267.0587,HOUSTON 3,RICHMOND,CANDELA,2026-03-30,2026-04-15,2026-04-14,14.5,,-1,,2026-04-17,2026-04-22,6.5,,5,,2026-04-25,2026-04-28,10.7,,3,,,2026-05-06,10.9,,,,,2026-05-24,18.5,,,,,2026-06-12,19.1,,,,,2026-06-25,12.5,,,
20388.0022,20388.0022,HOUSTON 4,MONTGOMERY,BRIARLEY,2025-12-30,2026-01-13,2026-01-12,13.2,2026-01-13,-1,0,2026-01-18,2026-01-18,5.0,2026-01-18,0,0,2026-01-28,2026-02-12,25.1,2026-01-28,15,0,2026-02-11,2026-02-10,12.7,2026-04-26,-1,74,2026-02-24,2026-02-28,16.6,2026-05-11,4,76,2026-03-16,2026-03-26,29.5,2026-05-31,10,76,2026-03-31,2026-04-04,18.5,2026-06-17,4,78
20175.0061,20175.0061,HOUSTON 5,HOCKLEY,JUBILEE,2026-04-23,,2026-05-07,14.1,,,,,2026-05-15,7.7,,,,,2026-05-27,12.5,,,,,2026-06-08,11.9,,,,,2026-06-24,16.1,,,,,2026-07-15,21.3,,,,,2026-07-29,14.0,,,
20175.0064,20175.0064,HOUSTON 5,HOCKLEY,JUBILEE,2026-04-29,,2026-05-11,11.5,,,,,2026-05-18,6.6,,,,,2026-05-30,12.5,,,,,2026-06-10,11.3,,,,,2026-06-26,16.3,,,,,2026-07-17,21.3,,,,,2026-07-31,14.2,,,
20175.0042,20175.0042,HOUSTON 5,HOCKLEY,JUBILEE,2025-12-30,2026-01-20,2026-01-14,15.1,2026-01-14,-6,-6,2026-01-26,2026-01-26,5.9,2026-01-25,0,-1,2026-02-07,2026-02-07,11.9,2026-04-26,0,78,2026-02-17,2026-02-19,12.1,2026-05-08,2,80,2026-03-02,2026-03-05,15.9,2026-05-25,3,84,2026-03-20,2026-03-23,21.3,2026-06-12,3,84,2026-04-10,2026-04-03,14.4,2026-06-22,-7,73
20175.0047,20175.0047,HOUSTON 5,HOCKLEY,JUBILEE,2026-01-05,2026-01-29,2026-01-16,10.8,2026-04-26,-13,87,2026-02-03,2026-02-05,7.0,2026-05-01,2,87,2026-02-18,2026-02-15,12.1,2026-05-17,-3,88,2026-03-02,2026-03-02,11.6,2026-05-29,0,88,2026-03-20,2026-03-18,16.1,2026-06-15,-2,87,2026-04-06,2026-04-10,21.3,2026-07-03,4,88,2026-04-24,2026-04-19,13.4,2026-07-13,-5,80
20181.1041,20181.1041,HOUSTON 5,CYPRESS,BRIDGELAND,2025-11-14,2025-12-04,2025-11-28,13.9,2025-11-25,-6,-9,2025-12-09,2025-12-09,4.9,2025-12-09,0,0,2025-12-20,2025-12-21,12.0,2025-12-25,1,5,2026-01-05,2025-12-30,10.4,2026-01-05,-6,0,2026-01-20,2026-01-19,14.3,2026-01-22,-1,2,2026-02-03,2026-02-12,23.3,2026-04-26,9,82,2026-02-16,2026-02-18,15.0,2026-05-06,2,79
20181.1044,20181.1044,HOUSTON 5,CYPRESS,BRIDGELAND,2026-01-09,2026-01-22,2026-01-20,11.4,2026-01-20,-2,-2,2026-01-27,2026-01-28,6.0,2026-01-27,1,0,2026-02-06,2026-02-08,11.9,2026-04-26,2,79,2026-02-23,2026-02-15,9.4,2026-05-12,-8,78,2026-03-03,2026-03-10,14.8,2026-05-29,7,87,2026-03-19,2026-03-20,16.6,2026-06-21,1,94,2026-04-06,2026-04-02,14.4,2026-07-01,-4,86
20181.1054,20181.1054,HOUSTON 5,CYPRESS,BRIDGELAND,2025-10-31,2025-11-19,2025-11-12,11.7,2025-11-11,-7,-8,2025-11-24,2025-11-24,5.0,2025-11-24,0,0,2025-12-05,2025-12-06,12.0,2025-12-10,1,5,2025-12-12,2025-12-14,9.1,2025-12-21,2,9,2026-01-05,2025-12-27,15.0,2025-12-29,-9,-7,2026-02-06,2026-01-25,20.5,2026-04-26,-12,79,2026-02-16,2026-02-20,14.3,2026-05-06,4,79
20181.1025,20181.1025,HOUSTON 5,CYPRESS,BRIDGELAND,2026-04-20,,2026-05-03,13.1,,,,,2026-05-09,5.5,,,,,2026-05-21,12.1,,,,,2026-06-02,11.5,,,,,2026-06-18,15.6,,,,,2026-07-12,23.6,,,,,2026-07-26,13.8,,,
20237.0076,20237.0076,HOUSTON 5,KATY,KATY COURT,2025-10-22,2025-11-06,2025-11-09,18.5,2025-11-06,3,0,2025-11-10,2025-11-11,4.7,2025-11-11,1,1,2025-11-18,2025-11-23,12.7,2025-11-26,5,8,2025-12-05,2025-11-30,11.8,2025-11-29,-5,-6,2025-12-26,2025-12-29,24.2,2026-01-03,3,8,2026-03-03,2026-01-19,23.6,2026-04-26,-43,54,2026-03-26,2026-03-18,14.9,2026-05-06,-8,41
20237.0084,20237.0084,HOUSTON 5,KATY,KATY COURT,2025-10-22,2025-11-05,2025-11-10,19.4,2025-11-07,5,2,2025-11-10,2025-11-10,4.9,2025-11-10,0,0,2025-11-18,2025-11-21,11.1,2025-11-20,3,2,2025-12-05,2025-11-30,11.7,2025-11-29,-5,-6,2025-12-21,2025-12-30,24.6,2026-01-02,9,12,2026-03-03,2026-01-13,23.3,2026-04-26,-49,54,2026-04-07,2026-03-18,14.7,2026-05-06,-20,29
20238.0819,20238.0819,HOUSTON 5,KATY,ELYSON,2025-12-16,2025-12-29,2026-01-03,18.2,2025-12-29,5,0,2026-01-05,2026-01-03,4.9,2026-01-04,-2,-1,2026-01-23,2026-01-16,10.9,2026-01-25,-7,2,2026-02-11,2026-02-03,11.4,2026-04-26,-8,74,2026-02-25,2026-02-26,14.7,2026-05-13,1,77,2026-03-24,2026-03-13,15.7,2026-05-27,-11,64,2026-04-16,2026-04-05,11.6,2026-06-06,-11,51
20243.0129,175288,HOUSTON 5,CYPRESS,MARVIDA,2022-06-13,2022-06-28,2022-06-22,9.2,,-6,,2022-07-08,2022-07-03,5.3,,-5,,2022-07-29,2022-07-20,11.8,,-9,,2022-08-03,2022-08-06,8.3,,3,,2022-08-17,2022-08-20,17.4,,3,,2022-09-29,2022-08-31,14.2,,-29,,2022-10-12,2022-10-10,10.6,,-2,
20243.0288,20243.0288,HOUSTON 5,CYPRESS,MARVIDA,2025-10-13,2025-11-25,2025-10-23,9.9,2025-10-27,-33,-29,2025-12-01,2025-11-30,5.4,2025-11-30,-1,-1,2025-12-11,2025-12-13,12.0,2025-12-15,2,4,2025-12-22,2025-12-20,9.3,2025-12-20,-2,-2,2026-01-06,2026-01-07,15.6,2026-01-07,1,1,2026-01-13,2026-01-17,11.1,2026-01-19,4,6,2026-01-22,2026-01-26,12.8,2026-01-22,4,0
20108.1002,20108.1002,HOUSTON 6,MISSOURI CITY,SIENNA,2025-10-22,2025-11-07,2025-11-07,16.1,2025-11-02,0,-5,2025-11-14,2025-11-13,5.8,2025-11-11,-1,-3,2025-11-22,2025-11-25,11.0,2025-11-24,3,2,2025-12-04,2025-12-01,8.6,2025-12-01,-3,-3,2025-12-18,2025-12-23,19.2,2025-12-20,5,2,2025-12-29,2026-01-10,23.2,2025-12-29,12,0,2026-01-13,2026-01-12,14.3,2026-01-13,-1,0
20108.1095,20108.1095,HOUSTON 6,MISSOURI CITY,SIENNA,2025-12-30,2026-01-21,2026-01-15,16.2,2026-01-17,-6,-4,2026-01-26,2026-01-27,6.4,2026-01-25,1,-1,2026-02-05,2026-02-07,11.7,2026-04-26,2,80,2026-02-23,2026-02-15,10.1,2026-05-06,-8,72,2026-03-09,2026-03-13,18.5,2026-05-18,4,70,2026-03-27,2026-04-03,24.5,2026-06-12,7,77,2026-04-11,2026-04-10,14.3,2026-06-25,-1,75
20108.1103,20108.1103,HOUSTON 6,MISSOURI CITY,SIENNA,2025-10-21,2025-11-04,2025-11-06,16.1,2025-11-08,2,4,2025-11-09,2025-11-09,4.8,2025-11-08,0,-1,2025-11-19,2025-11-20,10.9,2025-11-21,1,2,2025-12-02,2025-11-28,8.7,2025-11-29,-4,-3,2025-12-12,2025-12-19,17.4,2025-12-14,7,2,2026-01-13,2026-01-06,24.9,2026-01-06,-7,-7,2026-01-22,2026-01-27,14.3,2026-01-22,5,0
20252.0338,20252.0338,HOUSTON 6,RICHMOND,STONECREEK ESTATES,2025-10-09,2025-11-13,2025-10-30,20.7,2025-10-24,-14,-20,2025-11-19,2025-11-20,7.2,2025-11-18,1,-1,2025-12-02,2025-12-01,11.7,2025-12-02,-1,0,2025-12-10,2025-12-11,8.7,2025-12-12,1,2,2025-12-30,2025-12-27,17.0,2025-12-26,-3,-4,2026-01-21,2026-01-16,16.5,2026-01-21,-5,0,2026-01-30,2026-02-01,11.4,2026-04-26,2,86
20252.0340,20252.0340,HOUSTON 6,RICHMOND,STONECREEK ESTATES,2025-10-20,2025-11-20,2025-11-04,14.9,2025-11-04,-16,-16,2025-11-26,2025-11-27,6.8,2025-11-25,1,-1,2025-12-05,2025-12-08,11.7,2025-12-09,3,4,2025-12-12,2025-12-14,8.7,2025-12-15,2,3,2026-01-02,2025-12-29,17.0,2025-12-28,-4,-5,2026-01-20,2026-01-19,17.0,2026-01-24,-1,4,2026-01-30,2026-01-31,11.2,2026-04-26,1,86
20252.0500,20252.0500,HOUSTON 6,RICHMOND,STONECREEK ESTATES,2026-04-15,2026-04-27,2026-04-30,14.9,,3,,2026-04-28,2026-05-03,5.5,,5,,,2026-05-10,12.1,,,,,2026-05-20,10.0,,,,,2026-06-08,19.5,,,,,2026-06-27,18.7,,,,,2026-07-10,12.7,,,
20252.0530,20252.0530,HOUSTON 6,RICHMOND,STONECREEK ESTATES,2026-04-06,2026-04-27,2026-04-19,12.6,,-8,,2026-04-30,2026-05-02,4.7,,2,,,2026-05-12,11.6,,,,,2026-05-21,9.2,,,,,2026-06-09,19.1,,,,,2026-06-29,19.7,,,,,2026-07-11,11.7,,,
20272.0527,20272.0527,HOUSTON 6,RICHMOND,HARVEST GREEN,2026-02-25,2026-03-12,2026-03-11,13.7,,-1,,2026-03-16,2026-03-18,6.1,,2,,2026-03-26,2026-03-27,10.5,,1,,2026-04-07,2026-04-07,11.8,,0,,,2026-04-20,13.5,,,,,2026-05-04,14.5,,,,,2026-05-19,15.0,,,
20387.0057,20387.0057,HOUSTON 6,RICHMOND,AUSTIN POINT,2025-06-18,2025-06-30,2025-06-27,8.5,2025-06-30,-3,0,2025-07-01,2025-07-04,3.8,2025-07-03,3,2,2025-07-11,2025-07-12,10.5,2025-07-11,1,0,2025-07-23,2025-07-19,7.6,2025-07-20,-4,-3,2025-08-06,2025-08-05,12.7,2025-08-08,-1,2,2025-10-17,2025-10-03,58.3,2025-08-26,-14,-52,2026-02-20,2025-11-11,24.8,2026-04-26,-101,65
20387.0070,20387.0070,HOUSTON 6,RICHMOND,AUSTIN POINT,2025-07-03,2025-07-17,2025-07-12,9.0,2025-07-15,-5,-2,2025-07-18,2025-07-22,4.5,2025-07-20,4,2,2025-07-31,2025-07-29,10.7,2025-07-28,-2,-3,2025-08-11,2025-08-07,6.7,2025-08-09,-4,-2,2025-09-08,2025-08-25,13.7,2025-08-27,-14,-12,2025-10-20,2025-11-02,54.7,2025-09-28,13,-22,2026-02-20,2025-11-13,24.4,2026-04-26,-99,65
20387.0071,20387.0071,HOUSTON 6,RICHMOND,AUSTIN POINT,2025-07-09,2025-07-17,2025-07-17,8.1,2025-07-21,0,4,2025-07-21,2025-07-22,4.7,2025-07-20,1,-1,2025-07-31,2025-07-31,10.4,2025-07-31,0,0,2025-08-11,2025-08-07,7.1,2025-08-09,-4,-2,2025-08-15,2025-08-23,12.2,2025-08-27,8,12,2025-10-17,2025-10-13,58.9,2025-09-04,-4,-43,2026-02-20,2025-11-11,24.8,2026-04-26,-101,65
20387.0015,20387.0015,HOUSTON 6,RICHMOND,AUSTIN POINT,2025-05-30,2025-06-13,2025-06-12,12.6,2025-06-11,-1,-2,2025-06-18,2025-06-18,5.1,2025-06-17,0,-1,2025-07-01,2025-06-29,10.8,2025-06-29,-2,-2,2025-07-14,2025-07-11,9.7,2025-07-10,-3,-4,2025-07-30,2025-07-28,14.0,2025-07-30,-2,0,2025-10-20,2025-09-28,59.6,2025-08-19,-22,-62,2025-12-17,2025-11-13,24.2,2025-12-17,-34,0
20387.0023,20387.0023,HOUSTON 6,RICHMOND,AUSTIN POINT,2025-06-17,2025-06-26,2025-07-01,13.6,2025-06-29,5,3,2025-07-01,2025-07-01,5.4,2025-06-30,0,-1,2025-07-16,2025-07-12,10.7,2025-07-12,-4,-4,2025-07-25,2025-07-26,10.2,2025-07-25,1,0,2025-08-08,2025-08-11,16.6,2025-08-10,3,2,2025-10-14,2025-10-08,60.9,2025-08-28,-6,-47,2025-12-19,2025-11-07,24.5,2025-12-19,-42,0
20289.0370,734112,SAN ANTONIO 1,SAN ANTONIO,LADERA,2026-03-26,2026-04-07,2026-04-02,7.4,,-5,,2026-04-14,2026-04-13,5.9,,-1,,,2026-05-01,17.4,,,,,2026-05-12,10.9,,,,,2026-05-27,15.3,,,,,2026-06-23,26.6,,,,,2026-07-09,16.0,,,
20289.0092,287028,SAN ANTONIO 1,SAN ANTONIO,LADERA,2026-03-30,2026-04-06,2026-04-04,5.4,,-2,,2026-04-09,2026-04-12,5.7,,3,,2026-04-22,2026-04-24,15.2,,2,,,2026-04-30,7.5,,,,,2026-05-18,18.0,,,,,2026-06-11,24.5,,,,,2026-06-26,15.0,,,
20289.0093,287029,SAN ANTONIO 1,SAN ANTONIO,LADERA,2026-03-10,2026-03-16,2026-03-17,6.8,,1,,2026-03-23,2026-03-22,6.3,,-1,,,2026-04-07,15.1,,,,,2026-04-16,8.6,,,,,2026-05-02,16.5,,,,,2026-05-28,25.8,,,,,2026-06-12,14.7,,,
20290.0071,20290.0071,SAN ANTONIO 1,CASTROVILLE,ALSATIAN OAKS,2026-04-15,2026-04-29,2026-04-26,11.3,,-3,,,2026-05-07,8.3,,,,,2026-05-22,14.7,,,,,2026-06-04,13.0,,,,,2026-06-23,19.0,,,,,2026-07-26,33.4,,,,,2026-08-05,9.7,,,
20399.0022,20399.0022,SAN ANTONIO 1,SAN ANTONIO,BRIGGS RANCH,2026-02-17,2026-02-26,2026-02-26,8.7,,0,,2026-03-04,2026-03-04,6.3,,0,,2026-03-26,2026-03-18,14.0,,-8,,2026-04-27,2026-04-08,13.4,,-19,,,2026-05-09,12.4,,,,,2026-06-08,30.0,,,,,2026-06-23,15.0,,,
20291.0098,292121,SAN ANTONIO 2,SAN ANTONIO,ARCADIA RIDGE,2025-12-02,2025-12-09,2025-12-08,5.7,,-1,,2025-12-16,2025-12-15,5.6,,-1,,2025-12-26,2025-12-31,14.5,,5,,2026-02-09,2026-01-09,13.6,,-31,,2026-01-28,2026-02-20,11.0,,23,,2026-02-11,2026-02-20,22.7,,9,,2026-02-18,2026-02-24,13.2,,6,
20313.0068,20313.0068,SAN ANTONIO 2,BOERNE,CORLEY FARMS,2026-03-23,2026-04-01,2026-03-31,7.6,,-1,,2026-04-09,2026-04-07,6.1,,-2,,2026-04-22,2026-04-20,10.5,,-2,,,2026-05-01,9.2,,,,,2026-05-16,15.0,,,,,2026-06-12,26.6,,,,,2026-06-22,9.7,,,
20389.0018,20389.0018,SAN ANTONIO 2,SAN ANTONIO,HIDDEN CANYON,2026-04-02,2026-04-13,2026-04-11,9.5,,-2,,2026-04-20,2026-04-19,6.0,,-1,,,2026-05-06,16.3,,,,,2026-05-17,11.4,,,,,2026-05-30,13.5,,,,,2026-06-26,26.8,,,,,2026-07-09,13.3,,,
20396.0003,20396.0003,SAN ANTONIO 2,BULVERDE,THORNEBROOK,2025-10-06,2025-10-22,2025-10-13,7.0,2025-10-19,-9,-3,2025-10-28,2025-10-28,6.3,2025-10-29,0,1,2025-11-19,2025-11-11,14.0,2025-11-14,-8,-5,2025-12-08,2025-11-30,10.9,2025-12-01,-8,-7,2025-12-18,2025-12-23,15.0,2025-12-24,5,6,2026-02-23,2026-01-16,29.5,2026-04-26,-38,62,2026-03-17,2026-03-05,9.8,2026-05-12,-12,56
20396.0005,20396.0005,SAN ANTONIO 2,BULVERDE,THORNEBROOK,2025-10-09,2025-10-21,2025-10-17,7.5,2025-10-22,-4,1,2025-10-28,2025-10-27,6.3,2025-10-28,-1,0,2025-11-18,2025-11-11,14.0,2025-11-14,-7,-4,2025-12-11,2025-11-29,10.9,2025-11-30,-12,-11,2025-12-29,2025-12-26,15.0,2025-12-27,-3,-2,2026-02-23,2026-01-27,29.5,2026-04-26,-27,62,2026-03-10,2026-03-05,9.8,2026-05-12,-5,63
20396.0019,20396.0019,SAN ANTONIO 2,BULVERDE,THORNEBROOK,2025-10-03,2025-10-15,2025-10-11,7.5,2025-10-16,-4,1,2025-10-22,2025-10-21,6.3,2025-10-22,-1,0,2025-11-14,2025-11-05,14.0,2025-11-08,-9,-6,2025-11-25,2025-11-25,10.9,2025-11-26,0,1,2025-12-15,2025-12-10,15.0,2025-12-11,-5,-4,2026-02-03,2026-01-13,29.5,2026-04-26,-21,82,2026-02-09,2026-02-13,9.8,2026-05-12,4,92
20396.0023,20396.0023,SAN ANTONIO 2,BULVERDE,THORNEBROOK,2026-01-08,2026-01-21,2026-01-15,7.3,2026-01-21,-6,0,2026-02-03,2026-01-27,6.3,2026-04-26,-7,82,2026-02-18,2026-02-17,14.0,2026-05-13,-1,84,2026-03-04,2026-03-01,10.9,2026-05-25,-3,82,2026-03-20,2026-03-19,15.0,2026-06-10,-1,82,2026-04-23,2026-04-18,29.5,2026-07-10,-5,78,,2026-05-03,9.8,2026-07-26,,
20396.0027,20396.0027,SAN ANTONIO 2,BULVERDE,THORNEBROOK,2025-10-06,2025-10-14,2025-10-13,7.0,2025-10-19,-1,5,2025-10-21,2025-10-20,6.3,2025-10-21,-1,0,2025-11-13,2025-11-04,14.0,2025-11-07,-9,-6,2025-11-19,2025-11-24,10.9,2025-11-25,5,6,2025-12-11,2025-12-04,15.0,2025-12-05,-7,-6,2026-01-08,2026-01-09,29.5,2026-01-10,1,2,2026-01-29,2026-01-18,9.8,2026-04-26,-11,87
20325.0252,20325.0252,SAN ANTONIO 3,NEW BRAUNFELS,VERAMENDI,2026-02-10,2026-02-18,2026-02-19,8.7,,1,,2026-02-23,2026-02-25,6.9,,2,,2026-03-04,2026-03-07,11.7,,3,,2026-03-16,2026-03-15,11.0,,-1,,2026-03-27,2026-04-01,16.1,,5,,2026-04-25,2026-04-23,26.6,,-2,,2026-04-30,2026-05-05,10.2,,5,
20325.0253,20325.0253,SAN ANTONIO 3,NEW BRAUNFELS,VERAMENDI,2026-03-03,2026-03-16,2026-03-12,8.7,,-4,,2026-03-19,2026-03-24,7.6,,5,,2026-03-26,2026-03-31,12.0,,5,,2026-04-07,2026-04-08,12.9,,1,,2026-04-14,2026-04-24,16.7,,10,,,2026-05-10,26.0,,,,,2026-05-21,11.1,,,
20325.0254,20325.0254,SAN ANTONIO 3,NEW BRAUNFELS,VERAMENDI,2026-03-03,2026-03-16,2026-03-12,8.8,,-4,,2026-03-23,2026-03-24,7.6,,1,,2026-03-31,2026-04-04,11.6,,4,,2026-04-14,2026-04-13,13.3,,-1,,2026-04-28,2026-05-01,16.7,,3,,,2026-05-23,24.6,,,,,2026-06-03,11.1,,,
20325.0256,20325.0256,SAN ANTONIO 3,NEW BRAUNFELS,VERAMENDI,2026-03-12,2026-03-24,2026-03-21,8.7,,-3,,2026-03-30,2026-03-30,6.4,,0,,2026-04-06,2026-04-11,12.1,,5,,2026-04-20,2026-04-17,10.5,,-3,,,2026-05-07,16.7,,,,,2026-06-03,27.0,,,,,2026-06-13,9.9,,,
20344.0059,288045,SAN ANTONIO 3,SEGUIN,MEADOWS OF MILL CREEK,2023-08-15,2023-08-23,2023-08-24,9.0,,1,,2023-09-06,2023-08-31,7.6,,-6,,2023-09-19,2023-09-17,11.2,,-2,,2023-10-10,2023-09-30,10.9,,-10,,,2023-10-25,14.8,,,,,2023-11-18,24.2,,,,,2023-12-01,12.8,,,
20357.0049,20357.0049,SAN ANTONIO 3,SCHERTZ,THE PARKLANDS,2026-01-28,2026-02-12,2026-02-05,8.3,2026-04-26,-7,73,2026-02-16,2026-02-19,6.7,2026-05-02,3,75,2026-03-04,2026-03-01,12.7,2026-05-17,-3,74,2026-03-15,2026-03-16,12.0,2026-05-29,1,75,2026-03-26,2026-03-30,15.4,2026-06-13,4,79,2026-04-10,2026-04-18,22.9,2026-07-06,8,87,2026-04-23,2026-04-24,14.1,2026-07-18,1,86
20054.0083,633129,BRITTON D2,CELINA,MUSTANG LAKES,2021-01-13,2021-01-27,2021-01-25,11.7,,-2,,2021-01-29,2021-01-31,4.1,,2,,2021-02-23,2021-02-15,16.6,,-8,,2021-03-03,2021-03-03,8.0,,0,,2021-03-29,2021-03-16,12.8,,-13,,2021-04-02,2021-04-17,19.3,,15,,2021-03-29,2021-04-18,15.8,,20,
20007.0096,20007.0096,AUSTIN 1,LIBERTY HILL,LARIAT,2024-05-16,2024-05-21,2024-05-25,9.1,2024-05-25,4,4,2024-05-24,2024-05-27,6.1,2024-05-29,3,5,2024-06-01,2024-06-05,11.8,2024-06-03,4,2,2024-06-07,2024-06-13,11.9,2024-06-22,6,15,2024-06-19,2024-06-26,18.9,2024-06-25,7,6,2024-07-01,2024-07-18,28.6,2024-08-01,17,31,2026-01-30,2024-07-12,10.6,2026-04-26,-567,86
20009.0162,20009.0162,AUSTIN 1,LEANDER,PALMERA RIDGE,2025-04-30,2025-05-14,2025-05-11,10.8,2025-05-09,-3,-5,2025-05-22,2025-05-22,7.9,2025-05-20,0,-2,2025-06-17,2025-06-14,23.5,2025-06-06,-3,-11,2025-06-25,2025-06-30,12.7,2025-06-30,5,5,2025-07-24,2025-07-12,16.9,2025-07-12,-12,-12,2025-07-29,2025-08-23,29.5,2025-09-01,25,34,2025-08-06,2025-08-17,18.5,2025-08-06,11,0
20013.0631,20013.0631,AUSTIN 1,LIBERTY HILL,SANTA RITA RANCH,2026-02-19,2026-02-25,2026-02-27,7.6,,2,,2026-03-04,2026-03-02,5.0,,-2,,2026-03-14,2026-03-16,12.2,,2,,2026-03-23,2026-03-26,11.7,,3,,2026-04-01,2026-04-13,21.3,,12,,2026-04-30,2026-04-29,28.1,,-1,,,2026-05-10,10.4,,,
20014.0016,167224,AUSTIN 1,LIBERTY HILL,SANTA RITA RANCH RENTALS,2023-11-01,2023-11-14,2023-11-08,6.6,,-6,,2023-11-27,2023-11-19,5.1,,-8,,2023-12-07,2023-12-10,13.4,,3,,2023-12-20,2023-12-19,12.1,,-1,,2024-01-08,2024-01-11,21.8,,3,,2024-02-20,2024-02-03,26.3,,-17,,2024-02-28,2024-03-02,10.6,,3,
20014.0017,167240,AUSTIN 1,LIBERTY HILL,SANTA RITA RANCH RENTALS,2023-11-16,2023-11-27,2023-11-24,8.1,,-3,,2023-12-05,2023-12-02,4.9,,-3,,2023-12-14,2023-12-19,14.2,,5,,2023-12-28,2023-12-26,12.1,,-2,,2024-02-13,2024-01-18,20.8,,-26,,2024-02-19,2024-03-11,26.6,,21,,2024-02-28,2024-03-01,10.6,,2,
20014.0044,167242,AUSTIN 1,LIBERTY HILL,SANTA RITA RANCH RENTALS,2023-11-16,2023-11-27,2023-11-23,7.3,,-4,,2023-12-05,2023-12-02,4.7,,-3,,2023-12-12,2023-12-19,14.2,,7,,2023-12-27,2023-12-24,12.1,,-3,,2024-01-11,2024-01-16,19.9,,5,,2024-02-19,2024-02-09,29.0,,-10,,2024-02-28,2024-03-01,10.6,,2,
20014.0060,167245,AUSTIN 1,LIBERTY HILL,SANTA RITA RANCH RENTALS,2023-10-20,2023-10-26,2023-10-26,6.0,,0,,2023-11-07,2023-10-31,5.4,,-7,,2023-11-16,2023-11-21,13.7,,5,,2023-11-29,2023-11-28,12.3,,-1,,2023-12-14,2023-12-15,16.0,,1,,2024-01-03,2024-01-11,28.1,,8,,2024-02-21,2024-01-14,10.6,,-38,
20014.0085,167225,AUSTIN 1,LIBERTY HILL,SANTA RITA RANCH RENTALS,2023-12-05,2023-12-14,2023-12-11,5.5,,-3,,2023-12-20,2023-12-21,7.1,,1,,2024-01-16,2024-01-03,14.3,,-13,,2024-02-12,2024-01-27,11.5,,-16,,2024-02-29,2024-02-29,17.3,,0,,2024-03-21,2024-03-29,29.0,,8,,2024-04-05,2024-04-01,10.6,,-4,
20014.0087,167247,AUSTIN 1,LIBERTY HILL,SANTA RITA RANCH RENTALS,2023-10-20,2023-10-25,2023-10-26,5.8,,1,,2023-11-07,2023-10-31,6.0,,-7,,2023-11-15,2023-11-21,13.7,,6,,2023-11-28,2023-11-27,12.4,,-1,,2023-12-13,2023-12-13,14.6,,0,,2024-01-03,2024-01-13,31.1,,10,,2024-01-31,2024-01-14,10.6,,-17,
20014.0121,167226,AUSTIN 1,LIBERTY HILL,SANTA RITA RANCH RENTALS,2023-12-05,2023-12-14,2023-12-11,5.5,,-3,,2023-12-21,2023-12-21,7.1,,0,,2024-01-16,2024-01-04,14.3,,-12,,2024-02-12,2024-01-27,11.5,,-16,,2024-02-29,2024-03-01,17.6,,1,,2024-03-21,2024-03-29,29.0,,8,,2024-03-29,2024-04-01,10.6,,3,
20014.0123,167246,AUSTIN 1,LIBERTY HILL,SANTA RITA RANCH RENTALS,2023-10-20,2023-10-26,2023-10-26,6.0,,0,,2023-11-07,2023-11-01,5.7,,-6,,2023-11-15,2023-11-21,13.8,,6,,2023-11-28,2023-11-27,12.4,,-1,,2023-12-14,2023-12-16,17.9,,2,,2024-01-11,2024-01-14,31.1,,3,,2024-02-06,2024-01-22,10.6,,-15,
20014.0138,167222,AUSTIN 1,LIBERTY HILL,SANTA RITA RANCH RENTALS,2023-12-01,2023-12-10,2023-12-08,6.7,,-2,,2023-12-18,2023-12-17,7.3,,-1,,2024-01-08,2024-01-01,14.2,,-7,,2024-01-22,2024-01-19,11.3,,-3,,2024-01-29,2024-02-11,20.1,,13,,2024-03-08,2024-02-27,29.0,,-10,,2024-03-18,2024-03-19,10.6,,1,
20014.0139,167228,AUSTIN 1,LIBERTY HILL,SANTA RITA RANCH RENTALS,2023-12-18,2023-12-28,2023-12-24,6.2,,-4,,2024-01-16,2024-01-04,7.0,,-12,,2024-01-25,2024-01-30,13.7,,5,,2024-02-12,2024-02-06,12.3,,-6,,2024-02-26,2024-03-01,17.8,,4,,2024-03-15,2024-03-26,29.0,,11,,2024-03-29,2024-03-26,10.6,,-3,
20014.0141,167237,AUSTIN 1,LIBERTY HILL,SANTA RITA RANCH RENTALS,2023-11-28,2023-12-01,2023-12-03,5.2,,2,,2023-12-11,2023-12-07,6.1,,-4,,2024-01-09,2023-12-25,14.2,,-15,,2024-01-17,2024-01-21,11.6,,4,,2024-02-15,2024-02-04,18.1,,-11,,2024-03-08,2024-03-15,28.7,,7,,2024-03-18,2024-03-19,10.6,,1,
20014.0156,167223,AUSTIN 1,LIBERTY HILL,SANTA RITA RANCH RENTALS,2023-11-27,2023-12-04,2023-12-02,5.2,,-2,,2023-12-12,2023-12-10,5.9,,-2,,2024-01-09,2023-12-26,14.3,,-14,,2024-01-22,2024-01-21,11.6,,-1,,2024-01-29,2024-02-12,20.8,,14,,2024-03-08,2024-02-27,29.0,,-10,,2024-03-18,2024-03-19,10.6,,1,
20014.0157,167227,AUSTIN 1,LIBERTY HILL,SANTA RITA RANCH RENTALS,2023-12-14,2023-12-20,2023-12-22,8.2,,2,,2024-01-07,2023-12-27,7.1,,-11,,2024-01-16,2024-01-21,14.4,,5,,2024-02-12,2024-01-28,12.4,,-15,,2024-03-01,2024-02-29,17.3,,-1,,2024-03-21,2024-03-29,28.1,,8,,2024-04-05,2024-04-01,10.6,,-4,
20014.0164,167238,AUSTIN 1,LIBERTY HILL,SANTA RITA RANCH RENTALS,2023-11-28,2023-12-01,2023-12-03,5.3,,2,,2023-12-11,2023-12-07,6.1,,-4,,2023-12-20,2023-12-25,14.3,,5,,2024-01-17,2024-01-01,12.2,,-16,,2024-02-06,2024-02-02,16.4,,-4,,2024-03-08,2024-03-06,28.7,,-2,,2024-03-18,2024-03-19,10.6,,1,
20014.0169,167239,AUSTIN 1,LIBERTY HILL,SANTA RITA RANCH RENTALS,2023-11-28,2023-12-01,2023-12-03,5.1,,2,,2023-12-11,2023-12-07,5.8,,-4,,2023-12-20,2023-12-25,14.3,,5,,2024-01-07,2024-01-01,12.2,,-6,,2024-02-06,2024-01-25,18.1,,-12,,2024-03-08,2024-03-06,28.7,,-2,,2024-03-18,2024-03-19,10.6,,1,
20014.0170,167241,AUSTIN 1,LIBERTY HILL,SANTA RITA RANCH RENTALS,2023-10-25,2023-10-31,2023-10-31,6.2,,0,,2023-11-17,2023-11-05,4.7,,-12,,2023-12-01,2023-12-01,13.9,,0,,2023-12-14,2023-12-13,11.9,,-1,,2024-01-07,2024-01-01,17.6,,-6,,2024-02-19,2024-02-05,28.7,,-14,,2024-02-28,2024-03-01,10.6,,2,
20014.0171,167243,AUSTIN 1,LIBERTY HILL,SANTA RITA RANCH RENTALS,2023-10-24,2023-10-30,2023-10-29,5.0,,-1,,2023-11-09,2023-11-04,4.7,,-5,,2023-11-22,2023-11-23,13.9,,1,,2023-12-05,2023-12-04,12.2,,-1,,2023-12-29,2023-12-22,17.0,,-7,,2024-01-18,2024-01-28,30.2,,10,,2024-02-28,2024-01-29,10.6,,-30,
20014.0172,167244,AUSTIN 1,LIBERTY HILL,SANTA RITA RANCH RENTALS,2023-10-23,2023-10-27,2023-10-28,5.2,,1,,2023-11-07,2023-11-02,5.7,,-5,,2023-11-21,2023-11-21,13.8,,0,,2023-12-05,2023-12-03,12.2,,-2,,2023-12-20,2023-12-20,15.4,,0,,2024-01-18,2024-01-20,31.1,,2,,2024-02-21,2024-01-29,10.6,,-23,
20379.0043,20379.0043,AUSTIN 1,LIBERTY HILL,EL DORADO,2025-10-09,2025-10-20,2025-10-17,7.7,2025-10-18,-3,-2,2025-10-23,2025-10-27,6.6,2025-10-26,4,3,2025-10-31,2025-11-04,11.9,2025-11-01,4,1,2025-11-10,2025-11-12,11.6,2025-11-12,2,2,2025-11-24,2025-11-25,15.2,2025-11-24,1,0,2025-12-19,2026-01-05,41.8,2026-01-02,17,14,2025-12-23,2025-12-29,10.4,2025-12-23,6,0
20373.0027,20373.0027,AUSTIN 2,GEORGETOWN,PARKSIDE ON THE RIVER WEST,2025-02-19,2025-02-27,2025-02-28,9.2,2025-03-09,1,10,2025-03-04,2025-03-05,5.9,2025-03-05,1,1,2025-03-20,2025-03-21,16.9,2025-03-27,1,7,2025-03-28,2025-03-31,11.0,2025-04-02,3,5,,2025-04-12,15.3,2026-04-26,,,,2025-05-12,30.4,2026-06-02,,,,2025-05-28,16.5,2026-07-06,,
20373.0131,20373.0131,AUSTIN 2,GEORGETOWN,PARKSIDE ON THE RIVER WEST,2025-09-27,2025-10-14,2025-10-08,10.6,2025-10-12,-6,-2,2025-10-21,2025-10-20,5.6,2025-10-21,-1,0,2025-11-12,2025-11-08,18.0,2025-11-08,-4,-4,2025-11-24,2025-11-23,11.4,2025-11-22,-1,-2,2025-12-10,2025-12-08,13.6,2025-12-10,-2,0,2026-01-29,2026-01-12,32.9,2026-04-26,-17,87,2026-02-17,2026-02-14,16.1,2026-05-25,-3,97
20378.0043,20378.0043,AUSTIN 2,GEORGETOWN,WOODSIDE,2025-06-11,2025-06-25,2025-06-18,6.7,2025-06-22,-7,-3,2025-07-02,2025-06-30,4.7,2025-07-01,-2,-1,2025-07-15,2025-07-18,15.5,2025-07-23,3,8,2025-07-30,2025-07-26,11.2,2025-07-23,-4,-7,,2025-08-13,14.0,2026-04-26,,,,2025-09-08,25.7,2026-05-29,,,,2025-09-23,14.6,2026-06-14,,
20378.0054,20378.0054,AUSTIN 2,GEORGETOWN,WOODSIDE,2026-02-13,2026-02-17,2026-02-20,6.7,2026-05-07,3,79,2026-02-23,2026-02-22,4.8,2026-05-13,-1,79,2026-03-12,2026-03-10,14.9,2026-06-03,-2,83,2026-03-23,2026-03-23,11.0,2026-06-11,0,80,2026-04-01,2026-04-05,12.9,2026-06-22,4,82,,2026-04-26,25.1,2026-07-25,,,,2026-05-08,11.9,2026-08-10,,
20024.0368,20024.0368,AUSTIN 3,AUSTIN,EASTON PARK,2026-03-31,2026-04-07,2026-04-09,9.3,,2,,2026-04-16,2026-04-13,5.9,,-3,,,2026-05-11,24.8,,,,,2026-05-25,14.3,,,,,2026-06-07,13.1,,,,,2026-06-28,21.0,,,,,2026-07-09,11.4,,,
20026.0281,20026.0281,AUSTIN 3,KYLE,6 CREEKS,2025-10-21,2025-10-27,2025-10-29,8.4,2025-10-30,2,3,2025-10-30,2025-11-02,5.6,2025-11-01,3,2,2025-11-12,2025-11-22,22.7,2025-11-30,10,18,2025-11-24,2025-11-25,12.9,2025-11-23,1,-1,2025-12-10,2025-12-09,15.5,2025-12-08,-1,-2,2025-12-29,2026-01-01,21.5,2025-12-29,3,0,2025-12-31,2026-01-07,8.6,2025-12-31,7,0
20026.0282,20026.0282,AUSTIN 3,KYLE,6 CREEKS,2025-11-21,2025-11-29,2025-12-01,9.8,2025-11-30,2,1,2025-12-02,2025-12-05,5.9,2025-12-04,3,2,2026-01-02,2025-12-25,23.1,2026-01-02,-8,0,2026-01-13,2026-01-15,12.8,2026-01-13,2,0,2026-01-30,2026-01-28,15.5,2026-04-26,-2,86,2026-02-09,2026-02-23,24.2,2026-05-15,14,95,2026-02-19,2026-02-17,7.8,2026-05-17,-2,87
20333.0125,20333.0125,AUSTIN 3,SAN MARCOS,LA CIMA,2025-02-03,2025-02-14,2025-02-11,8.4,2025-02-12,-3,-2,2025-02-18,2025-02-23,9.2,2025-02-19,5,1,2025-03-07,2025-03-06,16.2,2025-03-11,-1,4,2025-03-21,2025-03-20,12.7,2025-03-20,-1,-1,2025-03-31,2025-04-05,14.7,2025-04-04,5,4,2025-04-22,2025-04-25,25.3,2025-05-07,3,15,2025-05-02,2025-05-05,12.6,2025-05-02,3,0
20360.0023,20360.0023,AUSTIN 3,AUSTIN,PARTEN,2024-12-19,2024-12-27,2024-12-30,10.9,2024-12-31,3,4,2025-01-02,2025-01-03,7.0,2024-12-31,1,-2,2025-01-18,2025-01-27,24.8,2025-01-28,9,10,2025-01-31,2025-02-01,14.3,2025-02-05,1,5,2025-02-13,2025-02-18,18.0,2025-02-16,5,3,2025-03-12,2025-03-09,24.5,2025-03-27,-3,15,2025-03-31,2025-03-25,12.6,2025-03-31,-6,0
20360.0062,20360.0062,AUSTIN 3,AUSTIN,PARTEN,2024-12-19,2024-12-27,2024-12-30,10.7,2024-12-28,3,1,2024-12-31,2025-01-03,7.0,2025-01-08,3,8,2025-01-09,2025-01-25,24.8,2025-01-23,16,14,2025-01-23,2025-01-23,14.3,2025-01-22,0,-1,2025-02-16,2025-02-11,18.8,2025-02-15,-5,-1,2025-03-03,2025-03-10,21.8,2025-03-25,7,22,2025-03-19,2025-03-16,12.9,2025-03-19,-3,0
20413.0022,20413.0022,PERRY D1,FORNEY,MERAKI,2026-02-19,2026-02-25,2026-02-27,7.6,,2,,2026-02-27,2026-03-01,4.0,,2,,2026-03-10,2026-03-13,14.4,,3,,2026-03-23,2026-03-22,12.2,,-1,,2026-04-10,2026-04-02,9.7,,-8,,2026-04-22,2026-04-28,17.6,,6,,,2026-05-07,14.5,,,
20413.0061,20413.0061,PERRY D1,FORNEY,MERAKI,2026-02-20,2026-03-04,2026-03-01,8.5,,-3,,2026-03-06,2026-03-09,4.6,,3,,2026-03-13,2026-03-20,14.4,,7,,2026-03-23,2026-03-25,12.3,,2,,2026-03-30,2026-04-02,10.2,,3,,2026-04-19,2026-04-17,17.6,,-2,,,2026-05-04,14.5,,,
20037.0527,20037.0527,PERRY D2,MCKINNEY,TRINITY FALLS,2026-03-25,2026-04-01,2026-04-05,11.4,,4,,2026-04-06,2026-04-07,6.3,,1,,2026-04-21,2026-04-28,21.8,,7,,2026-04-29,2026-05-02,10.7,,3,,,2026-05-13,14.3,,,,,2026-06-04,22.1,,,,,2026-06-19,15.4,,,
20037.0528,20037.0528,PERRY D2,MCKINNEY,TRINITY FALLS,2026-03-18,2026-03-29,2026-03-29,11.4,,0,,2026-03-30,2026-04-03,4.8,,4,,2026-04-21,2026-04-21,21.8,,0,,2026-04-29,2026-05-02,10.7,,3,,,2026-05-13,14.3,,,,,2026-06-04,22.1,,,,,2026-06-19,15.4,,,
20037.0532,20037.0532,PERRY D2,MCKINNEY,TRINITY FALLS,2026-03-25,2026-04-02,2026-04-05,11.4,,3,,2026-04-06,2026-04-08,6.1,,2,,2026-04-22,2026-04-28,21.8,,6,,2026-05-01,2026-05-03,10.7,,2,,,2026-05-15,14.3,,,,,2026-06-06,22.1,,,,,2026-06-21,15.4,,,
20037.0533,20037.0533,PERRY D2,MCKINNEY,TRINITY FALLS,2026-03-20,2026-03-30,2026-03-31,11.4,,1,,2026-04-02,2026-04-06,6.9,,4,,2026-04-29,2026-04-24,21.8,,-5,,,2026-05-10,11.1,,,,,2026-05-24,14.3,,,,,2026-06-15,22.1,,,,,2026-06-30,15.4,,,
20037.0534,20037.0534,PERRY D2,MCKINNEY,TRINITY FALLS,2026-03-23,2026-03-30,2026-04-03,11.4,,4,,2026-04-02,2026-04-05,5.9,,3,,2026-04-17,2026-04-24,21.8,,7,,2026-04-27,2026-04-28,10.7,,1,,,2026-05-11,14.3,,,,,2026-06-02,22.1,,,,,2026-06-17,15.4,,,
20037.0535,20037.0535,PERRY D2,MCKINNEY,TRINITY FALLS,2026-03-26,2026-04-06,2026-04-06,11.4,,0,,2026-04-10,2026-04-11,4.8,,1,,2026-04-23,2026-05-02,21.8,,9,,,2026-05-04,10.7,,,,,2026-05-18,14.3,,,,,2026-06-09,22.1,,,,,2026-06-24,15.4,,,
20037.0478,20037.0478,PERRY D2,MCKINNEY,TRINITY FALLS,2026-03-05,2026-03-19,2026-03-16,11.4,,-3,,2026-03-27,2026-03-24,5.1,,-3,,2026-04-24,2026-04-22,25.6,,-2,,,2026-05-05,11.1,,,,,2026-05-19,14.3,,,,,2026-06-10,22.1,,,,,2026-06-25,15.4,,,
20037.0156,659118,PERRY D2,MCKINNEY,TRINITY FALLS,2026-03-23,2026-04-03,2026-04-03,11.4,,0,,2026-04-08,2026-04-08,5.4,,0,,2026-04-23,2026-04-30,21.8,,7,,,2026-05-04,10.7,,,,,2026-05-18,14.3,,,,,2026-06-09,22.1,,,,,2026-06-24,15.4,,,
20037.0542,20037.0542,PERRY D2,MCKINNEY,TRINITY FALLS,2026-03-31,2026-04-10,2026-04-11,11.4,,1,,2026-04-14,2026-04-16,6.3,,2,,2026-04-30,2026-05-06,21.8,,6,,,2026-05-11,11.1,,,,,2026-05-25,14.3,,,,,2026-06-16,22.1,,,,,2026-07-01,15.4,,,
20037.0543,20037.0543,PERRY D2,MCKINNEY,TRINITY FALLS,2026-04-01,2026-04-09,2026-04-12,11.4,,3,,2026-04-14,2026-04-16,6.7,,2,,2026-04-30,2026-05-06,21.8,,6,,,2026-05-11,11.1,,,,,2026-05-25,14.3,,,,,2026-06-16,22.1,,,,,2026-07-01,15.4,,,
20037.0544,20037.0544,PERRY D2,MCKINNEY,TRINITY FALLS,2026-03-24,2026-04-01,2026-04-04,11.4,,3,,2026-04-06,2026-04-08,6.7,,2,,2026-04-23,2026-04-28,21.8,,5,,,2026-05-04,10.7,,,,,2026-05-18,14.3,,,,,2026-06-09,22.1,,,,,2026-06-24,15.4,,,
20037.0545,20037.0545,PERRY D2,MCKINNEY,TRINITY FALLS,2026-03-20,2026-03-30,2026-03-31,11.4,,1,,2026-04-02,2026-04-05,5.8,,3,,2026-04-23,2026-04-24,21.8,,1,,,2026-05-04,10.7,,,,,2026-05-18,14.3,,,,,2026-06-09,22.1,,,,,2026-06-24,15.4,,,
20037.0418,20037.0418,PERRY D2,MCKINNEY,TRINITY FALLS,2026-02-19,2026-03-17,2026-03-02,11.4,,-15,,2026-03-20,2026-03-23,5.5,,3,,2026-04-14,2026-04-15,25.6,,1,,2026-04-27,2026-04-25,10.7,,-2,,,2026-05-11,14.3,,,,,2026-06-02,22.1,,,,,2026-06-17,15.4,,,
20066.0107,665078,PERRY D2,FORNEY,DEVONSHIRE,2023-09-06,2023-09-12,2023-09-14,8.1,,2,,2023-09-12,2023-09-16,3.9,,4,,2023-09-19,2023-09-27,15.5,,8,,2023-10-02,2023-10-01,12.2,,-1,,2023-10-09,2023-10-13,11.0,,4,,2023-10-18,2023-10-27,17.6,,9,,2023-11-06,2023-11-02,14.5,,-4,
20066.0130,666168,PERRY D2,FORNEY,DEVONSHIRE,2026-03-29,2026-04-07,2026-04-08,9.8,,1,,2026-04-14,2026-04-12,4.6,,-2,,2026-05-01,2026-04-28,14.4,,-3,,,2026-05-13,12.3,,,,,2026-05-23,10.1,,,,,2026-06-10,17.8,,,,,2026-06-25,14.5,,,
20066.0207,666170,PERRY D2,FORNEY,DEVONSHIRE,2026-03-05,2026-03-17,2026-03-17,12.2,,0,,2026-03-29,2026-03-22,4.6,,-7,,2026-04-21,2026-04-12,14.4,,-9,,,2026-05-03,12.2,,,,,2026-05-15,11.8,,,,,2026-06-02,17.8,,,,,2026-06-17,14.7,,,
20055.0044,301032,PERRY D3,CELINA,NORTH SKY,2024-05-21,2024-06-18,2024-06-06,15.6,,-12,,2024-06-20,2024-06-21,2.5,,1,,2024-06-25,2024-07-13,22.7,,18,,2024-07-29,2024-07-08,13.2,,-21,,2024-08-02,2024-08-11,12.6,,9,,2024-08-19,2024-08-22,19.5,,3,,2024-10-11,2024-09-05,16.9,,-36,
20035.0003,146228,PERRY D4,FORT WORTH,VENTANA RENTALS,2024-08-07,2024-08-15,2024-08-19,12.3,,4,,2024-08-20,2024-08-23,8.0,,3,,2024-09-27,2024-09-06,17.1,,-21,,2024-10-22,2024-10-09,12.4,,-13,,2024-11-13,2024-11-06,15.0,,-7,,2024-11-19,2024-11-30,17.5,,11,,2024-12-13,2024-12-08,19.4,,-5,
20035.0004,146241,PERRY D4,FORT WORTH,VENTANA RENTALS,2024-08-29,2024-09-07,2024-09-11,12.6,,4,,2024-09-17,2024-09-15,8.1,,-2,,2024-09-26,2024-10-04,17.1,,8,,2024-11-11,2024-10-10,13.8,,-32,,2024-11-19,2024-11-26,15.0,,7,,2024-11-27,2024-12-13,23.7,,16,,2024-12-23,2024-12-16,19.5,,-7,
20035.0005,146242,PERRY D4,FORT WORTH,VENTANA RENTALS,2024-08-29,2024-09-07,2024-09-11,12.6,,4,,2024-09-17,2024-09-15,8.3,,-2,,2024-10-02,2024-10-04,17.1,,2,,2024-10-22,2024-10-15,13.0,,-7,,2024-11-19,2024-11-06,15.0,,-13,,2024-11-19,2024-12-04,15.3,,15,,2024-12-23,2024-12-08,19.5,,-15,
20035.0010,146303,PERRY D4,FORT WORTH,VENTANA RENTALS,2024-04-26,2024-05-02,2024-05-10,14.1,,8,,2024-05-13,2024-05-09,7.0,,-4,,2024-05-30,2024-05-30,17.1,,0,,2024-07-02,2024-06-12,12.9,,-20,,2024-08-09,2024-07-17,14.8,,-23,,2024-09-23,2024-08-23,13.8,,-31,,2024-10-31,2024-10-10,17.3,,-21,
20035.0011,146317,PERRY D4,FORT WORTH,VENTANA RENTALS,2024-05-22,2024-06-06,2024-06-04,13.0,,-2,,2024-06-06,2024-06-13,6.9,,7,,2024-07-01,2024-06-23,17.4,,-8,,2024-07-25,2024-07-13,12.5,,-12,,2024-09-09,2024-08-09,14.8,,-31,,2024-10-14,2024-09-25,16.0,,-19,,2024-10-31,2024-11-01,17.9,,1,
20035.0012,146347,PERRY D4,FORT WORTH,VENTANA RENTALS,2024-06-24,2024-07-03,2024-07-07,12.8,,4,,2024-07-08,2024-07-12,8.7,,4,,2024-08-08,2024-07-25,17.1,,-14,,2024-08-30,2024-08-21,12.7,,-9,,2024-10-21,2024-09-14,14.8,,-37,,2024-11-20,2024-11-06,15.6,,-14,,2024-12-12,2024-12-08,17.8,,-4,
20035.0020,146227,PERRY D4,FORT WORTH,VENTANA RENTALS,2024-08-07,2024-09-07,2024-08-19,12.3,,-19,,2024-09-07,2024-09-14,7.1,,7,,2024-10-08,2024-09-26,18.8,,-12,,2024-10-22,2024-10-19,11.1,,-3,,2024-11-19,2024-11-06,15.0,,-13,,2024-11-19,2024-12-09,19.6,,20,,2024-12-13,2024-12-09,19.6,,-4,
20035.0021,146229,PERRY D4,FORT WORTH,VENTANA RENTALS,2024-08-07,2024-08-15,2024-08-19,12.4,,4,,2024-08-20,2024-08-23,7.6,,3,,2024-10-15,2024-09-06,17.1,,-39,,2024-10-22,2024-10-26,10.8,,4,,2024-11-13,2024-11-06,15.0,,-7,,2024-11-27,2024-12-01,18.0,,4,,2024-12-19,2024-12-16,19.4,,-3,
20035.0025,146312,PERRY D4,FORT WORTH,VENTANA RENTALS,2024-05-22,2024-06-06,2024-06-04,12.9,,-2,,2024-06-06,2024-06-14,7.5,,8,,2024-06-28,2024-06-23,17.4,,-5,,2024-07-10,2024-07-11,13.3,,1,,2024-09-09,2024-07-25,14.8,,-46,,2024-10-28,2024-09-25,16.0,,-33,,2024-12-19,2024-11-15,17.9,,-34,
20035.0026,146316,PERRY D4,FORT WORTH,VENTANA RENTALS,2024-05-22,2024-06-06,2024-06-04,12.9,,-2,,2024-06-06,2024-06-14,7.5,,8,,2024-07-01,2024-06-23,17.4,,-8,,2024-08-09,2024-07-13,12.5,,-27,,2024-09-09,2024-08-24,14.8,,-16,,2024-09-24,2024-09-25,15.7,,1,,2024-11-15,2024-10-13,19.1,,-33,
20035.0027,146348,PERRY D4,FORT WORTH,VENTANA RENTALS,2024-06-17,2024-06-17,2024-06-30,12.5,,13,,2024-08-03,2024-06-24,7.1,,-40,,2024-07-16,2024-08-21,18.5,,36,,2024-09-07,2024-07-30,14.0,,-39,,2024-10-21,2024-09-22,14.8,,-29,,2024-11-20,2024-11-04,13.6,,-16,,2024-11-28,2024-12-08,17.8,,10,
20035.0028,146351,PERRY D4,FORT WORTH,VENTANA RENTALS,2024-06-13,2024-06-24,2024-06-26,12.5,,2,,2024-07-08,2024-07-01,7.2,,-7,,,2024-07-26,18.5,,,,,2024-08-10,14.7,,,,2024-09-19,2024-08-25,14.8,,-25,,2024-10-29,2024-10-03,13.8,,-26,,2024-11-19,2024-11-16,17.7,,-3,
20035.0029,146352,PERRY D4,FORT WORTH,VENTANA RENTALS,2024-06-17,2024-06-24,2024-06-29,12.5,,5,,2024-08-06,2024-07-01,7.2,,-36,,2024-08-20,2024-08-24,18.5,,4,,2024-09-01,2024-09-03,14.1,,2,,2024-11-25,2024-09-16,14.8,,-70,,2024-12-11,2024-12-11,16.0,,0,,2024-12-19,2024-12-30,18.9,,11,
20035.0035,146239,PERRY D4,FORT WORTH,VENTANA RENTALS,2024-08-26,2024-09-07,2024-09-08,12.6,,1,,2024-09-12,2024-09-15,7.9,,3,,2024-10-22,2024-09-29,17.1,,-23,,2024-10-28,2024-11-02,11.1,,5,,2024-11-14,2024-11-12,15.0,,-2,,2024-11-27,2024-12-08,23.8,,11,,2025-01-28,2024-12-16,19.4,,-43,
20035.0037,146305,PERRY D4,FORT WORTH,VENTANA RENTALS,2024-04-26,2024-05-06,2024-05-10,14.1,,4,,2024-05-06,2024-05-13,6.8,,7,,2024-05-23,2024-05-23,17.1,,0,,2024-07-02,2024-06-04,12.2,,-28,,2024-08-23,2024-07-17,14.8,,-37,,2024-10-24,2024-09-08,16.5,,-46,,2024-10-31,2024-11-11,17.9,,11,
20035.0038,146314,PERRY D4,FORT WORTH,VENTANA RENTALS,2024-05-22,2024-06-06,2024-06-04,13.0,,-2,,2024-06-06,2024-06-13,6.9,,7,,2024-06-28,2024-06-23,17.4,,-5,,2024-07-10,2024-07-11,13.3,,1,,2024-09-04,2024-07-25,14.8,,-41,,2024-10-15,2024-09-20,16.2,,-25,,2024-11-19,2024-11-02,17.9,,-17,
20035.0040,146341,PERRY D4,FORT WORTH,VENTANA RENTALS,2024-06-24,2024-07-10,2024-07-07,13.0,,-3,,2024-08-20,2024-07-18,7.6,,-33,,2024-08-28,2024-09-08,18.8,,11,,2024-08-30,2024-09-11,14.3,,12,,2024-09-19,2024-09-14,14.8,,-5,,2024-10-30,2024-10-05,16.3,,-25,,2024-11-28,2024-11-17,17.8,,-11,
20035.0041,146225,PERRY D4,FORT WORTH,VENTANA RENTALS,2024-07-31,2024-08-06,2024-08-12,11.9,,6,,2024-08-15,2024-08-14,7.8,,-1,,2024-10-14,2024-09-01,17.1,,-43,,2024-10-24,2024-10-26,11.6,,2,,2024-10-27,2024-11-08,15.0,,12,,2024-10-30,2024-11-21,24.8,,22,,2025-02-11,2024-11-18,19.5,,-85,
20035.0048,146311,PERRY D4,FORT WORTH,VENTANA RENTALS,2024-06-04,2024-06-15,2024-06-16,12.0,,1,,2024-06-20,2024-06-23,8.2,,3,,2024-07-18,2024-07-07,17.1,,-11,,2024-07-30,2024-07-30,12.5,,0,,2024-09-09,2024-08-14,14.8,,-26,,2024-11-01,2024-09-22,13.5,,-40,,2024-11-14,2024-11-19,17.9,,5,
20035.0049,146315,PERRY D4,FORT WORTH,VENTANA RENTALS,2024-05-22,2024-06-06,2024-06-04,12.9,,-2,,2024-06-20,2024-06-14,7.5,,-6,,2024-07-01,2024-07-09,18.8,,8,,2024-08-29,2024-07-15,14.2,,-45,,2024-09-09,2024-09-13,14.8,,4,,2024-10-15,2024-10-01,22.3,,-14,,2024-11-19,2024-11-02,17.7,,-17,
20035.0051,146336,PERRY D4,FORT WORTH,VENTANA RENTALS,2024-06-24,2024-07-10,2024-07-07,12.8,,-3,,2024-07-18,2024-07-18,8.3,,0,,2024-08-28,2024-08-06,18.8,,-22,,2024-09-07,2024-09-11,13.5,,4,,2024-11-22,2024-09-22,14.8,,-61,,2024-12-02,2024-12-12,20.2,,10,,2024-12-20,2024-12-21,18.7,,1,
20035.0053,146346,PERRY D4,FORT WORTH,VENTANA RENTALS,2024-06-17,2024-07-03,2024-06-29,12.5,,-4,,2024-07-08,2024-07-12,8.5,,4,,2024-08-27,2024-07-25,17.4,,-33,,2024-09-06,2024-09-09,12.7,,3,,2024-09-19,2024-09-21,14.8,,2,,2024-11-20,2024-10-16,27.4,,-35,,2024-12-07,2024-12-08,17.8,,1,
20035.0054,146349,PERRY D4,FORT WORTH,VENTANA RENTALS,2024-06-17,2024-07-03,2024-06-29,12.5,,-4,,2024-07-08,2024-07-12,8.5,,4,,2024-08-28,2024-07-25,17.4,,-34,,2024-09-07,2024-09-10,12.7,,3,,2024-10-21,2024-09-22,14.8,,-29,,2024-11-20,2024-11-08,18.3,,-12,,2024-11-28,2024-12-08,17.8,,10,
20035.0055,146353,PERRY D4,FORT WORTH,VENTANA RENTALS,2024-06-07,2024-06-24,2024-06-21,13.8,,-3,,2024-07-08,2024-07-01,7.0,,-7,,2024-07-11,2024-07-27,18.8,,16,,2024-08-26,2024-07-25,14.1,,-32,,2024-10-15,2024-09-10,14.8,,-35,,2024-11-13,2024-10-30,15.2,,-14,,2024-12-12,2024-12-01,17.8,,-11,
20035.0059,146224,PERRY D4,FORT WORTH,VENTANA RENTALS,2024-07-31,2024-08-06,2024-08-12,11.9,,6,,2024-08-15,2024-08-14,7.7,,-1,,2024-09-23,2024-09-01,17.1,,-22,,2024-10-22,2024-10-06,12.8,,-16,,2024-11-19,2024-11-06,15.0,,-13,,2024-11-19,2024-12-05,16.2,,16,,2025-01-03,2024-12-08,19.5,,-26,
20035.0066,146231,PERRY D4,FORT WORTH,VENTANA RENTALS,2024-08-07,2024-08-29,2024-08-19,12.3,,-10,,2024-09-07,2024-09-05,7.4,,-2,,2024-10-03,2024-09-26,18.8,,-7,,2024-10-22,2024-10-15,11.9,,-7,,2024-11-13,2024-11-06,15.0,,-7,,2024-12-03,2024-12-01,17.8,,-2,,2024-12-26,2024-12-22,18.9,,-4,
20035.0072,146223,PERRY D4,FORT WORTH,VENTANA RENTALS,2024-07-22,2024-07-31,2024-08-03,11.9,,3,,2024-08-15,2024-08-08,7.8,,-7,,2024-09-20,2024-09-02,18.5,,-18,,2024-10-21,2024-10-03,13.5,,-18,,2024-11-19,2024-11-05,15.0,,-14,,2024-11-27,2024-12-05,16.2,,8,,2024-12-19,2024-12-16,19.5,,-3,
20035.0073,146237,PERRY D4,FORT WORTH,VENTANA RENTALS,2024-08-20,2024-08-29,2024-09-01,12.3,,3,,2024-09-12,2024-09-06,8.1,,-6,,2024-10-16,2024-09-30,18.5,,-16,,2024-10-22,2024-10-28,11.8,,6,,2024-11-14,2024-11-06,15.0,,-8,,2024-11-19,2024-12-02,18.4,,13,,2025-01-28,2024-12-08,19.5,,-51,
20035.0074,146244,PERRY D4,FORT WORTH,VENTANA RENTALS,2024-08-29,2024-09-17,2024-09-11,12.8,,-6,,2024-09-17,2024-09-24,6.6,,7,,2024-10-08,2024-10-04,17.4,,-4,,2024-10-28,2024-10-19,11.5,,-9,,2024-11-14,2024-11-12,15.0,,-2,,2024-11-27,2024-12-10,25.8,,13,,2025-01-27,2024-12-17,19.6,,-41,
20035.0082,146220,PERRY D4,FORT WORTH,VENTANA RENTALS,2024-07-22,2024-07-31,2024-08-03,11.9,,3,,2024-08-15,2024-08-08,7.8,,-7,,2024-09-25,2024-09-02,18.5,,-23,,2024-10-11,2024-10-08,13.0,,-3,,2024-11-13,2024-10-26,15.0,,-18,,2024-11-27,2024-11-29,16.2,,2,,2024-12-12,2024-12-16,19.5,,4,
20035.0083,146232,PERRY D4,FORT WORTH,VENTANA RENTALS,2024-08-07,2024-08-29,2024-08-19,12.3,,-10,,2024-09-07,2024-09-05,7.4,,-2,,2024-10-15,2024-09-26,18.8,,-19,,2024-10-22,2024-10-27,11.9,,5,,2024-11-04,2024-11-06,15.0,,2,,2024-11-19,2024-11-30,26.3,,11,,2025-01-28,2024-12-08,19.5,,-51,
20035.0090,146308,PERRY D4,FORT WORTH,VENTANA RENTALS,2024-05-22,2024-06-06,2024-06-04,13.0,,-2,,2024-06-06,2024-06-13,6.9,,7,,2024-06-28,2024-06-23,17.4,,-5,,2024-08-14,2024-07-11,13.3,,-34,,2024-08-15,2024-08-29,14.8,,14,,2024-11-01,2024-09-12,28.2,,-50,,2024-11-19,2024-11-19,18.1,,0,
20035.0091,146309,PERRY D4,FORT WORTH,VENTANA RENTALS,2024-06-04,2024-06-15,2024-06-16,12.0,,1,,2024-06-28,2024-06-23,8.2,,-5,,2024-07-15,2024-07-16,18.5,,1,,2024-07-30,2024-07-29,14.1,,-1,,2024-09-04,2024-08-14,14.8,,-21,,2024-11-01,2024-09-16,12.2,,-46,,2024-11-14,2024-11-19,17.9,,5,
20035.0098,146301,PERRY D4,FORT WORTH,VENTANA RENTALS,2024-06-12,2024-06-24,2024-06-24,12.3,,0,,2024-06-29,2024-07-01,7.0,,2,,2024-07-17,2024-07-16,17.1,,-1,,2024-08-08,2024-07-30,13.2,,-9,,2024-09-09,2024-08-23,14.8,,-17,,2024-10-30,2024-09-22,13.2,,-38,,2024-11-14,2024-11-17,17.7,,3,
20035.0115,146313,PERRY D4,FORT WORTH,VENTANA RENTALS,2024-05-22,2024-06-06,2024-06-04,13.0,,-2,,2024-06-07,2024-06-13,6.9,,6,,2024-07-03,2024-06-24,17.4,,-9,,2024-07-25,2024-07-15,12.5,,-10,,2024-09-06,2024-08-09,14.8,,-28,,2024-10-02,2024-09-24,17.8,,-8,,2024-11-15,2024-10-20,18.1,,-26,
20035.0116,146320,PERRY D4,FORT WORTH,VENTANA RENTALS,2024-05-22,2024-06-20,2024-06-04,12.9,,-16,,2024-06-20,2024-06-27,7.3,,7,,2024-07-01,2024-07-09,18.8,,8,,2024-07-16,2024-07-14,13.3,,-2,,2024-09-09,2024-07-31,14.8,,-40,,2024-10-15,2024-09-25,15.6,,-20,,2024-11-15,2024-11-02,17.8,,-13,
20035.0117,146323,PERRY D4,FORT WORTH,VENTANA RENTALS,2024-05-22,2024-05-29,2024-06-04,12.9,,6,,2024-06-20,2024-06-05,7.0,,-15,,2024-07-01,2024-07-08,18.5,,7,,2024-07-16,2024-07-15,14.0,,-1,,2024-09-09,2024-07-31,14.8,,-40,,2024-10-15,2024-09-21,11.9,,-24,,2024-10-31,2024-11-02,17.7,,2,
20035.0118,146324,PERRY D4,FORT WORTH,VENTANA RENTALS,2024-05-22,2024-06-04,2024-06-04,12.9,,0,,2024-06-20,2024-06-11,7.2,,-9,,2024-07-17,2024-07-08,18.5,,-9,,2024-07-16,2024-07-30,13.3,,14,,2024-08-30,2024-07-31,14.8,,-30,,,2024-09-15,16.1,,,,2024-10-31,2024-10-04,19.0,,-27,
20035.0122,146342,PERRY D4,FORT WORTH,VENTANA RENTALS,2024-09-30,2024-10-14,2024-10-12,11.7,,-2,,2024-10-23,2024-10-21,6.7,,-2,,2024-11-09,2024-11-11,18.8,,2,,2024-11-22,2024-11-22,13.5,,0,,2024-12-09,2024-12-07,15.0,,-2,,2024-12-27,2024-12-28,19.1,,1,,2025-01-27,2025-01-15,18.8,,-12,
20035.0123,146345,PERRY D4,FORT WORTH,VENTANA RENTALS,2024-06-17,2024-06-28,2024-06-30,12.6,,2,,2024-07-08,2024-07-06,7.6,,-2,,2024-08-28,2024-07-25,17.1,,-34,,2024-09-07,2024-09-11,13.5,,4,,2024-10-22,2024-09-22,14.8,,-30,,2024-10-30,2024-11-06,15.3,,7,,2024-12-07,2024-11-18,19.5,,-19,
20035.0135,146230,PERRY D4,FORT WORTH,VENTANA RENTALS,2024-08-07,2024-08-20,2024-08-19,12.4,,-1,,2024-09-07,2024-08-27,7.3,,-11,,2024-10-03,2024-09-25,18.5,,-8,,2024-10-22,2024-10-15,11.9,,-7,,2024-11-13,2024-11-06,15.0,,-7,,2024-11-27,2024-11-30,16.6,,3,,2024-12-13,2024-12-16,19.5,,3,
20035.0136,146236,PERRY D4,FORT WORTH,VENTANA RENTALS,2024-08-20,2024-08-29,2024-09-01,12.4,,3,,2024-09-12,2024-09-06,7.7,,-6,,2024-10-03,2024-09-30,18.5,,-3,,2024-10-22,2024-10-15,12.2,,-7,,2024-11-14,2024-11-06,15.0,,-8,,2024-11-19,2024-12-02,18.3,,13,,2025-02-11,2024-12-08,19.5,,-65,
20035.0141,146306,PERRY D4,FORT WORTH,VENTANA RENTALS,2024-04-26,2024-05-13,2024-05-10,14.1,,-3,,2024-05-13,2024-05-20,6.6,,7,,2024-05-30,2024-05-30,17.4,,0,,2024-07-02,2024-06-11,12.3,,-21,,2024-08-22,2024-07-17,14.8,,-36,,2024-10-24,2024-09-10,19.0,,-44,,2024-10-31,2024-11-11,17.9,,11,
20035.0142,146307,PERRY D4,FORT WORTH,VENTANA RENTALS,2024-06-04,2024-06-15,2024-06-16,12.2,,1,,2024-06-20,2024-06-23,7.5,,3,,2024-07-15,2024-07-07,17.1,,-8,,2024-07-30,2024-07-27,12.4,,-3,,2024-09-09,2024-08-14,14.8,,-26,,2024-10-24,2024-09-23,13.7,,-31,,2024-11-15,2024-11-11,17.8,,-4,
20035.0143,146321,PERRY D4,FORT WORTH,VENTANA RENTALS,2024-05-22,2024-06-04,2024-06-04,13.0,,0,,2024-06-20,2024-06-11,6.6,,-9,,2024-07-02,2024-07-08,18.5,,6,,2024-07-16,2024-07-16,14.2,,0,,2024-09-09,2024-07-31,14.8,,-40,,2024-09-23,2024-09-21,12.3,,-2,,2024-11-19,2024-10-12,18.8,,-38,
20035.0146,146356,PERRY D4,FORT WORTH,VENTANA RENTALS,2024-06-04,2024-06-24,2024-06-16,12.0,,-8,,2024-07-08,2024-06-30,6.4,,-8,,2024-07-10,2024-07-27,18.8,,17,,2024-08-20,2024-07-24,14.1,,-27,,2024-09-19,2024-09-04,14.8,,-15,,2024-10-29,2024-10-05,15.8,,-24,,2024-11-28,2024-11-16,17.7,,-12,
20035.0152,146344,PERRY D4,FORT WORTH,VENTANA RENTALS,2024-06-17,2024-06-28,2024-06-30,12.6,,2,,2024-07-08,2024-07-06,7.6,,-2,,2024-08-28,2024-07-25,17.1,,-34,,2024-09-07,2024-09-11,13.5,,4,,2024-10-29,2024-09-22,14.8,,-37,,2024-10-29,2024-11-14,15.8,,16,,2024-12-07,2024-11-17,19.4,,-20,
20035.0153,146350,PERRY D4,FORT WORTH,VENTANA RENTALS,2024-06-13,2024-06-24,2024-06-26,12.5,,2,,2024-07-08,2024-07-01,7.0,,-7,,2024-08-30,2024-07-26,18.5,,-35,,2024-09-01,2024-09-13,14.0,,12,,2024-10-21,2024-09-16,14.8,,-35,,2024-10-29,2024-11-05,15.0,,7,,2024-11-19,2024-11-17,19.4,,-2,
20035.0155,146222,PERRY D4,FORT WORTH,VENTANA RENTALS,2024-07-22,2024-07-31,2024-08-03,11.9,,3,,2024-08-15,2024-08-08,7.8,,-7,,2024-10-15,2024-09-02,18.5,,-43,,2024-10-22,2024-10-27,11.8,,5,,2024-11-13,2024-11-06,15.0,,-7,,2024-11-19,2024-11-29,16.5,,10,,2024-12-26,2024-12-08,19.5,,-18,
20035.0156,146235,PERRY D4,FORT WORTH,VENTANA RENTALS,2024-08-20,2024-08-29,2024-09-01,12.4,,3,,2024-09-12,2024-09-06,7.7,,-6,,2024-10-03,2024-09-30,18.5,,-3,,2024-10-22,2024-10-15,12.2,,-7,,2024-11-14,2024-11-06,15.0,,-8,,2024-11-19,2024-12-02,18.3,,13,,2025-01-28,2024-12-08,19.5,,-51,
20035.0157,146238,PERRY D4,FORT WORTH,VENTANA RENTALS,2024-08-20,2024-08-29,2024-09-01,12.3,,3,,2024-09-12,2024-09-06,8.1,,-6,,2024-10-15,2024-09-30,18.5,,-15,,2024-10-22,2024-10-27,11.8,,5,,2024-11-19,2024-11-06,15.0,,-13,,2024-11-27,2024-12-05,16.5,,8,,2025-01-28,2024-12-16,19.5,,-43,
20035.0158,146243,PERRY D4,FORT WORTH,VENTANA RENTALS,2024-08-29,2024-09-13,2024-09-11,12.6,,-2,,2024-09-17,2024-09-21,7.5,,4,,2024-10-08,2024-10-04,17.4,,-4,,2024-10-28,2024-10-19,11.5,,-9,,2024-11-14,2024-11-12,15.0,,-2,,2024-11-27,2024-12-09,25.4,,12,,2024-12-26,2024-12-17,19.6,,-9,
20035.0163,146302,PERRY D4,FORT WORTH,VENTANA RENTALS,2024-05-22,2024-06-24,2024-06-04,13.0,,-20,,2024-06-29,2024-06-30,6.5,,1,,2024-07-17,2024-07-18,18.8,,1,,2024-08-08,2024-07-30,13.3,,-9,,2024-09-04,2024-08-23,14.8,,-12,,2024-10-02,2024-09-20,16.0,,-12,,2024-10-31,2024-10-19,17.1,,-12,
20035.0164,146322,PERRY D4,FORT WORTH,VENTANA RENTALS,2024-05-22,2024-05-29,2024-06-04,12.9,,6,,2024-06-06,2024-06-05,7.1,,-1,,2024-06-20,2024-06-23,17.1,,3,,2024-07-16,2024-07-04,14.0,,-12,,2024-09-09,2024-07-31,14.8,,-40,,2024-10-15,2024-09-21,11.7,,-24,,2024-10-31,2024-11-02,17.7,,2,
20035.0165,146233,PERRY D4,FORT WORTH,VENTANA RENTALS,2024-08-07,2024-08-20,2024-08-19,12.4,,-1,,2024-09-07,2024-08-27,7.3,,-11,,2024-10-18,2024-09-25,18.5,,-23,,2024-10-28,2024-10-30,12.3,,2,,2024-11-19,2024-11-12,15.0,,-7,,2024-12-03,2024-12-06,16.9,,3,,2025-01-28,2024-12-22,18.9,,-37,
20035.0166,146234,PERRY D4,FORT WORTH,VENTANA RENTALS,2024-08-07,2024-08-29,2024-08-19,12.4,,-10,,2024-09-23,2024-09-06,7.5,,-17,,2024-10-18,2024-10-12,18.8,,-6,,2024-10-28,2024-10-30,12.3,,2,,2024-11-19,2024-11-12,15.0,,-7,,2024-11-19,2024-12-07,17.5,,18,,2025-02-11,2024-12-08,19.5,,-65,
20035.0177,146304,PERRY D4,FORT WORTH,VENTANA RENTALS,2024-06-04,2024-06-15,2024-06-16,12.0,,1,,2024-06-20,2024-06-23,8.2,,3,,2024-07-17,2024-07-07,17.1,,-10,,2024-08-23,2024-07-29,12.5,,-25,,2024-08-23,2024-09-07,14.8,,15,,2024-10-24,2024-09-18,26.1,,-36,,2024-11-08,2024-11-11,17.8,,3,
20035.0184,146221,PERRY D4,FORT WORTH,VENTANA RENTALS,2024-07-22,2024-07-31,2024-08-03,11.9,,3,,2024-08-15,2024-08-08,7.8,,-7,,2024-10-03,2024-09-02,18.5,,-31,,2024-10-11,2024-10-15,11.8,,4,,2024-11-05,2024-10-26,15.0,,-10,,2024-11-19,2024-11-20,15.5,,1,,2024-12-12,2024-12-08,19.5,,-4,
20035.0185,146226,PERRY D4,FORT WORTH,VENTANA RENTALS,2024-07-31,2024-08-15,2024-08-12,11.9,,-3,,2024-08-15,2024-08-23,7.8,,8,,2024-10-15,2024-09-01,17.4,,-44,,2024-10-24,2024-10-26,11.1,,2,,2024-11-13,2024-11-08,15.0,,-5,,2024-11-19,2024-12-03,19.6,,14,,2024-12-26,2024-12-09,19.6,,-17,
20035.0186,146240,PERRY D4,FORT WORTH,VENTANA RENTALS,2024-08-26,2024-09-07,2024-09-08,12.7,,1,,2024-09-12,2024-09-14,7.2,,2,,2024-10-15,2024-09-29,17.1,,-16,,2024-10-28,2024-10-26,11.1,,-2,,2024-11-14,2024-11-12,15.0,,-2,,2024-11-27,2024-12-08,24.1,,11,,2025-02-11,2024-12-16,19.4,,-57,
20035.0189,146310,PERRY D4,FORT WORTH,VENTANA RENTALS,2024-05-22,2024-06-06,2024-06-04,12.9,,-2,,2024-06-06,2024-06-14,7.5,,8,,2024-06-28,2024-06-23,17.4,,-5,,2024-07-10,2024-07-11,13.3,,1,,2024-08-30,2024-07-25,14.8,,-36,,2024-11-01,2024-09-19,19.8,,-43,,2024-11-19,2024-11-19,18.1,,0,
20035.0190,146318,PERRY D4,FORT WORTH,VENTANA RENTALS,2024-05-22,2024-06-06,2024-06-04,13.0,,-2,,2024-06-06,2024-06-13,6.9,,7,,2024-07-02,2024-06-23,17.4,,-9,,2024-07-25,2024-07-14,12.5,,-11,,2024-09-04,2024-08-09,14.8,,-26,,2024-10-15,2024-09-20,16.0,,-25,,2024-10-31,2024-11-02,17.9,,2,
20035.0191,146319,PERRY D4,FORT WORTH,VENTANA RENTALS,2024-05-22,2024-06-04,2024-06-04,12.9,,0,,2024-06-06,2024-06-11,7.2,,5,,2024-07-01,2024-06-23,17.1,,-8,,2024-07-10,2024-07-13,12.5,,3,,2024-09-09,2024-07-25,14.8,,-46,,2024-10-15,2024-09-23,13.5,,-22,,2024-11-19,2024-11-02,17.9,,-17,
20088.0103,20088.0103,PERRY D4,HASLET,SWEETGRASS,2026-03-05,2026-03-12,2026-03-17,11.6,,5,,2026-03-18,2026-03-17,4.8,,-1,,2026-04-07,2026-04-06,18.9,,-1,,2026-04-13,2026-04-17,10.2,,4,,,2026-04-25,12.5,,,,,2026-05-16,20.7,,,,,2026-06-07,21.9,,,
20088.0183,20088.0183,PERRY D4,HASLET,SWEETGRASS,2026-04-08,2026-04-22,2026-04-20,12.1,,-2,,2026-04-27,2026-04-27,4.7,,0,,,2026-05-16,18.9,,,,,2026-05-25,8.9,,,,,2026-06-06,12.5,,,,,2026-06-27,20.7,,,,,2026-07-19,21.9,,,
20088.0188,20088.0188,PERRY D4,HASLET,SWEETGRASS,2026-03-26,2026-04-02,2026-04-08,12.8,,6,,2026-04-07,2026-04-07,4.7,,0,,2026-04-27,2026-04-26,18.9,,-1,,,2026-05-07,10.2,,,,,2026-05-19,12.5,,,,,2026-06-09,20.7,,,,,2026-07-01,21.9,,,
20088.0193,20088.0193,PERRY D4,HASLET,SWEETGRASS,2026-03-10,2026-03-17,2026-03-23,12.9,,6,,2026-03-20,2026-03-22,4.8,,2,,2026-04-07,2026-04-08,18.9,,1,,2026-04-13,2026-04-17,10.2,,4,,,2026-04-25,12.5,,,,,2026-05-16,20.7,,,,,2026-06-07,21.9,,,
20394.0024,20394.0024,PERRY D4,LAKEWOOD VILLAGE,LAKEWOOD VILLAGE,2026-04-09,2026-04-16,2026-04-19,9.8,,3,,2026-04-24,2026-04-22,6.5,,-2,,,2026-05-08,14.3,,,,,2026-05-21,12.7,,,,,2026-06-07,16.6,,,,,2026-07-05,28.1,,,,,2026-07-24,18.5,,,
20407.0010,20407.0010,PERRY D4,DENTON,LANDMARK,2026-02-04,2026-02-12,2026-02-12,8.2,2026-05-09,0,86,2026-02-19,2026-02-18,6.2,2026-05-14,-1,84,2026-02-25,2026-03-02,10.6,2026-05-31,5,95,2026-03-17,2026-03-13,16.5,2026-06-13,-4,88,2026-03-31,2026-04-02,16.1,2026-06-25,2,86,2026-04-10,2026-04-23,22.6,2026-07-19,13,100,,2026-05-01,21.0,2026-08-28,,
20124.0162,20124.0162,HOUSTON 1,MONT BELVIEU,RICELAND,2025-12-02,2025-12-23,2025-12-19,16.5,2025-12-20,-4,-3,2026-01-07,2025-12-31,7.6,2026-01-01,-7,-6,2026-01-23,2026-01-20,13.2,2026-01-19,-3,-4,2026-02-06,2026-02-04,11.9,2026-04-26,-2,79,2026-02-20,2026-02-24,17.9,2026-05-15,4,84,,2026-03-21,29.4,2026-06-03,,,,2026-03-31,10.3,2026-06-10,,
20132.1033,20132.1033,HOUSTON 1,MANVEL,MERIDIANA,2025-11-14,2025-11-26,2025-12-06,21.9,2025-12-03,10,7,2025-12-04,2025-12-08,11.6,2025-12-03,4,-1,2025-12-15,2025-12-13,9.4,2025-12-13,-2,-2,2025-12-22,2025-12-28,12.8,2025-12-30,6,8,2026-01-19,2026-01-10,18.6,2026-01-10,-9,-9,2026-03-16,2026-03-01,40.7,2026-04-26,-15,41,2026-03-27,2026-03-30,14.3,2026-05-07,3,41
20391.0050,20391.0050,HOUSTON 1,LEAGUE CITY,LEGACY,2026-03-04,2026-03-24,2026-03-19,15.2,,-5,,2026-04-01,2026-04-03,9.8,,2,,2026-04-09,2026-04-23,22.5,,14,,2026-04-28,2026-04-18,9.5,,-10,,,2026-05-17,18.9,,,,,2026-06-16,30.1,,,,,2026-07-05,19.2,,,
20391.0073,20391.0073,HOUSTON 1,LEAGUE CITY,LEGACY,2026-03-05,2026-03-17,2026-03-20,14.7,,3,,2026-03-24,2026-03-24,7.5,,0,,2026-03-31,2026-04-15,22.5,,15,,2026-04-13,2026-04-09,9.5,,-4,,,2026-05-02,18.9,,,,,2026-06-01,30.1,,,,,2026-06-20,19.2,,,
20358.0090,20358.0090,HOUSTON 2,MONTGOMERY,TWO STEP FARM,2026-02-24,2026-03-16,2026-03-10,13.6,,-6,,2026-03-23,2026-03-20,4.4,,-3,,2026-03-31,2026-04-15,22.6,,15,,2026-04-09,2026-04-13,12.7,,4,,2026-04-27,2026-04-26,16.6,,-1,,,2026-05-27,29.5,,,,,2026-06-15,18.5,,,
20358.0095,20358.0095,HOUSTON 2,MONTGOMERY,TWO STEP FARM,2026-02-25,2026-03-20,2026-03-11,13.5,,-9,,2026-03-24,2026-03-26,5.6,,2,,2026-04-02,2026-04-11,18.3,,9,,2026-04-17,2026-04-15,12.7,,-2,,,2026-05-04,16.6,,,,,2026-06-01,28.1,,,,,2026-06-20,18.5,,,
20398.0134,20398.0134,HOUSTON 2,HOCKLEY,EVERLY,2025-08-05,2025-08-14,2025-08-18,13.5,2025-08-19,4,5,2025-08-20,2025-08-21,6.8,2025-08-17,1,-3,2025-08-28,2025-09-01,12.2,2025-08-30,4,2,2025-09-04,2025-09-09,11.5,2025-09-08,5,4,2025-09-29,2025-09-19,14.8,2025-09-21,-10,-8,2026-03-11,2025-10-21,21.8,2026-04-26,-141,46,2026-03-26,2026-03-24,13.3,2026-05-21,-2,56
20233.0480,20233.0480,HOUSTON 3,FULSHEAR,JORDAN RANCH,2026-02-13,2026-02-24,2026-02-25,11.7,,1,,2026-02-27,2026-03-01,4.8,,2,,2026-03-10,2026-03-10,11.4,,0,,2026-03-10,2026-03-20,9.6,,10,,2026-04-06,2026-03-28,18.4,,-9,,2026-04-22,2026-04-19,13.1,,-3,,,2026-05-04,12.5,,,
20233.0547,20233.0547,HOUSTON 3,FULSHEAR,JORDAN RANCH,2026-03-12,2026-03-23,2026-03-23,10.6,,0,,2026-03-25,2026-03-27,3.9,,2,,2026-04-07,2026-04-05,11.4,,-2,,2026-04-15,2026-04-16,8.8,,1,,2026-04-28,2026-05-03,17.6,,5,,,2026-05-16,18.0,,,,,2026-05-28,12.5,,,
20233.0591,20233.0591,HOUSTON 3,FULSHEAR,JORDAN RANCH,2026-02-13,2026-03-02,2026-02-25,12.1,,-5,,2026-03-04,2026-03-06,4.4,,2,,2026-03-17,2026-03-15,11.4,,-2,,2026-03-26,2026-03-27,9.5,,1,,2026-04-27,2026-04-14,19.0,,-13,,,2026-05-14,16.6,,,,,2026-05-26,12.5,,,
20233.0581,20233.0581,HOUSTON 3,FULSHEAR,JORDAN RANCH,2026-04-02,2026-04-30,2026-04-18,16.5,,-12,,,2026-05-07,7.2,,,,,2026-05-18,11.2,,,,,2026-05-28,10.5,,,,,2026-06-16,18.8,,,,,2026-07-06,19.6,,,,,2026-07-18,12.3,,,
20265.0224,20265.0224,HOUSTON 3,FULSHEAR,CROSS CREEK WEST,2025-07-15,2025-07-21,2025-07-24,9.1,2025-07-22,3,1,2025-07-23,2025-07-24,3.3,2025-07-26,1,3,2025-08-05,2025-08-03,11.3,2025-07-31,-2,-5,2025-08-08,2025-08-14,8.9,2025-08-12,6,4,2025-08-22,2025-08-26,18.3,2025-08-30,4,8,2025-09-05,2025-09-08,17.3,2025-09-04,3,-1,2025-09-19,2025-09-17,12.4,2025-09-19,-2,0
20265.0247,20265.0247,HOUSTON 3,FULSHEAR,CROSS CREEK WEST,2026-02-04,2026-02-13,2026-02-14,9.6,2026-05-03,1,79,2026-02-16,2026-02-18,4.5,2026-05-08,2,81,2026-02-24,2026-02-27,11.3,2026-05-16,3,81,2026-03-02,2026-03-05,8.7,2026-05-23,3,82,2026-03-18,2026-03-20,18.4,2026-06-14,2,88,2026-04-01,2026-04-01,14.4,2026-06-27,0,87,2026-04-17,2026-04-13,12.4,2026-07-06,-4,80
20267.0545,20267.0545,HOUSTON 3,RICHMOND,CANDELA,2026-03-18,2026-03-26,2026-03-27,9.3,,1,,2026-03-27,2026-04-02,6.8,,6,,2026-04-07,2026-04-07,10.5,,0,,2026-04-16,2026-04-14,7.1,,-2,,,2026-04-29,13.4,,,,,2026-05-17,18.3,,,,,2026-05-29,12.4,,,
20267.0410,20267.0410,HOUSTON 3,RICHMOND,CANDELA,2025-12-01,2025-12-11,2025-12-17,15.6,2025-12-18,6,7,2025-12-17,2025-12-18,6.7,2025-12-18,1,1,2025-12-30,2025-12-28,10.7,2025-12-26,-2,-4,2026-01-12,2026-01-11,12.5,2026-01-11,-1,-1,2026-01-22,2026-01-28,15.6,2026-04-26,6,94,2026-02-06,2026-02-11,20.1,2026-05-12,5,95,2026-03-11,2026-02-19,12.7,2026-05-20,-20,70
20267.0593,20267.0593,HOUSTON 3,RICHMOND,CANDELA,2026-01-14,2026-02-03,2026-02-02,19.3,2026-04-26,-1,82,2026-02-09,2026-02-09,5.8,2026-05-03,0,83,2026-02-13,2026-02-19,10.3,2026-05-12,6,88,2026-02-25,2026-02-24,11.0,2026-05-24,-1,88,2026-03-19,2026-03-15,18.1,2026-06-08,-4,81,2026-04-02,2026-04-06,17.7,2026-06-24,4,83,2026-04-10,2026-04-15,12.7,2026-07-02,5,83
20359.0005,20359.0005,HOUSTON 3,KATY,GRANGE,2026-02-13,2026-03-10,2026-03-01,16.0,,-9,,2026-03-11,2026-03-14,4.4,,3,,2026-03-23,2026-03-25,13.5,,2,,2026-04-07,2026-04-03,11.2,,-4,,2026-04-29,2026-04-23,16.2,,-6,,,2026-05-19,19.9,,,,,2026-05-29,10.0,,,
20359.0051,20359.0051,HOUSTON 3,KATY,GRANGE,2026-02-02,2026-02-16,2026-02-17,15.2,2026-05-13,1,86,2026-02-17,2026-02-20,4.3,2026-05-18,3,90,2026-02-28,2026-02-27,9.9,2026-06-02,-1,94,2026-03-11,2026-03-11,11.0,2026-06-11,0,92,2026-03-25,2026-04-01,20.9,2026-06-23,7,90,2026-04-21,2026-04-12,18.2,2026-07-16,-9,86,,2026-05-01,9.9,2026-07-22,,
20359.0053,20359.0053,HOUSTON 3,KATY,GRANGE,2026-02-02,2026-02-17,2026-02-17,14.7,2026-05-13,0,85,2026-02-20,2026-02-21,4.2,2026-05-18,1,87,2026-03-03,2026-03-04,11.8,2026-06-02,1,91,2026-03-13,2026-03-14,11.0,2026-06-11,1,90,2026-04-08,2026-04-06,23.6,2026-06-23,-2,76,2026-04-20,2026-04-26,18.0,2026-07-16,6,87,,2026-04-29,9.4,2026-07-22,,
20359.0072,20359.0072,HOUSTON 3,KATY,GRANGE,2026-03-25,2026-04-29,2026-04-11,16.6,,-18,,,2026-05-04,4.7,,,,,2026-05-15,10.9,,,,,2026-05-27,11.7,,,,,2026-06-15,19.3,,,,,2026-07-02,16.8,,,,,2026-07-13,10.8,,,
20359.0076,20359.0076,HOUSTON 3,KATY,GRANGE,2025-12-12,2025-12-31,2025-12-31,18.6,2025-12-31,0,0,2026-01-05,2026-01-05,4.7,2026-01-03,0,-2,2026-01-16,2026-01-19,14.3,2026-01-20,3,4,2026-01-27,2026-01-28,11.6,2026-01-27,1,0,2026-02-13,2026-02-15,19.4,2026-04-26,2,72,2026-02-27,2026-03-01,16.2,2026-05-18,2,80,2026-03-12,2026-03-10,10.7,2026-05-30,-2,79
20359.0077,20359.0077,HOUSTON 3,KATY,GRANGE,2026-02-02,2026-02-16,2026-02-19,17.0,2026-05-15,3,88,2026-02-20,2026-02-21,4.9,2026-05-18,1,87,2026-03-04,2026-03-03,11.2,2026-06-02,-1,90,2026-03-17,2026-03-15,11.4,2026-06-13,-2,88,2026-03-26,2026-04-07,21.3,2026-06-23,12,89,2026-04-10,2026-04-13,18.1,2026-07-15,3,96,2026-04-29,2026-04-20,10.3,2026-07-27,-9,89
20205.0224,20205.0224,HOUSTON 4,PORTER,THE HIGHLANDS,2026-03-04,2026-03-20,2026-03-16,11.6,,-4,,2026-03-20,2026-03-24,4.0,,4,,2026-04-02,2026-03-30,9.7,,-3,,2026-04-14,2026-04-10,8.0,,-4,,2026-04-29,2026-05-02,18.0,,3,,,2026-05-27,27.6,,,,,2026-06-10,13.6,,,
20215.0386,20215.0386,HOUSTON 4,CONROE,ARTAVIA,2026-03-24,2026-04-06,2026-04-07,14.3,,1,,2026-04-08,2026-04-10,3.8,,2,,2026-04-18,2026-04-19,10.6,,1,,2026-04-28,2026-04-27,9.3,,-1,,,2026-05-14,15.7,,,,,2026-06-04,21.3,,,,,2026-06-18,14.0,,,
20215.0403,20215.0403,HOUSTON 4,CONROE,ARTAVIA,2026-03-26,2026-04-09,2026-04-08,13.4,,-1,,2026-04-13,2026-04-13,3.8,,0,,2026-04-23,2026-04-23,10.4,,0,,2026-04-30,2026-05-02,9.1,,2,,,2026-05-16,15.7,,,,,2026-06-08,23.0,,,,,2026-06-22,13.9,,,
20218.0105,20218.0105,HOUSTON 4,CONROE,EVERGREEN,2025-05-13,2025-05-28,2025-05-26,12.6,2025-05-26,-2,-2,2025-06-10,2025-06-01,3.8,2025-05-29,-9,-12,2025-06-19,2025-06-21,10.6,2025-06-19,2,0,2025-07-10,2025-06-29,10.3,2025-06-29,-11,-11,2025-08-20,2025-07-26,16.2,2025-07-25,-25,-26,2025-09-22,2025-09-10,20.7,2025-09-06,-12,-16,2025-10-15,2025-10-06,14.1,2025-10-15,-9,0
20388.0047,20388.0047,HOUSTON 4,MONTGOMERY,BRIARLEY,2026-02-13,2026-03-03,2026-02-25,12.0,,-6,,2026-03-05,2026-03-08,5.0,,3,,2026-03-13,2026-03-28,23.5,,15,,2026-03-27,2026-03-26,12.7,,-1,,2026-04-10,2026-04-13,16.6,,3,,,2026-05-10,29.5,,,,,2026-05-29,18.5,,,
20175.0050,20175.0050,HOUSTON 5,HOCKLEY,JUBILEE,2026-02-16,2026-03-20,2026-03-01,12.5,,-19,,2026-03-31,2026-03-28,7.7,,-3,,2026-04-24,2026-04-12,12.2,,-12,,,2026-05-06,12.1,,,,,2026-05-22,16.1,,,,,2026-06-12,21.3,,,,,2026-06-25,13.5,,,
20181.1035,20181.1035,HOUSTON 5,CYPRESS,BRIDGELAND,2025-11-19,2025-12-29,2025-12-09,20.3,2025-12-29,-20,0,2026-01-05,2026-01-04,5.6,2026-01-05,-1,0,2026-01-16,2026-01-19,13.9,2026-01-23,3,7,2026-02-02,2026-01-28,11.8,2026-04-26,-5,83,2026-03-09,2026-02-22,19.8,2026-05-13,-15,65,2026-04-09,2026-04-25,47.2,2026-05-31,16,52,2026-04-20,2026-04-28,19.2,2026-06-10,8,51
20181.1208,20181.1208,HOUSTON 5,CYPRESS,BRIDGELAND,2025-12-22,2026-01-09,2026-01-09,17.7,2026-01-31,0,22,2026-01-13,2026-01-15,5.6,2026-01-16,2,3,2026-01-30,2026-01-27,13.9,2026-04-26,-3,86,2026-02-13,2026-02-10,10.5,2026-05-09,-3,85,2026-02-25,2026-03-05,20.3,2026-05-26,8,90,,2026-03-28,30.8,2026-06-13,,,2026-03-27,2026-04-14,17.4,2026-06-23,18,88
20195.0139,20195.0139,HOUSTON 5,HOCKLEY,THE GRAND PRAIRIE,2026-03-06,2026-03-24,2026-03-14,7.6,,-10,,2026-03-27,2026-03-31,6.8,,4,,2026-04-09,2026-04-08,11.5,,-1,,2026-04-20,2026-04-21,12.0,,1,,,2026-05-05,14.7,,,,,2026-05-27,21.8,,,,,2026-06-09,13.3,,,
20238.0803,20238.0803,HOUSTON 5,KATY,ELYSON,2025-09-04,2025-09-29,2025-09-20,16.3,2025-09-17,-9,-12,2025-10-02,2025-10-04,4.5,2025-10-05,2,3,2025-10-15,2025-10-19,16.8,2025-10-22,4,7,2025-10-27,2025-10-27,11.5,2025-10-29,0,2,2025-11-04,2025-11-15,18.6,2025-11-13,11,9,2025-11-17,2025-11-23,19.1,2025-11-18,6,1,2025-11-20,2025-11-27,10.1,2025-11-26,7,6
20252.0404,20252.0404,HOUSTON 6,RICHMOND,STONECREEK ESTATES,2026-03-04,2026-03-17,2026-03-14,9.8,,-3,,2026-03-20,2026-03-22,5.3,,2,,2026-03-27,2026-04-01,11.7,,5,,2026-04-06,2026-04-04,7.8,,-2,,2026-04-22,2026-04-18,12.5,,-4,,,2026-05-09,16.6,,,,,2026-05-21,12.5,,,
20252.0448,20252.0448,HOUSTON 6,RICHMOND,STONECREEK ESTATES,2026-03-11,2026-03-19,2026-03-26,14.9,,7,,2026-03-23,2026-03-26,7.4,,3,,2026-04-03,2026-04-05,12.7,,2,,2026-04-13,2026-04-14,10.9,,1,,,2026-04-28,15.4,,,,,2026-05-16,18.1,,,,,2026-05-29,12.9,,,
20272.0524,20272.0524,HOUSTON 6,RICHMOND,HARVEST GREEN,2026-01-12,2026-01-23,2026-01-29,17.2,2026-01-24,6,1,2026-02-02,2026-01-29,6.2,2026-04-26,-4,83,2026-02-06,2026-02-12,10.1,2026-05-07,6,90,2026-02-18,2026-02-17,10.8,2026-05-18,-1,89,2026-03-05,2026-03-07,16.7,2026-06-06,2,93,2026-03-30,2026-03-19,14.1,2026-06-27,-11,89,2026-04-13,2026-04-12,12.8,2026-07-09,-1,87
20352.0015,20352.0015,HOUSTON 6,ROSENBERG,BROOKEWATER,2026-03-09,2026-03-23,2026-03-21,12.3,,-2,,2026-03-30,2026-03-28,4.7,,-2,,2026-04-08,2026-04-12,12.9,,4,,2026-04-20,2026-04-17,8.8,,-3,,2026-04-24,2026-05-07,16.9,,13,,,2026-05-11,16.6,,,,,2026-05-25,14.4,,,
20387.0054,20387.0054,HOUSTON 6,RICHMOND,AUSTIN POINT,2025-06-17,2025-06-25,2025-06-25,8.3,2025-06-29,0,4,2025-07-01,2025-06-29,4.1,2025-06-28,-2,-3,2025-07-11,2025-07-11,10.4,2025-07-11,0,0,2025-07-22,2025-07-18,7.2,2025-07-20,-4,-2,2025-08-05,2025-08-03,12.2,2025-08-07,-2,2,2025-10-21,2025-10-01,57.2,2025-08-25,-20,-57,2026-02-20,2025-11-15,24.8,2026-04-26,-97,65
20288.1222,20288.1222,SAN ANTONIO 1,SAN ANTONIO,KALLISON RANCH,2025-10-10,2025-10-17,2025-10-18,7.6,2025-10-18,1,1,2025-10-20,2025-10-23,5.6,2025-10-23,3,3,2025-11-20,2025-11-03,13.7,2025-11-03,-17,-17,2025-11-20,2025-11-29,8.6,2025-12-14,9,24,2025-12-02,2025-12-07,16.7,2025-12-07,5,5,2025-12-16,2025-12-28,26.0,2025-12-28,12,12,2026-01-07,2026-01-01,15.8,2026-01-07,-6,0
20288.1375,20288.1375,SAN ANTONIO 1,SAN ANTONIO,KALLISON RANCH,2026-02-12,2026-02-18,2026-02-19,7.1,2026-05-04,1,75,2026-02-18,2026-02-24,5.7,2026-05-10,6,81,2026-03-25,2026-03-04,13.7,2026-05-24,-21,60,2026-03-25,2026-03-31,6.4,2026-06-17,6,84,2026-04-07,2026-04-08,14.3,2026-07-04,1,88,,2026-05-02,25.4,2026-07-30,,,,2026-05-13,11.0,2026-08-17,,
20289.0321,734083,SAN ANTONIO 1,SAN ANTONIO,LADERA,2026-03-16,2026-03-26,2026-03-22,5.9,,-4,,2026-04-06,2026-04-01,6.2,,-5,,2026-05-01,2026-04-21,14.6,,-10,,,2026-05-09,7.5,,,,,2026-05-27,18.3,,,,,2026-06-22,26.0,,,,,2026-07-08,15.6,,,
20290.0098,20290.0098,SAN ANTONIO 1,CASTROVILLE,ALSATIAN OAKS,2025-12-22,2025-12-31,2025-12-30,8.0,2025-12-31,-1,0,2026-01-06,2026-01-08,8.3,2026-01-06,2,0,2026-01-23,2026-01-21,14.7,2026-01-20,-2,-3,2026-02-05,2026-02-01,9.5,2026-04-26,-4,80,2026-02-23,2026-02-24,19.0,2026-05-13,1,79,2026-03-13,2026-03-28,33.4,2026-06-09,15,88,2026-03-19,2026-03-23,9.7,2026-06-14,4,87
20290.0100,20290.0100,SAN ANTONIO 1,CASTROVILLE,ALSATIAN OAKS,2025-07-03,2025-07-14,2025-07-11,8.0,2025-07-12,-3,-2,2025-07-21,2025-07-22,8.3,2025-07-20,1,-1,2025-07-29,2025-08-05,14.7,2025-08-04,7,6,2025-08-13,2025-08-08,10.2,2025-08-16,-5,3,2025-08-29,2025-09-01,19.0,2025-08-30,3,1,2025-09-18,2025-10-01,33.4,2025-09-25,13,7,2025-10-07,2025-09-28,9.7,2025-10-07,-9,0
20294.0046,20294.0046,SAN ANTONIO 1,CASTROVILLE,MEGAN'S LANDING,2026-02-27,2026-03-19,2026-03-14,14.5,,-5,,2026-03-27,2026-03-27,8.3,,0,,2026-04-15,2026-04-11,14.7,,-4,,,2026-04-28,13.0,,,,,2026-05-17,19.0,,,,,2026-06-19,33.4,,,,,2026-06-29,9.7,,,
20314.0175,20314.0175,SAN ANTONIO 2,SAN ANTONIO,KINDER RANCH,2026-03-19,2026-03-30,2026-03-29,9.9,,-1,,2026-04-08,2026-04-05,6.4,,-3,,,2026-04-26,17.7,,,,,2026-05-05,9.4,,,,,2026-05-22,17.4,,,,,2026-06-20,28.8,,,,,2026-07-06,16.2,,,
20314.0177,20314.0177,SAN ANTONIO 2,SAN ANTONIO,KINDER RANCH,2025-03-13,2025-03-24,2025-03-26,13.4,2025-03-25,2,1,2025-03-31,2025-03-30,6.3,2025-03-30,-1,-1,2025-06-17,2025-04-16,16.2,2025-04-17,-62,-61,2025-06-30,2025-06-25,8.2,2025-06-29,-5,-1,2025-07-11,2025-07-12,11.7,2025-07-17,1,6,2025-08-05,2025-08-08,27.5,2025-08-19,3,14,2025-08-21,2025-08-23,17.8,2025-08-21,2,0
20314.0178,20314.0178,SAN ANTONIO 2,SAN ANTONIO,KINDER RANCH,2025-12-01,2025-12-11,2025-12-11,9.6,2025-12-13,0,2,2025-12-18,2025-12-17,6.3,2025-12-17,-1,-1,2026-01-26,2026-01-05,17.7,2026-04-26,-21,90,2026-02-10,2026-02-03,8.0,2026-05-08,-7,87,2026-02-18,2026-02-22,12.1,2026-05-25,4,96,2026-03-13,2026-03-17,27.0,2026-07-03,4,112,2026-03-20,2026-04-01,18.8,2026-07-19,12,121
20314.0179,20314.0179,SAN ANTONIO 2,SAN ANTONIO,KINDER RANCH,2025-12-24,2026-01-07,2026-01-05,12.1,2026-01-05,-2,-2,2026-01-13,2026-01-13,6.4,2026-01-13,0,0,2026-02-17,2026-01-31,17.7,2026-04-26,-17,68,2026-02-27,2026-02-24,7.4,2026-05-08,-3,70,2026-03-09,2026-03-12,12.8,2026-05-25,3,77,2026-04-01,2026-04-05,26.8,2026-07-03,4,93,2026-04-27,2026-04-20,19.2,2026-07-19,-7,83
20320.0152,20320.0152,SAN ANTONIO 2,BOERNE,ESPERANZA,2026-04-23,,2026-05-01,8.4,,,,,2026-05-07,5.9,,,,,2026-05-21,14.2,,,,,2026-05-31,9.9,,,,,2026-06-15,15.0,,,,,2026-07-12,26.6,,,,,2026-07-22,9.6,,,
20320.0101,20320.0101,SAN ANTONIO 2,BOERNE,ESPERANZA,2025-10-08,2025-10-14,2025-10-17,8.9,2025-10-17,3,3,2025-10-27,2025-10-20,6.3,2025-11-04,-7,8,2025-11-06,2025-11-10,14.0,2025-11-10,4,4,2025-11-21,2025-11-16,10.2,2025-11-20,-5,-1,2025-12-23,2025-12-06,15.0,2025-12-23,-17,0,2026-01-06,2026-01-19,26.6,2026-01-12,13,6,2026-01-12,2026-01-19,13.0,2026-01-19,7,7
20365.0021,20365.0021,SAN ANTONIO 2,BOERNE,GEORGE'S RANCH,2026-02-06,2026-02-19,2026-02-15,8.9,2026-05-12,-4,82,2026-02-24,2026-02-25,6.2,2026-05-19,1,84,2026-03-19,2026-03-10,14.2,2026-06-24,-9,97,2026-04-06,2026-03-29,9.9,2026-07-06,-8,91,2026-04-15,2026-04-21,15.0,2026-07-23,6,99,,2026-05-12,26.9,2026-08-22,,,,2026-05-26,13.6,2026-09-07,,
20384.0008,20384.0008,SAN ANTONIO 2,SAN ANTONIO,DOMINION,2025-06-25,2025-07-06,2025-07-07,12.1,2025-07-05,1,-1,2025-07-11,2025-07-12,6.3,2025-07-23,1,12,2025-07-25,2025-07-27,16.0,2025-08-03,2,9,2025-08-18,2025-08-09,14.6,2025-08-06,-9,-12,2025-08-29,2025-08-31,13.2,2025-09-04,2,6,2025-09-24,2025-09-28,29.6,2025-09-27,4,3,2025-10-19,2025-10-11,16.6,2025-10-19,-8,0
20384.0013,20384.0013,SAN ANTONIO 2,SAN ANTONIO,DOMINION,2026-03-23,2026-04-10,2026-04-03,11.2,,-7,,,2026-04-16,6.3,,,,,2026-05-02,16.2,,,,,2026-05-14,12.2,,,,,2026-05-29,14.9,,,,,2026-06-26,28.4,,,,,2026-07-14,17.5,,,
20384.0015,20384.0015,SAN ANTONIO 2,SAN ANTONIO,DOMINION,2026-03-04,2026-03-17,2026-03-14,10.0,,-3,,2026-03-31,2026-03-23,6.3,,-8,,2026-04-14,2026-04-16,15.9,,2,,,2026-04-26,12.4,,,,,2026-05-11,15.4,,,,,2026-06-09,28.8,,,,,2026-06-26,16.9,,,
20384.0026,20384.0026,SAN ANTONIO 2,SAN ANTONIO,DOMINION,2025-11-25,2025-12-05,2025-12-08,13.4,2025-12-05,3,0,2025-12-22,2025-12-11,6.3,2025-12-22,-11,0,2026-01-27,2026-01-07,16.1,2026-01-14,-20,-13,2026-02-12,2026-02-06,10.3,2026-04-26,-6,73,2026-02-20,2026-02-25,13.2,2026-05-13,5,82,2026-03-16,2026-03-19,27.1,2026-06-11,3,87,2026-04-07,2026-04-02,16.7,2026-07-01,-5,85
20316.0165,20316.0165,SAN ANTONIO 3,SCHERTZ,HOMESTEAD,2026-04-07,2026-04-20,2026-04-15,8.3,,-5,,2026-04-29,2026-04-27,6.7,,-2,,,2026-05-12,12.7,,,,,2026-05-24,12.0,,,,,2026-06-08,15.4,,,,,2026-07-01,22.9,,,,,2026-07-15,14.1,,,
20316.0045,710097,SAN ANTONIO 3,SCHERTZ,HOMESTEAD,2026-04-07,2026-04-13,2026-04-15,8.3,,2,,2026-04-20,2026-04-20,6.7,,0,,,2026-05-03,12.7,,,,,2026-05-15,12.0,,,,,2026-05-30,15.4,,,,,2026-06-22,22.9,,,,,2026-07-06,14.1,,,
20335.0011,277101,SAN ANTONIO 3,NEW BRAUNFELS,LEGACY AT LAKE DUNLAP,2023-12-01,2023-12-11,2023-12-10,8.7,,-1,,2023-12-18,2023-12-17,5.6,,-1,,2024-01-08,2023-12-30,12.3,,-9,,2024-01-13,2024-01-18,9.5,,5,,,2024-01-31,17.8,,,,,2024-02-22,21.9,,,,,2024-03-03,9.8,,,
20344.0172,20344.0172,SAN ANTONIO 3,SEGUIN,MEADOWS OF MILL CREEK,2026-01-30,2026-02-06,2026-02-07,7.7,2026-05-20,1,103,2026-02-12,2026-02-12,6.3,2026-05-28,0,105,2026-02-25,2026-02-23,11.2,2026-06-12,-2,107,2026-03-09,2026-03-08,10.9,2026-06-21,-1,104,2026-03-17,2026-03-23,14.2,2026-07-12,6,117,2026-04-01,2026-04-08,22.2,2026-07-27,7,117,2026-04-23,2026-04-14,12.8,2026-08-08,-9,107
20344.0175,20344.0175,SAN ANTONIO 3,SEGUIN,MEADOWS OF MILL CREEK,2026-03-05,2026-03-16,2026-03-14,8.9,,-2,,2026-03-25,2026-03-24,7.5,,-1,,2026-04-03,2026-04-05,11.2,,2,,2026-04-09,2026-04-14,10.9,,5,,2026-04-14,2026-04-24,14.7,,10,,,2026-05-11,26.6,,,,,2026-05-24,12.8,,,
20344.0176,20344.0176,SAN ANTONIO 3,SEGUIN,MEADOWS OF MILL CREEK,2026-03-10,2026-03-20,2026-03-18,7.8,,-2,,2026-03-30,2026-03-27,7.1,,-3,,2026-04-14,2026-04-10,11.2,,-4,,2026-04-28,2026-04-25,10.9,,-3,,,2026-05-11,13.4,,,,,2026-05-30,19.1,,,,,2026-06-12,12.8,,,
20344.0177,20344.0177,SAN ANTONIO 3,SEGUIN,MEADOWS OF MILL CREEK,2026-04-10,2026-04-24,2026-04-18,7.7,,-6,,2026-04-28,2026-04-28,4.5,,0,,,2026-05-09,11.2,,,,,2026-05-20,10.9,,,,,2026-06-04,14.8,,,,,2026-06-24,20.3,,,,,2026-07-07,12.8,,,
20344.0192,20344.0192,SAN ANTONIO 3,SEGUIN,MEADOWS OF MILL CREEK,2026-03-12,2026-04-02,2026-03-23,11.0,,-10,,2026-04-09,2026-04-08,6.0,,-1,,2026-04-22,2026-04-20,11.5,,-2,,,2026-05-03,10.9,,,,,2026-05-17,13.8,,,,,2026-06-10,23.7,,,,,2026-06-23,12.8,,,
20381.0006,20381.0006,SAN ANTONIO 3,CIBOLO,CIBOLO VALLEY HEIGHTS,2026-04-01,2026-04-09,2026-04-13,12.3,,4,,2026-04-17,2026-04-14,4.7,,-3,,2026-04-29,2026-04-30,12.9,,1,,,2026-05-08,8.8,,,,,2026-05-25,16.9,,,,,2026-06-11,16.6,,,,,2026-06-25,14.4,,,
20079.0085,284026,BRITTON D3,FRISCO,FIELDS,2023-08-22,2023-09-19,2023-09-13,21.7,,-6,,2023-09-21,2023-09-27,8.0,,6,,2023-10-11,2023-10-25,33.9,,14,,2023-11-01,2023-10-24,13.3,,-8,,2023-12-06,2023-11-22,21.3,,-14,,2024-01-24,2023-12-30,24.4,,-25,,2024-04-04,2024-02-16,22.7,,-48,
20361.0011,20361.0011,BRITTON D4,HURST,ADKINS PARK,2026-01-15,2026-02-11,2026-01-30,15.1,2026-04-26,-12,74,2026-02-18,2026-02-19,7.8,2026-05-07,1,78,2026-03-30,2026-03-12,22.5,2026-05-27,-18,58,2026-03-31,2026-04-08,9.5,2026-06-09,8,70,2026-04-06,2026-04-19,18.9,2026-06-21,13,76,,2026-05-06,30.1,2026-07-15,,,,2026-05-25,19.2,2026-08-24,,
20361.0037,20361.0037,BRITTON D4,HURST,ADKINS PARK,2026-01-15,2026-02-02,2026-01-30,14.6,2026-04-26,-3,83,2026-02-10,2026-02-08,6.4,2026-05-07,-2,86,2026-02-23,2026-03-04,22.5,2026-05-27,9,93,2026-03-03,2026-03-04,9.5,2026-06-09,1,98,,2026-03-22,18.9,2026-06-21,,,2026-04-20,2026-04-21,30.1,2026-07-15,1,86,,2026-05-09,19.2,2026-08-24,,
20007.0184,20007.0184,AUSTIN 1,LIBERTY HILL,LARIAT,2026-04-23,,2026-05-01,8.1,,,,,2026-05-06,5.3,,,,,2026-05-18,11.7,,,,,2026-05-30,11.5,,,,,2026-06-15,16.4,,,,,2026-07-14,28.5,,,,,2026-07-25,10.6,,,
20007.0250,20007.0250,AUSTIN 1,LIBERTY HILL,LARIAT,2026-03-31,2026-04-06,2026-04-07,6.8,,1,,2026-04-10,2026-04-10,4.4,,0,,2026-04-24,2026-04-22,11.9,,-2,,2026-04-30,2026-05-06,11.5,,6,,,2026-05-20,19.8,,,,,2026-06-18,28.9,,,,,2026-06-29,10.6,,,
20007.0124,20007.0124,AUSTIN 1,LIBERTY HILL,LARIAT,2025-12-02,2025-12-11,2025-12-09,6.8,2025-12-13,-2,2,2025-12-15,2025-12-17,6.1,2025-12-17,2,2,2025-12-22,2025-12-27,11.7,2026-01-01,5,10,2026-01-13,2026-01-03,11.7,2026-01-07,-10,-6,2026-02-02,2026-01-31,18.0,2026-04-26,-2,83,2026-02-20,2026-03-02,27.8,2026-05-25,10,94,2026-03-06,2026-03-03,10.6,2026-06-03,-3,89
20007.0169,20007.0169,AUSTIN 1,LIBERTY HILL,LARIAT,2025-08-29,2025-08-29,2025-09-07,9.5,2025-09-07,9,9,2025-09-08,2025-09-04,6.1,2025-09-06,-4,-2,2025-09-17,2025-09-20,11.9,2025-09-18,3,1,2025-09-23,2025-09-29,11.8,2025-10-08,6,15,2025-10-08,2025-10-10,16.5,2025-10-11,2,3,2025-10-31,2025-11-08,30.8,2025-11-20,8,20,2025-11-10,2025-11-11,10.6,2025-11-10,1,0
20007.0221,20007.0221,AUSTIN 1,LIBERTY HILL,LARIAT,2025-12-05,2025-12-15,2025-12-15,9.9,2025-12-14,0,-1,2025-12-23,2025-12-21,5.5,2025-12-23,-2,0,2026-01-02,2026-01-04,11.8,2026-01-02,2,0,2026-01-20,2026-01-14,11.8,2026-01-23,-6,3,2026-02-06,2026-02-06,16.7,2026-04-26,0,79,2026-03-02,2026-03-08,30.5,2026-06-08,6,98,2026-03-13,2026-03-13,10.6,2026-06-19,0,98
20008.0033,313096,AUSTIN 1,GEORGETOWN,NOLINA,2024-02-28,2024-03-05,2024-03-08,8.6,,3,,2024-03-12,2024-03-12,6.8,,0,,2024-03-18,2024-03-27,15.0,,9,,2024-03-25,2024-03-29,11.0,,4,,2024-04-05,2024-04-09,15.0,,4,,2024-04-17,2024-04-30,24.6,,13,,2024-04-24,2024-04-30,13.4,,6,
20009.0157,20009.0157,AUSTIN 1,LEANDER,PALMERA RIDGE,2026-03-06,2026-03-19,2026-03-17,11.0,,-2,,2026-03-26,2026-03-27,8.0,,1,,2026-04-09,2026-04-18,22.8,,9,,2026-04-17,2026-04-22,12.7,,5,,,2026-05-04,16.6,,,,,2026-06-01,28.1,,,,,2026-06-20,18.5,,,
20014.0011,167168,AUSTIN 1,LIBERTY HILL,SANTA RITA RANCH RENTALS,2023-02-21,2023-02-27,2023-02-27,5.8,,0,,2023-03-06,2023-03-04,4.7,,-2,,2023-03-22,2023-03-20,13.6,,-2,,2023-03-28,2023-04-02,11.4,,5,,2023-04-10,2023-04-17,20.4,,7,,2023-07-18,2023-05-08,28.1,,-71,,2023-07-28,2023-07-29,10.6,,1,
20014.0013,167185,AUSTIN 1,LIBERTY HILL,SANTA RITA RANCH RENTALS,2023-06-08,2023-06-12,2023-06-15,6.5,,3,,2023-06-23,2023-06-18,5.5,,-5,,2023-07-07,2023-07-07,14.0,,0,,2023-07-20,2023-07-19,11.9,,-1,,2023-08-04,2023-08-06,17.3,,2,,2023-10-10,2023-09-03,29.8,,-37,,2023-10-31,2023-10-21,10.6,,-10,
20014.0015,167219,AUSTIN 1,LIBERTY HILL,SANTA RITA RANCH RENTALS,2023-10-03,2023-10-11,2023-10-08,4.5,,-3,,2023-10-20,2023-10-17,5.6,,-3,,2023-11-02,2023-11-03,13.6,,1,,2023-11-14,2023-11-14,12.2,,0,,2023-11-30,2023-12-03,18.7,,3,,2024-01-05,2023-12-30,30.2,,-6,,2024-01-31,2024-01-16,10.6,,-15,
20014.0023,167181,AUSTIN 1,LIBERTY HILL,SANTA RITA RANCH RENTALS,2023-06-02,2023-06-12,2023-06-09,6.7,,-3,,2023-06-26,2023-06-18,5.5,,-8,,2023-07-12,2023-07-10,14.0,,-2,,2023-07-25,2023-07-23,11.5,,-2,,2023-08-16,2023-08-14,20.2,,-2,,2023-10-10,2023-09-15,29.5,,-25,,2023-10-31,2023-10-21,10.6,,-10,
20014.0039,167188,AUSTIN 1,LIBERTY HILL,SANTA RITA RANCH RENTALS,2023-10-13,2023-10-25,2023-10-18,5.5,,-7,,2023-11-03,2023-10-31,5.7,,-3,,2023-11-17,2023-11-17,13.9,,0,,2023-12-10,2023-11-29,12.0,,-11,,2023-12-19,2023-12-30,19.7,,11,,2024-01-10,2024-01-19,31.1,,9,,2024-01-31,2024-01-21,10.6,,-10,
20014.0041,167182,AUSTIN 1,LIBERTY HILL,SANTA RITA RANCH RENTALS,2023-06-06,2023-06-09,2023-06-12,5.7,,3,,2023-06-27,2023-06-15,5.6,,-12,,2023-07-12,2023-07-11,14.1,,-1,,2023-07-20,2023-07-24,11.6,,4,,2023-08-24,2023-08-08,19.1,,-16,,2023-10-10,2023-09-23,29.5,,-17,,2023-10-31,2023-10-21,10.6,,-10,
20014.0054,167178,AUSTIN 1,LIBERTY HILL,SANTA RITA RANCH RENTALS,2023-05-30,2023-06-06,2023-06-05,5.8,,-1,,2023-06-27,2023-06-11,4.6,,-16,,2023-07-11,2023-07-11,14.1,,0,,2023-07-28,2023-07-23,12.2,,-5,,2023-08-15,2023-08-18,20.5,,3,,2023-10-10,2023-09-14,29.8,,-26,,2023-10-31,2023-10-21,10.6,,-10,
20014.0058,167220,AUSTIN 1,LIBERTY HILL,SANTA RITA RANCH RENTALS,2023-10-03,2023-10-11,2023-10-08,4.5,,-3,,2023-10-23,2023-10-17,5.6,,-6,,2023-11-07,2023-11-06,13.5,,-1,,2023-11-20,2023-11-19,11.6,,-1,,2023-12-04,2023-12-10,19.8,,6,,2024-01-04,2024-01-04,31.1,,0,,2024-01-31,2024-01-15,10.6,,-16,
20014.0069,167186,AUSTIN 1,LIBERTY HILL,SANTA RITA RANCH RENTALS,2023-10-25,2023-11-02,2023-10-31,6.1,,-2,,2023-11-14,2023-11-09,6.6,,-5,,2023-11-27,2023-11-28,14.0,,1,,2023-12-10,2023-12-09,12.2,,-1,,2023-12-14,2023-12-30,20.1,,16,,2024-01-09,2024-01-14,31.1,,5,,2024-01-19,2024-01-20,10.6,,1,
20014.0070,167187,AUSTIN 1,LIBERTY HILL,SANTA RITA RANCH RENTALS,2023-10-25,2023-11-03,2023-10-31,6.2,,-3,,2023-11-15,2023-11-10,6.6,,-5,,2023-11-28,2023-11-29,13.8,,1,,2023-12-11,2023-12-10,12.0,,-1,,2023-12-19,2024-01-02,22.4,,14,,2024-01-10,2024-01-19,31.1,,9,,2024-01-19,2024-01-21,10.6,,2,
20014.0082,167171,AUSTIN 1,LIBERTY HILL,SANTA RITA RANCH RENTALS,2023-02-24,2023-03-10,2023-03-04,7.6,,-6,,2023-03-22,2023-03-16,5.7,,-6,,2023-04-14,2023-04-05,13.9,,-9,,2023-04-24,2023-04-25,11.5,,1,,2023-05-15,2023-05-18,24.4,,3,,2023-07-20,2023-06-12,27.8,,-38,,2023-07-28,2023-07-31,10.6,,3,
20014.0083,167183,AUSTIN 1,LIBERTY HILL,SANTA RITA RANCH RENTALS,2023-06-06,2023-06-09,2023-06-12,6.1,,3,,2023-06-30,2023-06-15,5.6,,-15,,2023-07-12,2023-07-14,14.0,,2,,2023-08-04,2023-07-24,12.2,,-11,,2023-08-24,2023-08-20,16.1,,-4,,2023-10-10,2023-09-23,29.5,,-17,,2023-10-31,2023-10-21,10.6,,-10,
20014.0095,167165,AUSTIN 1,LIBERTY HILL,SANTA RITA RANCH RENTALS,2023-02-21,2023-02-28,2023-02-26,5.4,,-2,,2023-03-06,2023-03-05,4.7,,-1,,2023-03-23,2023-03-19,13.5,,-4,,2023-03-31,2023-04-03,11.4,,3,,2023-04-25,2023-04-22,22.2,,-3,,2023-07-14,2023-05-23,27.8,,-52,,2023-07-31,2023-07-25,10.6,,-6,
20014.0097,167179,AUSTIN 1,LIBERTY HILL,SANTA RITA RANCH RENTALS,2023-05-31,2023-06-22,2023-06-07,6.7,,-15,,2023-07-06,2023-06-29,6.7,,-7,,2023-07-18,2023-07-20,13.6,,2,,2023-07-28,2023-07-30,12.0,,2,,2023-08-30,2023-08-18,21.5,,-12,,2023-10-10,2023-09-29,29.5,,-11,,2023-10-31,2023-10-21,10.6,,-10,
20014.0110,167164,AUSTIN 1,LIBERTY HILL,SANTA RITA RANCH RENTALS,2023-02-02,2023-02-27,2023-02-09,6.7,,-18,,2023-03-06,2023-03-04,4.7,,-2,,2023-04-20,2023-03-19,13.5,,-32,,2023-05-02,2023-05-01,11.5,,-1,,2023-05-15,2023-05-21,18.8,,6,,2023-07-14,2023-06-12,28.1,,-32,,2023-07-31,2023-07-25,10.6,,-6,
20014.0119,167218,AUSTIN 1,LIBERTY HILL,SANTA RITA RANCH RENTALS,2023-10-02,2023-10-11,2023-10-07,4.8,,-4,,2023-10-20,2023-10-17,5.9,,-3,,2023-11-02,2023-11-03,13.6,,1,,2023-11-14,2023-11-14,12.0,,0,,2023-11-30,2023-12-02,18.3,,2,,2024-01-03,2023-12-30,30.2,,-4,,2024-01-29,2024-01-14,10.6,,-15,
20014.0120,167221,AUSTIN 1,LIBERTY HILL,SANTA RITA RANCH RENTALS,2023-10-10,2023-10-18,2023-10-15,4.5,,-3,,2023-10-27,2023-10-24,5.6,,-3,,2023-11-08,2023-11-10,13.6,,2,,2023-11-21,2023-11-20,12.2,,-1,,2023-12-05,2023-12-10,18.5,,5,,2024-01-04,2024-01-05,31.1,,1,,2024-01-31,2024-01-15,10.6,,-16,
20014.0132,167167,AUSTIN 1,LIBERTY HILL,SANTA RITA RANCH RENTALS,2023-02-17,2023-02-27,2023-02-24,6.8,,-3,,2023-03-06,2023-03-04,4.7,,-2,,2023-03-17,2023-03-19,13.5,,2,,2023-03-28,2023-03-29,12.1,,1,,2023-04-10,2023-04-19,21.5,,9,,2023-07-14,2023-05-08,28.1,,-67,,2023-07-31,2023-07-25,10.6,,-6,
20014.0133,167170,AUSTIN 1,LIBERTY HILL,SANTA RITA RANCH RENTALS,2023-02-21,2023-02-28,2023-02-27,6.5,,-1,,2023-03-06,2023-03-05,4.6,,-1,,2023-03-20,2023-03-20,13.6,,0,,2023-04-04,2023-04-01,11.9,,-3,,2023-04-11,2023-04-24,19.9,,13,,2023-07-18,2023-05-06,25.5,,-73,,2023-07-28,2023-07-29,10.6,,1,
20014.0134,167180,AUSTIN 1,LIBERTY HILL,SANTA RITA RANCH RENTALS,2023-06-01,2023-06-09,2023-06-08,7.0,,-1,,2023-07-05,2023-06-15,5.9,,-20,,2023-07-18,2023-07-19,13.7,,1,,2023-07-28,2023-07-30,12.1,,2,,2023-08-15,2023-08-17,20.2,,2,,2023-10-10,2023-09-14,29.8,,-26,,2023-10-31,2023-10-21,10.6,,-10,
20014.0135,167189,AUSTIN 1,LIBERTY HILL,SANTA RITA RANCH RENTALS,2023-10-17,2023-10-27,2023-10-22,4.8,,-5,,2023-11-02,2023-11-02,5.7,,0,,2023-11-20,2023-11-16,13.9,,-4,,2023-12-10,2023-12-01,11.5,,-9,,2023-12-19,2023-12-30,19.7,,11,,2024-01-07,2024-01-19,31.1,,12,,2024-02-06,2024-01-18,10.6,,-19,
20014.0148,167166,AUSTIN 1,LIBERTY HILL,SANTA RITA RANCH RENTALS,2023-02-07,2023-02-24,2023-02-13,5.7,,-11,,2023-03-09,2023-03-02,5.5,,-7,,2023-03-22,2023-03-23,13.7,,1,,2023-03-31,2023-04-03,11.9,,3,,2023-04-12,2023-04-23,23.1,,11,,2023-07-18,2023-05-10,28.1,,-69,,2023-07-31,2023-07-29,10.6,,-2,
20014.0150,167184,AUSTIN 1,LIBERTY HILL,SANTA RITA RANCH RENTALS,2023-06-09,2023-06-09,2023-06-16,7.2,,7,,2023-06-30,2023-06-15,5.6,,-15,,2023-07-12,2023-07-14,14.2,,2,,2023-07-20,2023-07-24,12.2,,4,,2023-08-24,2023-08-10,20.6,,-14,,2023-10-10,2023-09-23,29.5,,-17,,2023-10-31,2023-10-21,10.6,,-10,
20014.0155,167212,AUSTIN 1,LIBERTY HILL,SANTA RITA RANCH RENTALS,2023-06-29,2023-07-05,2023-07-07,7.9,,2,,2023-07-28,2023-07-10,5.4,,-18,,2023-08-07,2023-08-11,13.6,,4,,2023-08-19,2023-08-19,12.3,,0,,2023-09-05,2023-09-06,17.7,,1,,2023-10-13,2023-10-01,26.3,,-12,,2023-10-31,2023-10-24,10.6,,-7,
20014.0163,167169,AUSTIN 1,LIBERTY HILL,SANTA RITA RANCH RENTALS,2023-02-21,2023-02-27,2023-02-27,5.5,,0,,2023-03-06,2023-03-04,4.7,,-2,,2023-03-23,2023-03-19,13.5,,-4,,2023-04-04,2023-04-03,11.4,,-1,,2023-04-19,2023-04-22,17.6,,3,,2023-07-18,2023-05-17,28.1,,-62,,2023-07-28,2023-07-29,10.6,,1,
20379.0073,20379.0073,AUSTIN 1,LIBERTY HILL,EL DORADO,2026-04-17,2026-04-23,2026-04-25,7.6,,2,,,2026-04-29,6.4,,,,,2026-05-11,11.7,,,,,2026-05-23,11.7,,,,,2026-06-07,14.5,,,,,2026-07-11,33.9,,,,,2026-07-21,10.3,,,
20379.0063,20379.0063,AUSTIN 1,LIBERTY HILL,EL DORADO,2026-04-30,,2026-05-09,9.1,,,,,2026-05-16,7.1,,,,,2026-05-28,11.9,,,,,2026-06-09,11.6,,,,,2026-06-28,19.4,,,,,2026-08-01,33.9,,,,,2026-08-11,10.3,,,
20010.0129,783141,AUSTIN 2,GEORGETOWN,PARKSIDE ON THE RIVER,2025-11-03,2025-11-10,2025-11-11,8.0,,1,,2025-11-17,2025-11-17,6.8,,0,,2025-11-28,2025-12-04,16.9,,6,,2025-12-04,2025-12-09,11.0,,5,,2025-12-18,2025-12-20,16.4,,2,,2026-01-29,2026-01-20,33.2,,-9,,2026-02-09,2026-02-13,15.3,,4,
20010.0131,783156,AUSTIN 2,GEORGETOWN,PARKSIDE ON THE RIVER,2026-03-20,2026-03-27,2026-03-29,8.9,,2,,2026-04-06,2026-04-02,5.6,,-4,,2026-04-15,2026-04-23,16.6,,8,,2026-04-26,2026-04-26,11.0,,0,,,2026-05-12,15.8,,,,,2026-06-12,31.1,,,,,2026-07-01,18.9,,,
20010.0350,20010.0350,AUSTIN 2,GEORGETOWN,PARKSIDE ON THE RIVER,2025-12-19,2026-01-02,2026-01-01,12.8,2026-01-02,-1,0,2026-01-09,2026-01-07,5.5,2026-01-08,-2,-1,2026-02-05,2026-01-27,18.1,2026-04-26,-9,80,2026-02-12,2026-02-16,11.3,2026-05-08,4,85,2026-03-09,2026-03-01,16.5,2026-05-21,-8,73,2026-04-24,2026-04-04,26.4,2026-06-25,-20,62,,2026-05-10,15.5,2026-07-11,,
20010.0363,20010.0363,AUSTIN 2,GEORGETOWN,PARKSIDE ON THE RIVER,2026-04-20,2026-04-29,2026-05-01,10.7,,2,,,2026-05-06,6.7,,,,,2026-05-23,17.2,,,,,2026-06-03,11.3,,,,,2026-06-19,15.7,,,,,2026-07-21,32.0,,,,,2026-08-07,17.1,,,
20016.0316,20016.0316,AUSTIN 2,GEORGETOWN,WOLF RANCH,2025-12-30,2026-01-12,2026-01-11,12.2,2026-01-09,-1,-3,2026-01-16,2026-01-17,5.4,2026-01-16,1,0,2026-02-14,2026-02-04,18.9,2026-04-26,-10,71,2026-02-24,2026-02-25,11.3,2026-05-07,1,72,2026-03-06,2026-03-11,14.6,2026-05-22,5,77,2026-04-06,2026-04-05,30.0,2026-06-15,-1,70,2026-04-21,2026-04-21,15.1,2026-06-22,0,62
20020.0267,20020.0267,AUSTIN 2,BASTROP,THE COLONY,2025-12-03,2025-12-08,2025-12-09,5.7,2025-12-07,1,-1,2025-12-11,2025-12-15,7.0,2025-12-13,4,2,2025-12-22,2025-12-22,10.7,2025-12-22,0,0,2025-12-31,2026-01-01,9.5,2026-01-01,1,1,2026-01-21,2026-01-18,17.5,2026-01-17,-3,-4,2026-02-20,2026-02-10,20.5,2026-04-26,-10,65,2026-03-05,2026-03-06,13.9,2026-05-07,1,63
20370.0025,20370.0025,AUSTIN 2,HUTTO,FLORA,2026-02-17,2026-02-24,2026-02-25,8.5,2026-05-05,1,70,2026-02-26,2026-03-03,6.5,2026-05-11,5,74,2026-03-12,2026-03-14,16.2,2026-05-30,2,79,2026-03-23,2026-03-25,12.7,2026-06-09,2,78,2026-04-07,2026-04-07,14.7,2026-07-05,0,89,2026-05-01,2026-05-02,25.3,2026-07-31,1,91,,2026-05-14,12.6,2026-08-11,,
20370.0048,20370.0048,AUSTIN 2,HUTTO,FLORA,2025-10-13,2025-10-21,2025-10-21,8.5,2025-10-22,0,1,2025-10-27,2025-10-28,6.5,2025-10-27,1,0,2025-11-18,2025-11-12,16.2,2025-11-15,-6,-3,2025-12-01,2025-12-01,12.7,2025-11-28,0,-3,2025-12-15,2025-12-16,14.7,2025-12-27,1,12,2026-01-07,2026-01-09,25.3,2026-01-10,2,3,2026-01-21,2026-01-20,12.6,2026-01-21,-1,0
20373.0013,20373.0013,AUSTIN 2,GEORGETOWN,PARKSIDE ON THE RIVER WEST,2025-10-07,2025-10-20,2025-10-15,8.0,2025-10-25,-5,5,2025-10-22,2025-10-26,5.7,2025-10-26,4,4,2025-11-05,2025-11-09,17.6,2025-11-14,4,9,2025-11-17,2025-11-16,11.0,2025-11-18,-1,1,2025-11-26,2025-11-30,13.0,2025-12-03,4,7,2026-01-02,2025-12-29,33.0,2026-01-02,-4,0,2026-01-30,2026-01-19,17.4,2026-04-26,-11,86
20373.0029,20373.0029,AUSTIN 2,GEORGETOWN,PARKSIDE ON THE RIVER WEST,2026-03-10,2026-03-13,2026-03-18,7.8,,5,,2026-03-17,2026-03-18,5.2,,1,,2026-03-25,2026-04-03,16.7,,9,,2026-04-08,2026-04-05,11.0,,-3,,,2026-04-20,12.3,,,,,2026-05-19,28.6,,,,,2026-06-08,19.7,,,
20373.0036,20373.0036,AUSTIN 2,GEORGETOWN,PARKSIDE ON THE RIVER WEST,2026-04-11,2026-04-29,2026-04-21,9.7,,-8,,,2026-05-04,5.4,,,,,2026-05-22,18.1,,,,,2026-06-02,11.4,,,,,2026-06-16,14.3,,,,,2026-07-18,31.7,,,,,2026-08-07,20.3,,,
20373.0134,20373.0134,AUSTIN 2,GEORGETOWN,PARKSIDE ON THE RIVER WEST,2026-03-26,2026-04-16,2026-04-06,11.2,,-10,,2026-04-30,2026-04-22,5.5,,-8,,,2026-05-18,18.1,,,,,2026-05-29,11.3,,,,,2026-06-12,14.3,,,,,2026-07-14,31.9,,,,,2026-08-02,19.3,,,
20378.0003,20378.0003,AUSTIN 2,GEORGETOWN,WOODSIDE,2026-02-13,2026-02-24,2026-02-20,7.2,2026-05-07,-4,72,2026-03-02,2026-03-01,5.1,2026-05-13,-1,72,2026-03-17,2026-03-17,15.3,2026-06-03,0,78,2026-03-25,2026-03-28,11.2,2026-06-11,3,78,2026-04-09,2026-04-09,15.0,2026-06-22,0,74,,2026-05-04,24.7,2026-07-25,,,,2026-05-16,12.0,2026-08-10,,
20378.0038,20378.0038,AUSTIN 2,GEORGETOWN,WOODSIDE,2026-03-24,2026-04-06,2026-03-31,7.0,,-6,,2026-04-09,2026-04-11,5.1,,2,,2026-04-29,2026-04-24,15.4,,-5,,,2026-05-10,11.2,,,,,2026-05-24,14.5,,,,,2026-06-19,26.3,,,,,2026-07-06,16.7,,,
20024.0273,20024.0273,AUSTIN 3,AUSTIN,EASTON PARK,2025-10-30,2025-11-05,2025-11-08,8.7,2025-11-07,3,2,2025-11-10,2025-11-11,6.0,2025-11-10,1,0,2025-12-09,2025-12-05,24.8,2025-12-05,-4,-4,2025-12-22,2025-12-23,14.3,2025-12-23,1,1,2025-12-31,2026-01-08,16.5,2026-01-02,8,2,2026-01-20,2026-01-19,19.3,2026-01-15,-1,-5,2026-02-07,2026-01-31,11.4,2026-04-26,-7,78
20024.0325,20024.0325,AUSTIN 3,AUSTIN,EASTON PARK,2026-04-07,2026-04-17,2026-04-15,8.4,,-2,,2026-04-22,2026-04-23,5.9,,1,,,2026-05-17,24.8,,,,,2026-05-31,14.3,,,,,2026-06-13,12.8,,,,,2026-07-05,22.1,,,,,2026-07-16,11.4,,,
20026.0052,754093,AUSTIN 3,KYLE,6 CREEKS,2025-05-16,2025-05-29,2025-05-26,9.6,,-3,,2025-06-05,2025-06-03,5.1,,-2,,2025-07-28,2025-06-27,21.5,,-31,,2025-08-08,2025-08-10,13.5,,2,,2025-08-28,2025-08-23,15.5,,-5,,2025-09-15,2025-09-20,22.7,,5,,2025-09-23,2025-09-23,7.9,,0,
20026.0088,754120,AUSTIN 3,KYLE,6 CREEKS,2025-05-29,2025-06-12,2025-06-06,8.0,,-6,,2025-06-20,2025-06-17,5.2,,-3,,2025-08-01,2025-07-11,21.3,,-21,,2025-08-19,2025-08-15,13.5,,-4,,2025-09-12,2025-09-03,15.5,,-9,,2025-09-23,2025-10-04,22.2,,11,,2025-10-03,2025-10-02,8.9,,-1,
20026.0164,755087,AUSTIN 3,KYLE,6 CREEKS,2026-01-05,2026-01-13,2026-01-14,8.9,,1,,2026-01-16,2026-01-19,6.3,,3,,2026-02-09,2026-02-07,22.3,,-2,,2026-02-23,2026-02-23,14.5,,0,,2026-03-06,2026-03-10,15.5,,4,,2026-03-23,2026-03-29,23.5,,6,,2026-04-20,2026-04-01,8.8,,-19,
20333.0143,20333.0143,AUSTIN 3,SAN MARCOS,LA CIMA,2026-02-17,2026-02-20,2026-02-25,8.4,2026-05-05,5,74,2026-02-26,2026-03-01,8.8,2026-05-10,3,73,2026-03-11,2026-03-14,16.2,2026-05-31,3,81,2026-03-23,2026-03-24,12.7,2026-06-13,1,82,2026-04-08,2026-04-07,14.7,2026-06-27,-1,80,,2026-05-03,25.3,2026-08-03,,,,2026-05-16,12.6,2026-08-14,,
20337.0122,210094,AUSTIN 3,KYLE,CROSSWINDS,2025-12-18,2025-12-28,2025-12-26,7.6,,-2,,2025-12-31,2026-01-03,6.4,,3,,2026-01-12,2026-01-23,23.1,,11,,2026-01-21,2026-01-23,11.2,,2,,2026-02-04,2026-02-05,15.3,,1,,2026-02-20,2026-02-27,22.7,,7,,2026-02-26,2026-02-28,8.0,,2,
20403.0032,20403.0032,AUSTIN 3,LOCKHART,JUNIPER SPRINGS,2026-01-14,2026-01-22,2026-01-24,9.8,2026-01-22,2,0,2026-01-30,2026-01-26,3.9,2026-04-26,-4,86,2026-02-11,2026-02-11,12.4,2026-05-12,0,90,2026-02-19,2026-02-24,13.1,2026-05-24,5,94,2026-03-03,2026-03-07,16.5,2026-06-07,4,96,2026-03-17,2026-03-24,21.2,2026-06-20,7,95,2026-03-23,2026-03-31,13.7,2026-07-08,8,107
20403.0033,20403.0033,AUSTIN 3,LOCKHART,JUNIPER SPRINGS,2026-03-10,2026-03-17,2026-03-20,9.8,,3,,2026-03-19,2026-03-21,3.9,,2,,2026-03-31,2026-03-31,12.4,,0,,2026-04-13,2026-04-13,13.1,,0,,2026-04-20,2026-04-29,16.5,,9,,,2026-05-11,21.2,,,,,2026-05-25,13.7,,,
20403.0034,20403.0034,AUSTIN 3,LOCKHART,JUNIPER SPRINGS,2026-03-10,2026-03-17,2026-03-20,9.8,,3,,2026-03-20,2026-03-21,3.9,,1,,2026-04-02,2026-04-01,12.4,,-1,,2026-04-13,2026-04-15,13.1,,2,,2026-04-24,2026-04-29,16.5,,5,,,2026-05-15,21.2,,,,,2026-05-29,13.7,,,
20403.0090,20403.0090,AUSTIN 3,LOCKHART,JUNIPER SPRINGS,2026-04-13,2026-04-21,2026-04-23,9.8,,2,,2026-04-28,2026-04-25,3.9,,-3,,,2026-05-10,12.4,,,,,2026-05-23,13.1,,,,,2026-06-08,16.5,,,,,2026-06-29,21.2,,,,,2026-07-13,13.7,,,
20403.0021,20403.0021,AUSTIN 3,LOCKHART,JUNIPER SPRINGS,2025-09-22,2025-09-26,2025-10-02,9.8,2025-09-25,6,-1,2025-10-02,2025-09-30,3.9,2025-10-03,-2,1,2025-10-20,2025-10-14,12.4,2025-10-23,-6,3,2025-11-06,2025-11-02,13.1,2025-11-02,-4,-4,2025-11-11,2025-11-22,16.5,2025-11-20,11,9,2025-12-16,2025-12-02,21.2,2026-02-02,-14,48,2025-12-31,2025-12-30,13.7,2025-12-31,-1,0
20403.0106,20403.0106,AUSTIN 3,LOCKHART,JUNIPER SPRINGS,2026-02-25,2026-03-05,2026-03-07,9.8,,2,,2026-03-10,2026-03-09,3.9,,-1,,2026-03-24,2026-03-22,12.4,,-2,,2026-04-02,2026-04-06,13.1,,4,,2026-04-20,2026-04-18,16.5,,-2,,2026-05-01,2026-05-11,21.2,,10,,,2026-05-15,13.7,,,
20059.0143,20059.0143,PERRY D1,FATE,AVONDALE,2025-10-01,2025-10-06,2025-10-09,7.9,2025-10-14,3,8,2025-10-08,2025-10-09,3.1,2025-10-10,1,2,2025-10-20,2025-10-28,19.9,2025-11-02,8,13,2025-10-29,2025-11-01,11.7,2025-11-02,3,4,2025-11-19,2025-11-15,16.7,2025-11-16,-4,-3,2025-11-25,2025-12-07,17.5,2025-12-06,12,11,2025-12-09,2025-12-09,14.5,2025-12-09,0,0
20366.0026,20366.0026,PERRY D1,ROCKWALL,TERRACES,2026-04-27,,2026-05-13,16.1,,,,,2026-05-18,5.1,,,,,2026-06-10,23.1,,,,,2026-06-22,11.6,,,,,2026-07-08,16.3,,,,,2026-07-26,18.3,,,,,2026-08-13,18.3,,,
20366.0086,20366.0086,PERRY D1,ROCKWALL,TERRACES,2025-11-24,2025-12-04,2025-12-09,14.9,2025-12-07,5,3,2025-12-09,2025-12-09,5.1,2025-12-10,0,1,2025-12-19,2026-01-01,23.1,2025-12-25,13,6,2026-01-05,2025-12-31,11.6,2026-01-05,-5,0,2026-01-21,2026-01-21,16.3,2026-01-21,0,0,2026-02-07,2026-02-08,18.3,2026-04-26,1,78,2026-03-13,2026-02-25,18.3,2026-05-24,-16,72
20382.0050,20382.0050,PERRY D1,WAXAHACHIE,MYRTLE CREEK,2026-04-01,2026-04-15,2026-04-13,12.0,,-2,,2026-04-20,2026-04-20,5.1,,0,,,2026-05-02,12.2,,,,,2026-05-13,11.4,,,,,2026-05-31,18.3,,,,,2026-06-24,24.3,,,,,2026-07-08,14.1,,,
20382.0053,20382.0053,PERRY D1,WAXAHACHIE,MYRTLE CREEK,2026-02-12,2026-02-20,2026-02-24,11.8,2026-05-09,4,78,2026-02-25,2026-02-25,5.1,2026-05-15,0,79,2026-03-05,2026-03-09,12.2,2026-05-31,4,87,2026-03-17,2026-03-16,11.4,2026-06-12,-1,87,2026-03-30,2026-04-04,18.3,2026-06-30,5,92,2026-04-07,2026-04-23,24.3,2026-07-17,16,101,,2026-04-25,18.2,2026-08-03,,
20382.0055,20382.0055,PERRY D1,WAXAHACHIE,MYRTLE CREEK,2026-04-13,2026-04-24,2026-04-25,12.0,,1,,2026-04-29,2026-04-29,5.1,,0,,,2026-05-11,12.2,,,,,2026-05-22,11.4,,,,,2026-06-09,18.3,,,,,2026-07-03,24.3,,,,,2026-07-17,14.1,,,
20414.0043,20414.0043,PERRY D1,HEATH,BRISTOL VALLEY,2026-03-18,2026-04-14,2026-04-04,16.6,,-10,,2026-04-27,2026-04-22,7.6,,-5,,,2026-05-14,16.9,,,,,2026-05-29,14.6,,,,,2026-06-21,22.5,,,,,2026-07-24,32.7,,,,,2026-08-12,19.2,,,
20037.0454,20037.0454,PERRY D2,MCKINNEY,TRINITY FALLS,2026-03-03,2026-03-13,2026-03-14,11.4,,1,,2026-03-20,2026-03-20,6.6,,0,,2026-04-08,2026-04-11,21.8,,3,,2026-04-16,2026-04-19,10.7,,3,,,2026-04-30,14.3,,,,,2026-05-22,22.1,,,,,2026-06-07,16.2,,,
20037.0455,20037.0455,PERRY D2,MCKINNEY,TRINITY FALLS,2026-03-03,2026-03-13,2026-03-14,11.4,,1,,2026-03-19,2026-03-20,6.6,,1,,2026-04-06,2026-04-10,21.8,,4,,2026-04-16,2026-04-17,10.7,,1,,,2026-04-30,14.3,,,,,2026-05-22,22.1,,,,,2026-06-07,16.2,,,
20066.0520,20066.0520,PERRY D2,FORNEY,DEVONSHIRE,2026-02-04,2026-02-12,2026-02-12,8.0,2026-05-04,0,81,2026-02-17,2026-02-16,4.0,2026-05-09,-1,81,2026-02-24,2026-03-03,14.4,2026-05-23,7,88,2026-03-10,2026-03-08,12.2,2026-06-06,-2,88,2026-03-23,2026-03-20,9.6,2026-06-18,-3,87,2026-03-27,2026-04-10,17.6,2026-07-06,14,101,2026-04-15,2026-04-11,14.5,2026-07-16,-4,92
20066.0522,20066.0522,PERRY D2,FORNEY,DEVONSHIRE,2026-03-31,2026-04-14,2026-04-11,10.9,,-3,,2026-04-14,2026-04-19,4.6,,5,,,2026-04-28,14.4,,,,,2026-05-10,12.2,,,,,2026-05-22,11.7,,,,,2026-06-09,17.6,,,,,2026-06-24,14.5,,,
20066.0533,20066.0533,PERRY D2,FORNEY,DEVONSHIRE,2026-02-13,2026-02-26,2026-02-21,8.2,2026-05-04,-5,67,2026-02-27,2026-03-02,4.1,2026-05-09,3,71,2026-03-12,2026-03-13,14.4,2026-05-23,1,72,2026-03-26,2026-03-24,12.3,2026-06-06,-2,72,2026-04-06,2026-04-06,11.3,2026-06-18,0,73,2026-04-14,2026-04-24,17.6,2026-07-06,10,83,,2026-04-29,14.5,2026-07-16,,
20066.0534,20066.0534,PERRY D2,FORNEY,DEVONSHIRE,2026-03-30,2026-04-08,2026-04-08,8.7,,0,,2026-04-10,2026-04-12,4.0,,2,,2026-04-21,2026-04-24,14.4,,3,,,2026-05-03,12.2,,,,,2026-05-14,11.1,,,,,2026-06-01,17.6,,,,,2026-06-16,14.5,,,
20066.0563,20066.0563,PERRY D2,FORNEY,DEVONSHIRE,2026-04-22,,2026-05-01,8.9,,,,,2026-05-05,4.0,,,,,2026-05-19,14.4,,,,,2026-05-31,12.2,,,,,2026-06-11,10.9,,,,,2026-06-29,17.6,,,,,2026-07-14,14.5,,,
20066.0213,666182,PERRY D2,FORNEY,DEVONSHIRE,2025-10-10,2025-10-23,2025-10-18,8.4,,-5,,2025-10-28,2025-10-28,4.6,,0,,2025-11-05,2025-11-11,14.4,,6,,2025-11-14,2025-11-17,12.2,,3,,2025-12-01,2025-11-25,11.0,,-6,,2025-12-11,2025-12-19,17.6,,8,,2025-12-31,2025-12-26,14.5,,-5,
20066.0214,666198,PERRY D2,FORNEY,DEVONSHIRE,2025-11-17,2025-12-01,2025-11-25,8.2,,-6,,2025-12-03,2025-12-06,4.6,,3,,2025-12-11,2025-12-17,14.4,,6,,2025-12-23,2025-12-23,12.3,,0,,2026-01-05,2026-01-02,10.0,,-3,,2026-01-22,2026-01-23,17.6,,1,,2026-02-09,2026-02-06,14.5,,-3,
20066.0606,20066.0606,PERRY D2,FORNEY,DEVONSHIRE,2026-02-08,2026-02-20,2026-02-18,10.1,2026-05-06,-2,75,2026-02-20,2026-02-25,4.5,2026-05-09,5,78,2026-03-11,2026-03-06,14.4,2026-05-23,-5,73,2026-03-23,2026-03-23,12.2,2026-06-04,0,73,2026-04-15,2026-04-02,10.3,2026-06-15,-13,61,2026-04-21,2026-05-03,17.8,2026-07-02,12,72,,2026-05-06,14.5,2026-07-20,,
20031.0163,20031.0163,PERRY D4,MANSFIELD,M3 RANCH,2026-03-03,2026-03-17,2026-03-14,10.6,,-3,,2026-03-19,2026-03-21,4.5,,2,,2026-03-28,2026-04-05,17.4,,8,,2026-04-13,2026-04-12,14.7,,-1,,2026-04-20,2026-04-25,12.3,,5,,2026-04-30,2026-05-10,20.3,,10,,,2026-05-14,13.8,,,
20031.0164,20031.0164,PERRY D4,MANSFIELD,M3 RANCH,2026-02-26,2026-03-06,2026-03-09,10.9,,3,,2026-03-11,2026-03-10,4.5,,-1,,2026-03-25,2026-03-28,17.4,,3,,2026-04-07,2026-04-09,14.7,,2,,2026-04-16,2026-04-19,12.3,,3,,2026-04-30,2026-05-06,20.3,,6,,,2026-05-14,13.8,,,
20031.0189,20031.0189,PERRY D4,MANSFIELD,M3 RANCH,2026-03-20,2026-03-30,2026-04-01,12.0,,2,,2026-04-06,2026-04-03,4.5,,-3,,2026-04-13,2026-04-23,17.4,,10,,2026-04-28,2026-04-28,14.7,,0,,,2026-05-10,12.3,,,,,2026-05-30,20.3,,,,,2026-06-14,15.0,,,
20031.0192,20031.0192,PERRY D4,MANSFIELD,M3 RANCH,2026-02-25,2026-03-05,2026-03-10,13.0,,5,,2026-03-11,2026-03-10,4.9,,-1,,2026-03-20,2026-03-28,17.4,,8,,2026-04-06,2026-04-04,14.7,,-2,,2026-04-14,2026-04-18,12.3,,4,,2026-04-28,2026-05-04,20.3,,6,,,2026-05-13,15.1,,,
20031.0195,20031.0195,PERRY D4,MANSFIELD,M3 RANCH,2026-04-17,2026-04-30,2026-04-28,11.5,,-2,,,2026-05-04,4.5,,,,,2026-05-21,17.4,,,,,2026-06-05,14.7,,,,,2026-06-17,12.3,,,,,2026-07-07,20.3,,,,,2026-07-22,14.8,,,
20035.0006,146251,PERRY D4,FORT WORTH,VENTANA RENTALS,2025-08-11,2025-08-20,2025-08-23,12.2,,3,,2025-08-25,2025-08-28,7.7,,3,,2025-09-16,2025-09-09,15.4,,-7,,2025-09-23,2025-09-29,12.7,,6,,2025-10-21,2025-10-08,14.8,,-13,,,2025-11-06,16.2,,,,2025-10-31,2025-11-24,18.3,,24,
20035.0007,146255,PERRY D4,FORT WORTH,VENTANA RENTALS,2025-08-12,2025-08-20,2025-08-24,12.1,,4,,2025-08-29,2025-08-28,8.1,,-1,,2025-09-16,2025-09-13,15.4,,-3,,2025-09-23,2025-09-30,13.6,,7,,2025-10-21,2025-10-08,14.8,,-13,,,2025-11-05,14.7,,,,2025-10-31,2025-11-23,18.3,,23,
20035.0008,146258,PERRY D4,FORT WORTH,VENTANA RENTALS,2025-08-11,2025-08-25,2025-08-23,12.1,,-2,,2025-08-29,2025-09-01,6.9,,3,,2025-09-16,2025-09-14,15.8,,-2,,2025-09-23,2025-09-29,12.9,,6,,2025-10-21,2025-10-08,14.8,,-13,,,2025-11-06,16.3,,,,2025-10-31,2025-11-24,18.5,,24,
20035.0014,146172,PERRY D4,FORT WORTH,VENTANA RENTALS,2024-06-07,2024-06-24,2024-06-21,13.8,,-3,,2024-07-08,2024-07-01,7.0,,-7,,2024-07-15,2024-07-27,18.8,,12,,2024-09-01,2024-07-29,14.1,,-34,,2024-09-19,2024-09-16,14.8,,-3,,2024-10-30,2024-10-05,15.9,,-25,,2024-10-31,2024-11-17,17.8,,17,
20035.0015,146175,PERRY D4,FORT WORTH,VENTANA RENTALS,2024-03-06,2024-03-25,2024-03-19,12.6,,-6,,2024-04-19,2024-04-01,7.2,,-18,,2024-05-14,2024-05-08,18.8,,-6,,2024-06-04,2024-05-26,11.9,,-9,,2024-07-25,2024-06-19,14.8,,-36,,2024-07-25,2024-08-10,16.2,,16,,2024-09-21,2024-08-14,19.6,,-38,
20035.0016,146181,PERRY D4,FORT WORTH,VENTANA RENTALS,2024-03-13,2024-04-06,2024-03-26,12.9,,-11,,2024-04-19,2024-04-13,6.9,,-6,,2024-03-14,2024-05-08,18.8,,55,,2024-06-03,2024-03-27,13.2,,-68,,2024-07-02,2024-06-18,14.8,,-14,,2024-08-22,2024-07-17,14.8,,-36,,2024-09-20,2024-09-09,18.0,,-11,
20035.0017,146186,PERRY D4,FORT WORTH,VENTANA RENTALS,2024-03-06,2024-03-25,2024-03-19,12.6,,-6,,2024-04-19,2024-04-01,7.2,,-18,,2024-05-22,2024-05-08,18.8,,-14,,2024-07-22,2024-06-03,11.9,,-49,,2024-07-08,2024-08-06,14.8,,29,,2024-08-26,2024-07-27,19.0,,-30,,2024-08-27,2024-09-13,18.0,,17,
20035.0022,146270,PERRY D4,FORT WORTH,VENTANA RENTALS,2025-09-15,2025-09-22,2025-09-27,11.6,,5,,2025-09-30,2025-09-29,6.6,,-1,,2025-10-21,2025-10-15,15.4,,-6,,2025-11-02,2025-11-02,12.0,,0,,2025-11-07,2025-11-17,15.0,,10,,2025-11-21,2025-12-03,25.8,,12,,2025-11-30,2025-12-10,18.6,,10,
20035.0030,146188,PERRY D4,FORT WORTH,VENTANA RENTALS,2024-03-13,2024-04-03,2024-03-26,12.8,,-8,,2024-04-18,2024-04-10,6.7,,-8,,2024-05-10,2024-05-07,18.8,,-3,,2024-05-15,2024-05-23,12.8,,8,,2024-06-21,2024-05-30,15.0,,-22,,2024-07-12,2024-07-09,18.0,,-3,,2024-08-27,2024-08-01,19.6,,-26,
20035.0031,146193,PERRY D4,FORT WORTH,VENTANA RENTALS,2024-03-06,2024-03-22,2024-03-19,12.6,,-3,,2024-04-03,2024-03-30,7.6,,-4,,2024-04-19,2024-04-22,18.8,,3,,2024-05-02,2024-05-03,13.6,,1,,2024-06-13,2024-05-17,15.0,,-27,,2024-07-24,2024-06-29,16.1,,-25,,2024-08-05,2024-08-11,17.8,,6,
20035.0036,146262,PERRY D4,FORT WORTH,VENTANA RENTALS,2025-09-29,2025-10-09,2025-10-11,11.6,,2,,2025-10-09,2025-10-17,7.9,,8,,2025-10-21,2025-10-25,15.5,,4,,2025-11-03,2025-11-02,12.1,,-1,,2025-11-07,2025-11-18,15.0,,11,,2025-11-14,2025-12-03,26.2,,19,,2025-11-30,2025-12-03,18.7,,3,
20035.0039,146334,PERRY D4,FORT WORTH,VENTANA RENTALS,2025-03-31,2025-04-07,2025-04-13,12.8,,6,,2025-04-09,2025-04-14,6.8,,5,,2025-04-22,2025-04-25,15.5,,3,,2025-05-01,2025-05-04,12.2,,3,,2025-05-14,2025-05-16,15.0,,2,,2025-06-09,2025-06-02,19.5,,-7,,2025-06-30,2025-06-27,17.7,,-3,
20035.0042,146256,PERRY D4,FORT WORTH,VENTANA RENTALS,2025-08-11,2025-08-14,2025-08-23,12.2,,9,,2025-08-20,2025-08-22,7.6,,2,,2025-09-16,2025-09-04,15.4,,-12,,2025-09-23,2025-09-28,12.1,,5,,2025-10-21,2025-10-08,14.8,,-13,,,2025-11-05,15.0,,,,2025-10-31,2025-11-23,18.2,,23,
20035.0047,146297,PERRY D4,FORT WORTH,VENTANA RENTALS,2025-05-28,2025-05-28,2025-06-09,11.7,,12,,2025-05-28,2025-06-04,7.0,,7,,2025-06-06,2025-06-13,15.5,,7,,2025-06-13,2025-06-20,13.5,,7,,2025-07-14,2025-06-28,14.8,,-16,,2025-07-25,2025-07-26,11.8,,1,,2025-07-31,2025-08-13,18.7,,13,
20035.0052,146338,PERRY D4,FORT WORTH,VENTANA RENTALS,2025-02-26,2025-03-10,2025-03-10,12.0,,0,,2025-03-12,2025-03-16,5.9,,4,,2025-04-01,2025-03-28,15.5,,-4,,2025-04-11,2025-04-13,11.5,,2,,2025-04-29,2025-04-26,15.0,,-3,,2025-05-14,2025-05-16,17.5,,2,,2025-06-06,2025-06-02,19.4,,-4,
20035.0056,146184,PERRY D4,FORT WORTH,VENTANA RENTALS,2024-03-06,2024-03-25,2024-03-19,12.6,,-6,,2024-04-06,2024-04-01,7.2,,-5,,2024-05-14,2024-04-25,18.8,,-19,,2024-06-03,2024-05-26,11.9,,-8,,2024-07-13,2024-06-18,14.8,,-25,,2024-07-26,2024-07-28,15.2,,2,,2024-08-27,2024-08-15,19.6,,-12,
20035.0057,146194,PERRY D4,FORT WORTH,VENTANA RENTALS,2024-03-06,2024-03-22,2024-03-19,12.6,,-3,,2024-04-03,2024-03-29,7.4,,-5,,2024-04-22,2024-04-22,18.8,,0,,2024-04-29,2024-05-05,13.2,,6,,2024-06-12,2024-05-14,15.0,,-29,,2024-07-24,2024-06-27,14.9,,-27,,2024-08-05,2024-08-11,17.9,,6,
20035.0060,146178,PERRY D4,FORT WORTH,VENTANA RENTALS,2024-03-13,2024-04-06,2024-03-26,12.8,,-11,,2024-04-06,2024-04-13,7.0,,7,,2024-05-20,2024-04-25,18.8,,-25,,2024-06-03,2024-05-31,11.1,,-3,,2024-07-01,2024-06-18,14.8,,-13,,2024-08-06,2024-07-17,16.2,,-20,,2024-10-08,2024-08-24,18.1,,-45,
20035.0061,146182,PERRY D4,FORT WORTH,VENTANA RENTALS,2024-03-06,2024-04-06,2024-03-19,12.6,,-18,,2024-04-16,2024-04-13,7.0,,-3,,2024-05-21,2024-05-05,18.8,,-16,,2024-06-03,2024-06-02,11.9,,-1,,2024-07-08,2024-06-18,14.8,,-20,,2024-08-06,2024-07-22,13.9,,-15,,2024-09-20,2024-08-24,18.0,,-27,
20035.0067,146171,PERRY D4,FORT WORTH,VENTANA RENTALS,2024-06-07,2024-06-24,2024-06-21,13.8,,-3,,2024-07-08,2024-07-01,7.2,,-7,,2024-07-15,2024-07-27,18.8,,12,,2024-08-20,2024-07-29,14.1,,-22,,2024-09-19,2024-09-04,14.8,,-15,,2024-10-11,2024-10-05,15.8,,-6,,2024-10-31,2024-10-30,18.7,,-1,
20035.0068,146183,PERRY D4,FORT WORTH,VENTANA RENTALS,2024-03-08,2024-04-06,2024-03-22,14.0,,-15,,2024-04-06,2024-04-13,7.0,,7,,2024-05-14,2024-04-25,18.8,,-19,,2024-06-03,2024-05-25,11.1,,-9,,2024-08-09,2024-06-18,14.8,,-52,,2024-08-28,2024-08-26,17.5,,-2,,2024-10-08,2024-09-17,19.7,,-21,
20035.0069,146190,PERRY D4,FORT WORTH,VENTANA RENTALS,2024-03-07,2024-03-27,2024-03-20,12.7,,-7,,2024-04-06,2024-04-03,7.2,,-3,,2024-05-01,2024-04-25,18.8,,-6,,2024-05-08,2024-05-13,11.9,,5,,2024-06-18,2024-05-23,15.0,,-26,,2024-07-29,2024-07-05,16.5,,-24,,2024-08-09,2024-08-16,18.0,,7,
20035.0078,146192,PERRY D4,FORT WORTH,VENTANA RENTALS,2024-03-06,2024-03-19,2024-03-19,12.6,,0,,2024-04-06,2024-03-26,7.0,,-11,,2024-05-01,2024-04-24,18.5,,-7,,2024-05-08,2024-05-13,11.9,,5,,2024-06-20,2024-05-23,15.0,,-28,,2024-07-25,2024-07-06,16.3,,-19,,2024-08-05,2024-08-12,18.0,,7,
20035.0084,146252,PERRY D4,FORT WORTH,VENTANA RENTALS,2025-08-11,2025-08-20,2025-08-23,12.2,,3,,2025-08-25,2025-08-28,7.7,,3,,2025-09-16,2025-09-09,15.4,,-7,,2025-09-23,2025-09-29,12.7,,6,,2025-10-21,2025-10-08,14.8,,-13,,,2025-11-05,15.4,,,,2025-10-31,2025-11-23,18.2,,23,
20035.0085,146257,PERRY D4,FORT WORTH,VENTANA RENTALS,2025-08-11,2025-08-25,2025-08-23,12.1,,-2,,2025-08-29,2025-09-01,7.1,,3,,2025-09-16,2025-09-14,15.8,,-2,,2025-09-23,2025-09-29,12.9,,6,,2025-10-21,2025-10-08,14.8,,-13,,,2025-11-06,15.5,,,,2025-10-31,2025-11-24,18.5,,24,
20035.0086,146261,PERRY D4,FORT WORTH,VENTANA RENTALS,2025-09-25,2025-10-09,2025-10-07,11.5,,-2,,2025-10-09,2025-10-17,7.6,,8,,2025-10-21,2025-10-25,15.8,,4,,2025-11-03,2025-11-02,12.2,,-1,,2025-11-17,2025-11-18,15.0,,1,,2025-11-21,2025-12-13,25.9,,22,,2025-11-30,2025-12-10,18.7,,10,
20035.0092,146327,PERRY D4,FORT WORTH,VENTANA RENTALS,2025-01-23,2025-01-23,2025-02-04,12.0,,12,,2025-02-04,2025-01-30,7.4,,-5,,2025-02-20,2025-02-19,15.4,,-1,,2025-02-25,2025-03-05,12.9,,8,,2025-03-18,2025-03-12,15.0,,-6,,2025-04-03,2025-04-02,15.4,,-1,,2025-04-28,2025-04-22,19.4,,-6,
20035.0093,146335,PERRY D4,FORT WORTH,VENTANA RENTALS,2025-03-27,2025-04-07,2025-04-09,12.6,,2,,2025-04-09,2025-04-14,7.2,,5,,2025-04-22,2025-04-25,15.5,,3,,2025-05-01,2025-05-04,12.4,,3,,2025-05-14,2025-05-16,15.0,,2,,2025-06-09,2025-06-03,19.9,,-6,,2025-06-30,2025-06-27,17.5,,-3,
20035.0095,146250,PERRY D4,FORT WORTH,VENTANA RENTALS,2025-08-20,2025-08-25,2025-09-01,12.2,,7,,2025-08-29,2025-09-01,6.8,,3,,2025-09-16,2025-09-14,15.5,,-2,,2025-09-23,2025-09-29,12.7,,6,,2025-10-21,2025-10-08,14.8,,-13,,2025-10-21,2025-11-06,16.2,,16,,2025-10-31,2025-11-09,18.5,,9,
20035.0099,146329,PERRY D4,FORT WORTH,VENTANA RENTALS,2025-01-14,2025-01-30,2025-01-27,12.7,,-3,,2025-02-04,2025-02-06,7.2,,2,,2025-02-26,2025-02-20,15.6,,-6,,2025-02-25,2025-03-09,11.5,,12,,2025-03-31,2025-03-12,15.0,,-19,,2025-04-13,2025-04-17,17.0,,4,,2025-04-28,2025-05-02,19.1,,4,
20035.0101,146330,PERRY D4,FORT WORTH,VENTANA RENTALS,2025-01-14,2025-01-30,2025-01-27,12.9,,-3,,2025-02-06,2025-02-06,6.9,,0,,2025-02-24,2025-02-22,15.9,,-2,,2025-02-25,2025-03-09,12.6,,12,,2025-03-25,2025-03-12,15.0,,-13,,2025-04-13,2025-04-11,17.3,,-2,,2025-04-28,2025-05-02,19.0,,4,
20035.0102,146337,PERRY D4,FORT WORTH,VENTANA RENTALS,2025-02-26,2025-03-05,2025-03-10,11.9,,5,,2025-03-11,2025-03-12,7.1,,1,,2025-03-22,2025-03-26,15.4,,4,,2025-04-02,2025-04-04,12.5,,2,,2025-04-14,2025-04-17,15.0,,3,,2025-05-08,2025-05-04,19.9,,-4,,2025-06-09,2025-05-26,18.0,,-14,
20035.0103,146169,PERRY D4,FORT WORTH,VENTANA RENTALS,2024-06-07,2024-06-24,2024-06-21,13.8,,-3,,2024-07-08,2024-07-01,7.0,,-7,,2024-07-17,2024-07-27,18.8,,10,,2024-08-20,2024-07-31,14.2,,-20,,2024-09-19,2024-09-04,14.8,,-15,,2024-10-11,2024-10-05,15.8,,-6,,2024-10-31,2024-10-30,18.7,,-1,
20035.0104,146173,PERRY D4,FORT WORTH,VENTANA RENTALS,2024-06-12,2024-06-18,2024-06-24,12.3,,6,,2024-07-05,2024-06-26,7.8,,-9,,2024-07-10,2024-07-23,18.5,,13,,2024-08-20,2024-07-24,14.0,,-27,,2024-09-19,2024-09-04,14.8,,-15,,2024-11-01,2024-10-02,13.1,,-30,,2024-11-08,2024-11-19,17.9,,11,
20035.0105,146180,PERRY D4,FORT WORTH,VENTANA RENTALS,2024-03-13,2024-03-29,2024-03-26,12.8,,-3,,2024-04-16,2024-04-05,7.4,,-11,,2024-05-10,2024-05-05,18.8,,-5,,2024-05-15,2024-05-22,12.4,,7,,2024-06-28,2024-05-30,15.0,,-29,,2024-08-14,2024-07-15,17.0,,-30,,2024-09-20,2024-09-01,18.0,,-19,
20035.0109,146247,PERRY D4,FORT WORTH,VENTANA RENTALS,2025-08-07,2025-08-20,2025-08-19,12.2,,-1,,2025-08-26,2025-08-27,7.5,,1,,2025-09-16,2025-09-10,15.4,,-6,,2025-09-23,2025-09-29,12.7,,6,,2025-11-01,2025-10-08,14.8,,-24,,2025-10-31,2025-11-19,18.0,,19,,2025-11-03,2025-11-18,18.3,,15,
20035.0111,146265,PERRY D4,FORT WORTH,VENTANA RENTALS,2025-09-22,2025-09-29,2025-10-03,11.5,,4,,2025-10-09,2025-10-06,7.4,,-3,,2025-10-21,2025-10-24,15.4,,3,,2025-11-03,2025-11-03,12.8,,0,,2025-11-07,2025-11-18,15.0,,11,,2025-11-14,2025-12-02,25.4,,18,,2025-11-30,2025-12-03,18.6,,3,
20035.0124,146170,PERRY D4,FORT WORTH,VENTANA RENTALS,2024-06-07,2024-06-24,2024-06-21,13.8,,-3,,2024-07-08,2024-07-01,7.0,,-7,,2024-07-10,2024-07-27,18.8,,17,,2024-08-20,2024-07-24,14.1,,-27,,2024-09-19,2024-09-04,14.8,,-15,,2024-10-30,2024-10-05,15.8,,-25,,2024-11-15,2024-11-17,17.8,,2,
20035.0125,146185,PERRY D4,FORT WORTH,VENTANA RENTALS,2024-03-08,2024-04-06,2024-03-22,14.0,,-15,,2024-04-06,2024-04-13,7.0,,7,,2024-05-16,2024-04-25,18.8,,-21,,2024-06-20,2024-05-27,11.1,,-24,,2024-07-12,2024-07-05,14.8,,-7,,2024-07-29,2024-07-28,16.2,,-1,,2024-08-27,2024-08-17,19.4,,-10,
20035.0127,146177,PERRY D4,FORT WORTH,VENTANA RENTALS,2024-03-06,2024-03-25,2024-03-19,12.6,,-6,,2024-04-19,2024-04-01,7.2,,-18,,2024-05-21,2024-05-08,18.8,,-13,,2024-06-24,2024-06-02,11.9,,-22,,2024-07-01,2024-07-09,14.8,,8,,2024-07-25,2024-07-22,20.6,,-3,,2024-09-14,2024-08-13,19.0,,-32,
20035.0128,146189,PERRY D4,FORT WORTH,VENTANA RENTALS,2024-03-06,2024-03-23,2024-03-19,12.6,,-4,,2024-04-19,2024-03-31,8.3,,-19,,2024-05-15,2024-05-08,18.8,,-7,,2024-06-15,2024-05-27,11.9,,-19,,2024-06-24,2024-06-30,14.8,,6,,2024-07-29,2024-07-16,21.8,,-13,,2024-08-09,2024-08-16,17.9,,7,
20035.0137,146245,PERRY D4,FORT WORTH,VENTANA RENTALS,2025-08-14,2025-08-20,2025-08-26,12.1,,6,,2025-08-29,2025-08-28,8.1,,-1,,2025-09-17,2025-09-13,15.4,,-4,,2025-09-23,2025-10-01,13.6,,8,,2025-10-10,2025-10-08,14.8,,-2,,2025-10-21,2025-10-28,18.4,,7,,2025-10-31,2025-11-08,18.5,,8,
20035.0138,146271,PERRY D4,FORT WORTH,VENTANA RENTALS,2025-09-15,2025-09-22,2025-09-27,11.7,,5,,2025-09-30,2025-09-29,6.6,,-1,,2025-10-22,2025-10-15,15.4,,-7,,2025-11-02,2025-11-03,12.0,,1,,2025-11-07,2025-11-17,15.0,,10,,2025-11-21,2025-12-02,24.6,,11,,2025-11-30,2025-12-10,18.6,,10,
20035.0140,146299,PERRY D4,FORT WORTH,VENTANA RENTALS,2025-05-28,2025-05-28,2025-06-09,11.7,,12,,2025-05-28,2025-06-04,7.1,,7,,2025-06-06,2025-06-13,15.5,,7,,2025-06-13,2025-06-20,13.5,,7,,2025-07-02,2025-06-28,14.8,,-4,,2025-07-23,2025-07-15,13.4,,-8,,2025-07-31,2025-08-10,17.8,,10,
20035.0144,146325,PERRY D4,FORT WORTH,VENTANA RENTALS,2025-01-21,2025-01-21,2025-02-02,12.0,,12,,2025-02-04,2025-01-28,7.2,,-7,,2025-02-24,2025-02-19,15.4,,-5,,2025-02-25,2025-03-08,12.0,,11,,2025-03-18,2025-03-12,15.0,,-6,,2025-04-13,2025-04-03,15.7,,-10,,2025-04-28,2025-05-01,17.7,,3,
20035.0149,146296,PERRY D4,FORT WORTH,VENTANA RENTALS,2025-05-28,2025-05-28,2025-06-09,11.8,,12,,2025-05-28,2025-06-04,6.6,,7,,2025-06-06,2025-06-13,15.5,,7,,2025-06-13,2025-06-20,13.5,,7,,2025-07-22,2025-06-28,14.8,,-24,,2025-07-25,2025-08-04,12.8,,10,,2025-07-31,2025-08-13,18.8,,13,
20035.0150,146333,PERRY D4,FORT WORTH,VENTANA RENTALS,2025-03-31,2025-04-07,2025-04-13,12.8,,6,,2025-04-09,2025-04-14,6.8,,5,,2025-04-22,2025-04-25,15.5,,3,,2025-05-01,2025-05-04,12.2,,3,,2025-05-19,2025-05-16,15.0,,-3,,2025-06-09,2025-06-03,15.3,,-6,,2025-06-30,2025-06-27,18.4,,-3,
20035.0151,146340,PERRY D4,FORT WORTH,VENTANA RENTALS,2025-02-26,2025-03-10,2025-03-10,11.9,,0,,2025-03-12,2025-03-16,6.4,,4,,2025-03-28,2025-03-28,15.5,,0,,2025-04-11,2025-04-10,12.8,,-1,,2025-04-18,2025-04-26,15.0,,8,,2025-05-14,2025-05-12,23.6,,-2,,2025-06-06,2025-06-01,17.7,,-5,
20035.0154,146174,PERRY D4,FORT WORTH,VENTANA RENTALS,2024-03-13,2024-04-03,2024-03-26,12.9,,-8,,2024-04-19,2024-04-10,6.7,,-9,,2024-05-07,2024-05-08,18.8,,1,,2024-05-15,2024-05-20,13.2,,5,,2024-06-17,2024-05-30,15.0,,-18,,2024-07-30,2024-07-04,16.5,,-26,,2024-08-27,2024-08-17,17.9,,-10,
20035.0160,146266,PERRY D4,FORT WORTH,VENTANA RENTALS,2025-09-24,2025-09-29,2025-10-06,11.6,,7,,2025-10-09,2025-10-07,7.6,,-2,,2025-10-21,2025-10-24,15.4,,3,,2025-11-03,2025-11-03,12.8,,0,,2025-11-07,2025-11-18,15.0,,11,,2025-11-14,2025-12-01,24.3,,17,,2025-11-30,2025-12-03,18.6,,3,
20035.0167,146253,PERRY D4,FORT WORTH,VENTANA RENTALS,2025-08-20,2025-08-28,2025-09-01,12.1,,4,,2025-08-29,2025-09-05,8.1,,7,,2025-09-16,2025-09-14,15.5,,-2,,2025-09-23,2025-09-29,12.7,,6,,2025-10-21,2025-10-08,14.8,,-13,,2025-10-21,2025-11-06,15.9,,16,,2025-10-31,2025-11-09,18.5,,9,
20035.0170,146263,PERRY D4,FORT WORTH,VENTANA RENTALS,2025-09-26,2025-10-03,2025-10-09,13.4,,6,,2025-10-09,2025-10-10,7.2,,1,,2025-10-23,2025-10-24,15.4,,1,,2025-11-03,2025-11-04,11.9,,1,,2025-11-07,2025-11-18,15.0,,11,,2025-11-14,2025-12-02,25.5,,18,,2025-11-30,2025-12-03,18.5,,3,
20035.0171,146269,PERRY D4,FORT WORTH,VENTANA RENTALS,2025-09-16,2025-09-30,2025-09-27,11.5,,-3,,2025-09-30,2025-10-08,7.7,,8,,2025-10-21,2025-10-16,15.8,,-5,,2025-11-03,2025-11-01,11.5,,-2,,2025-11-07,2025-11-18,15.0,,11,,2025-11-21,2025-12-06,28.9,,15,,2025-11-30,2025-12-10,18.7,,10,
20035.0175,146295,PERRY D4,FORT WORTH,VENTANA RENTALS,2025-05-28,2025-05-28,2025-06-09,11.7,,12,,2025-05-28,2025-06-04,7.0,,7,,2025-06-06,2025-06-13,15.5,,7,,2025-06-13,2025-06-20,13.5,,7,,2025-07-24,2025-06-28,14.8,,-26,,2025-07-24,2025-08-07,14.1,,14,,2025-07-31,2025-08-12,18.7,,12,
20035.0176,146298,PERRY D4,FORT WORTH,VENTANA RENTALS,2025-05-28,2025-05-28,2025-06-09,11.7,,12,,2025-05-28,2025-06-04,7.0,,7,,2025-06-06,2025-06-13,15.5,,7,,2025-06-13,2025-06-20,13.5,,7,,2025-07-08,2025-06-28,14.8,,-10,,2025-07-23,2025-07-20,11.9,,-3,,2025-07-31,2025-08-11,18.6,,11,
20035.0180,146176,PERRY D4,FORT WORTH,VENTANA RENTALS,2024-03-13,2024-04-03,2024-03-26,12.8,,-8,,2024-04-06,2024-04-10,6.7,,4,,2024-05-20,2024-04-25,18.8,,-25,,2024-06-03,2024-05-31,11.1,,-3,,2024-07-02,2024-06-18,14.8,,-14,,2024-08-08,2024-07-18,16.2,,-21,,2024-10-08,2024-08-26,18.2,,-43,
20035.0181,146179,PERRY D4,FORT WORTH,VENTANA RENTALS,2024-03-13,2024-03-29,2024-03-26,12.8,,-3,,2024-04-19,2024-04-06,7.5,,-13,,2024-05-10,2024-05-08,18.8,,-2,,2024-05-15,2024-05-23,12.8,,8,,2024-06-28,2024-05-30,15.0,,-29,,2024-08-08,2024-07-15,16.8,,-24,,2024-09-20,2024-08-26,18.1,,-25,
20035.0182,146187,PERRY D4,FORT WORTH,VENTANA RENTALS,2024-03-13,2024-04-03,2024-03-26,12.8,,-8,,2024-04-18,2024-04-10,6.7,,-8,,2024-05-10,2024-05-07,18.8,,-3,,2024-05-15,2024-05-23,12.8,,8,,2024-06-13,2024-05-30,15.0,,-14,,2024-08-26,2024-06-30,16.6,,-57,,2024-08-27,2024-09-13,18.0,,17,
20035.0183,146191,PERRY D4,FORT WORTH,VENTANA RENTALS,2024-03-06,2024-03-22,2024-03-19,12.6,,-3,,2024-04-06,2024-03-29,7.4,,-8,,2024-04-26,2024-04-25,18.8,,-1,,2024-05-08,2024-05-09,12.8,,1,,2024-06-17,2024-05-23,15.0,,-25,,2024-07-29,2024-07-03,16.3,,-26,,2024-08-09,2024-08-16,17.9,,7,
20035.0187,146246,PERRY D4,FORT WORTH,VENTANA RENTALS,2025-08-14,2025-08-20,2025-08-26,12.1,,6,,2025-08-29,2025-08-28,8.3,,-1,,2025-09-17,2025-09-13,15.4,,-4,,2025-09-23,2025-10-01,13.6,,8,,2025-10-10,2025-10-08,14.8,,-2,,,2025-10-28,17.5,,,,2025-10-31,2025-11-15,18.2,,15,
20372.0026,20372.0026,PERRY D4,FORT WORTH,TALON HILLS,2026-04-05,2026-04-14,2026-04-15,10.0,,1,,2026-04-21,2026-04-18,3.7,,-3,,,2026-05-07,15.9,,,,,2026-05-20,13.1,,,,,2026-06-04,14.8,,,,,2026-06-20,16.3,,,,,2026-07-09,19.2,,,
20394.0046,20394.0046,PERRY D4,LAKEWOOD VILLAGE,LAKEWOOD VILLAGE,2026-02-17,2026-03-30,2026-02-28,11.4,2026-05-09,-30,40,2026-03-30,2026-04-04,5.3,2026-05-14,5,45,2026-04-21,2026-04-17,18.3,2026-05-31,-4,40,,2026-05-04,12.7,2026-06-13,,,,2026-05-21,16.6,2026-06-25,,,,2026-06-18,28.1,2026-07-19,,,,2026-07-07,18.5,2026-08-29,,
20394.0047,20394.0047,PERRY D4,LAKEWOOD VILLAGE,LAKEWOOD VILLAGE,2026-02-13,2026-02-25,2026-02-24,11.3,2026-05-09,-1,73,2026-03-03,2026-03-03,6.0,2026-05-14,0,72,2026-03-19,2026-03-21,18.0,2026-05-31,2,73,2026-04-07,2026-04-01,12.7,2026-06-13,-6,67,2026-04-21,2026-04-24,16.6,2026-06-25,3,65,,2026-05-19,28.1,2026-07-19,,,,2026-06-07,18.5,2026-08-29,,
20394.0052,20394.0052,PERRY D4,LAKEWOOD VILLAGE,LAKEWOOD VILLAGE,2026-02-13,2026-02-26,2026-02-24,10.9,2026-05-09,-2,72,2026-02-26,2026-03-04,5.9,2026-05-14,6,77,2026-03-19,2026-03-18,19.7,2026-05-31,-1,73,2026-04-01,2026-04-01,12.7,2026-06-13,0,73,2026-04-21,2026-04-18,16.6,2026-06-25,-3,65,,2026-05-19,28.1,2026-07-19,,,,2026-06-07,18.5,2026-08-29,,
20407.0006,20407.0006,PERRY D4,DENTON,LANDMARK,2026-02-27,2026-03-11,2026-03-07,8.0,,-4,,2026-03-17,2026-03-17,5.8,,0,,2026-03-25,2026-03-27,9.9,,2,,2026-04-27,2026-04-10,16.0,,-17,,,2026-05-12,15.2,,,,,2026-06-01,20.1,,,,,2026-06-19,18.3,,,
20124.0185,20124.0185,HOUSTON 1,MONT BELVIEU,RICELAND,2025-12-30,2026-01-21,2026-01-16,16.5,2026-01-21,-5,0,2026-01-28,2026-01-28,7.1,2026-02-01,0,4,2026-02-23,2026-02-10,13.2,2026-04-26,-13,62,2026-03-03,2026-03-07,11.9,2026-05-10,4,68,,2026-03-21,17.9,2026-05-29,,,,2026-04-19,29.4,2026-07-09,,,,2026-04-29,10.3,2026-07-19,,
20132.0915,20132.0915,HOUSTON 1,MANVEL,MERIDIANA,2026-03-26,2026-04-02,2026-04-08,13.0,,6,,2026-04-09,2026-04-11,8.9,,2,,2026-04-18,2026-04-18,8.8,,0,,2026-04-28,2026-04-26,8.2,,-2,,,2026-05-11,12.7,,,,,2026-05-31,20.3,,,,,2026-06-12,11.7,,,
20132.0937,20132.0937,HOUSTON 1,MANVEL,MERIDIANA,2025-07-01,2025-07-10,2025-07-17,15.6,2025-07-19,7,9,2025-07-18,2025-07-18,8.1,2025-07-15,0,-3,2025-07-25,2025-07-26,8.0,2025-07-29,1,4,2025-08-04,2025-08-04,10.1,2025-08-06,0,2,2025-08-26,2025-08-17,13.2,2025-08-12,-9,-14,2026-01-08,2025-10-04,38.9,2025-10-06,-96,-94,2026-01-22,2026-01-20,12.4,2026-01-22,-2,0
20132.0939,20132.0939,HOUSTON 1,MANVEL,MERIDIANA,2025-06-26,2025-07-11,2025-07-16,20.1,2025-07-15,5,4,2025-07-21,2025-07-19,7.7,2025-07-18,-2,-3,2025-07-26,2025-07-29,8.1,2025-07-30,3,4,2025-08-06,2025-08-09,13.9,2025-08-10,3,4,2025-09-11,2025-08-24,18.0,2025-08-25,-18,-17,2025-12-29,2025-10-20,39.4,2025-09-28,-70,-92,2026-01-23,2026-01-12,14.4,2026-01-23,-11,0
20132.0985,20132.0985,HOUSTON 1,MANVEL,MERIDIANA,2025-07-15,2025-07-29,2025-07-28,13.0,2025-07-24,-1,-5,2025-08-06,2025-08-07,8.8,2025-08-04,1,-2,2025-08-15,2025-08-14,8.0,2025-08-13,-1,-2,2025-08-26,2025-08-25,9.6,2025-08-27,-1,1,2025-09-08,2025-09-08,12.5,2025-09-14,0,6,2025-09-19,2025-09-25,16.5,2025-10-19,6,30,2025-10-01,2025-10-01,12.0,2025-10-01,0,0
20132.1102,20132.1102,HOUSTON 1,MANVEL,MERIDIANA,2025-07-02,2025-07-18,2025-07-16,13.9,2025-07-11,-2,-7,2025-07-23,2025-07-25,7.3,2025-07-24,2,1,2025-07-29,2025-07-31,8.1,2025-07-30,2,1,2025-08-12,2025-08-08,9.7,2025-08-10,-4,-2,2025-09-04,2025-08-25,13.4,2025-08-31,-10,-4,2026-01-08,2025-10-11,37.4,2025-10-15,-89,-85,2026-01-22,2026-01-21,12.8,2026-01-22,-1,0
20132.0325,612110,HOUSTON 1,MANVEL,MERIDIANA,2025-12-30,2026-02-02,2026-01-14,14.9,,-19,,2026-02-06,2026-02-10,7.8,,4,,2026-02-18,2026-02-16,10.2,,-2,,2026-03-02,2026-02-28,9.7,,-2,,2026-03-16,2026-03-19,16.7,,3,,2026-04-13,2026-04-09,24.5,,-4,,,2026-04-26,12.7,,,
20132.0386,612129,HOUSTON 1,MANVEL,MERIDIANA,2026-04-13,2026-04-27,2026-05-04,20.5,,7,,,2026-05-06,8.6,,,,,2026-05-15,8.9,,,,,2026-05-27,12.4,,,,,2026-06-13,17.5,,,,,2026-07-04,21.2,,,,,2026-07-16,12.0,,,
20132.0940,20132.0940,HOUSTON 1,MANVEL,MERIDIANA,2025-06-26,2025-07-10,2025-07-16,20.3,2025-07-21,6,11,2025-07-16,2025-07-17,7.5,2025-07-18,1,2,2025-07-24,2025-07-25,8.7,2025-07-29,1,5,2025-08-04,2025-08-06,13.0,2025-08-05,2,1,2025-08-14,2025-08-19,15.5,2025-08-23,5,9,2026-01-07,2025-10-01,48.1,2025-09-24,-98,-105,2026-01-22,2026-01-20,13.1,2026-01-22,-2,0
20132.1088,20132.1088,HOUSTON 1,MANVEL,MERIDIANA,2025-09-19,2025-10-10,2025-10-10,21.2,2025-10-14,0,4,2025-10-17,2025-10-18,8.5,2025-10-18,1,1,2025-10-25,2025-10-27,10.1,2025-10-30,2,5,2025-11-05,2025-11-08,14.1,2025-11-06,3,1,2025-11-17,2025-11-24,18.9,2025-11-24,7,7,,2025-12-08,20.7,2026-04-26,,,,2025-12-21,13.0,2026-05-06,,
20165.0301,20165.0301,HOUSTON 1,MANVEL,VALENCIA,2026-04-15,2026-04-28,2026-04-28,12.7,,0,,,2026-05-05,6.7,,,,,2026-05-13,8.3,,,,,2026-05-21,7.8,,,,,2026-06-07,16.6,,,,,2026-06-20,12.7,,,,,2026-07-01,11.0,,,
20165.0052,20165.0052,HOUSTON 1,MANVEL,VALENCIA,2026-03-16,2026-03-27,2026-03-29,12.9,,2,,2026-04-06,2026-04-05,8.5,,-1,,2026-04-13,2026-04-14,8.3,,1,,2026-04-27,2026-04-26,13.0,,-1,,,2026-05-15,17.7,,,,,2026-06-02,18.0,,,,,2026-06-14,11.6,,,
20165.0179,20165.0179,HOUSTON 1,MANVEL,VALENCIA,2026-03-09,2026-03-23,2026-03-22,13.2,,-1,,2026-03-26,2026-04-01,8.7,,6,,2026-04-02,2026-04-05,10.4,,3,,2026-04-15,2026-04-16,14.0,,1,,2026-04-28,2026-04-29,13.9,,1,,,2026-05-15,17.3,,,,,2026-05-28,12.6,,,
20165.0223,20165.0223,HOUSTON 1,MANVEL,VALENCIA,2026-04-16,,2026-05-05,19.1,,,,,2026-05-13,7.7,,,,,2026-05-23,10.1,,,,,2026-06-07,15.3,,,,,2026-06-23,16.0,,,,,2026-07-12,18.9,,,,,2026-07-24,12.1,,,
20391.0003,20391.0003,HOUSTON 1,LEAGUE CITY,LEGACY,2025-06-30,2025-07-07,2025-07-15,14.7,2025-07-19,8,12,2025-07-14,2025-07-11,4.5,2025-07-15,-3,1,2025-07-22,2025-08-05,22.5,2025-07-24,14,2,2025-08-07,2025-07-31,9.5,2025-07-31,-7,-7,2025-08-12,2025-08-26,18.9,2025-08-29,14,17,2025-08-27,2025-09-11,30.1,2025-11-16,15,81,2025-09-12,2025-09-15,19.2,2025-09-12,3,0
20391.0016,20391.0016,HOUSTON 1,LEAGUE CITY,LEGACY,2026-03-20,2026-04-08,2026-04-04,14.7,,-4,,2026-04-22,2026-04-16,8.4,,-6,,2026-05-01,2026-05-14,22.5,,13,,,2026-05-10,9.5,,,,,2026-05-29,18.9,,,,,2026-06-28,30.1,,,,,2026-07-17,19.2,,,
20391.0023,20391.0023,HOUSTON 1,LEAGUE CITY,LEGACY,2025-08-12,2025-08-26,2025-08-26,14.4,2025-08-31,0,5,2025-09-02,2025-08-31,5.1,2025-09-03,-2,1,2025-09-09,2025-09-24,22.5,2025-09-12,15,3,2025-09-18,2025-09-18,9.5,2025-09-18,0,0,2025-09-26,2025-10-07,18.9,2025-10-10,11,14,2026-01-05,2025-10-26,30.1,2025-12-31,-71,-5,2026-01-09,2026-01-24,19.2,2026-01-09,15,0
20178.0152,20178.0152,HOUSTON 2,MAGNOLIA,ESCONDIDO,2026-04-20,,2026-05-02,11.5,,,,,2026-05-08,5.7,,,,,2026-05-20,12.1,,,,,2026-05-30,10.3,,,,,2026-06-15,16.4,,,,,2026-07-12,26.6,,,,,2026-07-27,14.7,,,
20183.0283,20183.0283,HOUSTON 2,MAGNOLIA,AUDUBON,2026-02-05,2026-02-13,2026-02-18,13.1,2026-05-11,5,87,2026-02-18,2026-02-18,4.9,2026-05-16,0,87,2026-02-25,2026-03-02,12.1,2026-05-27,5,91,2026-03-06,2026-03-07,10.3,2026-06-07,1,93,2026-03-23,2026-03-27,21.5,2026-06-24,4,93,,2026-04-16,23.6,2026-07-10,,,2026-04-22,2026-05-01,15.4,2026-08-04,9,104
20398.0154,20398.0154,HOUSTON 2,HOCKLEY,EVERLY,2026-04-14,2026-04-28,2026-04-25,11.0,,-3,,,2026-05-04,6.0,,,,,2026-05-16,11.7,,,,,2026-05-28,12.0,,,,,2026-06-12,15.0,,,,,2026-07-04,21.8,,,,,2026-07-18,14.3,,,
20267.0566,20267.0566,HOUSTON 3,RICHMOND,CANDELA,2025-12-14,2025-12-29,2025-12-28,14.3,2025-12-29,-1,0,2026-01-02,2026-01-05,6.8,2026-01-01,3,-1,2026-01-14,2026-01-13,10.7,2026-01-13,-1,-1,2026-01-21,2026-01-26,11.7,2026-01-23,5,2,2026-02-02,2026-02-05,15.3,2026-04-26,3,83,2026-02-18,2026-02-21,18.5,2026-06-29,3,131,2026-03-05,2026-03-03,12.6,2026-07-11,-2,128
20267.0567,20267.0567,HOUSTON 3,RICHMOND,CANDELA,2025-12-14,2025-12-29,2025-12-25,11.4,2025-12-29,-4,0,2026-01-02,2026-01-05,6.9,2026-01-01,3,-1,2026-01-13,2026-01-13,10.6,2026-01-13,0,0,2026-01-20,2026-01-23,9.8,2026-01-22,3,2,2026-02-02,2026-02-04,14.6,2026-04-26,2,83,2026-02-17,2026-02-21,18.7,2026-06-29,4,132,2026-03-09,2026-03-01,12.3,2026-07-11,-8,124
20267.0596,20267.0596,HOUSTON 3,RICHMOND,CANDELA,2026-03-19,2026-03-31,2026-04-01,12.7,,1,,2026-04-06,2026-04-07,6.5,,1,,2026-04-14,2026-04-16,10.1,,2,,2026-04-27,2026-04-24,10.4,,-3,,,2026-05-14,16.7,,,,,2026-06-03,19.6,,,,,2026-06-15,12.3,,,
20267.0599,20267.0599,HOUSTON 3,RICHMOND,CANDELA,2025-12-23,2026-01-07,2026-01-08,16.1,2026-01-09,1,2,2026-01-14,2026-01-13,5.7,2026-01-14,-1,0,2026-01-24,2026-01-25,10.7,2026-01-23,1,-1,2026-02-04,2026-02-04,10.9,2026-04-26,0,81,2026-02-16,2026-02-19,14.5,2026-05-11,3,84,2026-04-01,2026-04-06,49.0,2026-05-27,5,56,2026-04-08,2026-04-15,14.1,2026-06-04,7,57
20356.0011,20356.0011,HOUSTON 3,FULSHEAR,FULSHEAR LAKES,2026-03-05,2026-04-02,2026-03-22,16.6,,-11,,2026-04-09,2026-04-10,7.5,,1,,2026-04-24,2026-04-20,11.2,,-4,,,2026-05-05,10.8,,,,,2026-05-24,19.1,,,,,2026-06-10,17.5,,,,,2026-06-23,12.7,,,
20356.0031,20356.0031,HOUSTON 3,FULSHEAR,FULSHEAR LAKES,2026-03-12,2026-04-17,2026-03-30,17.8,,-18,,2026-04-22,2026-04-25,7.7,,3,,,2026-05-03,11.4,,,,,2026-05-14,10.8,,,,,2026-06-02,19.1,,,,,2026-06-16,14.1,,,,,2026-06-29,12.7,,,
20359.0047,20359.0047,HOUSTON 3,KATY,GRANGE,2026-04-17,,2026-04-29,12.3,,,,,2026-05-03,4.2,,,,,2026-05-12,9.1,,,,,2026-05-23,11.5,,,,,2026-06-13,20.9,,,,,2026-06-28,14.9,,,,,2026-07-07,9.5,,,
20205.0226,20205.0226,HOUSTON 4,PORTER,THE HIGHLANDS,2026-02-13,2026-02-24,2026-02-25,12.0,,1,,2026-02-26,2026-02-28,3.7,,2,,2026-03-06,2026-03-08,9.7,,2,,2026-03-18,2026-03-14,8.4,,-4,,2026-04-06,2026-04-05,18.0,,-1,,,2026-05-04,27.6,,,,,2026-05-18,13.6,,,
20221.0197,750094,HOUSTON 4,CONROE,GRAND CENTRAL PARK,2024-05-16,2024-05-22,2024-05-27,10.9,,5,,2024-05-30,2024-05-27,5.2,,-3,,2024-07-03,2024-06-09,10.5,,-24,,2024-07-10,2024-07-12,9.4,,2,,,2024-07-26,15.9,,,,,2024-08-08,13.3,,,,,2024-08-24,16.1,,,
20181.1206,20181.1206,HOUSTON 5,CYPRESS,BRIDGELAND,2026-01-14,2026-02-02,2026-01-25,11.2,2026-04-26,-8,83,2026-02-05,2026-02-07,4.9,2026-05-01,2,85,2026-02-14,2026-02-17,12.0,2026-05-17,3,92,2026-02-24,2026-02-23,9.4,2026-05-29,-1,94,2026-03-16,2026-03-12,16.4,2026-06-15,-4,91,2026-04-29,2026-03-31,15.2,2026-07-03,-29,65,,2026-05-10,10.7,2026-07-13,,
20181.0159,203075,HOUSTON 5,CYPRESS,BRIDGELAND,2023-03-02,2023-03-09,2023-03-11,9.4,,2,,2023-03-14,2023-03-15,5.9,,1,,2023-03-24,2023-03-26,12.0,,2,,2023-04-04,2023-04-02,9.4,,-2,,2023-04-11,2023-04-19,14.5,,8,,2023-05-01,2023-04-28,16.6,,-3,,2023-05-15,2023-05-12,10.7,,-3,
20237.0061,20237.0061,HOUSTON 5,KATY,KATY COURT,2025-12-12,2025-12-24,2025-12-31,19.4,2025-12-28,7,4,2025-12-30,2025-12-29,4.9,2025-12-29,-1,-1,2026-01-09,2026-01-14,14.5,2026-01-09,5,0,2026-01-20,2026-01-20,11.5,2026-01-20,0,0,2026-02-02,2026-02-11,22.1,2026-04-26,9,83,2026-02-16,2026-02-26,24.1,2026-05-09,10,82,2026-02-19,2026-03-01,12.8,2026-05-19,10,89
20238.0740,20238.0740,HOUSTON 5,KATY,ELYSON,2026-01-07,2026-01-22,2026-01-21,13.9,2026-01-18,-1,-4,2026-01-30,2026-01-26,4.2,2026-04-26,-4,86,2026-02-06,2026-02-12,12.6,2026-05-12,6,95,2026-02-17,2026-02-18,11.5,2026-05-23,1,95,2026-02-25,2026-03-06,17.1,2026-06-06,9,101,2026-03-16,2026-03-13,16.2,2026-06-23,-3,99,2026-03-20,2026-03-25,9.5,2026-06-26,5,98
20108.1143,20108.1143,HOUSTON 6,MISSOURI CITY,SIENNA,2026-01-07,2026-01-15,2026-01-23,16.1,2026-01-18,8,3,2026-01-19,2026-01-21,5.9,2026-01-19,2,0,2026-01-29,2026-01-29,10.5,2026-01-29,0,0,2026-02-15,2026-02-06,8.4,2026-04-26,-9,70,2026-03-01,2026-03-02,14.8,2026-05-12,1,72,2026-03-09,2026-03-24,23.0,2026-05-23,15,75,2026-03-24,2026-03-23,14.3,2026-06-07,-1,75
20108.1144,20108.1144,HOUSTON 6,MISSOURI CITY,SIENNA,2025-12-23,2026-01-06,2026-01-08,16.1,2026-01-03,2,-3,2026-01-09,2026-01-11,4.7,2026-01-10,2,1,2026-01-20,2026-01-20,10.6,2026-01-19,0,-1,2026-02-03,2026-01-29,8.6,2026-04-26,-5,82,2026-02-20,2026-02-18,15.2,2026-05-12,-2,81,2026-03-03,2026-03-15,23.0,2026-05-23,12,81,2026-03-17,2026-03-17,14.3,2026-06-07,0,82
20108.1145,20108.1145,HOUSTON 6,MISSOURI CITY,SIENNA,2025-12-23,2026-01-06,2026-01-08,16.1,2026-01-03,2,-3,2026-01-09,2026-01-11,4.7,2026-01-10,2,1,2026-01-20,2026-01-20,10.9,2026-01-19,0,-1,2026-02-04,2026-01-29,8.6,2026-04-26,-6,81,2026-02-24,2026-02-19,15.0,2026-05-12,-5,77,2026-03-09,2026-03-19,23.0,2026-05-23,10,75,2026-03-16,2026-03-23,14.3,2026-06-07,7,83
20108.1146,20108.1146,HOUSTON 6,MISSOURI CITY,SIENNA,2026-01-05,2026-01-15,2026-01-21,16.1,2026-01-16,6,1,2026-01-21,2026-01-21,5.8,2026-01-19,0,-2,2026-02-02,2026-02-01,10.7,2026-04-26,-1,83,2026-02-17,2026-02-10,8.2,2026-05-05,-7,77,2026-03-16,2026-03-06,16.5,2026-05-21,-10,66,2026-03-25,2026-04-10,24.7,2026-06-01,16,68,2026-04-03,2026-04-08,14.3,2026-06-16,5,74
20108.1147,20108.1147,HOUSTON 6,MISSOURI CITY,SIENNA,2026-01-05,2026-01-15,2026-01-21,16.1,2026-01-16,6,1,2026-01-20,2026-01-21,5.9,2026-01-19,1,-1,2026-01-30,2026-01-30,10.5,2026-04-26,0,86,2026-02-19,2026-02-07,8.4,2026-05-05,-12,75,2026-03-03,2026-03-06,15.1,2026-05-21,3,79,2026-03-24,2026-03-26,23.0,2026-06-01,2,69,2026-03-27,2026-04-07,14.3,2026-06-16,11,81
20108.1148,20108.1148,HOUSTON 6,MISSOURI CITY,SIENNA,2026-01-07,2026-01-29,2026-01-23,16.1,2026-04-26,-6,87,2026-02-03,2026-02-04,6.4,2026-04-30,1,86,2026-02-12,2026-02-14,11.1,2026-05-10,2,87,2026-02-24,2026-02-20,8.0,2026-05-19,-4,84,2026-04-17,2026-03-11,15.5,2026-06-04,-37,48,2026-04-21,2026-05-12,24.5,2026-06-15,21,55,2026-04-29,2026-05-05,14.3,2026-06-30,6,62
20108.1032,20108.1032,HOUSTON 6,MISSOURI CITY,SIENNA,2025-12-18,2026-01-08,2026-01-03,16.2,2026-01-05,-5,-3,2026-01-13,2026-01-14,6.1,2026-01-12,1,-1,2026-01-20,2026-01-25,11.7,2026-01-25,5,5,2026-02-03,2026-01-29,8.7,2026-04-26,-5,82,2026-02-18,2026-02-21,18.5,2026-05-08,3,79,2026-03-09,2026-03-15,24.5,2026-06-02,6,85,2026-03-23,2026-03-23,14.3,2026-06-15,0,84
20108.0954,20108.0954,HOUSTON 6,MISSOURI CITY,SIENNA,2026-01-29,2026-02-23,2026-02-14,16.2,2026-05-10,-9,76,2026-02-27,2026-02-28,5.2,2026-05-14,1,76,2026-03-17,2026-03-11,11.7,2026-05-27,-6,71,2026-03-23,2026-03-28,11.3,2026-06-07,5,76,2026-04-13,2026-04-13,21.1,2026-06-28,0,76,2026-05-01,2026-05-08,24.5,2026-07-17,7,77,,2026-05-15,14.3,2026-07-29,,
20252.0362,20252.0362,HOUSTON 6,RICHMOND,STONECREEK ESTATES,2025-10-31,2025-11-24,2025-11-13,13.1,2025-11-15,-11,-9,2025-12-01,2025-11-29,5.3,2025-11-29,-2,-2,2025-12-12,2025-12-12,11.3,2025-12-14,0,2,2025-12-22,2025-12-22,10.0,2025-12-22,0,0,2026-01-06,2026-01-06,15.3,2026-01-07,0,1,2026-01-28,2026-01-25,18.8,2026-01-28,-3,0,2026-02-13,2026-02-08,11.3,2026-04-26,-5,72
20272.0217,604181,HOUSTON 6,RICHMOND,HARVEST GREEN,2023-01-04,2023-01-11,2023-01-22,17.6,,11,,2023-01-20,2023-01-18,7.1,,-2,,2023-02-02,2023-01-30,10.3,,-3,,2023-02-06,2023-02-13,10.9,,7,,2023-02-16,2023-02-22,15.8,,6,,2023-03-06,2023-03-03,15.3,,-3,,2023-03-20,2023-03-19,13.5,,-1,
20352.0045,20352.0045,HOUSTON 6,ROSENBERG,BROOKEWATER,2024-05-28,2024-05-31,2024-06-09,12.3,2024-06-13,9,13,2024-06-06,2024-06-05,4.7,2024-06-03,-1,-3,2024-06-12,2024-06-19,12.9,2024-06-24,7,12,2024-06-18,2024-06-21,8.8,2024-06-24,3,6,2024-07-10,2024-07-05,16.9,2024-07-06,-5,-4,2024-08-05,2024-07-27,16.6,2024-07-30,-9,-6,2024-08-13,2024-08-19,14.4,2024-08-13,6,0
20286.0120,20286.0120,SAN ANTONIO 1,SAN ANTONIO,VIDA,2026-04-27,2026-04-30,2026-05-04,6.6,,4,,,2026-05-06,5.8,,,,,2026-05-20,14.4,,,,,2026-05-28,7.6,,,,,2026-06-14,17.3,,,,,2026-07-12,28.4,,,,,2026-07-24,11.9,,,
20286.0122,20286.0122,SAN ANTONIO 1,SAN ANTONIO,VIDA,2026-04-27,,2026-05-04,7.4,,,,,2026-05-10,6.1,,,,,2026-05-24,14.5,,,,,2026-06-04,11.1,,,,,2026-06-21,16.5,,,,,2026-07-19,28.5,,,,,2026-07-31,12.1,,,
20288.0964,685299,SAN ANTONIO 1,SAN ANTONIO,KALLISON RANCH,2022-11-28,2022-12-05,2022-12-05,7.1,,0,,2022-12-13,2022-12-11,5.7,,-2,,2022-12-29,2022-12-27,13.7,,-2,,2023-01-06,2023-01-13,15.1,,7,,2023-02-06,2023-01-24,18.3,,-13,,2023-03-06,2023-02-28,21.5,,-6,,2023-03-10,2023-03-18,11.9,,8,
20289.0451,20289.0451,SAN ANTONIO 1,SAN ANTONIO,LADERA,2026-03-25,2026-04-09,2026-04-06,12.1,,-3,,2026-04-15,2026-04-15,6.2,,0,,,2026-05-01,16.2,,,,,2026-05-16,14.8,,,,,2026-05-31,14.9,,,,,2026-06-28,27.5,,,,,2026-07-13,14.7,,,
20289.0465,20289.0465,SAN ANTONIO 1,SAN ANTONIO,LADERA,2026-03-10,2026-03-17,2026-03-21,10.8,,4,,2026-03-23,2026-03-23,6.3,,0,,2026-04-13,2026-04-08,16.2,,-5,,2026-04-28,2026-04-25,11.8,,-3,,,2026-05-13,15.2,,,,,2026-06-07,25.4,,,,,2026-06-22,15.3,,,
20289.0473,20289.0473,SAN ANTONIO 1,SAN ANTONIO,LADERA,2026-04-01,2026-04-13,2026-04-12,10.6,,-1,,2026-04-17,2026-04-19,6.2,,2,,,2026-05-03,16.3,,,,,2026-05-16,12.7,,,,,2026-06-01,15.7,,,,,2026-06-27,26.4,,,,,2026-07-13,16.1,,,
20289.0474,20289.0474,SAN ANTONIO 1,SAN ANTONIO,LADERA,2026-04-07,2026-04-15,2026-04-18,11.2,,3,,2026-04-29,2026-04-21,6.2,,-8,,,2026-05-16,17.4,,,,,2026-05-28,11.8,,,,,2026-06-13,15.7,,,,,2026-07-11,27.5,,,,,2026-07-25,14.5,,,
20369.0016,20369.0016,SAN ANTONIO 1,SAN ANTONIO,HABY HILL,2025-12-18,2026-01-02,2025-12-30,11.6,2025-12-26,-3,-7,2026-01-05,2026-01-08,6.2,2026-01-10,3,5,2026-01-16,2026-01-19,14.3,2026-01-19,3,3,2026-02-02,2026-01-30,14.2,2026-04-26,-3,83,2026-02-13,2026-02-15,13.3,2026-05-12,2,88,2026-03-21,2026-03-15,29.6,2026-06-09,-6,80,2026-03-31,2026-04-02,12.1,2026-06-20,2,81
20369.0017,20369.0017,SAN ANTONIO 1,SAN ANTONIO,HABY HILL,2025-12-03,2025-12-15,2025-12-14,11.1,2025-12-11,-1,-4,2026-01-02,2025-12-21,6.2,2025-12-23,-12,-10,2026-01-16,2026-01-16,14.0,2026-01-16,0,0,2026-02-06,2026-01-30,13.6,2026-04-26,-7,79,2026-02-17,2026-02-19,13.5,2026-05-12,2,84,2026-03-12,2026-03-22,32.7,2026-06-09,10,89,2026-04-01,2026-03-25,12.7,2026-06-20,-7,80
20369.0060,20369.0060,SAN ANTONIO 1,SAN ANTONIO,HABY HILL,2025-12-18,2025-12-23,2025-12-29,11.3,2025-12-26,6,3,2026-01-02,2025-12-29,6.2,2025-12-31,-4,-2,2026-01-16,2026-01-16,13.5,2026-01-16,0,0,2026-02-03,2026-01-30,14.3,2026-04-26,-4,82,2026-02-20,2026-02-17,13.8,2026-05-12,-3,81,2026-03-11,2026-03-21,28.9,2026-06-09,10,90,2026-03-18,2026-03-24,13.0,2026-06-20,6,94
20399.0021,20399.0021,SAN ANTONIO 1,SAN ANTONIO,BRIGGS RANCH,2026-02-13,2026-02-23,2026-02-21,7.6,,-2,,2026-02-27,2026-03-01,6.1,,2,,2026-03-30,2026-03-13,14.2,,-17,,2026-04-16,2026-04-06,6.6,,-10,,2026-04-30,2026-04-27,11.3,,-3,,,2026-05-30,29.6,,,,,2026-06-14,14.8,,,
20291.0152,309072,SAN ANTONIO 2,SAN ANTONIO,ARCADIA RIDGE,2026-03-16,2026-03-24,2026-03-26,9.5,,2,,2026-03-27,2026-03-30,6.2,,3,,2026-04-13,2026-04-11,14.9,,-2,,2026-04-27,2026-04-23,10.4,,-4,,,2026-05-11,14.0,,,,,2026-06-07,27.2,,,,,2026-06-19,12.0,,,
20291.0009,266009,SAN ANTONIO 2,SAN ANTONIO,ARCADIA RIDGE,2023-07-11,2023-07-16,2023-07-17,6.0,,1,,2023-07-18,2023-07-22,5.6,,4,,2023-08-02,2023-08-01,13.8,,-1,,2023-08-09,2023-08-12,9.6,,3,,2023-08-25,2023-08-25,16.3,,0,,2023-09-14,2023-09-22,27.9,,8,,2023-09-19,2023-09-27,12.6,,8,
20298.0003,261031,SAN ANTONIO 2,SAN ANTONIO,STILLWATER RANCH,2023-07-19,2023-07-20,2023-07-27,7.6,,7,,2023-07-24,2023-07-26,6.1,,2,,2023-07-26,2023-08-06,13.3,,11,,2023-08-04,2023-08-05,9.8,,1,,2023-08-15,2023-08-19,15.1,,4,,2023-09-10,2023-09-10,26.3,,0,,2023-09-15,2023-09-22,12.2,,7,
20298.0009,261030,SAN ANTONIO 2,SAN ANTONIO,STILLWATER RANCH,2023-07-10,2023-07-12,2023-07-15,5.1,,3,,2023-07-17,2023-07-18,5.6,,1,,2023-07-21,2023-07-30,13.4,,9,,2023-07-26,2023-07-30,9.1,,4,,2023-08-14,2023-08-11,16.2,,-3,,2023-09-10,2023-09-03,19.9,,-7,,2023-09-11,2023-09-22,11.9,,11,
20301.0125,606081,SAN ANTONIO 2,BOERNE,THE RANCHES AT CREEKSIDE,2024-05-14,2024-05-20,2024-05-22,7.8,,2,,2024-05-29,2024-05-26,6.2,,-3,,2024-06-11,2024-06-09,11.4,,-2,,2024-06-25,2024-06-20,9.4,,-5,,,2024-07-10,15.2,,,,,2024-08-06,26.6,,,,,2024-08-16,10.0,,,
20314.0140,744015,SAN ANTONIO 2,SAN ANTONIO,KINDER RANCH,2020-07-01,2020-07-20,2020-07-12,11.3,,-8,,2020-07-31,2020-07-26,6.2,,-5,,2020-08-31,2020-08-16,15.5,,-15,,2020-09-08,2020-09-07,7.4,,-1,,2020-09-22,2020-09-24,16.5,,2,,2020-10-29,2020-10-19,27.3,,-10,,2020-11-11,2020-11-13,15.5,,2,
20314.0162,20314.0162,SAN ANTONIO 2,SAN ANTONIO,KINDER RANCH,2026-02-18,2026-03-02,2026-02-26,8.3,,-4,,2026-03-06,2026-03-08,6.4,,2,,2026-03-27,2026-03-22,16.3,,-5,,2026-04-06,2026-04-08,12.4,,2,,2026-04-29,2026-04-19,13.5,,-10,,,2026-05-24,24.8,,,,,2026-06-09,15.8,,,
20320.0142,20320.0142,SAN ANTONIO 2,BOERNE,ESPERANZA,2026-03-31,2026-04-13,2026-04-08,8.1,,-5,,2026-04-23,2026-04-19,6.3,,-4,,,2026-05-06,12.7,,,,,2026-05-16,9.6,,,,,2026-05-31,15.2,,,,,2026-06-27,26.6,,,,,2026-07-06,8.9,,,
20321.0015,306103,SAN ANTONIO 2,SAN ANTONIO,VERANDA SA,2023-10-04,2023-10-07,2023-10-10,6.3,,3,,2023-10-13,2023-10-13,6.2,,0,,2023-10-27,2023-10-27,14.2,,0,,2023-11-01,2023-11-04,7.9,,3,,2023-11-14,2023-11-19,18.0,,5,,2023-12-05,2023-12-12,27.6,,7,,2023-12-12,2023-12-18,12.5,,6,
20365.0008,20365.0008,SAN ANTONIO 2,BOERNE,GEORGE'S RANCH,2026-01-06,2026-01-22,2026-01-13,7.4,2026-01-22,-9,0,2026-02-02,2026-01-28,6.1,2026-04-26,-5,83,2026-02-24,2026-02-16,14.0,2026-06-01,-8,97,2026-03-10,2026-03-06,9.7,2026-06-13,-4,95,2026-03-26,2026-03-25,15.2,2026-06-30,-1,96,,2026-04-22,26.9,2026-07-30,,,,2026-05-06,13.6,2026-08-15,,
20316.0145,20316.0145,SAN ANTONIO 3,SCHERTZ,HOMESTEAD,2026-02-27,2026-03-11,2026-03-07,8.3,,-4,,2026-03-13,2026-03-18,6.6,,5,,2026-03-27,2026-03-26,12.7,,-1,,2026-04-10,2026-04-08,12.0,,-2,,2026-04-24,2026-04-25,15.4,,1,,,2026-05-17,22.9,,,,,2026-05-31,14.1,,,
20325.0239,20325.0239,SAN ANTONIO 3,NEW BRAUNFELS,VERAMENDI,2025-07-29,2025-08-20,2025-08-07,8.7,2025-08-10,-13,-10,2025-08-20,2025-08-26,5.8,2025-08-26,6,6,2025-08-28,2025-09-01,12.0,2025-08-31,4,3,2025-09-08,2025-09-09,11.9,2025-09-07,1,-1,2025-09-29,2025-09-25,16.6,2025-09-23,-4,-6,2025-10-24,2025-10-20,20.8,2025-10-22,-4,-2,2025-11-14,2025-11-03,10.2,2025-11-14,-11,0
20344.0244,20344.0244,SAN ANTONIO 3,SEGUIN,MEADOWS OF MILL CREEK,2026-02-09,2026-02-18,2026-02-19,10.0,2026-05-11,1,82,2026-02-25,2026-02-24,5.5,2026-05-20,-1,84,2026-03-06,2026-03-08,11.5,2026-05-29,2,84,2026-03-13,2026-03-17,10.9,2026-06-08,4,87,,2026-03-28,14.7,2026-06-21,,,2026-04-16,2026-04-25,27.5,2026-07-12,9,87,2026-04-28,2026-04-29,12.8,2026-07-31,1,94
20344.0248,20344.0248,SAN ANTONIO 3,SEGUIN,MEADOWS OF MILL CREEK,2025-12-19,2025-12-29,2026-01-01,12.6,2026-01-03,3,5,2026-01-12,2026-01-06,8.4,2026-01-07,-6,-5,2026-01-19,2026-01-23,11.5,2026-01-21,4,2,2026-01-30,2026-01-30,10.9,2026-04-26,0,86,2026-02-16,2026-02-13,13.8,2026-05-09,-3,82,2026-03-16,2026-03-11,22.9,2026-05-30,-5,75,2026-03-20,2026-03-29,12.8,2026-06-18,9,90
20344.0249,20344.0249,SAN ANTONIO 3,SEGUIN,MEADOWS OF MILL CREEK,2025-12-29,2026-01-09,2026-01-09,10.6,2026-01-13,0,4,2026-01-14,2026-01-16,7.2,2026-01-18,2,4,2026-01-23,2026-01-25,11.5,2026-01-23,2,0,2026-02-09,2026-02-03,10.9,2026-04-26,-6,76,2026-02-17,2026-02-23,13.8,2026-05-09,6,81,2026-03-10,2026-03-10,20.9,2026-05-30,0,81,2026-04-06,2026-03-23,12.8,2026-06-18,-14,73
20357.0058,20357.0058,SAN ANTONIO 3,SCHERTZ,THE PARKLANDS,2026-01-15,2026-01-26,2026-01-23,8.3,2026-01-24,-3,-2,2026-02-02,2026-02-02,6.7,2026-04-26,0,83,2026-02-09,2026-02-15,12.7,2026-05-11,6,91,2026-02-23,2026-02-21,12.0,2026-05-23,-2,89,2026-03-03,2026-03-10,15.4,2026-06-07,7,96,2026-03-17,2026-03-26,22.9,2026-06-30,9,105,2026-03-27,2026-03-31,14.1,2026-07-12,4,107
20363.0037,20363.0037,SAN ANTONIO 3,NEW BRAUNFELS,SOLMS LANDING,2026-01-08,2026-01-16,2026-01-17,8.7,2026-01-16,1,0,2026-01-20,2026-01-21,5.1,2026-01-20,1,0,2026-02-05,2026-02-01,11.7,2026-04-26,-4,80,2026-02-16,2026-02-15,10.4,2026-05-08,-1,81,2026-03-06,2026-03-04,15.8,2026-05-25,-2,80,2026-03-30,2026-04-01,26.3,2026-06-17,2,79,,2026-04-11,12.4,2026-06-29,,
20363.0040,20363.0040,SAN ANTONIO 3,NEW BRAUNFELS,SOLMS LANDING,2025-12-05,2025-12-12,2025-12-14,8.7,2025-12-13,2,1,2025-12-17,2025-12-17,5.2,2025-12-16,0,-1,2025-12-29,2025-12-29,12.1,2025-12-28,0,-1,2026-01-08,2026-01-09,10.7,2026-01-10,1,2,2026-01-26,2026-01-24,15.8,2026-01-25,-2,-1,2026-02-23,2026-02-22,27.4,2026-04-26,-1,62,2026-03-19,2026-03-07,11.7,2026-05-08,-12,50
20381.0030,20381.0030,SAN ANTONIO 3,CIBOLO,CIBOLO VALLEY HEIGHTS,2026-04-30,,2026-05-12,12.3,,,,,2026-05-17,4.7,,,,,2026-05-30,12.9,,,,,2026-06-08,8.8,,,,,2026-06-25,16.9,,,,,2026-07-12,16.6,,,,,2026-07-26,14.4,,,
20381.0058,20381.0058,SAN ANTONIO 3,CIBOLO,CIBOLO VALLEY HEIGHTS,2025-06-10,2025-06-18,2025-06-22,12.3,2025-06-22,4,4,2025-06-23,2025-06-23,4.7,2025-06-25,0,2,2025-07-02,2025-07-06,12.9,2025-07-05,4,3,2025-07-09,2025-07-11,8.8,2025-07-15,2,6,2025-07-23,2025-07-26,16.9,2025-07-27,3,4,2025-08-12,2025-08-09,16.6,2025-08-13,-3,1,2025-08-25,2025-08-26,14.4,2025-08-25,1,0
20013.0502,20013.0502,AUSTIN 1,LIBERTY HILL,SANTA RITA RANCH,2025-11-10,2025-11-20,2025-11-18,7.6,2025-11-18,-2,-2,2025-11-24,2025-11-27,6.7,2025-11-26,3,2,2025-12-12,2025-12-06,12.3,2025-12-09,-6,-3,2025-12-23,2025-12-23,11.4,2025-12-23,0,0,2026-01-13,2026-01-08,16.0,2026-01-13,-5,0,2026-02-06,2026-02-22,40.0,2026-04-26,16,79,2026-02-16,2026-02-17,10.5,2026-05-10,1,83
20014.0004,167083,AUSTIN 1,LIBERTY HILL,SANTA RITA RANCH RENTALS,2022-08-15,2022-09-06,2022-08-20,4.8,,-17,,2022-09-08,2022-09-11,4.8,,3,,2022-10-18,2022-09-21,13.3,,-27,,2022-10-27,2022-10-29,11.4,,2,,2022-11-14,2022-11-14,18.5,,0,,2022-12-29,2022-12-11,27.0,,-18,,2023-01-31,2023-01-09,10.6,,-22,
20014.0008,167121,AUSTIN 1,LIBERTY HILL,SANTA RITA RANCH RENTALS,2022-04-19,2022-04-29,2022-04-24,5.1,,-5,,2022-05-09,2022-05-05,5.5,,-4,,2022-06-18,2022-05-22,13.2,,-27,,2022-07-02,2022-06-29,11.3,,-3,,2022-07-27,2022-07-21,18.5,,-6,,2022-10-14,2022-08-26,29.5,,-49,,2022-10-26,2022-10-25,10.6,,-1,
20014.0018,167084,AUSTIN 1,LIBERTY HILL,SANTA RITA RANCH RENTALS,2022-08-15,2022-09-06,2022-08-20,5.0,,-17,,2022-09-14,2022-09-11,4.8,,-3,,2022-10-13,2022-09-27,13.4,,-16,,2022-10-19,2022-10-24,11.4,,5,,2022-11-14,2022-11-08,20.0,,-6,,2023-01-26,2022-12-11,26.7,,-46,,2023-02-28,2023-02-06,10.6,,-22,
20014.0021,167122,AUSTIN 1,LIBERTY HILL,SANTA RITA RANCH RENTALS,2022-04-19,2022-04-29,2022-04-24,5.2,,-5,,2022-05-09,2022-05-05,5.5,,-4,,2022-06-17,2022-05-22,13.3,,-26,,2022-07-01,2022-06-28,11.3,,-3,,2022-07-27,2022-07-20,19.3,,-7,,2022-10-14,2022-08-26,29.5,,-49,,2022-10-26,2022-10-25,10.6,,-1,
20014.0031,167123,AUSTIN 1,LIBERTY HILL,SANTA RITA RANCH RENTALS,2022-04-20,2022-05-05,2022-04-26,6.3,,-9,,2022-05-13,2022-05-11,5.5,,-2,,2022-07-08,2022-05-26,13.2,,-43,,2022-07-22,2022-07-19,11.3,,-3,,2022-08-04,2022-08-10,18.5,,6,,2022-10-14,2022-09-03,29.8,,-41,,2022-10-26,2022-10-25,10.6,,-1,
20014.0065,167124,AUSTIN 1,LIBERTY HILL,SANTA RITA RANCH RENTALS,2022-05-04,2022-05-20,2022-05-11,6.7,,-9,,2022-05-30,2022-05-26,5.5,,-4,,2022-07-25,2022-06-12,13.3,,-43,,2022-08-09,2022-08-05,11.5,,-4,,2022-09-08,2022-08-26,17.2,,-13,,2022-10-04,2022-10-10,31.6,,6,,2022-11-30,2022-10-15,10.6,,-46,
20014.0074,167229,AUSTIN 1,LIBERTY HILL,SANTA RITA RANCH RENTALS,2024-01-20,2024-01-30,2024-01-27,6.9,,-3,,2024-02-08,2024-02-04,4.7,,-4,,2024-02-15,2024-02-22,13.8,,7,,2024-02-20,2024-02-27,12.3,,7,,2024-03-13,2024-03-13,22.1,,0,,2024-04-05,2024-04-10,27.8,,5,,2024-04-11,2024-04-16,10.6,,5,
20014.0076,167081,AUSTIN 1,LIBERTY HILL,SANTA RITA RANCH RENTALS,2022-08-15,2022-08-31,2022-08-20,4.9,,-11,,2022-09-06,2022-09-06,5.9,,0,,2022-09-30,2022-09-19,13.2,,-11,,2022-10-11,2022-10-11,11.3,,0,,2022-11-14,2022-10-28,16.8,,-17,,2023-02-10,2022-12-11,26.7,,-61,,2023-02-28,2023-02-21,10.6,,-7,
20014.0078,167118,AUSTIN 1,LIBERTY HILL,SANTA RITA RANCH RENTALS,2022-05-04,2022-05-19,2022-05-11,6.7,,-8,,2022-05-28,2022-05-25,5.5,,-3,,2022-07-09,2022-06-10,13.4,,-29,,2022-07-23,2022-07-20,11.3,,-3,,2022-09-12,2022-08-11,19.3,,-32,,2022-10-04,2022-10-11,28.7,,7,,2022-11-30,2022-10-15,10.6,,-46,
20014.0088,167080,AUSTIN 1,LIBERTY HILL,SANTA RITA RANCH RENTALS,2022-08-09,2022-08-24,2022-08-14,5.1,,-10,,2022-08-31,2022-08-30,5.6,,-1,,2022-09-22,2022-09-13,13.5,,-9,,2022-10-06,2022-10-03,11.3,,-3,,2022-11-14,2022-10-24,17.6,,-21,,2022-12-16,2022-12-11,26.7,,-5,,2022-12-30,2022-12-27,10.6,,-3,
20014.0089,167112,AUSTIN 1,LIBERTY HILL,SANTA RITA RANCH RENTALS,2022-07-15,2022-08-03,2022-07-21,5.6,,-13,,2022-08-09,2022-08-09,5.6,,0,,2022-09-21,2022-08-22,13.5,,-30,,2022-09-30,2022-10-02,11.3,,2,,2022-11-01,2022-10-19,18.8,,-13,,2022-12-28,2022-11-30,28.8,,-28,,2023-02-24,2023-01-08,10.6,,-47,
20014.0090,167119,AUSTIN 1,LIBERTY HILL,SANTA RITA RANCH RENTALS,2022-05-04,2022-05-19,2022-05-11,6.7,,-8,,2022-05-28,2022-05-25,5.5,,-3,,2022-07-22,2022-06-10,13.4,,-42,,2022-08-03,2022-08-02,11.5,,-1,,2022-08-26,2022-08-21,18.4,,-5,,2022-09-30,2022-09-25,29.5,,-5,,2022-11-30,2022-10-11,10.6,,-50,
20014.0098,167082,AUSTIN 1,LIBERTY HILL,SANTA RITA RANCH RENTALS,2022-08-15,2022-09-06,2022-08-20,5.0,,-17,,2022-09-06,2022-09-11,4.8,,5,,2022-09-30,2022-09-19,13.4,,-11,,2022-10-11,2022-10-11,11.3,,0,,2022-11-14,2022-10-28,17.5,,-17,,2022-12-12,2022-12-11,26.7,,-1,,2023-01-31,2022-12-23,10.6,,-39,
20014.0103,167113,AUSTIN 1,LIBERTY HILL,SANTA RITA RANCH RENTALS,2022-07-15,2022-08-03,2022-07-21,5.7,,-13,,2022-08-09,2022-08-09,5.6,,0,,2022-08-30,2022-08-22,13.4,,-8,,2022-09-12,2022-09-10,11.5,,-2,,2022-11-01,2022-09-30,18.1,,-32,,2022-11-03,2022-11-30,28.8,,27,,2022-12-30,2022-11-14,10.6,,-46,
20014.0105,167115,AUSTIN 1,LIBERTY HILL,SANTA RITA RANCH RENTALS,2022-07-11,2022-08-03,2022-07-16,4.5,,-18,,2022-08-09,2022-08-09,5.6,,0,,2022-08-22,2022-08-22,13.4,,0,,2022-09-01,2022-09-03,12.0,,2,,2022-11-01,2022-09-18,17.1,,-44,,2022-11-03,2022-11-29,27.8,,26,,2022-12-30,2022-11-14,10.6,,-46,
20014.0125,167111,AUSTIN 1,LIBERTY HILL,SANTA RITA RANCH RENTALS,2022-07-15,2022-08-03,2022-07-21,5.7,,-13,,2022-08-09,2022-08-09,5.6,,0,,2022-08-30,2022-08-22,13.4,,-8,,2022-09-09,2022-09-10,11.5,,1,,2022-11-01,2022-09-26,17.2,,-36,,2022-12-29,2022-11-30,28.8,,-29,,2023-01-31,2023-01-09,10.6,,-22,
20014.0126,167116,AUSTIN 1,LIBERTY HILL,SANTA RITA RANCH RENTALS,2022-07-11,2022-08-03,2022-07-16,4.8,,-18,,2022-08-09,2022-08-09,5.6,,0,,2022-08-24,2022-08-22,13.5,,-2,,2022-09-02,2022-09-04,11.5,,2,,2022-10-31,2022-09-22,20.1,,-39,,2022-11-01,2022-11-28,27.8,,27,,2022-12-30,2022-11-12,10.6,,-48,
20014.0137,167199,AUSTIN 1,LIBERTY HILL,SANTA RITA RANCH RENTALS,2023-05-05,2023-05-16,2023-05-12,7.5,,-4,,2023-05-23,2023-05-21,5.5,,-2,,2023-06-09,2023-06-06,13.6,,-3,,2023-06-19,2023-06-20,11.3,,1,,2023-07-14,2023-07-11,22.3,,-3,,2023-08-25,2023-08-13,29.5,,-12,,2023-08-31,2023-09-05,10.6,,5,
20014.0144,167125,AUSTIN 1,LIBERTY HILL,SANTA RITA RANCH RENTALS,2022-04-20,2022-05-05,2022-04-27,6.6,,-8,,2022-05-13,2022-05-11,5.5,,-2,,2022-06-21,2022-05-26,13.2,,-26,,2022-07-06,2022-07-02,11.3,,-4,,2022-07-25,2022-07-25,18.8,,0,,2022-10-14,2022-08-24,29.8,,-51,,2022-10-26,2022-10-25,10.6,,-1,
20014.0160,167117,AUSTIN 1,LIBERTY HILL,SANTA RITA RANCH RENTALS,2022-07-11,2022-08-03,2022-07-16,4.5,,-18,,2022-08-09,2022-08-09,5.6,,0,,2022-09-09,2022-08-22,13.4,,-18,,2022-09-26,2022-09-20,11.3,,-6,,2022-11-01,2022-10-14,17.6,,-18,,2022-12-30,2022-11-29,27.8,,-31,,2023-02-24,2023-01-10,10.6,,-45,
20014.0161,167120,AUSTIN 1,LIBERTY HILL,SANTA RITA RANCH RENTALS,2022-05-04,2022-05-19,2022-05-11,6.6,,-8,,2022-05-29,2022-05-25,5.5,,-4,,2022-07-25,2022-06-11,13.2,,-44,,2022-08-04,2022-08-05,11.5,,1,,2022-09-08,2022-08-22,18.0,,-17,,2022-09-30,2022-10-07,28.7,,7,,2022-11-30,2022-10-11,10.6,,-50,
20014.0165,167173,AUSTIN 1,LIBERTY HILL,SANTA RITA RANCH RENTALS,2023-04-11,2023-04-18,2023-04-16,5.4,,-2,,2023-04-21,2023-04-23,4.7,,2,,2023-05-05,2023-05-04,13.2,,-1,,2023-05-25,2023-05-17,12.2,,-8,,2023-06-12,2023-06-12,18.3,,0,,2023-08-22,2023-07-12,29.8,,-41,,2023-08-29,2023-09-02,10.6,,4,
20379.0020,20379.0020,AUSTIN 1,LIBERTY HILL,EL DORADO,2026-02-16,2026-03-03,2026-02-21,5.4,2026-05-03,-10,61,2026-03-09,2026-03-08,4.9,2026-05-10,-1,62,2026-03-13,2026-03-21,11.8,2026-05-21,8,69,2026-03-23,2026-03-25,11.8,2026-05-30,2,68,2026-04-07,2026-04-12,19.7,2026-06-14,5,68,2026-04-21,2026-05-17,40.5,2026-07-23,26,93,2026-04-27,2026-05-01,10.4,2026-08-03,4,98
20020.0330,20020.0330,AUSTIN 2,BASTROP,THE COLONY,2026-04-06,2026-04-10,2026-04-12,5.7,,2,,2026-04-15,2026-04-16,5.7,,1,,2026-04-29,2026-04-26,10.7,,-3,,,2026-05-09,9.5,,,,,2026-05-27,17.5,,,,,2026-06-16,20.5,,,,,2026-06-30,13.9,,,
20378.0048,20378.0048,AUSTIN 2,GEORGETOWN,WOODSIDE,2025-12-05,2025-12-10,2025-12-11,5.9,2025-12-16,1,6,2025-12-17,2025-12-15,4.9,2025-12-16,-2,-1,2026-01-07,2026-01-01,15.0,2026-01-07,-6,0,2026-01-16,2026-01-18,11.1,2026-01-15,2,-1,2026-01-30,2026-01-31,15.5,2026-04-26,1,86,2026-03-06,2026-02-23,23.7,2026-05-29,-11,84,2026-03-27,2026-03-19,12.9,2026-06-14,-8,79
20024.0320,20024.0320,AUSTIN 3,AUSTIN,EASTON PARK,2026-04-06,2026-04-17,2026-04-14,8.4,,-3,,2026-04-22,2026-04-23,5.9,,1,,,2026-05-17,24.8,,,,,2026-05-31,14.3,,,,,2026-06-14,13.7,,,,,2026-07-06,22.1,,,,,2026-07-17,11.4,,,
20024.0326,20024.0326,AUSTIN 3,AUSTIN,EASTON PARK,2025-12-04,2025-12-12,2025-12-13,8.8,2025-12-12,1,0,2025-12-16,2025-12-18,6.0,2025-12-17,2,1,2026-01-14,2026-01-10,24.8,2026-01-10,-4,-4,2026-01-27,2026-01-28,14.3,2026-01-28,1,1,2026-02-13,2026-02-09,12.9,2026-04-26,-4,72,2026-03-09,2026-03-03,18.3,2026-05-11,-6,63,2026-03-13,2026-03-20,11.4,2026-05-24,7,72
20026.0279,20026.0279,AUSTIN 3,KYLE,6 CREEKS,2026-03-12,2026-03-17,2026-03-20,7.9,,3,,2026-03-19,2026-03-23,5.8,,4,,2026-04-08,2026-04-08,20.4,,0,,2026-04-27,2026-04-21,12.9,,-6,,,2026-05-12,15.3,,,,,2026-06-05,24.0,,,,,2026-06-12,7.3,,,
20413.0016,20413.0016,PERRY D1,FORNEY,MERAKI,2026-02-06,2026-02-16,2026-02-14,7.6,2026-05-09,-2,82,2026-02-17,2026-02-20,3.8,2026-05-15,3,87,2026-02-27,2026-03-03,14.4,2026-05-31,4,93,2026-03-13,2026-03-11,12.3,2026-06-12,-2,91,2026-03-30,2026-03-23,9.7,2026-06-30,-7,92,2026-04-06,2026-04-17,17.6,2026-07-17,11,102,2026-04-16,2026-04-21,14.5,2026-08-03,5,109
20055.0083,346085,PERRY D3,CELINA,NORTH SKY,2024-06-26,2024-07-03,2024-07-09,12.8,,6,,2024-07-09,2024-07-08,4.9,,-1,,2024-07-25,2024-07-25,15.7,,0,,2024-08-07,2024-08-05,11.1,,-2,,2024-08-16,2024-08-20,12.8,,4,,2024-08-29,2024-09-05,19.5,,7,,2024-10-11,2024-09-15,16.9,,-26,
20400.0010,20400.0010,PERRY D3,LUCAS,ENCHANTED CREEK,2026-04-06,2026-04-28,2026-04-21,15.2,,-7,,,2026-05-06,7.9,,,,,2026-05-28,22.2,,,,,2026-06-13,16.5,,,,,2026-07-06,23.1,,,,,2026-07-29,22.6,,,,,2026-08-28,29.8,,,
20035.0009,146272,PERRY D4,FORT WORTH,VENTANA RENTALS,2025-09-15,2025-09-22,2025-09-27,11.6,,5,,2025-09-30,2025-09-29,6.6,,-1,,2025-10-21,2025-10-15,15.4,,-6,,2025-11-03,2025-11-02,12.0,,-1,,2025-11-14,2025-11-18,15.0,,4,,2025-11-28,2025-12-12,27.7,,14,,2025-11-30,2025-12-16,18.4,,16,
20035.0050,146328,PERRY D4,FORT WORTH,VENTANA RENTALS,2025-01-23,2025-01-23,2025-02-04,12.0,,12,,2025-02-04,2025-01-30,7.4,,-5,,2025-02-24,2025-02-19,15.4,,-5,,2025-02-25,2025-03-08,12.0,,11,,2025-03-21,2025-03-12,15.0,,-9,,2025-04-13,2025-04-08,17.6,,-5,,2025-04-28,2025-05-01,17.8,,3,
20035.0087,146268,PERRY D4,FORT WORTH,VENTANA RENTALS,2025-09-17,2025-09-23,2025-09-28,11.5,,5,,2025-09-30,2025-10-01,7.6,,1,,2025-10-21,2025-10-15,15.4,,-6,,2025-11-03,2025-11-01,11.4,,-2,,2025-11-07,2025-11-18,15.0,,11,,2025-11-21,2025-12-03,25.7,,12,,2025-11-30,2025-12-10,18.6,,10,
20035.0094,146248,PERRY D4,FORT WORTH,VENTANA RENTALS,2025-08-25,2025-08-29,2025-09-06,12.4,,8,,2025-08-29,2025-09-06,8.1,,8,,2025-09-16,2025-09-14,15.5,,-2,,2025-09-23,2025-09-29,12.7,,6,,2025-10-10,2025-10-08,14.8,,-2,,2025-10-21,2025-10-30,19.8,,9,,2025-10-31,2025-11-09,18.5,,9,
20035.0096,146264,PERRY D4,FORT WORTH,VENTANA RENTALS,2025-09-29,2025-10-03,2025-10-11,11.5,,8,,2025-10-09,2025-10-11,7.8,,2,,2025-10-21,2025-10-24,15.4,,3,,2025-11-03,2025-11-02,12.0,,-1,,2025-11-07,2025-11-18,15.0,,11,,2025-11-21,2025-12-02,25.4,,11,,2025-11-30,2025-12-10,18.5,,10,
20035.0100,146377,PERRY D4,FORT WORTH,VENTANA RENTALS,2024-03-20,2024-04-06,2024-04-02,13.2,,-4,,2024-04-19,2024-04-13,7.0,,-6,,2024-05-06,2024-05-08,18.8,,2,,2024-05-08,2024-05-19,13.2,,11,,2024-06-15,2024-05-23,15.0,,-23,,2024-08-19,2024-07-02,16.6,,-48,,2024-08-31,2024-09-06,17.9,,6,
20035.0110,146259,PERRY D4,FORT WORTH,VENTANA RENTALS,2025-08-19,2025-08-19,2025-08-31,12.2,,12,,2025-08-22,2025-08-27,7.5,,5,,2025-09-16,2025-09-07,15.5,,-9,,2025-09-23,2025-09-28,12.1,,5,,2025-10-21,2025-10-08,14.8,,-13,,,2025-11-06,16.2,,,,2025-10-31,2025-11-24,18.5,,24,
20035.0112,146267,PERRY D4,FORT WORTH,VENTANA RENTALS,2025-09-17,2025-09-29,2025-09-28,11.5,,-1,,2025-10-09,2025-10-06,7.2,,-3,,2025-10-22,2025-10-25,15.6,,3,,2025-11-03,2025-11-04,13.1,,1,,2025-11-07,2025-11-18,15.0,,11,,2025-11-21,2025-12-03,25.9,,12,,2025-11-30,2025-12-10,18.6,,10,
20035.0119,146326,PERRY D4,FORT WORTH,VENTANA RENTALS,2025-01-21,2025-01-21,2025-02-02,12.0,,12,,2025-02-04,2025-01-28,7.2,,-7,,2025-02-24,2025-02-19,15.4,,-5,,2025-02-25,2025-03-08,12.0,,11,,2025-03-18,2025-03-12,15.0,,-6,,2025-04-13,2025-04-03,15.7,,-10,,2025-04-28,2025-05-01,17.7,,3,
20035.0120,146332,PERRY D4,FORT WORTH,VENTANA RENTALS,2025-04-02,2025-04-07,2025-04-15,12.6,,8,,2025-04-09,2025-04-14,7.4,,5,,2025-05-03,2025-04-25,15.5,,-8,,2025-05-12,2025-05-14,11.3,,2,,2025-05-29,2025-05-27,15.0,,-2,,2025-06-17,2025-06-14,16.0,,-3,,2025-06-30,2025-07-06,19.2,,6,
20035.0121,146339,PERRY D4,FORT WORTH,VENTANA RENTALS,2025-02-26,2025-03-05,2025-03-10,11.9,,5,,2025-03-10,2025-03-12,7.1,,2,,2025-03-31,2025-03-25,15.4,,-6,,2025-04-11,2025-04-11,11.3,,0,,2025-04-18,2025-04-26,15.0,,8,,2025-05-08,2025-05-11,23.2,,3,,2025-06-06,2025-05-27,18.8,,-10,
20035.0145,146331,PERRY D4,FORT WORTH,VENTANA RENTALS,2025-03-31,2025-04-07,2025-04-13,12.6,,6,,2025-04-09,2025-04-14,7.4,,5,,2025-04-22,2025-04-25,15.5,,3,,2025-05-01,2025-05-04,12.2,,3,,2025-05-14,2025-05-16,15.0,,2,,2025-06-04,2025-06-03,19.7,,-1,,2025-06-30,2025-06-23,18.5,,-7,
20035.0159,146249,PERRY D4,FORT WORTH,VENTANA RENTALS,2025-08-11,2025-08-14,2025-08-23,12.1,,9,,2025-08-20,2025-08-22,8.0,,2,,2025-09-12,2025-09-04,15.4,,-8,,2025-09-23,2025-09-25,12.5,,2,,2025-10-21,2025-10-08,14.8,,-13,,,2025-11-05,14.7,,,,2025-10-31,2025-11-23,18.2,,23,
20035.0168,146254,PERRY D4,FORT WORTH,VENTANA RENTALS,2025-08-11,2025-08-20,2025-08-23,12.1,,3,,2025-08-28,2025-08-28,8.1,,0,,2025-09-16,2025-09-12,15.4,,-4,,2025-09-23,2025-09-30,13.8,,7,,2025-10-21,2025-10-08,14.8,,-13,,2025-10-21,2025-11-05,14.7,,15,,2025-10-31,2025-11-08,18.5,,8,
20035.0169,146260,PERRY D4,FORT WORTH,VENTANA RENTALS,2025-08-11,2025-08-20,2025-08-23,12.2,,3,,2025-08-22,2025-08-28,7.7,,6,,2025-09-16,2025-09-07,15.5,,-9,,2025-09-23,2025-09-28,12.3,,5,,2025-10-21,2025-10-08,14.8,,-13,,,2025-11-06,16.2,,,,2025-10-31,2025-11-24,18.5,,24,
20035.0188,146300,PERRY D4,FORT WORTH,VENTANA RENTALS,2025-05-19,2025-05-28,2025-06-01,12.8,,4,,2025-05-28,2025-06-04,6.6,,7,,2025-06-05,2025-06-13,15.5,,8,,2025-06-13,2025-06-18,13.3,,5,,2025-06-29,2025-06-28,14.8,,-1,,2025-07-23,2025-07-16,16.5,,-7,,2025-07-31,2025-08-09,17.2,,9,
20124.0047,695028,HOUSTON 1,MONT BELVIEU,RICELAND,2024-06-04,2024-06-21,2024-06-20,16.5,,-1,,2024-07-09,2024-06-28,7.4,,-11,,2024-08-06,2024-07-22,13.2,,-15,,2024-08-20,2024-08-18,11.9,,-2,,,2024-09-07,17.9,,,,,2024-10-06,29.4,,,,,2024-10-16,10.3,,,
20124.0015,694017,HOUSTON 1,MONT BELVIEU,RICELAND,2025-10-03,2025-11-10,2025-10-20,16.5,,-21,,2025-11-19,2025-11-18,7.6,,-1,,2025-11-27,2025-12-02,13.2,,5,,2025-12-05,2025-12-09,11.9,,4,,2025-12-19,2025-12-23,17.9,,4,,2026-01-07,2026-01-17,29.4,,10,,2026-01-14,2026-01-17,10.3,,3,
20132.1164,20132.1164,HOUSTON 1,MANVEL,MERIDIANA,2025-10-17,2025-11-19,2025-11-06,19.5,2025-11-04,-13,-15,2025-11-29,2025-11-28,9.0,2025-11-24,-1,-5,2025-12-10,2025-12-07,8.2,2025-12-10,-3,0,2025-12-22,2025-12-20,9.5,2025-12-22,-2,0,2025-12-31,2026-01-08,16.8,2025-12-30,8,-1,,2026-01-22,22.1,2026-04-26,,,,2026-02-03,12.0,2026-05-06,,
20132.1165,20132.1165,HOUSTON 1,MANVEL,MERIDIANA,2025-10-21,2025-11-19,2025-11-05,15.4,2025-11-08,-14,-11,2025-11-24,2025-11-28,8.9,2025-11-24,4,0,2025-12-04,2025-12-03,9.2,2025-12-05,-1,1,2025-12-10,2025-12-15,11.2,2025-12-16,5,6,2025-12-19,2025-12-28,18.2,2025-12-18,9,-1,,2026-01-07,18.8,2026-04-26,,,,2026-01-19,12.2,2026-05-06,,
20132.1167,20132.1167,HOUSTON 1,MANVEL,MERIDIANA,2025-10-14,2025-11-11,2025-11-01,17.7,2025-11-01,-10,-10,2025-11-14,2025-11-19,7.8,2025-11-16,5,2,2025-11-21,2025-11-23,9.2,2025-11-25,2,4,2025-12-02,2025-12-01,10.3,2025-12-03,-1,1,2025-12-10,2025-12-16,13.8,2025-12-10,6,0,,2025-12-28,17.7,2026-04-26,,,,2026-01-10,12.5,2026-05-06,,
20132.1183,20132.1183,HOUSTON 1,MANVEL,MERIDIANA,2025-12-31,2026-01-18,2026-01-15,14.8,2026-01-18,-3,0,2026-01-23,2026-01-26,8.0,2026-01-23,3,0,2026-02-02,2026-02-01,9.2,2026-04-26,-1,83,2026-02-09,2026-02-10,7.9,2026-05-08,1,88,2026-02-16,2026-02-25,15.7,2026-05-16,9,89,,2026-03-08,19.8,2026-06-26,,,,2026-03-20,12.5,2026-07-06,,
20183.0317,20183.0317,HOUSTON 2,MAGNOLIA,AUDUBON,2025-12-23,2026-01-09,2026-01-10,17.8,2026-01-14,1,5,2026-01-14,2026-01-15,5.8,2026-01-14,1,0,2026-02-04,2026-01-26,12.1,2026-04-26,-9,81,2026-03-06,2026-02-14,10.3,2026-05-07,-20,62,2026-03-06,2026-03-24,17.9,2026-05-24,18,79,,2026-04-05,29.9,2026-06-09,,,,2026-04-20,15.1,2026-07-04,,
20358.0047,20358.0047,HOUSTON 2,MONTGOMERY,TWO STEP FARM,2026-03-06,2026-04-20,2026-03-23,16.7,,-28,,2026-04-27,2026-04-24,4.3,,-3,,,2026-05-08,11.1,,,,,2026-05-21,12.7,,,,,2026-06-07,16.6,,,,,2026-07-05,28.1,,,,,2026-07-24,18.5,,,
20358.0048,20358.0048,HOUSTON 2,MONTGOMERY,TWO STEP FARM,2026-03-04,2026-03-19,2026-03-21,17.0,,2,,2026-03-24,2026-03-25,6.1,,1,,2026-04-13,2026-04-06,12.9,,-7,,2026-04-27,2026-04-26,12.7,,-1,,,2026-05-14,16.6,,,,,2026-06-11,28.1,,,,,2026-06-30,18.5,,,
20358.0049,20358.0049,HOUSTON 2,MONTGOMERY,TWO STEP FARM,2026-02-26,2026-03-10,2026-03-10,12.0,,0,,2026-03-12,2026-03-14,4.3,,2,,2026-03-27,2026-03-27,14.7,,0,,2026-04-10,2026-04-09,12.6,,-1,,,2026-04-27,16.6,,,,,2026-05-25,28.1,,,,,2026-06-13,18.5,,,
20358.0055,20358.0055,HOUSTON 2,MONTGOMERY,TWO STEP FARM,2025-11-13,2025-12-01,2025-11-28,15.3,2025-12-02,-3,1,2025-12-03,2025-12-05,3.7,2025-12-09,2,6,2025-12-11,2025-12-13,9.9,2025-12-12,2,1,2025-12-22,2025-12-24,12.7,2025-12-21,2,-1,2026-01-08,2026-01-08,16.9,2026-01-06,0,-2,,2026-03-05,55.7,2026-04-26,,,2026-04-10,2026-03-24,19.1,2026-05-21,-17,41
20358.0056,20358.0056,HOUSTON 2,MONTGOMERY,TWO STEP FARM,2026-03-12,2026-04-02,2026-03-26,14.2,,-7,,2026-04-07,2026-04-08,5.6,,1,,2026-04-25,2026-04-16,9.4,,-9,,,2026-05-08,12.7,,,,,2026-05-25,16.6,,,,,2026-06-22,28.1,,,,,2026-07-11,18.5,,,
20358.0057,20358.0057,HOUSTON 2,MONTGOMERY,TWO STEP FARM,2025-10-30,2025-11-12,2025-11-14,14.5,2025-11-18,2,6,2025-11-17,2025-11-17,4.6,2025-11-20,0,3,2025-11-25,2025-11-28,10.8,2025-11-26,3,1,2025-12-08,2025-12-08,12.6,2025-12-05,0,-3,2025-12-22,2025-12-25,16.9,2025-12-23,3,1,,2026-02-16,55.7,2026-04-26,,,2026-04-17,2026-03-07,19.1,2026-05-21,-41,34
20358.0084,20358.0084,HOUSTON 2,MONTGOMERY,TWO STEP FARM,2025-11-11,2025-12-09,2025-11-27,15.8,2025-12-07,-12,-2,2025-12-15,2025-12-13,4.3,2025-12-12,-2,-3,2025-12-27,2026-01-03,18.7,2025-12-26,7,-1,2026-01-07,2026-01-09,12.7,2026-01-07,2,0,2026-01-26,2026-01-24,16.6,2026-01-23,-2,-3,2026-04-21,2026-03-23,55.7,2026-04-26,-29,5,,2026-05-10,19.1,2026-05-21,,
20358.0087,20358.0087,HOUSTON 2,MONTGOMERY,TWO STEP FARM,2025-11-18,2025-12-03,2025-12-02,13.6,2025-12-14,-1,11,2025-12-08,2025-12-08,4.6,2025-12-06,0,-2,2025-12-17,2025-12-25,16.7,2025-12-19,8,2,2025-12-30,2025-12-30,12.7,2025-12-28,0,-2,2026-01-12,2026-01-16,16.9,2026-01-15,4,3,2026-04-21,2026-03-09,55.7,2026-04-26,-43,5,,2026-05-10,19.1,2026-05-21,,
20358.0089,20358.0089,HOUSTON 2,MONTGOMERY,TWO STEP FARM,2026-03-06,2026-04-13,2026-03-22,16.1,,-22,,2026-04-17,2026-04-18,4.8,,1,,2026-04-29,2026-05-10,23.5,,11,,,2026-05-12,12.7,,,,,2026-05-29,16.6,,,,,2026-06-28,29.5,,,,,2026-07-17,18.5,,,
20358.0091,20358.0091,HOUSTON 2,MONTGOMERY,TWO STEP FARM,2026-01-02,2026-01-28,2026-01-17,15.2,2026-01-28,-11,0,2026-02-02,2026-02-02,5.2,2026-04-26,0,83,2026-02-13,2026-02-23,20.6,2026-05-07,10,83,2026-02-25,2026-02-26,12.7,2026-05-18,1,82,2026-03-09,2026-03-14,16.6,2026-06-03,5,86,2026-04-14,2026-05-06,58.4,2026-06-19,22,66,2026-04-17,2026-05-03,18.5,2026-07-14,16,88
20364.0068,20364.0068,HOUSTON 2,MONTGOMERY,KRESSTON,2026-01-08,2026-02-06,2026-01-26,17.8,2026-04-26,-11,79,2026-02-11,2026-02-12,6.0,2026-05-01,1,79,2026-02-25,2026-02-25,13.6,2026-05-21,0,85,2026-03-09,2026-03-10,12.7,2026-06-03,1,86,2026-03-18,2026-03-26,16.6,2026-06-15,8,89,2026-04-08,2026-04-15,28.1,2026-07-01,7,84,2026-04-15,2026-04-27,18.5,2026-07-26,12,102
20377.0052,20377.0052,HOUSTON 2,TODD MISSION,COLTON,2025-03-06,2025-03-17,2025-03-18,12.4,2025-03-23,1,6,2025-03-17,2025-03-22,4.8,2025-03-20,5,3,2025-03-28,2025-03-31,13.9,2025-03-29,3,1,2025-04-02,2025-04-06,8.8,2025-04-04,4,2,2025-04-11,2025-04-18,15.9,2025-04-15,7,4,2025-04-21,2025-05-01,19.6,2025-04-26,10,5,2025-04-30,2025-05-04,12.8,2025-04-30,4,0
20398.0125,20398.0125,HOUSTON 2,HOCKLEY,EVERLY,2026-03-10,2026-03-19,2026-03-21,11.5,,2,,2026-03-20,2026-03-25,6.2,,5,,2026-04-01,2026-04-01,12.0,,0,,2026-04-14,2026-04-12,10.9,,-2,,,2026-04-29,15.1,,,,,2026-05-21,21.8,,,,,2026-06-05,14.5,,,
20233.0596,20233.0596,HOUSTON 3,FULSHEAR,JORDAN RANCH,2026-01-28,2026-02-12,2026-02-09,12.2,2026-04-26,-3,73,2026-02-13,2026-02-18,5.5,2026-05-01,5,77,2026-02-26,2026-02-24,11.4,2026-05-15,-2,78,2026-03-04,2026-03-08,9.8,2026-05-25,4,82,2026-03-27,2026-03-22,18.5,2026-06-10,-5,75,2026-04-08,2026-04-09,13.4,2026-07-03,1,86,2026-04-17,2026-04-20,12.5,2026-07-15,3,89
20233.0598,20233.0598,HOUSTON 3,FULSHEAR,JORDAN RANCH,2025-12-05,2025-12-18,2025-12-17,11.8,2025-12-22,-1,4,2025-12-19,2025-12-24,6.3,2025-12-23,5,4,2026-01-08,2025-12-30,11.4,2026-01-02,-9,-6,2026-01-20,2026-01-18,9.8,2026-01-18,-2,-2,2026-02-03,2026-02-07,18.4,2026-04-26,4,82,2026-03-05,2026-02-21,18.2,2026-05-19,-12,75,2026-03-11,2026-03-17,12.3,2026-05-31,6,81
20267.0537,20267.0537,HOUSTON 3,RICHMOND,CANDELA,2025-12-09,2025-12-18,2025-12-18,8.7,2025-12-23,0,5,2025-12-26,2025-12-24,5.6,2025-12-23,-2,-3,2026-01-10,2026-01-06,10.6,2026-01-08,-4,-2,2026-01-21,2026-01-17,6.7,2026-01-18,-4,-3,2026-01-30,2026-02-03,12.8,2026-04-26,4,86,2026-02-17,2026-02-19,19.8,2026-05-19,2,91,2026-02-25,2026-03-01,11.8,2026-05-31,4,95
20267.0539,20267.0539,HOUSTON 3,RICHMOND,CANDELA,2025-09-16,2025-09-23,2025-09-25,8.7,2025-09-30,2,7,2025-09-29,2025-09-27,4.4,2025-09-28,-2,-1,2025-10-07,2025-10-09,10.2,2025-10-12,2,5,2025-10-14,2025-10-14,6.6,2025-10-15,0,1,2025-10-29,2025-10-27,12.5,2025-10-30,-2,1,2026-02-04,2025-12-17,48.5,2026-04-26,-49,81,2026-02-20,2026-02-17,13.4,2026-05-08,-3,77
20359.0003,20359.0003,HOUSTON 3,KATY,GRANGE,2025-01-07,2025-01-23,2025-01-22,15.4,2025-01-24,-1,1,2025-01-29,2025-01-27,4.2,2025-01-28,-2,-1,2025-02-06,2025-02-09,10.7,2025-02-13,3,7,2025-02-10,2025-02-17,11.3,2025-02-15,7,5,2025-02-27,2025-03-04,21.6,2025-02-22,5,-5,2025-03-24,2025-03-14,15.5,2025-03-22,-10,-2,2025-04-03,2025-04-03,10.1,2025-04-03,0,0
20359.0084,20359.0084,HOUSTON 3,KATY,GRANGE,2025-12-16,2026-01-05,2026-01-01,16.4,2026-01-04,-4,-1,2026-01-07,2026-01-09,4.4,2026-01-08,2,1,2026-01-23,2026-01-25,18.2,2026-01-22,2,-1,2026-02-04,2026-02-03,10.9,2026-04-26,-1,81,2026-02-13,2026-02-22,18.4,2026-05-06,9,82,2026-03-04,2026-03-03,18.1,2026-05-28,-1,85,2026-03-18,2026-03-14,10.3,2026-06-09,-4,83
20209.0134,763065,HOUSTON 4,WILLIS,THE WOODLANDS HILLS,2026-02-11,2026-02-25,2026-02-26,14.8,,1,,2026-03-04,2026-03-02,5.4,,-2,,2026-03-26,2026-03-24,20.0,,-2,,2026-04-07,2026-04-06,11.1,,-1,,2026-04-28,2026-04-23,15.9,,-5,,,2026-05-29,31.0,,,,,2026-06-16,17.7,,,
20215.0019,194221,HOUSTON 4,CONROE,ARTAVIA,2023-11-07,2023-11-17,2023-11-18,10.7,,1,,2023-11-21,2023-11-22,5.1,,1,,2023-12-01,2023-12-01,10.5,,0,,2023-12-08,2023-12-10,9.0,,2,,2023-12-18,2023-12-24,15.5,,6,,2023-12-22,2024-01-02,14.7,,11,,2024-01-05,2024-01-05,14.1,,0,
20215.0366,20215.0366,HOUSTON 4,CONROE,ARTAVIA,2026-02-05,2026-02-13,2026-02-14,9.4,2026-05-08,1,84,2026-02-16,2026-02-17,3.6,2026-05-11,1,84,2026-02-25,2026-02-26,10.5,2026-05-20,1,84,2026-03-05,2026-03-06,9.0,2026-05-30,1,86,2026-03-17,2026-03-21,16.2,2026-06-28,4,103,2026-04-06,2026-04-03,16.9,2026-07-12,-3,97,2026-04-15,2026-04-19,12.7,2026-07-20,4,96
20215.0380,20215.0380,HOUSTON 4,CONROE,ARTAVIA,2026-02-05,2026-02-28,2026-02-17,12.5,2026-05-08,-11,69,2026-03-04,2026-03-04,4.5,2026-05-11,0,68,2026-03-13,2026-03-14,10.4,2026-05-20,1,68,2026-03-23,2026-03-22,9.1,2026-05-30,-1,68,2026-04-16,2026-04-08,15.7,2026-06-28,-8,73,,2026-05-03,16.9,2026-07-12,,,,2026-05-17,14.2,2026-07-20,,
20215.0421,20215.0421,HOUSTON 4,CONROE,ARTAVIA,2026-02-11,2026-02-28,2026-02-21,10.0,,-7,,2026-03-03,2026-03-04,4.5,,1,,2026-03-12,2026-03-13,10.4,,1,,2026-03-19,2026-03-21,9.0,,2,,2026-04-16,2026-04-04,15.7,,-12,,2026-04-29,2026-05-02,16.2,,3,,,2026-05-13,14.2,,,
20218.0132,20218.0132,HOUSTON 4,CONROE,EVERGREEN,2025-12-23,2026-01-07,2026-01-05,12.7,2026-01-03,-2,-4,2026-01-08,2026-01-11,3.8,2026-01-11,3,3,2026-01-17,2026-01-18,10.5,2026-01-16,1,-1,2026-01-23,2026-01-27,9.9,2026-01-23,4,0,2026-02-12,2026-02-08,15.6,2026-04-26,-4,73,2026-02-22,2026-02-27,15.0,2026-05-13,5,80,2026-02-26,2026-03-08,13.8,2026-05-26,10,89
20218.0133,20218.0133,HOUSTON 4,CONROE,EVERGREEN,2026-02-13,2026-02-20,2026-02-24,11.0,,4,,2026-02-25,2026-02-24,3.8,,-1,,2026-03-05,2026-03-08,10.6,,3,,2026-03-13,2026-03-15,9.8,,2,,2026-03-27,2026-03-29,15.7,,2,,2026-04-07,2026-04-15,18.8,,8,,2026-04-17,2026-04-20,13.2,,3,
20218.0135,20218.0135,HOUSTON 4,CONROE,EVERGREEN,2026-02-10,2026-02-18,2026-02-20,9.5,,2,,2026-02-20,2026-02-22,3.6,,2,,2026-03-03,2026-03-02,10.5,,-1,,2026-03-09,2026-03-13,9.8,,4,,2026-03-20,2026-03-25,15.7,,5,,2026-03-30,2026-04-08,19.4,,9,,2026-04-08,2026-04-12,13.2,,4,
20218.0136,20218.0136,HOUSTON 4,CONROE,EVERGREEN,2025-12-23,2026-01-07,2026-01-07,14.6,2026-01-03,0,-4,2026-01-12,2026-01-11,3.8,2026-01-11,-1,-1,2026-01-20,2026-01-22,10.4,2026-01-20,2,0,2026-02-02,2026-01-30,10.0,2026-04-26,-3,83,2026-02-13,2026-02-18,15.6,2026-05-11,5,87,2026-02-20,2026-03-03,18.2,2026-05-28,11,97,2026-02-27,2026-03-06,14.1,2026-06-10,7,103
20388.0012,20388.0012,HOUSTON 4,MONTGOMERY,BRIARLEY,2026-01-29,2026-02-12,2026-02-11,13.4,2026-05-10,-1,87,2026-02-16,2026-02-18,6.3,2026-05-15,2,88,2026-03-07,2026-03-01,13.1,2026-05-25,-6,79,2026-03-17,2026-03-20,12.7,2026-06-08,3,83,2026-04-06,2026-04-03,16.6,2026-06-23,-3,78,2026-04-24,2026-05-04,28.1,2026-07-13,10,80,,2026-05-13,18.5,2026-07-30,,
20388.0062,20388.0062,HOUSTON 4,MONTGOMERY,BRIARLEY,2025-11-14,2025-12-01,2025-11-29,15.2,2025-12-06,-2,5,2025-12-08,2025-12-06,5.0,2025-12-07,-2,-1,2025-12-18,2025-12-23,14.7,2025-12-17,5,-1,2025-12-30,2025-12-31,12.7,2025-12-30,1,0,2026-01-12,2026-01-16,16.9,2026-01-11,4,-1,2026-02-03,2026-02-09,28.1,2026-04-26,6,82,2026-02-13,2026-02-22,18.5,2026-05-14,9,90
20175.0056,20175.0056,HOUSTON 5,HOCKLEY,JUBILEE,2025-12-16,2026-01-02,2026-01-01,15.5,2026-01-02,-1,0,2026-01-12,2026-01-09,7.0,2026-01-09,-3,-3,2026-01-24,2026-01-25,12.6,2026-01-26,1,2,2026-02-03,2026-02-05,11.6,2026-04-26,2,82,2026-02-19,2026-02-20,16.5,2026-05-13,1,83,2026-03-09,2026-03-12,21.3,2026-05-31,3,83,2026-03-18,2026-03-22,13.2,2026-06-10,4,84
20181.1038,20181.1038,HOUSTON 5,CYPRESS,BRIDGELAND,2026-01-14,2026-02-05,2026-01-28,13.5,2026-04-26,-8,80,2026-02-09,2026-02-10,5.0,2026-05-01,1,81,2026-02-20,2026-02-21,11.9,2026-05-17,1,86,2026-03-03,2026-03-02,9.6,2026-06-02,-1,91,2026-03-13,2026-03-18,15.5,2026-06-19,5,98,2026-03-26,2026-04-05,22.9,2026-07-12,10,108,2026-04-09,2026-04-10,15.3,2026-07-22,1,104
20181.1047,20181.1047,HOUSTON 5,CYPRESS,BRIDGELAND,2026-01-12,2026-01-22,2026-01-23,11.4,2026-01-23,1,1,2026-01-30,2026-01-28,6.0,2026-04-26,-2,86,2026-02-07,2026-02-11,11.8,2026-05-12,4,94,2026-02-23,2026-02-16,9.3,2026-05-28,-7,94,2026-03-06,2026-03-10,14.7,2026-06-14,4,100,2026-03-24,2026-03-22,16.3,2026-07-07,-2,105,2026-04-07,2026-04-07,14.2,2026-07-17,0,101
20181.1048,20181.1048,HOUSTON 5,CYPRESS,BRIDGELAND,2026-02-06,2026-02-26,2026-02-19,12.8,2026-05-07,-7,70,2026-03-04,2026-03-03,5.1,2026-05-12,-1,69,2026-03-14,2026-03-16,12.0,2026-05-28,2,75,2026-03-25,2026-03-23,9.2,2026-06-13,-2,80,2026-04-20,2026-04-10,15.6,2026-06-30,-10,71,,2026-05-04,13.6,2026-07-23,,,,2026-05-15,10.9,2026-08-02,,
20181.1182,20181.1182,HOUSTON 5,CYPRESS,BRIDGELAND,2026-02-09,2026-02-20,2026-02-19,10.3,2026-05-07,-1,76,2026-02-27,2026-02-26,6.0,2026-05-12,-1,74,2026-03-07,2026-03-11,11.8,2026-05-28,4,82,2026-03-16,2026-03-16,9.3,2026-06-13,0,89,2026-03-25,2026-03-30,14.1,2026-06-30,5,97,2026-04-20,2026-04-10,16.4,2026-07-23,-10,94,2026-04-28,2026-05-03,13.0,2026-08-02,5,96
20181.0989,20181.0989,HOUSTON 5,CYPRESS,BRIDGELAND,2026-01-07,2026-02-03,2026-01-21,13.6,2026-04-26,-13,82,2026-02-06,2026-02-08,5.3,2026-05-01,2,84,2026-02-17,2026-02-18,12.0,2026-05-10,1,82,2026-03-02,2026-02-26,9.3,2026-05-22,-4,81,2026-03-12,2026-03-20,17.6,2026-06-05,8,85,2026-04-08,2026-04-07,26.0,2026-07-01,-1,84,2026-04-10,2026-04-24,16.0,2026-07-14,14,95
20195.0121,20195.0121,HOUSTON 5,HOCKLEY,THE GRAND PRAIRIE,2025-11-11,2025-11-19,2025-11-20,9.5,2025-11-25,1,6,2025-11-25,2025-11-26,6.6,2025-11-25,1,0,2025-12-10,2025-12-07,11.9,2025-12-20,-3,10,2025-12-22,2025-12-21,11.4,2025-12-23,-1,1,2026-01-08,2026-01-05,13.7,2026-01-06,-3,-2,2026-01-23,2026-01-30,21.8,2026-01-29,7,6,2026-02-06,2026-02-05,13.2,2026-04-26,-1,79
20195.0156,20195.0156,HOUSTON 5,HOCKLEY,THE GRAND PRAIRIE,2025-11-04,2025-11-14,2025-11-13,9.2,2025-11-18,-1,4,2025-11-17,2025-11-20,6.5,2025-11-20,3,3,2025-12-03,2025-11-29,11.9,2025-12-12,-4,9,2025-12-12,2025-12-14,11.4,2025-12-16,2,4,2025-12-26,2025-12-28,16.0,2025-12-27,2,1,2026-01-21,2026-01-17,21.8,2026-01-16,-4,-5,2026-02-10,2026-02-03,13.2,2026-04-26,-7,75
20195.0159,20195.0159,HOUSTON 5,HOCKLEY,THE GRAND PRAIRIE,2025-11-11,2025-12-01,2025-11-26,15.5,2025-11-25,-5,-6,2025-12-08,2025-12-08,7.1,2025-12-07,0,-1,2025-12-18,2025-12-20,12.3,2026-01-02,2,15,2026-01-05,2025-12-30,11.8,2025-12-31,-6,-5,2026-01-16,2026-01-20,14.9,2026-01-20,4,4,2026-02-04,2026-02-07,21.8,2026-04-26,3,81,2026-02-19,2026-02-17,13.2,2026-05-13,-2,83
20195.0160,20195.0160,HOUSTON 5,HOCKLEY,THE GRAND PRAIRIE,2025-10-14,2025-11-11,2025-10-26,11.9,2025-10-28,-16,-14,2025-11-14,2025-11-17,6.0,2025-11-17,3,3,2025-12-03,2025-11-27,12.6,2025-12-09,-6,6,2025-12-12,2025-12-15,11.7,2025-12-16,3,4,2025-12-29,2025-12-27,15.2,2025-12-27,-2,-2,2026-01-20,2026-01-20,21.8,2026-01-19,0,-1,2026-02-03,2026-02-02,13.2,2026-04-26,-1,82
20288.1301,20288.1301,SAN ANTONIO 1,SAN ANTONIO,KALLISON RANCH,2025-12-05,2025-12-15,2025-12-15,9.7,2025-12-13,0,-2,2025-12-15,2025-12-21,6.0,2025-12-21,6,6,2026-01-01,2025-12-29,14.1,2025-12-29,-3,-3,2026-01-22,2026-01-15,14.4,2026-01-25,-7,3,2026-01-30,2026-02-03,11.8,2026-04-26,4,86,2026-02-13,2026-02-26,26.7,2026-05-22,13,98,2026-02-26,2026-02-26,13.0,2026-06-09,0,103
20288.1491,20288.1491,SAN ANTONIO 1,SAN ANTONIO,KALLISON RANCH,2026-04-17,2026-04-24,2026-04-23,5.8,,-1,,2026-04-27,2026-04-30,5.6,,3,,,2026-05-11,13.8,,,,,2026-05-19,8.4,,,,,2026-06-05,17.0,,,,,2026-06-29,24.3,,,,,2026-07-11,12.2,,,
20288.0142,605488,SAN ANTONIO 1,SAN ANTONIO,KALLISON RANCH,2026-02-04,2026-02-16,2026-02-14,9.5,,-2,,2026-02-19,2026-02-22,6.0,,3,,2026-02-27,2026-03-05,14.1,,6,,2026-03-17,2026-03-13,13.9,,-4,,2026-03-27,2026-03-31,13.9,,4,,,2026-04-23,26.7,,,,2026-04-30,2026-05-05,11.8,,5,
20288.0315,605485,SAN ANTONIO 1,SAN ANTONIO,KALLISON RANCH,2026-03-09,2026-03-24,2026-03-18,9.4,,-6,,2026-03-31,2026-03-30,6.0,,-1,,2026-04-03,2026-04-14,13.9,,11,,2026-04-24,2026-04-20,17.4,,-4,,,2026-05-06,12.4,,,,,2026-06-03,27.5,,,,,2026-06-16,12.7,,,
20288.0364,605492,SAN ANTONIO 1,SAN ANTONIO,KALLISON RANCH,2026-04-21,,2026-04-28,7.1,,,,,2026-05-04,6.0,,,,,2026-05-17,13.5,,,,,2026-05-28,11.4,,,,,2026-06-11,13.6,,,,,2026-07-07,26.3,,,,,2026-07-19,12.0,,,
20288.0425,605490,SAN ANTONIO 1,SAN ANTONIO,KALLISON RANCH,2025-12-23,2025-12-29,2026-01-02,10.4,,4,,2026-01-09,2026-01-04,6.1,,-5,,2026-01-19,2026-01-22,13.5,,3,,2026-02-10,2026-01-31,12.3,,-10,,2026-02-23,2026-02-23,12.9,,0,,2026-03-17,2026-03-19,24.2,,2,,2026-03-27,2026-03-29,12.3,,2,
20288.0591,605489,SAN ANTONIO 1,SAN ANTONIO,KALLISON RANCH,2026-04-06,2026-04-16,2026-04-14,8.2,,-2,,,2026-04-22,6.0,,,,,2026-05-05,13.3,,,,,2026-05-14,9.2,,,,,2026-05-31,17.3,,,,,2026-06-28,27.7,,,,,2026-07-10,11.8,,,
20290.0031,152248,SAN ANTONIO 1,CASTROVILLE,ALSATIAN OAKS,2024-05-02,2024-05-09,2024-05-10,8.0,,1,,2024-05-16,2024-05-17,8.3,,1,,2024-05-24,2024-05-31,14.7,,7,,2024-05-29,2024-06-02,9.5,,4,,,2024-06-17,19.0,,,,,2024-07-20,33.4,,,,,2024-07-30,9.7,,,
20290.0042,20290.0042,SAN ANTONIO 1,CASTROVILLE,ALSATIAN OAKS,2024-07-09,2024-07-22,2024-07-20,11.3,2024-07-21,-2,-1,2024-07-30,2024-07-30,8.3,2024-07-30,0,0,2024-08-12,2024-08-14,14.7,2024-08-12,2,0,2024-08-14,2024-08-22,10.2,2024-08-30,8,16,2024-08-30,2024-09-02,19.0,2024-08-31,3,1,2024-10-04,2024-10-02,33.4,2024-09-27,-2,-7,2024-10-29,2024-10-14,9.7,2024-10-29,-15,0
20290.0072,20290.0072,SAN ANTONIO 1,CASTROVILLE,ALSATIAN OAKS,2026-04-20,,2026-05-02,11.5,,,,,2026-05-10,8.3,,,,,2026-05-25,14.7,,,,,2026-06-07,13.0,,,,,2026-06-26,19.0,,,,,2026-07-29,33.4,,,,,2026-08-08,9.7,,,
20290.0073,20290.0073,SAN ANTONIO 1,CASTROVILLE,ALSATIAN OAKS,2026-03-26,2026-04-02,2026-04-07,12.0,,5,,2026-04-13,2026-04-10,8.3,,-3,,2026-04-27,2026-04-28,14.7,,1,,,2026-05-09,12.1,,,,,2026-05-28,19.0,,,,,2026-06-30,33.4,,,,,2026-07-10,9.7,,,
20294.0035,20294.0035,SAN ANTONIO 1,CASTROVILLE,MEGAN'S LANDING,2025-08-19,2025-09-08,2025-09-01,12.7,2025-09-08,-7,0,2025-09-16,2025-09-16,8.3,2025-09-18,0,2,2025-10-08,2025-10-01,14.7,2025-10-05,-7,-3,2025-10-27,2025-10-21,13.0,2025-10-22,-6,-5,2025-11-10,2025-11-15,19.0,2025-11-14,5,4,2025-12-16,2025-12-13,33.4,2025-12-11,-3,-5,2026-01-02,2025-12-26,9.7,2026-01-02,-7,0
20369.0072,20369.0072,SAN ANTONIO 1,SAN ANTONIO,HABY HILL,2026-02-16,2026-02-26,2026-02-25,9.2,,-1,,2026-03-09,2026-03-04,6.4,,-5,,2026-03-25,2026-03-23,13.7,,-2,,2026-04-13,2026-04-07,12.6,,-6,,2026-04-22,2026-04-26,12.8,,4,,,2026-05-27,34.7,,,,,2026-06-07,11.2,,,
20291.0049,292088,SAN ANTONIO 2,SAN ANTONIO,ARCADIA RIDGE,2024-04-01,2024-04-09,2024-04-06,5.5,,-3,,2024-04-15,2024-04-15,5.6,,0,,2024-04-30,2024-04-29,13.8,,-1,,2024-04-29,2024-05-09,9.4,,10,,2024-05-14,2024-05-18,18.5,,4,,2024-05-14,2024-06-11,28.0,,28,,2024-05-30,2024-05-28,14.2,,-2,
20291.0105,292092,SAN ANTONIO 2,SAN ANTONIO,ARCADIA RIDGE,2025-11-11,2025-11-18,2025-11-17,6.1,,-1,,2025-11-21,2025-11-24,5.6,,3,,2025-12-04,2025-12-06,14.7,,2,,2025-12-14,2025-12-16,11.7,,2,,2026-01-02,2025-12-27,12.9,,-6,,2026-01-23,2026-01-28,25.8,,5,,2026-01-29,2026-02-03,11.3,,5,
20291.0010,266010,SAN ANTONIO 2,SAN ANTONIO,ARCADIA RIDGE,2023-06-20,2023-06-22,2023-06-28,8.2,,6,,2023-06-23,2023-06-28,6.1,,5,,2023-07-04,2023-07-07,14.2,,3,,2023-07-09,2023-07-15,10.5,,6,,2023-07-18,2023-07-27,18.0,,9,,2023-08-02,2023-08-13,26.2,,11,,2023-08-07,2023-08-16,13.9,,9,
20357.0070,20357.0070,SAN ANTONIO 3,SCHERTZ,THE PARKLANDS,2026-02-06,2026-02-11,2026-02-14,8.3,2026-05-01,3,79,2026-02-13,2026-02-18,6.6,2026-05-05,5,81,2026-02-28,2026-02-26,12.7,2026-05-20,-2,81,2026-03-09,2026-03-12,12.0,2026-06-01,3,84,2026-03-20,2026-03-24,15.4,2026-06-16,4,88,2026-04-01,2026-04-12,22.9,2026-07-09,11,99,2026-04-11,2026-04-15,14.1,2026-07-21,4,101
20357.0075,20357.0075,SAN ANTONIO 3,SCHERTZ,THE PARKLANDS,2026-02-10,2026-02-16,2026-02-18,8.3,,2,,2026-02-22,2026-02-23,6.6,,1,,2026-03-03,2026-03-07,12.7,,4,,2026-03-16,2026-03-15,12.0,,-1,,2026-03-30,2026-03-31,15.4,,1,,2026-04-21,2026-04-22,22.9,,1,,,2026-05-05,14.1,,,
20363.0029,20363.0029,SAN ANTONIO 3,NEW BRAUNFELS,SOLMS LANDING,2024-09-25,2024-10-03,2024-10-04,8.7,2024-10-03,1,0,2024-10-07,2024-10-09,5.8,2024-10-07,2,0,2024-10-12,2024-10-19,11.7,2024-10-18,7,6,2024-10-22,2024-10-24,11.6,2024-10-24,2,2,2024-10-29,2024-11-07,16.0,2024-11-08,9,10,2024-11-25,2024-11-23,24.9,2024-11-21,-2,-4,2024-12-12,2024-12-07,12.0,2024-12-12,-5,0
20090.0172,20090.0172,BRITTON D3,PROSPER,STAR TRAIL,2026-01-21,2026-02-09,2026-02-01,11.1,2026-04-26,-8,76,2026-02-12,2026-02-14,5.3,2026-04-29,2,76,2026-03-06,2026-03-08,24.0,2026-05-12,2,67,2026-03-23,2026-03-18,12.5,2026-05-25,-5,63,2026-04-09,2026-04-09,17.3,2026-06-14,0,66,,2026-05-08,28.7,2026-07-13,,,,2026-05-28,19.6,2026-08-03,,
20090.0181,20090.0181,BRITTON D3,PROSPER,STAR TRAIL,2026-05-01,,2026-05-13,12.0,,,,,2026-05-19,6.2,,,,,2026-06-09,20.7,,,,,2026-06-19,10.4,,,,,2026-07-06,16.6,,,,,2026-08-06,31.3,,,,,2026-08-23,17.2,,,
20090.0182,20090.0182,BRITTON D3,PROSPER,STAR TRAIL,2026-04-22,2026-04-30,2026-05-03,11.2,,3,,,2026-05-06,6.5,,,,,2026-05-25,19.5,,,,,2026-06-04,9.7,,,,,2026-06-20,15.6,,,,,2026-07-18,28.5,,,,,2026-08-05,17.9,,,
20007.0101,20007.0101,AUSTIN 1,LIBERTY HILL,LARIAT,2024-07-18,2024-07-29,2024-07-27,9.3,2024-07-29,-2,0,2024-07-31,2024-08-04,5.6,2024-08-04,4,4,2024-08-15,2024-08-12,11.7,2024-08-17,-3,2,2024-08-23,2024-08-26,11.1,2024-08-31,3,8,,2024-09-12,20.1,2026-04-26,,,,2024-10-10,27.7,2026-05-25,,,,2024-10-21,10.6,2026-06-03,,
20007.0133,20007.0133,AUSTIN 1,LIBERTY HILL,LARIAT,2026-02-05,2026-02-11,2026-02-15,10.4,2026-05-07,4,85,2026-02-16,2026-02-17,6.1,2026-05-13,1,86,2026-02-26,2026-02-28,11.7,2026-05-30,2,93,2026-03-06,2026-03-10,11.7,2026-06-15,4,101,2026-03-16,2026-03-25,19.2,2026-07-02,9,108,2026-04-14,2026-04-15,29.7,2026-07-31,1,108,2026-04-27,2026-04-25,10.6,2026-08-09,-2,104
20007.0139,20007.0139,AUSTIN 1,LIBERTY HILL,LARIAT,2025-12-29,2026-01-09,2026-01-06,8.3,2026-01-09,-3,0,2026-01-15,2026-01-15,6.1,2026-01-15,0,0,2026-01-26,2026-01-27,11.8,2026-02-01,1,6,2026-02-05,2026-02-07,11.6,2026-04-26,2,80,2026-02-18,2026-02-20,14.9,2026-05-13,2,84,2026-03-12,2026-03-20,30.5,2026-06-11,8,91,2026-03-27,2026-03-23,10.6,2026-06-20,-4,85
20007.0090,20007.0090,AUSTIN 1,LIBERTY HILL,LARIAT,2025-10-09,2025-10-21,2025-10-16,7.3,2025-10-18,-5,-3,2025-10-24,2025-10-26,5.2,2025-10-29,2,5,2025-11-06,2025-11-05,11.8,2025-11-03,-1,-3,2025-11-18,2025-11-17,11.4,2025-11-27,-1,9,2025-12-15,2025-12-04,16.1,2025-12-06,-11,-9,2026-01-27,2026-01-15,31.1,2026-01-27,-12,0,2026-01-30,2026-02-07,10.6,2026-04-26,8,86
20007.0236,20007.0236,AUSTIN 1,LIBERTY HILL,LARIAT,2026-02-10,2026-02-17,2026-02-18,7.9,2026-05-05,1,77,2026-02-24,2026-02-23,5.8,2026-05-13,-1,78,2026-03-06,2026-03-08,11.7,2026-05-23,2,78,2026-03-13,2026-03-18,11.8,2026-06-13,5,92,2026-03-26,2026-04-04,21.5,2026-07-01,9,97,2026-04-17,2026-04-24,29.2,2026-08-13,7,118,2026-04-27,2026-04-28,10.6,2026-08-24,1,119
20008.0047,20008.0047,AUSTIN 1,GEORGETOWN,NOLINA,2026-02-12,2026-02-18,2026-02-20,8.1,,2,,2026-02-24,2026-02-25,6.7,,1,,2026-03-06,2026-03-11,14.9,,5,,2026-03-14,2026-03-17,11.0,,3,,2026-03-26,2026-03-29,15.2,,3,,2026-04-29,2026-04-20,24.7,,-9,,,2026-05-13,14.2,,,
20008.0059,20008.0059,AUSTIN 1,GEORGETOWN,NOLINA,2026-02-25,2026-03-09,2026-03-06,8.7,,-3,,2026-03-13,2026-03-15,6.3,,2,,2026-03-26,2026-03-28,15.4,,2,,2026-04-09,2026-04-06,11.0,,-3,,,2026-04-22,13.0,,,,,2026-05-17,25.3,,,,,2026-06-02,15.7,,,
20008.0066,20008.0066,AUSTIN 1,GEORGETOWN,NOLINA,2026-01-16,2026-01-27,2026-01-27,11.4,2026-01-27,0,0,2026-01-30,2026-02-03,6.7,2026-04-26,4,86,2026-02-11,2026-02-14,15.3,2026-05-12,3,90,2026-02-20,2026-02-22,11.0,2026-05-18,2,87,2026-03-06,2026-03-08,15.6,2026-06-12,2,98,2026-04-07,2026-03-31,24.7,2026-07-21,-7,105,2026-04-16,2026-04-21,13.9,2026-08-01,5,107
20013.0588,20013.0588,AUSTIN 1,LIBERTY HILL,SANTA RITA RANCH,2026-02-04,2026-02-16,2026-02-13,8.8,2026-05-02,-3,75,2026-02-19,2026-02-21,4.6,2026-05-08,2,78,2026-03-04,2026-03-03,12.4,2026-05-25,-1,82,2026-03-15,2026-03-16,11.7,2026-06-01,1,78,2026-03-24,2026-04-04,20.3,2026-06-18,11,86,2026-04-24,2026-04-21,28.1,2026-07-18,-3,85,,2026-05-04,10.4,2026-08-05,,
20013.0599,20013.0599,AUSTIN 1,LIBERTY HILL,SANTA RITA RANCH,2026-04-12,2026-04-17,2026-04-19,6.5,,2,,2026-04-27,2026-04-22,5.1,,-5,,,2026-05-09,12.4,,,,,2026-05-20,11.4,,,,,2026-06-06,16.6,,,,,2026-07-05,28.5,,,,,2026-07-15,10.3,,,
20013.0601,20013.0601,AUSTIN 1,LIBERTY HILL,SANTA RITA RANCH,2026-02-17,2026-02-23,2026-02-23,5.7,,0,,2026-02-27,2026-02-27,4.3,,0,,2026-03-10,2026-03-11,12.4,,1,,2026-03-16,2026-03-22,11.6,,6,,2026-04-06,2026-04-05,20.4,,-1,,2026-04-20,2026-05-03,27.3,,13,,,2026-04-30,10.3,,,
20013.0608,20013.0608,AUSTIN 1,LIBERTY HILL,SANTA RITA RANCH,2026-02-04,2026-02-12,2026-02-11,7.5,2026-05-02,-1,79,2026-02-16,2026-02-17,5.1,2026-05-08,1,81,2026-02-27,2026-02-28,12.3,2026-05-25,1,87,2026-03-09,2026-03-10,11.4,2026-06-01,1,84,2026-03-23,2026-03-29,19.8,2026-06-18,6,87,2026-04-16,2026-04-20,27.6,2026-07-18,4,93,2026-04-27,2026-04-26,10.3,2026-08-05,-1,100
20013.0693,20013.0693,AUSTIN 1,LIBERTY HILL,SANTA RITA RANCH,2026-04-30,,2026-05-06,6.1,,,,,2026-05-12,5.7,,,,,2026-05-24,12.2,,,,,2026-06-04,11.4,,,,,2026-06-22,17.8,,,,,2026-07-21,28.8,,,,,2026-07-31,10.3,,,
20013.0624,20013.0624,AUSTIN 1,LIBERTY HILL,SANTA RITA RANCH,2026-01-14,2026-01-22,2026-01-22,7.5,2026-01-22,0,0,2026-01-29,2026-01-27,5.0,2026-04-26,-2,87,2026-02-10,2026-02-10,12.3,2026-05-11,0,90,2026-02-17,2026-02-21,11.5,2026-05-22,4,94,2026-03-03,2026-03-09,19.6,2026-06-12,6,101,2026-04-08,2026-03-31,28.1,2026-07-06,-8,89,2026-04-17,2026-04-18,10.3,2026-07-20,1,94
20013.0632,20013.0632,AUSTIN 1,LIBERTY HILL,SANTA RITA RANCH,2026-01-30,2026-02-04,2026-02-08,8.5,2026-05-04,4,89,2026-02-11,2026-02-10,6.1,2026-05-10,-1,88,2026-02-20,2026-02-23,12.2,2026-05-25,3,94,2026-03-02,2026-03-04,11.6,2026-06-05,2,95,2026-03-17,2026-03-19,17.3,2026-06-26,2,101,2026-04-20,2026-04-15,29.0,2026-07-20,-5,91,,2026-04-30,10.3,2026-08-03,,
20013.0646,20013.0646,AUSTIN 1,LIBERTY HILL,SANTA RITA RANCH,2026-01-16,2026-02-02,2026-01-25,8.7,2026-04-26,-8,83,2026-02-05,2026-02-07,4.7,2026-05-02,2,86,2026-02-19,2026-02-17,12.3,2026-05-17,-2,87,2026-03-02,2026-03-03,11.5,2026-05-28,1,87,2026-03-13,2026-03-21,18.9,2026-06-18,8,97,2026-04-09,2026-04-11,28.7,2026-07-12,2,94,2026-04-17,2026-04-19,10.3,2026-07-26,2,100
20013.0647,20013.0647,AUSTIN 1,LIBERTY HILL,SANTA RITA RANCH,2026-01-16,2026-02-02,2026-01-26,10.2,2026-04-26,-7,83,2026-02-05,2026-02-07,5.2,2026-05-02,2,86,2026-02-19,2026-02-17,12.3,2026-05-17,-2,87,2026-03-02,2026-03-03,11.6,2026-05-28,1,87,2026-03-17,2026-03-21,18.6,2026-06-18,4,93,2026-04-09,2026-04-15,29.4,2026-07-12,6,94,2026-04-17,2026-04-19,10.3,2026-07-26,2,100
20013.0649,20013.0649,AUSTIN 1,LIBERTY HILL,SANTA RITA RANCH,2026-01-21,2026-02-02,2026-01-28,7.3,2026-04-26,-5,83,2026-02-04,2026-02-06,4.3,2026-05-02,2,87,2026-02-17,2026-02-16,12.2,2026-05-17,-1,89,2026-02-25,2026-02-28,11.4,2026-05-28,3,92,2026-03-11,2026-03-15,18.0,2026-06-18,4,99,2026-04-09,2026-04-11,31.0,2026-07-12,2,94,2026-04-17,2026-04-19,10.3,2026-07-26,2,100
20013.0653,20013.0653,AUSTIN 1,LIBERTY HILL,SANTA RITA RANCH,2026-02-13,2026-02-25,2026-02-20,6.9,2026-05-04,-5,68,2026-03-02,2026-03-02,5.1,2026-05-10,0,69,2026-03-11,2026-03-14,12.2,2026-05-25,3,75,2026-03-16,2026-03-23,11.6,2026-06-05,7,81,2026-04-06,2026-04-07,21.8,2026-06-26,1,81,,2026-05-06,30.2,2026-07-20,,,,2026-05-16,10.4,2026-08-03,,
20014.0012,167177,AUSTIN 1,LIBERTY HILL,SANTA RITA RANCH RENTALS,2023-04-11,2023-04-26,2023-04-16,4.9,,-10,,2023-05-04,2023-05-02,5.6,,-2,,2023-05-16,2023-05-17,13.2,,1,,2023-06-07,2023-05-28,12.1,,-10,,2023-07-13,2023-06-26,18.9,,-17,,2023-08-29,2023-08-21,38.9,,-8,,2023-09-27,2023-09-09,10.6,,-18,
20014.0024,167193,AUSTIN 1,LIBERTY HILL,SANTA RITA RANCH RENTALS,2023-03-09,2023-03-21,2023-03-17,7.9,,-4,,2023-03-27,2023-03-27,5.5,,0,,2023-04-06,2023-04-10,13.9,,4,,2023-04-19,2023-04-18,12.1,,-1,,2023-05-09,2023-05-11,22.4,,2,,2023-07-14,2023-06-06,27.8,,-38,,2023-07-28,2023-07-25,10.6,,-3,
20014.0038,167162,AUSTIN 1,LIBERTY HILL,SANTA RITA RANCH RENTALS,2023-03-07,2023-03-13,2023-03-14,6.8,,1,,2023-03-20,2023-03-18,4.7,,-2,,2023-03-31,2023-04-03,13.9,,3,,2023-04-11,2023-04-12,12.2,,1,,2023-04-27,2023-04-28,17.3,,1,,2023-06-26,2023-05-22,25.5,,-35,,2023-06-30,2023-07-07,10.6,,7,
20014.0053,167163,AUSTIN 1,LIBERTY HILL,SANTA RITA RANCH RENTALS,2023-03-01,2023-03-14,2023-03-09,7.6,,-5,,2023-03-20,2023-03-19,4.7,,-1,,2023-03-31,2023-04-03,13.7,,3,,2023-04-11,2023-04-12,12.1,,1,,2023-04-25,2023-04-30,18.9,,5,,2023-05-26,2023-05-20,25.5,,-6,,2023-05-31,2023-06-06,10.6,,6,
20014.0055,167194,AUSTIN 1,LIBERTY HILL,SANTA RITA RANCH RENTALS,2023-03-14,2023-03-20,2023-03-20,6.3,,0,,2023-04-03,2023-03-26,5.5,,-8,,2023-04-18,2023-04-17,13.8,,-1,,2023-05-08,2023-04-30,11.6,,-8,,2023-05-26,2023-05-24,16.2,,-2,,2023-07-19,2023-06-24,29.0,,-25,,2023-08-31,2023-07-30,10.6,,-32,
20014.0056,167197,AUSTIN 1,LIBERTY HILL,SANTA RITA RANCH RENTALS,2023-03-31,2023-04-14,2023-04-07,7.5,,-7,,2023-04-19,2023-04-20,5.5,,1,,2023-05-05,2023-05-02,13.1,,-3,,2023-05-30,2023-05-17,11.5,,-13,,2023-07-10,2023-06-15,16.5,,-25,,2023-08-23,2023-08-09,29.5,,-14,,2023-08-31,2023-09-03,10.6,,3,
20014.0068,167175,AUSTIN 1,LIBERTY HILL,SANTA RITA RANCH RENTALS,2023-04-04,2023-04-12,2023-04-10,5.7,,-2,,2023-04-25,2023-04-18,5.5,,-7,,2023-05-05,2023-05-08,13.3,,3,,2023-05-15,2023-05-17,12.4,,2,,2023-06-09,2023-06-05,20.6,,-4,,2023-08-22,2023-07-09,29.5,,-44,,2023-08-29,2023-09-02,10.6,,4,
20014.0084,167192,AUSTIN 1,LIBERTY HILL,SANTA RITA RANCH RENTALS,2023-03-01,2023-03-14,2023-03-08,7.2,,-6,,2023-03-23,2023-03-19,4.7,,-4,,2023-04-04,2023-04-06,14.0,,2,,2023-04-14,2023-04-16,11.9,,2,,2023-05-08,2023-05-05,20.9,,-3,,2023-07-13,2023-06-05,27.8,,-38,,2023-07-28,2023-07-24,10.6,,-4,
20014.0096,167172,AUSTIN 1,LIBERTY HILL,SANTA RITA RANCH RENTALS,2023-03-31,2023-04-06,2023-04-07,7.4,,1,,2023-04-17,2023-04-13,6.6,,-4,,2023-04-28,2023-04-30,13.3,,2,,2023-05-13,2023-05-10,12.4,,-3,,2023-05-24,2023-05-29,15.5,,5,,2023-07-19,2023-06-22,29.0,,-27,,2023-08-29,2023-07-30,10.6,,-30,
20014.0115,167196,AUSTIN 1,LIBERTY HILL,SANTA RITA RANCH RENTALS,2023-04-04,2023-04-12,2023-04-10,5.8,,-2,,2023-04-19,2023-04-17,5.3,,-2,,2023-05-04,2023-05-02,13.2,,-2,,2023-05-25,2023-05-16,11.6,,-9,,2023-06-19,2023-06-12,18.1,,-7,,2023-07-25,2023-07-19,29.5,,-6,,2023-08-29,2023-08-05,10.6,,-24,
20014.0136,167190,AUSTIN 1,LIBERTY HILL,SANTA RITA RANCH RENTALS,2023-03-01,2023-03-14,2023-03-09,7.8,,-5,,2023-03-23,2023-03-19,4.7,,-4,,2023-04-04,2023-04-06,14.0,,2,,2023-04-12,2023-04-16,11.9,,4,,2023-05-08,2023-05-07,24.9,,-1,,2023-07-11,2023-06-05,27.8,,-36,,2023-07-28,2023-07-22,10.6,,-6,
20014.0149,167174,AUSTIN 1,LIBERTY HILL,SANTA RITA RANCH RENTALS,2023-03-31,2023-04-18,2023-04-08,7.7,,-10,,2023-04-21,2023-04-23,4.7,,2,,2023-05-03,2023-05-04,13.2,,1,,2023-05-15,2023-05-15,12.1,,0,,2023-06-09,2023-06-05,20.7,,-4,,2023-08-24,2023-07-09,29.5,,-46,,2023-08-31,2023-09-04,10.6,,4,
20014.0166,167176,AUSTIN 1,LIBERTY HILL,SANTA RITA RANCH RENTALS,2023-04-10,2023-04-17,2023-04-15,4.9,,-2,,2023-04-21,2023-04-22,4.7,,1,,2023-05-05,2023-05-04,13.2,,-1,,2023-05-18,2023-05-17,12.2,,-1,,2023-06-26,2023-06-06,19.0,,-20,,2023-08-29,2023-07-26,29.5,,-34,,2023-08-31,2023-09-09,10.6,,9,
20379.0047,20379.0047,AUSTIN 1,LIBERTY HILL,EL DORADO,2025-12-03,2025-12-11,2025-12-12,9.4,2025-12-10,1,-1,2025-12-16,2025-12-18,6.7,2025-12-18,2,2,2025-12-26,2025-12-28,11.8,2025-12-27,2,1,2026-01-05,2026-01-07,11.9,2026-01-04,2,-1,2026-01-20,2026-01-24,18.8,2026-01-20,4,0,2026-02-10,2026-02-26,36.7,2026-04-26,16,75,2026-02-13,2026-02-20,10.3,2026-05-07,7,83
20379.0057,20379.0057,AUSTIN 1,LIBERTY HILL,EL DORADO,2026-04-23,,2026-05-03,10.1,,,,,2026-05-09,6.4,,,,,2026-05-21,11.9,,,,,2026-06-02,11.6,,,,,2026-06-20,18.3,,,,,2026-07-21,30.7,,,,,2026-07-31,10.3,,,
20379.0067,20379.0067,AUSTIN 1,LIBERTY HILL,EL DORADO,2026-04-08,2026-04-23,2026-04-17,8.9,,-6,,,2026-04-29,6.1,,,,,2026-05-11,11.8,,,,,2026-05-23,11.6,,,,,2026-06-08,16.2,,,,,2026-07-09,30.7,,,,,2026-07-19,10.3,,,
20379.0074,20379.0074,AUSTIN 1,LIBERTY HILL,EL DORADO,2026-04-10,2026-04-21,2026-04-17,7.3,,-4,,2026-04-30,2026-04-27,5.6,,-3,,,2026-05-12,11.8,,,,,2026-05-24,11.5,,,,,2026-06-09,16.4,,,,,2026-07-10,30.7,,,,,2026-07-20,10.3,,,
20379.0051,20379.0051,AUSTIN 1,LIBERTY HILL,EL DORADO,2026-02-09,2026-02-18,2026-02-17,7.7,2026-05-13,-1,84,2026-02-24,2026-02-24,5.7,2026-05-17,0,82,2026-03-11,2026-03-08,11.7,2026-06-01,-3,82,2026-03-18,2026-03-22,11.2,2026-06-22,4,96,2026-03-31,2026-04-08,21.1,2026-07-03,8,94,2026-04-27,2026-04-29,29.4,2026-08-03,2,98,,2026-05-08,10.5,2026-08-14,,
20379.0058,20379.0058,AUSTIN 1,LIBERTY HILL,EL DORADO,2025-12-19,2026-01-05,2025-12-31,11.5,2026-01-05,-5,0,2026-01-07,2026-01-11,6.0,2026-01-09,4,2,2026-01-16,2026-01-19,11.8,2026-04-26,3,100,2026-01-26,2026-01-28,11.9,2026-05-17,2,111,2026-02-16,2026-02-12,17.2,2026-05-28,-4,101,2026-03-17,2026-03-18,30.2,2026-06-28,1,103,2026-03-23,2026-03-27,10.4,2026-07-09,4,108
20379.0065,20379.0065,AUSTIN 1,LIBERTY HILL,EL DORADO,2026-04-28,,2026-05-06,7.7,,,,,2026-05-13,6.9,,,,,2026-05-25,11.8,,,,,2026-06-06,11.6,,,,,2026-06-23,17.4,,,,,2026-07-27,33.9,,,,,2026-08-06,10.3,,,
20010.0368,20010.0368,AUSTIN 2,GEORGETOWN,PARKSIDE ON THE RIVER,2025-10-13,2025-10-24,2025-10-22,8.8,2025-10-27,-2,3,2025-11-05,2025-10-31,6.9,2025-10-30,-5,-6,2025-11-18,2025-11-22,17.2,2025-12-04,4,16,2025-12-03,2025-11-29,11.3,2025-11-30,-4,-3,2025-12-17,2025-12-18,14.6,2025-12-16,1,-1,2026-01-21,2026-01-18,32.1,2026-01-21,-3,0,2026-02-06,2026-02-05,15.0,2026-04-26,-1,79
20020.0287,20020.0287,AUSTIN 2,BASTROP,THE COLONY,2025-12-02,2025-12-08,2025-12-07,5.0,2025-12-18,-1,10,2025-12-10,2025-12-14,6.4,2025-12-13,4,3,2025-12-19,2025-12-21,10.7,2025-12-22,2,3,2025-12-29,2025-12-29,9.5,2025-12-28,0,-1,2026-01-13,2026-01-16,17.5,2026-01-12,3,-1,2026-02-02,2026-02-02,20.5,2026-04-26,0,83,2026-02-17,2026-02-16,13.9,2026-05-13,-1,85
20370.0004,20370.0004,AUSTIN 2,HUTTO,FLORA,2025-12-08,2025-12-16,2025-12-16,8.5,2025-12-17,0,1,2025-12-22,2025-12-23,6.5,2025-12-22,1,0,2026-01-09,2026-01-07,16.2,2026-01-10,-2,1,2026-01-19,2026-01-22,12.7,2026-01-19,3,0,2026-02-03,2026-02-03,14.7,2026-04-26,0,82,2026-03-09,2026-02-28,25.3,2026-05-22,-9,74,2026-03-25,2026-03-22,12.6,2026-06-02,-3,69
20373.0099,20373.0099,AUSTIN 2,GEORGETOWN,PARKSIDE ON THE RIVER WEST,2026-03-31,,2026-04-11,10.6,,,,,2026-04-18,7.0,,,,,2026-05-06,18.1,,,,,2026-05-17,11.3,,,,,2026-05-31,14.3,,,,,2026-07-02,32.0,,,,,2026-07-25,22.9,,,
20373.0116,20373.0116,AUSTIN 2,GEORGETOWN,PARKSIDE ON THE RIVER WEST,2026-04-06,2026-04-21,2026-04-16,9.8,,-5,,2026-04-29,2026-04-27,5.6,,-2,,,2026-05-17,18.1,,,,,2026-05-28,11.4,,,,,2026-06-11,14.0,,,,,2026-07-13,32.0,,,,,2026-08-01,18.7,,,
20373.0124,20373.0124,AUSTIN 2,GEORGETOWN,PARKSIDE ON THE RIVER WEST,2025-11-19,2025-12-11,2025-11-29,10.4,2025-12-04,-12,-7,2025-12-18,2025-12-17,5.6,2025-12-18,-1,0,2026-01-30,2026-01-06,18.9,2026-04-26,-24,86,2026-02-20,2026-02-10,11.4,2026-05-06,-10,75,2026-03-11,2026-03-06,14.3,2026-05-22,-5,72,2026-04-21,2026-04-07,27.4,2026-07-04,-14,74,,2026-05-07,16.3,2026-08-02,,
20024.0322,20024.0322,AUSTIN 3,AUSTIN,EASTON PARK,2025-12-01,2025-12-11,2025-12-09,8.3,2025-12-09,-2,-2,2025-12-16,2025-12-17,6.0,2025-12-16,1,0,2026-01-14,2026-01-10,24.8,2026-01-10,-4,-4,2026-01-27,2026-01-28,14.4,2026-01-28,1,1,2026-02-10,2026-02-12,15.6,2026-04-26,2,75,2026-03-03,2026-02-28,18.3,2026-05-11,-3,69,2026-03-13,2026-03-14,11.4,2026-05-24,1,72
20026.0184,755104,AUSTIN 3,KYLE,6 CREEKS,2025-07-29,2025-08-11,2025-08-07,8.9,,-4,,2025-08-13,2025-08-16,4.9,,3,,2025-09-02,2025-09-03,21.2,,1,,2025-09-17,2025-09-17,14.6,,0,,2025-09-29,2025-10-02,15.5,,3,,2025-10-14,2025-10-21,21.5,,7,,2025-10-24,2025-10-21,7.4,,-3,
20337.0077,210093,AUSTIN 3,KYLE,CROSSWINDS,2026-04-23,2026-05-01,2026-05-01,8.4,,0,,,2026-05-06,5.3,,,,,2026-05-25,18.8,,,,,2026-06-07,13.3,,,,,2026-06-22,15.5,,,,,2026-07-14,21.5,,,,,2026-07-22,7.6,,,
20360.0064,20360.0064,AUSTIN 3,AUSTIN,PARTEN,2025-12-23,2026-01-05,2026-01-03,11.3,2026-01-01,-2,-4,2026-01-15,2026-01-11,5.9,2026-01-17,-4,2,2026-02-10,2026-02-09,24.8,2026-04-26,-1,75,2026-02-24,2026-02-24,14.4,2026-05-09,0,74,2026-04-10,2026-03-13,17.4,2026-06-01,-28,52,,2026-05-05,24.6,2026-07-08,,,,2026-05-18,12.9,2026-08-04,,
20403.0064,20403.0064,AUSTIN 3,LOCKHART,JUNIPER SPRINGS,2026-04-20,2026-04-28,2026-04-30,9.8,,2,,2026-04-30,2026-05-02,3.9,,2,,,2026-05-12,12.4,,,,,2026-05-25,13.1,,,,,2026-06-10,16.5,,,,,2026-07-01,21.2,,,,,2026-07-15,13.7,,,
20403.0079,20403.0079,AUSTIN 3,LOCKHART,JUNIPER SPRINGS,2026-03-30,2026-04-07,2026-04-09,9.8,,2,,2026-04-13,2026-04-11,3.9,,-2,,2026-04-17,2026-04-25,12.4,,8,,2026-04-27,2026-04-30,13.1,,3,,,2026-05-13,16.5,,,,,2026-06-03,21.2,,,,,2026-06-17,13.7,,,
20403.0095,20403.0095,AUSTIN 3,LOCKHART,JUNIPER SPRINGS,2026-03-05,2026-03-11,2026-03-15,9.8,,4,,2026-03-17,2026-03-15,3.9,,-2,,2026-04-02,2026-03-29,12.4,,-4,,2026-04-13,2026-04-15,13.1,,2,,2026-04-21,2026-04-29,16.5,,8,,,2026-05-12,21.2,,,,,2026-05-26,13.7,,,
20403.0098,20403.0098,AUSTIN 3,LOCKHART,JUNIPER SPRINGS,2026-04-27,,2026-05-07,9.8,,,,,2026-05-11,3.9,,,,,2026-05-23,12.4,,,,,2026-06-05,13.1,,,,,2026-06-21,16.5,,,,,2026-07-12,21.2,,,,,2026-07-26,13.7,,,
20040.0010,344042,PERRY D1,ROCKWALL,SOMERSET PARK,2024-04-17,2024-05-06,2024-05-03,16.3,,-3,,2024-05-10,2024-05-11,5.1,,1,,2024-06-03,2024-06-02,23.1,,-1,,2024-06-17,2024-06-15,11.6,,-2,,2024-06-27,2024-07-03,16.3,,6,,2024-07-17,2024-07-15,18.3,,-2,,2024-08-10,2024-08-04,18.3,,-6,
20059.0076,341054,PERRY D1,FATE,AVONDALE,2026-04-21,2026-04-30,2026-04-30,9.1,,0,,2026-04-30,2026-05-05,4.6,,5,,,2026-05-20,19.9,,,,,2026-06-01,12.4,,,,,2026-06-18,16.7,,,,,2026-07-06,17.5,,,,,2026-07-20,14.5,,,
20059.0079,341055,PERRY D1,FATE,AVONDALE,2024-01-12,2024-01-23,2024-01-23,10.7,,0,,2024-01-26,2024-01-28,5.2,,2,,2024-02-19,2024-02-15,19.9,,-4,,2024-03-01,2024-03-02,11.6,,1,,2024-03-26,2024-03-18,16.7,,-8,,2024-04-09,2024-04-13,17.5,,4,,2024-04-19,2024-04-25,15.6,,6,
20366.0089,20366.0089,PERRY D1,ROCKWALL,TERRACES,2026-04-30,,2026-05-17,16.6,,,,,2026-05-22,5.1,,,,,2026-06-14,23.1,,,,,2026-06-26,11.6,,,,,2026-07-12,16.3,,,,,2026-07-30,18.3,,,,,2026-08-17,18.3,,,
20414.0005,20414.0005,PERRY D1,HEATH,BRISTOL VALLEY,2026-04-06,2026-04-27,2026-04-21,15.3,,-6,,2026-04-28,2026-05-05,7.7,,7,,,2026-05-16,17.6,,,,,2026-05-30,14.3,,,,,2026-06-20,21.2,,,,,2026-07-21,31.1,,,,,2026-08-08,17.7,,,
20037.0422,20037.0422,PERRY D2,MCKINNEY,TRINITY FALLS,2026-03-30,2026-04-07,2026-04-11,11.6,,4,,2026-04-13,2026-04-14,7.0,,1,,,2026-05-05,21.8,,,,,2026-05-16,11.1,,,,,2026-05-30,14.3,,,,,2026-06-21,22.1,,,,,2026-07-06,15.4,,,
20043.0148,20043.0148,PERRY D2,CELINA,THE PARKS AT WILSON CREEK,2026-03-09,2026-03-24,2026-03-22,12.7,,-2,,2026-03-31,2026-03-29,4.6,,-2,,2026-04-14,2026-04-20,20.4,,6,,2026-04-27,2026-04-26,11.6,,-1,,,2026-05-10,12.8,,,,,2026-05-30,19.5,,,,,2026-06-16,16.6,,,
20043.0278,20043.0278,PERRY D2,CELINA,THE PARKS AT WILSON CREEK,2026-02-20,2026-03-09,2026-03-05,13.3,,-4,,2026-03-17,2026-03-12,3.4,,-5,,2026-04-06,2026-04-05,19.0,,-1,,2026-04-21,2026-04-19,12.7,,-2,,2026-04-27,2026-05-04,12.8,,7,,,2026-05-17,19.5,,,,,2026-06-03,16.8,,,
20043.0280,20043.0280,PERRY D2,CELINA,THE PARKS AT WILSON CREEK,2026-02-18,2026-03-09,2026-03-04,14.0,,-5,,2026-03-17,2026-03-12,3.3,,-5,,2026-04-06,2026-04-05,18.6,,-1,,2026-04-20,2026-04-20,13.9,,0,,2026-04-30,2026-05-03,12.8,,3,,,2026-05-20,19.5,,,,,2026-06-06,16.8,,,
20054.0329,724084,PERRY D2,CELINA,MUSTANG LAKES,2021-01-18,2021-01-29,2021-01-29,10.8,,0,,2021-02-03,2021-02-03,5.3,,0,,2021-02-22,2021-02-19,15.6,,-3,,2021-03-05,2021-03-03,8.9,,-2,,2021-03-29,2021-03-18,12.8,,-11,,2021-04-01,2021-04-17,19.3,,16,,2021-03-29,2021-04-17,15.8,,19,
20066.0521,20066.0521,PERRY D2,FORNEY,DEVONSHIRE,2026-04-14,2026-04-17,2026-04-22,7.9,,5,,2026-04-23,2026-04-21,4.0,,-2,,,2026-05-07,14.4,,,,,2026-05-19,12.3,,,,,2026-05-30,11.1,,,,,2026-06-17,17.6,,,,,2026-07-02,14.5,,,
20066.0529,20066.0529,PERRY D2,FORNEY,DEVONSHIRE,2026-03-30,2026-04-08,2026-04-08,8.7,,0,,2026-04-09,2026-04-12,4.0,,3,,2026-04-21,2026-04-23,14.4,,2,,,2026-05-03,12.2,,,,,2026-05-14,11.1,,,,,2026-06-01,17.6,,,,,2026-06-16,14.5,,,
20066.0544,20066.0544,PERRY D2,FORNEY,DEVONSHIRE,2026-03-02,2026-03-09,2026-03-10,8.2,,1,,2026-03-16,2026-03-13,4.0,,-3,,2026-03-24,2026-03-30,14.4,,6,,2026-04-07,2026-04-05,12.2,,-2,,2026-04-17,2026-04-17,9.5,,0,,2026-04-27,2026-05-05,17.6,,8,,,2026-05-12,14.5,,,
20066.0560,20066.0560,PERRY D2,FORNEY,DEVONSHIRE,2026-03-26,2026-04-06,2026-04-04,8.9,,-2,,2026-04-06,2026-04-10,3.8,,4,,2026-04-22,2026-04-20,14.4,,-2,,,2026-05-04,12.2,,,,,2026-05-17,13.1,,,,,2026-06-04,17.8,,,,,2026-06-19,14.5,,,
20066.0561,20066.0561,PERRY D2,FORNEY,DEVONSHIRE,2026-04-29,,2026-05-08,8.5,,,,,2026-05-12,3.9,,,,,2026-05-26,14.4,,,,,2026-06-07,12.2,,,,,2026-06-18,11.2,,,,,2026-07-06,17.6,,,,,2026-07-21,14.5,,,
20066.0562,20066.0562,PERRY D2,FORNEY,DEVONSHIRE,2026-04-10,2026-04-20,2026-04-18,8.1,,-2,,2026-04-22,2026-04-24,4.0,,2,,,2026-05-06,14.4,,,,,2026-05-18,12.2,,,,,2026-05-29,11.1,,,,,2026-06-16,17.6,,,,,2026-07-01,14.5,,,
20362.0084,20362.0084,PERRY D3,LAVON,HILLSTEAD,2026-04-13,2026-04-24,2026-04-23,9.8,,-1,,2026-04-30,2026-04-28,3.9,,-2,,,2026-05-12,12.4,,,,,2026-05-25,13.1,,,,,2026-06-10,16.5,,,,,2026-07-01,21.2,,,,,2026-07-15,13.7,,,
20394.0067,20394.0067,PERRY D4,LAKEWOOD VILLAGE,LAKEWOOD VILLAGE,2026-04-24,,2026-05-06,12.0,,,,,2026-05-13,6.6,,,,,2026-05-31,18.4,,,,,2026-06-13,12.7,,,,,2026-06-30,16.9,,,,,2026-07-28,28.1,,,,,2026-08-16,18.5,,,
20124.0136,20124.0136,HOUSTON 1,MONT BELVIEU,RICELAND,2026-04-30,,2026-05-17,16.5,,,,,2026-05-25,7.7,,,,,2026-06-07,13.2,,,,,2026-06-19,11.9,,,,,2026-07-07,17.9,,,,,2026-08-05,29.4,,,,,2026-08-15,10.3,,,
20132.0972,20132.0972,HOUSTON 1,MANVEL,MERIDIANA,2025-07-22,2025-08-06,2025-08-05,14.4,2025-07-31,-1,-6,2025-08-14,2025-08-15,9.2,2025-08-12,1,-2,2025-08-22,2025-08-23,8.8,2025-08-21,1,-1,2025-08-29,2025-08-31,8.7,2025-09-03,2,5,2025-09-10,2025-09-13,14.9,2025-09-17,3,7,2025-09-23,2025-09-26,16.2,2025-10-21,3,28,2025-10-07,2025-10-05,11.9,2025-10-07,-2,0
20410.0030,20410.0030,HOUSTON 1,HOUSTON,MIDLINE,2026-04-30,,2026-05-11,11.2,,,,,2026-05-18,7.0,,,,,2026-05-28,10.3,,,,,2026-06-08,11.3,,,,,2026-06-25,16.8,,,,,2026-07-23,28.0,,,,,2026-07-31,8.5,,,
20178.0214,20178.0214,HOUSTON 2,MAGNOLIA,ESCONDIDO,2026-02-19,2026-03-09,2026-03-09,17.9,,0,,2026-03-13,2026-03-13,3.6,,0,,2026-03-24,2026-03-25,12.1,,1,,2026-04-02,2026-04-03,10.3,,1,,2026-04-20,2026-04-23,20.7,,3,,,2026-05-16,25.7,,,,,2026-05-31,15.1,,,
20178.0216,20178.0216,HOUSTON 2,MAGNOLIA,ESCONDIDO,2026-02-18,2026-03-03,2026-03-07,17.1,,4,,2026-03-04,2026-03-08,5.1,,4,,2026-03-14,2026-03-16,12.1,,2,,2026-03-25,2026-03-24,10.3,,-1,,2026-04-21,2026-04-11,16.8,,-10,,,2026-05-16,25.4,,,,,2026-05-31,15.1,,,
20183.0309,20183.0309,HOUSTON 2,MAGNOLIA,AUDUBON,2026-03-25,2026-04-10,2026-04-08,14.4,,-2,,2026-04-13,2026-04-15,4.8,,2,,2026-04-23,2026-04-25,12.1,,2,,,2026-05-03,10.3,,,,,2026-05-23,20.5,,,,,2026-06-18,25.6,,,,,2026-07-03,14.7,,,
20183.0310,20183.0310,HOUSTON 2,MAGNOLIA,AUDUBON,2026-03-25,2026-04-08,2026-04-10,16.0,,2,,2026-04-13,2026-04-13,4.9,,0,,2026-04-23,2026-04-25,12.1,,2,,,2026-05-03,10.3,,,,,2026-05-24,21.5,,,,,2026-06-19,25.6,,,,,2026-07-04,14.7,,,
20358.0011,20358.0011,HOUSTON 2,MONTGOMERY,TWO STEP FARM,2025-12-01,2025-12-09,2025-12-15,13.9,2025-12-20,6,11,2025-12-12,2025-12-13,4.2,2025-12-17,1,5,2025-12-19,2025-12-24,11.8,2025-12-21,5,2,2026-01-05,2026-01-01,12.6,2025-12-29,-4,-7,,2026-01-22,16.6,2026-04-26,,,,2026-02-19,28.1,2026-05-12,,,,2026-03-10,18.5,2026-06-06,,
20358.0044,20358.0044,HOUSTON 2,MONTGOMERY,TWO STEP FARM,2025-12-11,2025-12-30,2025-12-29,17.8,2025-12-30,-1,0,2026-01-07,2026-01-03,4.2,2026-01-07,-4,0,2026-01-16,2026-01-22,14.9,2026-01-16,6,0,2026-01-26,2026-01-29,12.7,2026-01-26,3,0,2026-03-05,2026-02-12,16.6,2026-04-26,-21,52,,2026-04-04,29.5,2026-05-12,,,,2026-04-23,18.5,2026-06-06,,
20358.0058,20358.0058,HOUSTON 2,MONTGOMERY,TWO STEP FARM,2026-03-05,2026-03-27,2026-03-18,13.0,,-9,,2026-03-30,2026-04-02,5.6,,3,,2026-04-15,2026-04-13,13.7,,-2,,2026-04-27,2026-04-28,12.7,,1,,,2026-05-14,16.6,,,,,2026-06-11,28.1,,,,,2026-06-30,18.5,,,
20364.0013,20364.0013,HOUSTON 2,MONTGOMERY,KRESSTON,2025-12-22,2026-01-12,2026-01-06,14.9,2026-01-13,-6,1,2026-01-14,2026-01-16,4.1,2026-01-14,2,0,2026-01-28,2026-01-26,12.4,2026-01-26,-2,-2,2026-02-06,2026-02-10,12.7,2026-04-26,4,79,2026-02-16,2026-02-23,16.6,2026-05-13,7,86,2026-03-05,2026-03-16,28.1,2026-05-29,11,85,2026-03-13,2026-03-24,18.5,2026-06-23,11,102
20364.0059,20364.0059,HOUSTON 2,MONTGOMERY,KRESSTON,2025-11-18,2025-12-29,2025-12-04,16.1,2025-12-18,-25,-11,2026-01-05,2026-01-03,4.7,2026-01-03,-2,-2,2026-01-26,2026-01-25,20.2,2026-01-25,-1,-1,2026-02-09,2026-02-08,12.7,2026-04-26,-1,76,2026-02-19,2026-02-26,16.6,2026-05-08,7,78,2026-03-17,2026-03-21,29.5,2026-05-24,4,68,2026-03-20,2026-04-05,18.5,2026-06-18,16,90
20364.0066,20364.0066,HOUSTON 2,MONTGOMERY,KRESSTON,2025-11-12,2025-11-25,2025-11-29,17.2,2025-12-12,4,17,2025-12-03,2025-11-30,4.8,2025-11-30,-3,-3,2025-12-19,2025-12-18,15.3,2025-12-23,-1,4,2026-01-05,2026-01-01,12.6,2026-01-01,-4,-4,2026-01-19,2026-01-22,16.6,2026-04-26,3,97,2026-02-20,2026-02-16,28.1,2026-05-12,-4,81,2026-02-23,2026-03-11,18.5,2026-06-06,16,103
20376.0035,20376.0035,HOUSTON 2,MAGNOLIA,WOODHAVYN,2025-05-28,2025-06-10,2025-06-09,12.3,2025-06-13,-1,3,2025-06-16,2025-06-15,5.1,2025-06-16,-1,0,2025-06-27,2025-06-28,12.0,2025-06-26,1,-1,2025-07-10,2025-07-07,10.3,2025-07-08,-3,-2,2025-07-21,2025-07-25,14.6,2025-07-27,4,6,2025-11-01,2025-09-20,60.8,2025-08-06,-42,-87,2025-11-19,2025-11-16,14.7,2025-11-19,-3,0
20376.0038,20376.0038,HOUSTON 2,MAGNOLIA,WOODHAVYN,2025-03-17,2025-03-29,2025-03-27,10.3,2025-04-02,-2,4,2025-04-04,2025-04-04,5.8,2025-04-04,0,0,2025-04-12,2025-04-16,12.0,2025-04-14,4,2,2025-04-23,2025-04-22,10.3,2025-04-23,-1,0,2025-05-08,2025-05-04,10.9,2025-05-10,-4,2,2025-11-04,2025-07-08,61.2,2025-05-24,-119,-164,2025-11-13,2025-11-18,14.4,2025-11-13,5,0
20377.0048,20377.0048,HOUSTON 2,TODD MISSION,COLTON,2026-04-15,2026-04-26,2026-04-27,12.1,,1,,2026-04-30,2026-04-30,4.4,,0,,,2026-05-13,13.2,,,,,2026-05-21,8.4,,,,,2026-06-05,15.3,,,,,2026-06-25,19.7,,,,,2026-07-07,11.9,,,
20397.0005,20397.0005,HOUSTON 2,MAGNOLIA,WILDTREE,2026-01-30,2026-02-10,2026-02-10,11.1,2026-05-08,0,87,2026-02-13,2026-02-14,3.9,2026-05-11,1,87,2026-02-24,2026-02-25,12.1,2026-05-20,1,85,2026-03-04,2026-03-06,10.2,2026-05-31,2,88,2026-03-10,2026-03-20,15.9,2026-06-17,10,99,2026-04-27,2026-04-11,32.3,2026-07-03,-16,67,,2026-05-12,14.6,2026-07-28,,
20233.0467,20233.0467,HOUSTON 3,FULSHEAR,JORDAN RANCH,2026-03-16,2026-03-24,2026-03-26,10.1,,2,,2026-03-31,2026-03-28,4.0,,-3,,2026-04-08,2026-04-11,11.2,,3,,2026-04-17,2026-04-17,9.1,,0,,2026-04-30,2026-05-05,17.8,,5,,,2026-05-19,19.5,,,,,2026-05-31,12.3,,,
20233.0544,20233.0544,HOUSTON 3,FULSHEAR,JORDAN RANCH,2026-04-09,2026-04-20,2026-04-19,10.4,,-1,,2026-04-24,2026-04-25,4.6,,1,,,2026-05-05,11.4,,,,,2026-05-14,8.9,,,,,2026-06-01,18.1,,,,,2026-06-17,16.1,,,,,2026-06-29,12.5,,,
20265.0231,20265.0231,HOUSTON 3,FULSHEAR,CROSS CREEK WEST,2026-04-28,,2026-05-08,9.5,,,,,2026-05-12,4.3,,,,,2026-05-23,11.3,,,,,2026-06-01,8.9,,,,,2026-06-19,18.1,,,,,2026-07-06,17.1,,,,,2026-07-18,12.4,,,
20265.0236,20265.0236,HOUSTON 3,FULSHEAR,CROSS CREEK WEST,2026-02-04,2026-02-11,2026-02-14,10.0,2026-05-03,3,81,2026-02-17,2026-02-15,4.4,2026-05-08,-2,80,2026-02-26,2026-02-28,11.3,2026-05-16,2,79,2026-03-06,2026-03-07,8.9,2026-05-23,1,78,2026-03-19,2026-03-24,17.6,2026-06-14,5,87,2026-04-08,2026-04-03,15.1,2026-06-27,-5,80,2026-04-17,2026-04-20,12.4,2026-07-06,3,80
20265.0240,20265.0240,HOUSTON 3,FULSHEAR,CROSS CREEK WEST,2026-01-29,2026-02-04,2026-02-08,9.6,2026-05-03,4,88,2026-02-09,2026-02-08,4.2,2026-05-08,-1,88,2026-02-19,2026-02-20,11.3,2026-05-16,1,86,2026-02-27,2026-02-28,8.9,2026-05-23,1,85,2026-03-11,2026-03-17,17.6,2026-06-14,6,95,2026-03-23,2026-03-26,15.1,2026-06-27,3,96,2026-04-06,2026-04-04,12.4,2026-07-06,-2,91
20265.0250,20265.0250,HOUSTON 3,FULSHEAR,CROSS CREEK WEST,2026-03-13,2026-03-23,2026-03-22,9.3,,-1,,2026-03-25,2026-03-26,3.2,,1,,2026-04-03,2026-04-05,11.3,,2,,2026-04-15,2026-04-12,8.9,,-3,,2026-04-30,2026-05-03,17.7,,3,,,2026-05-17,17.1,,,,,2026-05-29,12.4,,,
20265.0221,20265.0221,HOUSTON 3,FULSHEAR,CROSS CREEK WEST,2025-12-08,2025-12-23,2025-12-24,15.7,2025-12-24,1,1,2026-01-02,2025-12-30,6.8,2025-12-27,-3,-6,2026-01-10,2026-01-13,11.2,2026-01-16,3,6,2026-01-23,2026-01-20,10.4,2026-01-21,-3,-2,2026-02-11,2026-02-11,18.9,2026-04-26,0,74,2026-02-24,2026-02-25,14.4,2026-05-19,1,84,2026-03-10,2026-03-09,12.7,2026-05-31,-1,82
20356.0030,20356.0030,HOUSTON 3,FULSHEAR,FULSHEAR LAKES,2024-12-02,2024-12-11,2024-12-19,16.5,2025-01-03,8,23,2024-12-30,2024-12-19,8.3,2024-12-25,-11,-5,2024-12-31,2025-01-10,11.2,2025-01-13,10,13,2025-01-16,2025-01-11,10.6,2025-01-12,-5,-4,2025-02-04,2025-02-04,18.7,2025-02-01,0,-3,2025-02-18,2025-02-19,14.5,2025-02-27,1,9,2025-03-14,2025-03-03,12.7,2025-03-14,-11,0
20359.0045,20359.0045,HOUSTON 3,KATY,GRANGE,2026-01-13,2026-01-27,2026-01-28,14.8,2026-01-30,1,3,2026-02-02,2026-01-31,4.2,2026-04-26,-2,83,2026-02-16,2026-02-13,10.7,2026-05-11,-3,84,2026-02-26,2026-02-27,11.0,2026-05-20,1,83,2026-03-13,2026-03-19,21.0,2026-06-01,6,80,2026-03-31,2026-04-02,19.8,2026-06-24,2,85,2026-04-13,2026-04-10,9.7,2026-06-30,-3,78
20205.0165,20205.0165,HOUSTON 4,PORTER,THE HIGHLANDS,2025-04-08,2025-04-14,2025-04-18,10.0,2025-04-20,4,6,2025-04-17,2025-04-18,3.8,2025-04-17,1,0,2025-04-23,2025-04-27,9.7,2025-04-26,4,3,2025-05-02,2025-05-01,8.1,2025-05-04,-1,2,2025-05-09,2025-05-20,18.0,2025-05-17,11,8,2025-05-16,2025-06-06,27.6,2025-05-24,21,8,2025-05-30,2025-05-30,13.6,2025-05-30,0,0
20205.0166,20205.0166,HOUSTON 4,PORTER,THE HIGHLANDS,2025-04-07,2025-04-11,2025-04-19,12.2,2025-04-21,8,10,2025-04-15,2025-04-15,4.2,2025-04-14,0,-1,2025-04-23,2025-04-25,9.7,2025-04-25,2,2,2025-05-02,2025-05-01,8.2,2025-05-04,-1,2,2025-05-12,2025-05-20,18.0,2025-05-27,8,15,2025-05-28,2025-06-09,27.6,2025-06-10,12,13,2025-06-20,2025-06-11,13.6,2025-06-20,-9,0
20205.0214,20205.0214,HOUSTON 4,PORTER,THE HIGHLANDS,2026-04-28,,2026-05-10,11.6,,,,,2026-05-14,4.2,,,,,2026-05-24,9.7,,,,,2026-06-01,8.0,,,,,2026-06-19,18.0,,,,,2026-07-17,27.6,,,,,2026-07-31,13.6,,,
20209.0169,20209.0169,HOUSTON 4,WILLIS,THE WOODLANDS HILLS,2025-02-06,2025-02-21,2025-02-17,10.6,2025-02-17,-4,-4,2025-02-27,2025-02-26,5.4,2025-02-24,-1,-3,2025-03-14,2025-03-19,20.0,2025-03-11,5,-3,2025-03-28,2025-03-25,11.1,2025-03-25,-3,-3,,2025-04-13,15.9,2026-04-26,,,,2025-05-14,31.0,2026-05-05,,,,2025-06-01,17.7,2026-05-09,,
20215.0344,20215.0344,HOUSTON 4,CONROE,ARTAVIA,2026-04-24,,2026-05-06,11.6,,,,,2026-05-10,3.8,,,,,2026-05-20,10.5,,,,,2026-05-29,9.4,,,,,2026-06-14,15.6,,,,,2026-07-07,23.4,,,,,2026-07-20,13.4,,,
20215.0084,253038,HOUSTON 4,CONROE,ARTAVIA,2024-04-29,2024-05-09,2024-05-11,12.0,,2,,2024-05-16,2024-05-14,5.3,,-2,,2024-05-23,2024-05-27,10.6,,4,,2024-06-04,2024-06-02,9.6,,-2,,2024-06-17,2024-06-20,15.7,,3,,2024-07-01,2024-07-06,19.5,,5,,2024-07-26,2024-07-16,15.1,,-10,
20218.0089,20218.0089,HOUSTON 4,CONROE,EVERGREEN,2026-01-05,2026-01-15,2026-01-17,11.6,2026-01-16,2,1,2026-01-21,2026-01-19,3.6,2026-01-19,-2,-2,2026-01-28,2026-01-31,10.5,2026-01-29,3,1,2026-02-06,2026-02-07,9.8,2026-04-26,1,79,2026-02-16,2026-02-22,15.9,2026-05-11,6,84,2026-02-26,2026-03-02,13.6,2026-05-28,4,91,2026-03-06,2026-03-12,14.1,2026-06-10,6,96
20388.0003,20388.0003,HOUSTON 4,MONTGOMERY,BRIARLEY,2025-10-10,2025-12-02,2025-10-25,14.9,2025-10-24,-38,-39,2025-12-08,2025-12-07,4.8,2025-12-07,-1,-1,2025-12-16,2025-12-29,20.7,2025-12-18,13,2,2025-12-30,2025-12-29,12.7,2025-12-30,-1,0,2026-01-14,2026-01-16,16.9,2026-01-14,2,0,2026-01-28,2026-02-11,28.1,2026-02-03,14,6,2026-02-18,2026-02-16,18.5,2026-04-26,-2,67
20388.0004,20388.0004,HOUSTON 4,MONTGOMERY,BRIARLEY,2025-09-26,2025-10-13,2025-10-10,14.5,2025-10-10,-3,-3,2025-10-15,2025-10-18,4.8,2025-10-18,3,3,2025-10-24,2025-11-03,19.3,2025-10-25,10,1,2025-11-06,2025-11-06,12.7,2025-11-07,0,1,2025-11-19,2025-11-23,16.9,2025-11-21,4,2,2025-12-14,2025-12-17,28.1,2025-12-09,3,-5,2025-12-31,2026-01-02,18.5,2025-12-31,2,0
20388.0028,20388.0028,HOUSTON 4,MONTGOMERY,BRIARLEY,2025-09-06,2025-09-25,2025-09-20,14.5,2025-09-20,-5,-5,2025-10-01,2025-10-01,5.9,2025-09-30,0,-1,2025-10-16,2025-10-20,19.3,2025-10-11,4,-5,2025-10-27,2025-10-29,12.7,2025-10-30,2,3,2025-11-12,2025-11-13,16.9,2025-11-11,1,-1,2025-12-10,2025-12-10,28.1,2025-12-02,0,-8,2025-12-23,2025-12-29,18.5,2025-12-23,6,0
20388.0031,20388.0031,HOUSTON 4,MONTGOMERY,BRIARLEY,2026-03-04,2026-03-19,2026-03-20,15.7,,1,,2026-03-23,2026-03-25,6.0,,2,,2026-04-03,2026-04-10,18.2,,7,,2026-04-15,2026-04-16,12.7,,1,,,2026-05-02,16.6,,,,,2026-05-30,28.1,,,,,2026-06-18,18.5,,,
20388.0033,20388.0033,HOUSTON 4,MONTGOMERY,BRIARLEY,2026-03-16,2026-04-27,2026-04-01,15.8,,-26,,2026-04-29,2026-05-02,4.7,,3,,,2026-05-17,18.5,,,,,2026-05-30,12.7,,,,,2026-06-16,16.6,,,,,2026-07-14,28.1,,,,,2026-08-02,18.5,,,
20388.0044,20388.0044,HOUSTON 4,MONTGOMERY,BRIARLEY,2025-09-24,2025-10-10,2025-10-10,15.8,2025-10-16,0,6,2025-10-15,2025-10-16,6.0,2025-10-16,1,1,2025-10-28,2025-10-29,13.7,2025-10-24,1,-4,2025-11-07,2025-11-10,12.7,2025-11-09,3,2,2025-11-21,2025-11-24,16.9,2025-11-19,3,-2,2025-12-19,2025-12-19,28.1,2025-12-17,0,-2,2026-01-09,2026-01-07,18.5,2026-01-09,-2,0
20388.0045,20388.0045,HOUSTON 4,MONTGOMERY,BRIARLEY,2025-09-06,2025-09-18,2025-09-22,16.1,2025-09-28,4,10,2025-09-23,2025-09-24,6.1,2025-09-24,1,1,2025-10-07,2025-10-07,13.7,2025-10-02,0,-5,2025-10-15,2025-10-20,12.7,2025-10-19,5,4,2025-10-29,2025-11-01,16.9,2025-10-27,3,-2,2025-11-24,2025-11-26,28.1,2025-11-24,2,0,2025-12-12,2025-12-13,18.5,2025-12-12,1,0
20388.0054,20388.0054,HOUSTON 4,MONTGOMERY,BRIARLEY,2025-05-16,2025-05-23,2025-06-02,17.1,2025-06-07,10,15,2025-06-02,2025-05-29,6.4,2025-05-29,-4,-4,2025-06-06,2025-06-20,18.4,2025-06-11,14,5,2025-06-16,2025-06-19,12.7,2025-06-18,3,2,2025-06-26,2025-07-03,16.9,2025-06-28,7,2,2025-07-10,2025-07-26,29.5,2025-07-22,16,12,2025-07-31,2025-07-29,18.5,2025-07-31,-2,0
20388.0060,20388.0060,HOUSTON 4,MONTGOMERY,BRIARLEY,2025-09-10,2025-09-23,2025-09-24,14.3,2025-10-02,1,9,2025-09-29,2025-09-28,4.8,2025-09-29,-1,0,2025-10-10,2025-10-18,19.3,2025-10-08,8,-2,2025-10-23,2025-10-23,12.7,2025-10-22,0,-1,2025-11-05,2025-11-09,16.9,2025-11-04,4,-1,2025-11-25,2025-12-03,28.1,2025-12-01,8,6,2025-12-10,2025-12-14,18.5,2025-12-10,4,0
20388.0061,20388.0061,HOUSTON 4,MONTGOMERY,BRIARLEY,2025-12-30,2026-01-21,2026-01-18,18.6,2026-01-21,-3,0,2026-01-27,2026-01-27,6.0,2026-01-27,0,0,2026-02-11,2026-02-09,13.1,2026-04-26,-2,74,2026-02-28,2026-02-24,12.7,2026-05-08,-4,69,2026-03-16,2026-03-17,16.6,2026-05-20,1,65,2026-03-31,2026-04-13,28.1,2026-06-15,13,76,2026-04-10,2026-04-19,18.5,2026-07-03,9,84
20388.0064,20388.0064,HOUSTON 4,MONTGOMERY,BRIARLEY,2026-03-04,2026-04-06,2026-03-20,15.7,,-17,,2026-04-06,2026-04-11,4.8,,5,,2026-04-10,2026-04-24,17.7,,14,,2026-04-24,2026-04-23,12.7,,-1,,,2026-05-11,16.6,,,,,2026-06-08,28.1,,,,,2026-06-27,18.5,,,
20388.0065,20388.0065,HOUSTON 4,MONTGOMERY,BRIARLEY,2025-09-26,2025-10-09,2025-10-13,16.6,2025-10-18,4,9,2025-10-13,2025-10-15,6.0,2025-10-15,2,2,2025-10-24,2025-10-27,13.7,2025-10-22,3,-2,2025-11-03,2025-11-06,12.7,2025-11-05,3,2,2025-11-14,2025-11-20,16.9,2025-11-15,6,1,2025-12-14,2025-12-12,28.1,2025-12-10,-2,-4,2025-12-31,2026-01-02,18.5,2025-12-31,2,0
20175.0072,20175.0072,HOUSTON 5,HOCKLEY,JUBILEE,2026-04-07,2026-04-24,2026-04-18,11.0,,-6,,2026-04-29,2026-05-02,7.5,,3,,,2026-05-11,12.1,,,,,2026-05-23,11.6,,,,,2026-06-09,16.8,,,,,2026-06-30,21.3,,,,,2026-07-15,15.2,,,
20181.1217,20181.1217,HOUSTON 5,CYPRESS,BRIDGELAND,2026-03-20,2026-04-06,2026-04-01,11.5,,-5,,2026-04-10,2026-04-11,4.5,,1,,2026-04-24,2026-04-22,12.0,,-2,,,2026-05-03,8.8,,,,,2026-05-19,16.4,,,,,2026-06-07,19.2,,,,,2026-06-19,12.3,,,
20195.0081,339066,HOUSTON 5,HOCKLEY,THE GRAND PRAIRIE,2024-03-20,2024-04-02,2024-03-28,8.0,,-5,,2024-04-08,2024-04-08,6.4,,0,,2024-04-20,2024-04-20,11.7,,0,,2024-05-07,2024-05-02,11.9,,-5,,,2024-05-21,14.1,,,,,2024-06-12,21.8,,,,,2024-06-26,13.6,,,
20195.0137,20195.0137,HOUSTON 5,HOCKLEY,THE GRAND PRAIRIE,2026-04-23,,2026-04-30,7.4,,,,,2026-05-06,6.1,,,,,2026-05-17,11.2,,,,,2026-05-28,11.4,,,,,2026-06-11,13.5,,,,,2026-07-03,21.8,,,,,2026-07-18,15.1,,,
20237.0105,20237.0105,HOUSTON 5,KATY,KATY COURT,2026-03-21,2026-04-08,2026-04-07,17.3,,-1,,2026-04-13,2026-04-13,4.6,,0,,2026-04-28,2026-04-27,13.7,,-1,,,2026-05-09,11.2,,,,,2026-06-02,23.7,,,,,2026-06-29,27.1,,,,,2026-07-13,14.0,,,
20237.0106,20237.0106,HOUSTON 5,KATY,KATY COURT,2026-03-21,2026-03-31,2026-04-06,16.0,,6,,2026-04-03,2026-04-05,4.7,,2,,,2026-04-16,13.3,,,,,2026-04-27,11.4,,,,,2026-05-20,22.9,,,,,2026-06-23,33.9,,,,,2026-07-07,14.1,,,
20237.0118,20237.0118,HOUSTON 5,KATY,KATY COURT,2026-03-25,2026-04-09,2026-04-11,17.2,,2,,2026-04-14,2026-04-14,4.7,,0,,2026-04-27,2026-04-29,14.7,,2,,,2026-05-08,11.4,,,,,2026-06-02,25.2,,,,,2026-06-29,27.1,,,,,2026-07-13,14.1,,,
20237.0088,20237.0088,HOUSTON 5,KATY,KATY COURT,2026-04-29,,2026-05-17,17.5,,,,,2026-05-22,4.7,,,,,2026-06-07,15.5,,,,,2026-06-18,11.2,,,,,2026-07-11,22.9,,,,,2026-08-05,24.5,,,,,2026-08-19,14.5,,,
20238.0571,730157,HOUSTON 5,KATY,ELYSON,2023-09-11,2023-09-20,2023-09-23,12.2,,3,,2023-09-22,2023-09-24,4.4,,2,,2023-10-05,2023-10-06,13.6,,1,,2023-10-12,2023-10-16,11.4,,4,,2023-11-10,2023-10-29,17.3,,-12,,2023-12-06,2023-11-25,14.5,,-11,,2023-12-27,2023-12-16,10.3,,-11,
20238.0158,625226,HOUSTON 5,KATY,ELYSON,2023-08-30,2023-09-15,2023-09-14,14.6,,-1,,2023-09-19,2023-09-20,4.5,,1,,2023-10-04,2023-10-06,16.6,,2,,2023-10-09,2023-10-15,11.4,,6,,2023-11-13,2023-10-29,20.4,,-15,,2023-12-19,2023-12-01,18.4,,-18,,2024-01-17,2023-12-30,10.6,,-18,
20238.0800,20238.0800,HOUSTON 5,KATY,ELYSON,2026-04-28,,2026-05-15,16.6,,,,,2026-05-20,4.8,,,,,2026-06-04,15.0,,,,,2026-06-15,11.3,,,,,2026-07-05,19.7,,,,,2026-07-22,17.0,,,,,2026-08-02,10.5,,,
20238.0801,20238.0801,HOUSTON 5,KATY,ELYSON,2026-03-23,,2026-04-09,16.5,,,,,2026-04-14,4.8,,,,,2026-04-27,13.0,,,,,2026-05-09,11.6,,,,,2026-05-27,18.3,,,,,2026-06-16,19.6,,,,,2026-06-27,10.5,,,
20238.0802,20238.0802,HOUSTON 5,KATY,ELYSON,2026-03-25,2026-05-01,2026-04-11,17.4,,-20,,,2026-05-06,4.8,,,,,2026-05-17,10.5,,,,,2026-05-29,12.0,,,,,2026-06-16,18.2,,,,,2026-07-03,17.5,,,,,2026-07-14,10.7,,,
20108.1036,20108.1036,HOUSTON 6,MISSOURI CITY,SIENNA,2024-08-30,2024-09-12,2024-09-15,16.2,2024-09-17,3,5,2024-09-16,2024-09-18,5.8,2024-09-16,2,0,2024-09-25,2024-09-27,11.0,2024-09-28,2,3,2024-10-07,2024-10-06,11.3,2024-10-05,-1,-2,2024-10-22,2024-10-23,16.5,2024-10-19,1,-3,2024-11-15,2024-11-16,24.9,2024-11-16,1,1,2024-11-22,2024-11-29,14.3,2024-11-22,7,0
20108.1102,20108.1102,HOUSTON 6,MISSOURI CITY,SIENNA,2025-10-31,2025-11-14,2025-11-16,16.2,2025-11-18,2,4,2025-11-20,2025-11-19,5.4,2025-11-18,-1,-2,2025-12-02,2025-12-01,11.4,2025-12-02,-1,0,2025-12-15,2025-12-11,9.4,2025-12-12,-4,-3,2025-12-22,2026-01-07,23.0,2025-12-27,16,5,2026-01-15,2026-01-16,24.9,2026-01-16,1,1,2026-02-05,2026-01-29,14.3,2026-04-26,-7,80
20252.0459,20252.0459,HOUSTON 6,RICHMOND,STONECREEK ESTATES,2026-04-30,,2026-05-10,9.6,,,,,2026-05-14,4.5,,,,,2026-05-26,11.6,,,,,2026-06-04,8.7,,,,,2026-06-17,13.4,,,,,2026-07-06,18.8,,,,,2026-07-18,11.9,,,
20252.0494,20252.0494,HOUSTON 6,RICHMOND,STONECREEK ESTATES,2026-03-04,2026-03-18,2026-03-13,8.7,,-5,,2026-03-18,2026-03-24,5.5,,6,,2026-03-30,2026-03-30,11.7,,0,,2026-04-07,2026-04-08,8.6,,1,,2026-04-21,2026-04-22,15.3,,1,,,2026-05-08,17.0,,,,,2026-05-20,12.4,,,
20252.0223,726223,HOUSTON 6,RICHMOND,STONECREEK ESTATES,2024-02-21,2024-03-08,2024-03-06,13.8,,-2,,2024-03-15,2024-03-16,7.6,,1,,2024-03-29,2024-03-28,12.7,,-1,,2024-04-02,2024-04-08,10.5,,6,,2024-04-15,2024-04-18,16.4,,3,,2024-05-01,2024-05-04,18.5,,3,,2024-05-10,2024-05-14,13.0,,4,
20272.0496,20272.0496,HOUSTON 6,RICHMOND,HARVEST GREEN,2026-03-26,2026-04-10,2026-04-07,12.1,,-3,,2026-04-14,2026-04-16,6.0,,2,,2026-04-24,2026-04-24,10.4,,0,,,2026-05-04,9.6,,,,,2026-05-17,13.0,,,,,2026-06-01,15.0,,,,,2026-06-14,12.8,,,
20272.0503,20272.0503,HOUSTON 6,RICHMOND,HARVEST GREEN,2026-02-09,2026-02-18,2026-02-18,9.2,,0,,2026-02-18,2026-02-24,6.0,,6,,2026-03-04,2026-03-01,10.6,,-3,,2026-03-05,2026-03-11,7.1,,6,,2026-04-01,2026-03-23,17.9,,-9,,2026-04-14,2026-04-16,14.8,,2,,2026-04-21,2026-04-27,12.8,,6,
20272.0507,20272.0507,HOUSTON 6,RICHMOND,HARVEST GREEN,2026-03-30,2026-04-14,2026-04-09,10.4,,-5,,2026-04-16,2026-04-19,4.9,,3,,2026-04-23,2026-04-27,10.6,,4,,,2026-05-02,8.7,,,,,2026-05-16,14.1,,,,,2026-05-31,15.2,,,,,2026-06-13,13.2,,,
20272.0538,20272.0538,HOUSTON 6,RICHMOND,HARVEST GREEN,2026-01-12,2026-01-27,2026-01-31,19.2,2026-01-24,4,-3,2026-02-02,2026-02-02,5.6,2026-04-26,0,83,2026-02-11,2026-02-12,10.3,2026-05-07,1,85,2026-02-23,2026-02-22,10.9,2026-05-18,-1,84,2026-03-06,2026-03-12,16.7,2026-06-06,6,92,2026-04-09,2026-03-21,14.7,2026-06-27,-19,79,2026-04-20,2026-04-22,12.6,2026-07-09,2,80
20387.0018,20387.0018,HOUSTON 6,RICHMOND,AUSTIN POINT,2025-05-02,2025-05-13,2025-05-16,13.9,2025-05-14,3,1,2025-05-19,2025-05-17,4.5,2025-05-17,-2,-2,2025-05-27,2025-05-30,10.6,2025-05-30,3,3,2025-06-06,2025-06-07,10.6,2025-06-05,1,-1,2025-06-30,2025-06-25,18.6,2025-06-22,-5,-8,2025-07-14,2025-07-20,19.9,2025-07-20,6,6,2025-08-04,2025-08-01,18.2,2025-08-04,-3,0
20286.0125,20286.0125,SAN ANTONIO 1,SAN ANTONIO,VIDA,2026-04-10,2026-04-16,2026-04-18,8.0,,2,,2026-04-27,2026-04-22,5.6,,-5,,,2026-05-11,13.9,,,,,2026-05-17,6.3,,,,,2026-06-04,18.4,,,,,2026-07-04,29.8,,,,,2026-07-15,11.3,,,
20288.1094,685300,SAN ANTONIO 1,SAN ANTONIO,KALLISON RANCH,2022-11-17,2022-11-22,2022-11-25,8.4,,3,,2022-12-01,2022-11-28,5.6,,-3,,2022-12-29,2022-12-14,13.4,,-15,,2023-01-17,2023-01-08,10.3,,-9,,2023-01-24,2023-01-29,12.0,,5,,2023-03-08,2023-02-19,26.2,,-17,,2023-03-31,2023-03-21,12.5,,-10,
20288.1221,20288.1221,SAN ANTONIO 1,SAN ANTONIO,KALLISON RANCH,2025-10-28,2025-11-05,2025-11-04,7.0,2025-11-05,-1,0,2025-11-06,2025-11-11,6.0,2025-11-11,5,5,2025-11-18,2025-11-20,13.6,2025-11-20,2,2,2025-12-03,2025-11-29,11.0,2025-12-12,-4,9,2025-12-11,2025-12-17,13.7,2025-12-20,6,9,2026-01-05,2026-01-08,27.5,2026-01-06,3,1,2026-01-22,2026-01-16,11.0,2026-01-22,-6,0
20288.1297,20288.1297,SAN ANTONIO 1,SAN ANTONIO,KALLISON RANCH,2026-01-21,2026-01-26,2026-01-29,7.7,2026-01-29,3,3,2026-02-02,2026-02-01,5.7,2026-04-26,-1,83,2026-02-18,2026-02-15,13.2,2026-05-10,-3,81,2026-03-03,2026-02-27,8.8,2026-06-03,-4,92,2026-03-17,2026-03-17,13.6,2026-06-20,0,95,2026-04-09,2026-04-12,26.0,2026-07-16,3,98,2026-04-27,2026-04-21,12.1,2026-08-03,-6,98
20288.0366,605507,SAN ANTONIO 1,SAN ANTONIO,KALLISON RANCH,2026-03-24,2026-04-06,2026-04-02,9.2,,-4,,2026-04-13,2026-04-12,5.8,,-1,,2026-04-16,2026-04-26,13.1,,10,,,2026-05-03,17.0,,,,,2026-05-16,13.5,,,,,2026-06-13,27.6,,,,,2026-06-25,12.1,,,
20288.0898,678305,SAN ANTONIO 1,SAN ANTONIO,KALLISON RANCH,2026-04-24,,2026-05-05,10.8,,,,,2026-05-11,6.1,,,,,2026-05-25,13.7,,,,,2026-06-08,14.4,,,,,2026-06-23,14.8,,,,,2026-07-21,28.4,,,,,2026-08-02,11.6,,,
20288.1417,20288.1417,SAN ANTONIO 1,SAN ANTONIO,KALLISON RANCH,2026-04-24,,2026-05-06,11.6,,,,,2026-05-12,5.9,,,,,2026-05-26,13.7,,,,,2026-06-08,12.6,,,,,2026-06-23,14.6,,,,,2026-07-21,28.4,,,,,2026-08-02,12.0,,,
20288.1454,20288.1454,SAN ANTONIO 1,SAN ANTONIO,KALLISON RANCH,2026-04-24,,2026-05-05,10.5,,,,,2026-05-11,6.1,,,,,2026-05-25,13.7,,,,,2026-06-09,14.7,,,,,2026-06-23,14.2,,,,,2026-07-21,27.9,,,,,2026-08-02,11.6,,,
20289.0048,287022,SAN ANTONIO 1,SAN ANTONIO,LADERA,2025-09-09,2025-09-16,2025-09-17,8.3,,1,,2025-09-23,2025-09-22,6.2,,-1,,2025-10-16,2025-10-10,17.1,,-6,,2025-10-27,2025-10-28,12.4,,1,,2025-12-09,2025-11-10,14.2,,-29,,2025-12-12,2025-12-30,21.5,,18,,2025-12-31,2025-12-29,17.4,,-2,
20289.0054,287023,SAN ANTONIO 1,SAN ANTONIO,LADERA,2025-09-12,2025-09-19,2025-09-19,7.2,,0,,2025-09-25,2025-09-25,5.9,,0,,2025-10-21,2025-10-12,17.1,,-9,,2025-10-30,2025-10-28,7.1,,-2,,2025-12-02,2025-11-13,13.9,,-19,,2025-12-03,2025-12-23,21.5,,20,,2025-12-18,2025-12-21,17.7,,3,
20369.0021,20369.0021,SAN ANTONIO 1,SAN ANTONIO,HABY HILL,2025-11-10,2025-11-19,2025-11-21,10.6,2025-11-18,2,-1,2025-11-25,2025-11-25,6.2,2025-11-27,0,2,2025-12-10,2025-12-10,15.1,2025-12-09,0,-1,2026-01-07,2025-12-23,12.8,2025-12-31,-15,-7,2026-02-02,2026-01-20,12.6,2026-04-26,-13,83,2026-03-12,2026-03-05,31.3,2026-05-24,-7,73,2026-03-25,2026-03-24,11.5,2026-06-04,-1,71
20369.0025,20369.0025,SAN ANTONIO 1,SAN ANTONIO,HABY HILL,2025-11-19,2025-12-09,2025-11-29,10.2,2025-11-27,-10,-12,2025-12-16,2025-12-15,6.2,2025-12-17,-1,1,2025-12-30,2025-12-30,14.5,2025-12-30,0,0,2026-01-21,2026-01-12,13.0,2026-01-20,-9,-1,2026-02-03,2026-02-02,12.0,2026-04-26,-1,82,2026-03-10,2026-03-07,32.0,2026-05-24,-3,75,2026-03-19,2026-03-23,12.5,2026-06-04,4,77
20369.0086,20369.0086,SAN ANTONIO 1,SAN ANTONIO,HABY HILL,2025-12-08,2025-12-19,2025-12-19,10.9,2025-12-19,0,0,2025-12-30,2025-12-25,6.2,2025-12-30,-5,0,2026-01-16,2026-01-13,14.3,2026-01-16,-3,0,2026-02-04,2026-01-30,14.5,2026-04-26,-5,81,2026-02-17,2026-02-17,12.7,2026-05-11,0,83,2026-03-16,2026-03-23,33.6,2026-06-08,7,84,2026-03-20,2026-03-28,12.0,2026-06-23,8,95
20369.0110,20369.0110,SAN ANTONIO 1,SAN ANTONIO,HABY HILL,2025-05-16,2025-05-28,2025-05-25,9.1,2025-05-27,-3,-1,2025-05-30,2025-06-03,6.1,2025-06-08,4,9,2025-06-19,2025-06-13,14.2,2025-06-16,-6,-3,2025-07-01,2025-07-03,14.2,2025-07-07,2,6,2025-07-10,2025-07-15,13.7,2025-07-16,5,6,2025-08-15,2025-08-13,34.0,2025-08-07,-2,-8,2025-09-04,2025-08-26,11.4,2025-09-04,-9,0
20369.0112,20369.0112,SAN ANTONIO 1,SAN ANTONIO,HABY HILL,2025-06-09,2025-06-20,2025-06-18,8.9,2025-06-20,-2,0,2025-06-25,2025-06-26,6.3,2025-07-01,1,6,2025-07-28,2025-07-09,14.4,2025-07-12,-19,-16,2025-07-29,2025-08-06,9.4,2025-08-15,8,17,2025-08-11,2025-08-14,15.7,2025-08-13,3,2,2025-09-17,2025-09-14,33.6,2025-09-08,-3,-9,2025-10-03,2025-09-29,11.9,2025-10-03,-4,0
20291.0082,292116,SAN ANTONIO 2,SAN ANTONIO,ARCADIA RIDGE,2025-10-20,2025-10-22,2025-10-26,5.6,,4,,2025-10-24,2025-10-28,5.7,,4,,2025-11-05,2025-11-07,13.9,,2,,2025-11-12,2025-11-13,7.9,,1,,2025-12-01,2025-11-30,18.1,,-1,,2026-01-05,2025-12-27,25.9,,-9,,2026-01-22,2026-01-16,10.6,,-6,
20291.0183,309068,SAN ANTONIO 2,SAN ANTONIO,ARCADIA RIDGE,2026-04-06,2026-04-15,2026-04-12,5.5,,-3,,2026-04-20,2026-04-21,5.6,,1,,,2026-05-04,13.8,,,,,2026-05-12,7.8,,,,,2026-05-30,18.4,,,,,2026-06-27,27.5,,,,,2026-07-10,12.6,,,
20313.0041,20313.0041,SAN ANTONIO 2,BOERNE,CORLEY FARMS,2026-01-30,2026-02-11,2026-02-07,7.8,2026-05-06,-4,84,2026-02-16,2026-02-17,5.9,2026-05-11,1,84,2026-02-24,2026-02-28,11.6,2026-05-28,4,93,2026-03-05,2026-03-05,9.1,2026-06-10,0,97,2026-04-07,2026-03-20,14.7,2026-06-26,-18,80,,2026-05-04,26.6,2026-07-17,,,,2026-05-15,10.5,2026-07-31,,
20313.0062,20313.0062,SAN ANTONIO 2,BOERNE,CORLEY FARMS,2026-01-30,2026-02-11,2026-02-07,7.8,2026-05-06,-4,84,2026-02-16,2026-02-17,6.0,2026-05-11,1,84,2026-02-26,2026-02-28,12.0,2026-05-28,2,91,2026-03-03,2026-03-07,8.8,2026-06-10,4,99,2026-03-17,2026-03-18,15.0,2026-06-26,1,101,2026-04-17,2026-04-13,26.6,2026-07-17,-4,91,,2026-04-27,10.2,2026-07-31,,
20313.0070,20313.0070,SAN ANTONIO 2,BOERNE,CORLEY FARMS,2026-04-01,2026-04-16,2026-04-10,8.8,,-6,,2026-04-28,2026-04-22,5.9,,-6,,,2026-05-09,11.2,,,,,2026-05-18,9.0,,,,,2026-06-02,15.2,,,,,2026-06-29,26.6,,,,,2026-07-09,10.3,,,
20314.0154,20314.0154,SAN ANTONIO 2,SAN ANTONIO,KINDER RANCH,2026-04-28,,2026-05-10,12.2,,,,,2026-05-16,6.2,,,,,2026-06-01,16.2,,,,,2026-06-12,10.9,,,,,2026-06-25,13.1,,,,,2026-07-24,29.3,,,,,2026-08-09,15.6,,,
20314.0171,20314.0171,SAN ANTONIO 2,SAN ANTONIO,KINDER RANCH,2026-01-12,2026-01-21,2026-01-23,11.1,2026-01-24,2,3,2026-01-28,2026-01-27,6.5,2026-04-26,-1,88,2026-02-17,2026-02-13,16.2,2026-05-13,-4,85,2026-02-27,2026-02-26,9.2,2026-05-25,-1,87,2026-03-09,2026-03-13,13.6,2026-06-11,4,94,2026-04-15,2026-04-06,27.9,2026-07-20,-9,96,,2026-04-30,15.0,2026-08-05,,
20315.0109,20315.0109,SAN ANTONIO 2,BULVERDE,JOHNSON RANCH,2025-12-10,2025-12-19,2025-12-18,7.6,2025-12-22,-1,3,2025-12-30,2025-12-25,6.3,2025-12-26,-5,-4,2026-01-14,2026-01-13,14.0,2026-01-14,-1,0,2026-01-29,2026-01-25,10.9,2026-04-26,-4,87,2026-02-13,2026-02-13,15.0,2026-05-16,0,92,2026-03-09,2026-03-14,29.5,2026-06-18,5,101,2026-03-14,2026-03-19,9.8,2026-07-03,5,111
20315.0118,20315.0118,SAN ANTONIO 2,BULVERDE,JOHNSON RANCH,2025-12-17,2025-12-26,2025-12-23,6.1,2025-12-29,-3,3,2025-12-30,2026-01-01,5.6,2026-01-02,2,3,2026-01-14,2026-01-13,14.0,2026-01-14,-1,0,2026-01-21,2026-01-25,10.9,2026-01-21,4,0,2026-02-13,2026-02-05,15.0,2026-04-26,-8,72,2026-03-04,2026-03-14,29.5,2026-05-29,10,86,2026-03-10,2026-03-14,9.8,2026-06-13,4,95
20315.0145,20315.0145,SAN ANTONIO 2,BULVERDE,JOHNSON RANCH,2025-11-19,2025-11-28,2025-11-27,8.0,2025-11-29,-1,1,2025-12-05,2025-12-04,6.3,2025-12-05,-1,0,2025-12-18,2025-12-19,14.0,2025-12-22,1,4,2025-12-31,2025-12-29,10.9,2025-12-29,-2,-2,2026-01-13,2026-01-15,15.0,2026-01-12,2,-1,2026-02-23,2026-02-11,29.5,2026-04-26,-12,62,2026-02-27,2026-03-05,9.8,2026-05-04,6,66
20315.0149,20315.0149,SAN ANTONIO 2,BULVERDE,JOHNSON RANCH,2026-02-17,2026-03-03,2026-02-24,7.4,,-7,,2026-03-09,2026-03-09,6.3,,0,,2026-03-19,2026-03-23,14.0,,4,,2026-04-02,2026-03-30,10.9,,-3,,2026-04-15,2026-04-17,15.0,,2,,,2026-05-14,29.5,,,,,2026-05-24,9.8,,,
20315.0150,20315.0150,SAN ANTONIO 2,BULVERDE,JOHNSON RANCH,2026-01-26,2026-02-06,2026-02-02,7.5,2026-04-26,-4,79,2026-02-12,2026-02-12,6.3,2026-05-03,0,80,2026-02-26,2026-02-26,14.0,2026-05-20,0,83,2026-03-10,2026-03-09,10.9,2026-05-31,-1,82,2026-03-20,2026-03-25,15.0,2026-06-12,5,84,2026-04-20,2026-04-18,29.5,2026-07-09,-2,80,,2026-04-30,9.8,2026-07-17,,
20320.0138,20320.0138,SAN ANTONIO 2,BOERNE,ESPERANZA,2025-12-30,2026-01-12,2026-01-07,7.9,2026-01-10,-5,-2,2026-01-19,2026-01-18,6.2,2026-01-19,-1,0,2026-01-30,2026-02-01,12.7,2026-04-26,2,86,2026-02-09,2026-02-09,9.7,2026-05-07,0,87,2026-02-27,2026-02-24,14.9,2026-05-28,-3,90,2026-03-18,2026-03-26,26.6,2026-06-27,8,101,2026-04-07,2026-03-29,10.8,2026-07-11,-9,95
20320.0150,20320.0150,SAN ANTONIO 2,BOERNE,ESPERANZA,2026-03-06,2026-03-16,2026-03-14,7.6,,-2,,2026-03-20,2026-03-22,6.1,,2,,2026-04-01,2026-04-04,14.7,,3,,2026-04-10,2026-04-11,9.5,,1,,2026-04-29,2026-04-25,14.9,,-4,,,2026-05-26,26.6,,,,,2026-06-05,9.8,,,
20325.0255,20325.0255,SAN ANTONIO 3,NEW BRAUNFELS,VERAMENDI,2026-01-08,2026-01-20,2026-01-17,8.7,2026-01-20,-3,0,2026-01-20,2026-01-26,5.9,2026-01-26,6,6,2026-01-29,2026-02-01,11.7,2026-01-31,3,2,2026-02-13,2026-02-10,12.2,2026-04-26,-3,72,2026-02-23,2026-03-02,16.7,2026-05-11,7,77,2026-03-17,2026-03-21,25.6,2026-06-03,4,78,2026-04-02,2026-03-28,10.9,2026-06-18,-5,77
20335.0101,20335.0101,SAN ANTONIO 3,NEW BRAUNFELS,LEGACY AT LAKE DUNLAP,2026-04-01,2026-04-15,2026-04-10,8.7,,-5,,2026-04-24,2026-04-20,5.2,,-4,,,2026-05-06,11.8,,,,,2026-05-15,9.5,,,,,2026-06-02,18.0,,,,,2026-06-25,23.3,,,,,2026-07-06,10.7,,,
20335.0105,20335.0105,SAN ANTONIO 3,NEW BRAUNFELS,LEGACY AT LAKE DUNLAP,2026-04-13,2026-04-13,2026-04-22,8.7,,9,,2026-04-23,2026-04-18,5.5,,-5,,,2026-05-05,11.8,,,,,2026-05-14,9.0,,,,,2026-06-01,18.0,,,,,2026-06-25,24.1,,,,,2026-07-05,10.0,,,
20335.0108,20335.0108,SAN ANTONIO 3,NEW BRAUNFELS,LEGACY AT LAKE DUNLAP,2026-04-07,2026-04-21,2026-04-16,8.7,,-5,,2026-04-30,2026-04-26,5.2,,-4,,,2026-05-12,11.8,,,,,2026-05-21,9.4,,,,,2026-06-08,18.0,,,,,2026-07-01,23.5,,,,,2026-07-12,10.7,,,
20335.0127,20335.0127,SAN ANTONIO 3,NEW BRAUNFELS,LEGACY AT LAKE DUNLAP,2026-04-02,2026-04-08,2026-04-11,8.7,,3,,2026-04-14,2026-04-14,6.1,,0,,2026-04-28,2026-04-26,12.2,,-2,,,2026-05-07,9.1,,,,,2026-05-25,18.3,,,,,2026-06-16,22.4,,,,,2026-06-26,9.8,,,
20335.0137,20335.0137,SAN ANTONIO 3,NEW BRAUNFELS,LEGACY AT LAKE DUNLAP,2026-04-08,2026-04-14,2026-04-17,8.7,,3,,2026-04-30,2026-04-20,6.1,,-10,,,2026-05-12,11.8,,,,,2026-05-22,9.5,,,,,2026-06-07,16.3,,,,,2026-06-29,22.3,,,,,2026-07-09,10.0,,,
20335.0138,20335.0138,SAN ANTONIO 3,NEW BRAUNFELS,LEGACY AT LAKE DUNLAP,2026-04-09,2026-04-15,2026-04-18,8.7,,3,,2026-04-22,2026-04-22,6.7,,0,,,2026-05-04,12.2,,,,,2026-05-13,9.2,,,,,2026-05-31,18.1,,,,,2026-06-23,23.1,,,,,2026-07-03,10.0,,,
20335.0140,20335.0140,SAN ANTONIO 3,NEW BRAUNFELS,LEGACY AT LAKE DUNLAP,2026-04-30,,2026-05-09,8.7,,,,,2026-05-16,6.8,,,,,2026-05-28,12.3,,,,,2026-06-06,9.3,,,,,2026-06-24,18.1,,,,,2026-07-19,25.5,,,,,2026-07-29,10.2,,,
20335.0143,20335.0143,SAN ANTONIO 3,NEW BRAUNFELS,LEGACY AT LAKE DUNLAP,2026-04-14,2026-04-20,2026-04-23,8.7,,3,,2026-04-29,2026-04-27,6.7,,-2,,,2026-05-11,11.8,,,,,2026-05-20,9.5,,,,,2026-06-07,18.1,,,,,2026-07-01,23.5,,,,,2026-07-11,10.0,,,
20335.0146,20335.0146,SAN ANTONIO 3,NEW BRAUNFELS,LEGACY AT LAKE DUNLAP,2026-04-07,2026-04-14,2026-04-16,8.7,,2,,2026-04-23,2026-04-20,6.1,,-3,,,2026-05-05,11.8,,,,,2026-05-14,9.2,,,,,2026-06-01,18.1,,,,,2026-06-25,24.0,,,,,2026-07-06,10.8,,,
20335.0149,20335.0149,SAN ANTONIO 3,NEW BRAUNFELS,LEGACY AT LAKE DUNLAP,2026-03-21,2026-03-30,2026-03-30,8.7,,0,,2026-04-03,2026-04-06,7.2,,3,,2026-04-20,2026-04-15,12.2,,-5,,2026-04-30,2026-05-02,11.6,,2,,,2026-05-16,16.3,,,,,2026-06-10,25.3,,,,,2026-06-20,9.6,,,
20335.0152,20335.0152,SAN ANTONIO 3,NEW BRAUNFELS,LEGACY AT LAKE DUNLAP,2026-03-30,2026-04-06,2026-04-08,8.8,,2,,2026-04-13,2026-04-13,6.7,,0,,2026-04-24,2026-04-25,12.2,,1,,,2026-05-06,11.9,,,,,2026-05-22,16.3,,,,,2026-06-17,25.8,,,,,2026-06-27,10.3,,,
20345.0079,20345.0079,SAN ANTONIO 3,NEW BRAUNFELS,MAYFAIR,2026-04-30,,2026-05-09,8.8,,,,,2026-05-16,6.8,,,,,2026-05-28,11.6,,,,,2026-06-09,11.9,,,,,2026-06-25,16.3,,,,,2026-07-22,26.6,,,,,2026-08-03,11.6,,,
20406.0010,20406.0010,SAN ANTONIO 3,SCHERTZ,WINDBORNE,2025-11-07,2025-11-17,2025-11-15,8.3,2025-11-19,-2,2,2025-11-20,2025-11-24,6.6,2025-11-24,4,4,2025-12-01,2025-12-03,12.7,2025-12-04,2,3,2025-12-09,2025-12-13,12.0,2025-12-16,4,7,2025-12-22,2025-12-24,15.4,2025-12-22,2,0,2026-01-23,2026-01-14,22.9,2026-01-14,-9,-9,2026-02-15,2026-02-06,14.1,2026-04-26,-9,70
20090.0173,20090.0173,BRITTON D3,PROSPER,STAR TRAIL,2026-02-25,2026-03-12,2026-03-08,10.8,,-4,,2026-03-18,2026-03-19,6.6,,1,,2026-04-07,2026-04-11,23.7,,4,,2026-04-16,2026-04-19,11.7,,3,,,2026-05-03,16.6,,,,,2026-06-01,29.0,,,,,2026-06-18,17.1,,,
20090.0174,20090.0174,BRITTON D3,PROSPER,STAR TRAIL,2026-02-17,2026-03-02,2026-03-01,11.6,,-1,,2026-03-09,2026-03-08,5.7,,-1,,2026-04-06,2026-03-30,21.4,,-7,,2026-04-15,2026-04-17,11.1,,2,,,2026-05-02,16.8,,,,,2026-06-01,30.4,,,,,2026-06-19,17.5,,,
20090.0188,20090.0188,BRITTON D3,PROSPER,STAR TRAIL,2026-02-09,2026-02-19,2026-02-20,10.6,2026-05-06,1,76,2026-02-27,2026-02-26,6.9,2026-05-09,-1,71,2026-03-30,2026-03-21,21.6,2026-05-22,-9,53,2026-04-06,2026-04-11,11.7,2026-06-04,5,59,,2026-04-23,16.6,2026-06-24,,,,2026-05-23,29.7,2026-07-23,,,,2026-06-13,21.2,2026-08-13,,
20393.0003,20393.0003,BRITTON D3,PROSPER,STAR VIEW,2025-06-30,2025-07-07,2025-07-14,13.5,2025-07-10,7,3,2025-07-11,2025-07-11,4.4,2025-07-10,0,-1,2025-07-29,2025-07-29,18.4,2025-07-24,0,-5,2025-08-04,2025-08-08,9.5,2025-08-11,4,7,2025-08-15,2025-08-21,17.4,2025-08-24,6,9,2025-09-12,2025-09-15,30.7,2025-09-13,3,1,2025-10-08,2025-09-30,17.7,2025-10-08,-8,0
20361.0003,20361.0003,BRITTON D4,HURST,ADKINS PARK,2026-04-29,,2026-05-14,15.1,,,,,2026-05-28,13.6,,,,,2026-06-19,22.5,,,,,2026-06-28,9.5,,,,,2026-07-17,18.9,,,,,2026-08-16,30.1,,,,,2026-09-04,19.2,,,
20361.0004,20361.0004,BRITTON D4,HURST,ADKINS PARK,2026-03-04,2026-03-13,2026-03-19,15.0,,6,,2026-03-25,2026-03-22,8.5,,-3,,2026-04-10,2026-04-16,22.5,,6,,2026-04-27,2026-04-19,9.5,,-8,,,2026-05-16,18.9,,,,,2026-06-15,30.1,,,,,2026-07-04,19.2,,,
20361.0005,20361.0005,BRITTON D4,HURST,ADKINS PARK,2026-03-10,2026-03-25,2026-03-25,15.4,,0,,2026-03-25,2026-04-06,12.5,,12,,2026-04-14,2026-04-16,22.5,,2,,2026-04-27,2026-04-23,9.5,,-4,,,2026-05-16,18.9,,,,,2026-06-15,30.1,,,,,2026-07-04,19.2,,,
20361.0008,20361.0008,BRITTON D4,HURST,ADKINS PARK,2026-04-16,,2026-05-01,14.6,,,,,2026-05-14,13.0,,,,,2026-06-05,22.5,,,,,2026-06-14,9.5,,,,,2026-07-03,18.9,,,,,2026-08-02,30.1,,,,,2026-08-21,19.2,,,
20361.0026,20361.0026,BRITTON D4,HURST,ADKINS PARK,2026-04-14,2026-04-29,2026-04-29,15.1,,0,,,2026-05-09,10.3,,,,,2026-05-31,22.5,,,,,2026-06-09,9.5,,,,,2026-06-28,18.9,,,,,2026-07-28,30.1,,,,,2026-08-16,19.2,,,
20007.0180,20007.0180,AUSTIN 1,LIBERTY HILL,LARIAT,2026-02-24,2026-03-04,2026-03-03,7.3,,-1,,2026-03-09,2026-03-10,6.1,,1,,2026-03-18,2026-03-21,11.7,,3,,2026-03-25,2026-03-30,11.8,,5,,2026-04-17,2026-04-16,22.3,,-1,,,2026-05-23,36.0,,,,,2026-06-03,10.6,,,
20013.0564,20013.0564,AUSTIN 1,LIBERTY HILL,SANTA RITA RANCH,2026-01-06,2026-01-13,2026-01-15,8.9,2026-01-18,2,5,2026-01-20,2026-01-18,5.4,2026-01-18,-2,-2,2026-02-03,2026-02-01,12.3,2026-04-26,-2,82,2026-02-13,2026-02-15,11.6,2026-05-07,2,83,2026-03-02,2026-02-28,15.4,2026-05-29,-2,88,2026-03-30,2026-03-31,29.4,2026-07-23,1,115,2026-04-18,2026-04-09,10.4,2026-08-09,-9,113
20014.0118,167211,AUSTIN 1,LIBERTY HILL,SANTA RITA RANCH RENTALS,2023-06-29,2023-07-05,2023-07-06,7.3,,1,,2023-07-20,2023-07-11,5.9,,-9,,2023-08-04,2023-08-02,13.5,,-2,,2023-08-17,2023-08-16,11.6,,-1,,2023-09-05,2023-09-03,17.5,,-2,,2023-10-09,2023-10-04,29.0,,-5,,2023-10-31,2023-10-20,10.6,,-11,
20020.0281,20020.0281,AUSTIN 2,BASTROP,THE COLONY,2026-02-02,2026-02-05,2026-02-09,6.7,2026-04-30,4,84,2026-02-09,2026-02-12,6.7,2026-05-05,3,85,2026-02-19,2026-02-20,10.7,2026-05-16,1,86,2026-02-26,2026-03-01,9.5,2026-05-26,3,89,2026-03-11,2026-03-16,17.5,2026-06-12,5,93,2026-04-22,2026-03-31,20.5,2026-07-15,-22,84,,2026-05-06,13.9,2026-07-26,,
20373.0125,20373.0125,AUSTIN 2,GEORGETOWN,PARKSIDE ON THE RIVER WEST,2026-03-07,2026-03-31,2026-03-17,10.1,,-14,,2026-04-06,2026-04-05,5.4,,-1,,2026-04-22,2026-04-24,18.1,,2,,,2026-05-03,11.4,,,,,2026-05-18,14.5,,,,,2026-06-19,32.0,,,,,2026-07-10,20.8,,,
20373.0126,20373.0126,AUSTIN 2,GEORGETOWN,PARKSIDE ON THE RIVER WEST,2026-03-06,2026-03-24,2026-03-17,11.4,2026-05-11,-7,48,2026-03-31,2026-03-30,5.5,2026-05-18,-1,48,2026-04-20,2026-04-19,18.9,2026-06-05,-1,46,,2026-05-01,11.3,2026-06-15,,,,2026-05-16,14.8,2026-07-01,,,,2026-06-18,32.6,2026-08-13,,,,2026-07-09,21.4,2026-09-11,,
20373.0132,20373.0132,AUSTIN 2,GEORGETOWN,PARKSIDE ON THE RIVER WEST,2026-03-31,,2026-04-11,11.5,,,,,2026-04-18,7.0,,,,,2026-05-06,18.1,,,,,2026-05-17,11.3,,,,,2026-06-01,14.5,,,,,2026-07-03,32.3,,,,,2026-07-25,22.3,,,
20373.0136,20373.0136,AUSTIN 2,GEORGETOWN,PARKSIDE ON THE RIVER WEST,2026-03-26,2026-04-09,2026-04-05,10.3,,-4,,2026-04-16,2026-04-15,5.5,,-1,,,2026-05-04,18.1,,,,,2026-05-15,11.3,,,,,2026-05-30,14.8,,,,,2026-07-02,32.7,,,,,2026-07-24,22.1,,,
20024.0195,767219,AUSTIN 3,AUSTIN,EASTON PARK,2022-02-28,2022-04-05,2022-03-10,9.8,,-26,,2022-05-02,2022-04-12,7.3,,-20,,2022-07-15,2022-05-27,24.8,,-49,,2022-08-08,2022-07-29,14.4,,-10,,2022-09-12,2022-08-26,18.2,,-17,,2022-10-12,2022-10-10,28.5,,-2,,2022-11-15,2022-10-25,12.9,,-21,
20024.0339,20024.0339,AUSTIN 3,AUSTIN,EASTON PARK,2026-01-02,2026-01-09,2026-01-13,10.7,2026-01-12,4,3,2026-01-13,2026-01-15,6.1,2026-01-18,2,5,2026-02-04,2026-02-07,24.8,2026-04-26,3,81,2026-02-16,2026-02-18,14.3,2026-05-09,2,82,2026-03-06,2026-03-05,16.9,2026-05-23,-1,78,2026-03-23,2026-04-01,25.8,2026-06-29,9,98,2026-04-02,2026-04-05,12.6,2026-07-11,3,100
20024.0394,20024.0394,AUSTIN 3,AUSTIN,EASTON PARK,2026-03-24,2026-04-01,2026-04-04,10.8,,3,,2026-04-06,2026-04-07,6.1,,1,,2026-05-01,2026-05-01,24.8,,0,,,2026-05-15,14.3,,,,,2026-05-30,15.4,,,,,2026-06-30,30.5,,,,,2026-07-13,12.6,,,
20360.0007,20360.0007,AUSTIN 3,AUSTIN,PARTEN,2026-01-13,2026-01-23,2026-01-23,10.1,2026-01-25,0,2,2026-02-02,2026-01-29,5.8,2026-04-26,-4,83,2026-02-18,2026-02-27,24.8,2026-05-22,9,93,2026-03-05,2026-03-04,14.3,2026-06-09,-1,96,2026-03-17,2026-03-25,19.7,2026-06-25,8,100,2026-03-30,2026-04-13,27.2,2026-08-06,14,129,2026-04-17,2026-04-12,12.6,2026-08-13,-5,118
20360.0010,20360.0010,AUSTIN 3,AUSTIN,PARTEN,2025-12-16,2025-12-30,2025-12-27,10.5,2025-12-28,-3,-2,2025-12-31,2026-01-05,5.7,2026-01-03,5,3,2026-01-21,2026-01-25,24.8,2026-01-26,4,5,2026-02-06,2026-02-04,14.3,2026-04-26,-2,79,2026-02-17,2026-02-24,18.1,2026-05-12,7,84,2026-03-13,2026-03-13,24.5,2026-06-23,0,102,2026-03-27,2026-03-26,12.6,2026-06-30,-1,95
20360.0032,20360.0032,AUSTIN 3,AUSTIN,PARTEN,2026-01-14,2026-01-27,2026-01-25,11.5,2026-01-26,-2,-1,2026-02-03,2026-02-02,6.2,2026-04-26,-1,82,2026-02-23,2026-02-28,24.8,2026-05-22,5,88,2026-03-10,2026-03-09,14.3,2026-06-09,-1,91,2026-03-23,2026-03-28,17.9,2026-06-25,5,94,2026-04-20,2026-04-19,27.2,2026-08-06,-1,108,,2026-05-03,12.6,2026-08-13,,
20360.0053,20360.0053,AUSTIN 3,AUSTIN,PARTEN,2026-03-25,2026-04-08,2026-04-05,11.3,,-3,,2026-04-21,2026-04-14,6.0,,-7,,,2026-05-16,24.8,,,,,2026-05-30,14.4,,,,,2026-06-16,17.1,,,,,2026-07-17,31.5,,,,,2026-07-30,12.6,,,
20403.0086,20403.0086,AUSTIN 3,LOCKHART,JUNIPER SPRINGS,2026-02-16,2026-02-20,2026-02-26,9.8,,6,,2026-02-24,2026-02-24,3.9,,0,,2026-03-09,2026-03-08,12.4,,-1,,2026-03-16,2026-03-22,13.1,,6,,2026-03-30,2026-04-01,16.5,,2,,2026-04-16,2026-04-20,21.2,,4,,2026-04-29,2026-04-30,13.7,,1,
20403.0102,20403.0102,AUSTIN 3,LOCKHART,JUNIPER SPRINGS,2026-03-17,2026-03-25,2026-03-27,9.8,,2,,2026-03-30,2026-03-29,3.9,,-1,,2026-04-09,2026-04-11,12.4,,2,,2026-04-20,2026-04-22,13.1,,2,,,2026-05-06,16.5,,,,,2026-05-27,21.2,,,,,2026-06-10,13.7,,,
20041.0068,20041.0068,PERRY D1,MCLENDON-CHISHOLM,SONOMA VERDE,2026-02-23,2026-03-13,2026-03-07,12.3,,-6,,2026-03-17,2026-03-18,4.7,,1,,2026-04-21,2026-03-30,12.9,,-22,,,2026-04-30,8.8,,,,,2026-05-17,16.9,,,,,2026-06-03,16.6,,,,,2026-06-17,14.4,,,
20041.0072,20041.0072,PERRY D1,MCLENDON-CHISHOLM,SONOMA VERDE,2025-10-09,2025-10-21,2025-10-21,12.3,2025-10-21,0,0,2025-10-23,2025-10-26,4.7,2025-10-27,3,4,2025-11-07,2025-11-05,12.9,2025-11-10,-2,3,2025-11-18,2025-11-16,8.8,2025-11-19,-2,1,2025-12-02,2025-12-05,16.9,2025-12-06,3,4,2025-12-12,2025-12-19,16.6,2025-12-25,7,13,2025-12-30,2025-12-26,14.4,2025-12-30,-4,0
20059.0020,268145,PERRY D1,FATE,AVONDALE,2026-03-13,2026-03-23,2026-03-25,11.6,,2,,2026-03-30,2026-03-27,4.4,,-3,,,2026-04-19,19.9,,,,,2026-05-01,11.6,,,,,2026-05-18,16.7,,,,,2026-06-05,17.5,,,,,2026-06-19,14.5,,,
20366.0004,20366.0004,PERRY D1,ROCKWALL,TERRACES,2026-03-06,2026-03-17,2026-03-24,17.7,,7,,2026-03-20,2026-03-22,5.2,,2,,2026-04-03,2026-04-12,23.1,,9,,2026-04-21,2026-04-15,11.6,,-6,,,2026-05-07,16.3,,,,,2026-05-25,18.3,,,,,2026-06-12,18.3,,,
20413.0019,20413.0019,PERRY D1,FORNEY,MERAKI,2026-03-04,2026-03-16,2026-03-13,9.3,,-3,,2026-03-18,2026-03-20,4.1,,2,,2026-03-30,2026-04-01,14.4,,2,,2026-04-13,2026-04-11,12.2,,-2,,2026-04-20,2026-04-24,11.1,,4,,,2026-05-08,17.6,,,,,2026-05-23,14.5,,,
20413.0021,20413.0021,PERRY D1,FORNEY,MERAKI,2026-02-24,2026-03-02,2026-03-03,7.4,,1,,2026-03-05,2026-03-06,4.0,,1,,2026-03-12,2026-03-19,14.4,,7,,2026-03-23,2026-03-24,12.3,,1,,2026-04-13,2026-04-02,9.7,,-11,,2026-04-21,2026-05-01,17.6,,10,,,2026-05-06,14.5,,,
20413.0026,20413.0026,PERRY D1,FORNEY,MERAKI,2026-04-15,2026-04-24,2026-04-23,8.1,,-1,,2026-04-27,2026-04-28,4.0,,1,,,2026-05-11,14.4,,,,,2026-05-23,12.2,,,,,2026-06-03,11.1,,,,,2026-06-21,17.6,,,,,2026-07-06,14.5,,,
20414.0003,20414.0003,PERRY D1,HEATH,BRISTOL VALLEY,2026-02-09,2026-02-18,2026-02-24,15.1,2026-05-09,6,80,2026-02-23,2026-02-27,8.9,2026-05-15,4,81,2026-03-10,2026-03-11,16.2,2026-05-31,1,82,2026-03-20,2026-03-24,13.9,2026-06-12,4,84,,2026-04-11,22.2,2026-06-30,,,2026-04-29,2026-05-11,30.4,2026-07-17,12,79,,2026-05-19,19.9,2026-08-03,,
20414.0038,20414.0038,PERRY D1,HEATH,BRISTOL VALLEY,2026-03-03,2026-03-19,2026-03-18,15.1,,-1,,2026-03-27,2026-03-27,7.8,,0,,2026-04-13,2026-04-14,18.4,,1,,2026-04-27,2026-04-26,12.9,,-1,,,2026-05-20,22.6,,,,,2026-06-23,33.8,,,,,2026-07-13,20.1,,,
20414.0048,20414.0048,PERRY D1,HEATH,BRISTOL VALLEY,2026-03-04,2026-03-25,2026-03-19,15.1,,-6,,2026-04-14,2026-04-02,8.1,,-12,,,2026-04-28,13.7,,,,,2026-05-12,14.2,,,,,2026-06-05,24.1,,,,,2026-07-05,30.2,,,,,2026-07-24,18.6,,,
20037.0491,20037.0491,PERRY D2,MCKINNEY,TRINITY FALLS,2026-04-17,2026-04-27,2026-04-28,11.4,,1,,2026-04-29,2026-05-03,5.7,,4,,,2026-05-21,21.8,,,,,2026-06-01,11.1,,,,,2026-06-15,14.3,,,,,2026-07-07,22.1,,,,,2026-07-22,15.4,,,
20037.0428,20037.0428,PERRY D2,MCKINNEY,TRINITY FALLS,2026-03-06,2026-03-17,2026-03-17,11.4,,0,,2026-03-20,2026-03-23,5.5,,3,,2026-04-15,2026-04-12,23.0,,-3,,2026-04-27,2026-04-26,10.7,,-1,,,2026-05-11,14.3,,,,,2026-06-02,22.1,,,,,2026-06-17,15.4,,,
20037.0429,20037.0429,PERRY D2,MCKINNEY,TRINITY FALLS,2026-03-04,2026-03-16,2026-03-15,11.4,,-1,,2026-03-20,2026-03-20,4.2,,0,,2026-04-09,2026-04-12,22.7,,3,,2026-04-20,2026-04-20,10.7,,0,,,2026-05-04,14.3,,,,,2026-05-26,22.1,,,,,2026-06-11,16.2,,,
20037.0462,20037.0462,PERRY D2,MCKINNEY,TRINITY FALLS,2026-03-19,2026-03-31,2026-03-31,11.7,,0,,2026-04-08,2026-04-05,5.2,,-3,,2026-04-27,2026-05-02,24.3,,5,,,2026-05-08,11.1,,,,,2026-05-22,14.3,,,,,2026-06-13,22.1,,,,,2026-06-28,15.4,,,
20037.0464,20037.0464,PERRY D2,MCKINNEY,TRINITY FALLS,2026-03-05,2026-03-24,2026-03-16,11.4,,-8,,2026-03-27,2026-03-30,6.3,,3,,,2026-04-22,25.6,,,,,2026-05-03,10.7,,,,,2026-05-17,14.3,,,,,2026-06-08,22.1,,,,,2026-06-23,15.4,,,
20066.0645,20066.0645,PERRY D2,FORNEY,DEVONSHIRE,2026-04-14,,2026-04-25,10.7,,,,,2026-04-30,4.5,,,,,2026-05-14,14.4,,,,,2026-05-26,12.3,,,,,2026-06-07,11.5,,,,,2026-06-25,17.6,,,,,2026-07-10,14.5,,,
20055.0012,301080,PERRY D3,CELINA,NORTH SKY,2026-04-01,2026-04-20,2026-04-15,14.0,,-5,,2026-04-24,2026-04-22,2.3,,-2,,,2026-05-14,20.0,,,,,2026-05-28,13.6,,,,,2026-06-10,13.0,,,,,2026-06-30,19.5,,,,,2026-07-17,16.9,,,
20085.0051,20085.0051,PERRY D3,CELINA,MOSAIC,2026-03-13,2026-03-26,2026-03-26,13.3,,0,,2026-03-30,2026-03-30,3.9,,0,,2026-04-24,2026-04-13,13.7,,-11,,,2026-05-04,10.3,,,,,2026-05-17,12.7,,,,,2026-06-06,19.5,,,,,2026-06-21,15.4,,,
20085.0056,20085.0056,PERRY D3,CELINA,MOSAIC,2026-02-04,2026-02-17,2026-02-16,12.3,2026-05-03,-1,75,2026-02-19,2026-02-21,4.1,2026-05-06,2,76,2026-03-12,2026-03-09,17.9,2026-05-19,-3,68,2026-03-26,2026-03-23,11.3,2026-06-01,-3,67,2026-04-13,2026-04-08,13.0,2026-06-21,-5,69,,2026-05-02,19.3,2026-07-20,,,,2026-05-18,15.8,2026-08-10,,
20362.0005,20362.0005,PERRY D3,LAVON,HILLSTEAD,2026-02-04,2026-02-11,2026-02-14,9.8,2026-05-06,3,84,2026-02-16,2026-02-15,3.9,2026-05-09,-1,82,2026-03-02,2026-02-28,12.4,2026-05-22,-2,81,2026-03-11,2026-03-15,13.1,2026-06-04,4,85,2026-03-27,2026-03-27,16.5,2026-06-24,0,89,2026-04-13,2026-04-17,21.2,2026-07-08,4,86,2026-04-24,2026-04-27,13.7,2026-07-26,3,93
20400.0021,20400.0021,PERRY D3,LUCAS,ENCHANTED CREEK,2026-03-25,2026-04-10,2026-04-10,16.1,,0,,2026-04-16,2026-04-19,9.0,,3,,2026-04-29,2026-05-11,24.7,,12,,,2026-05-16,17.2,,,,,2026-06-07,21.5,,,,,2026-07-02,24.8,,,,,2026-08-02,30.5,,,
20031.0188,20031.0188,PERRY D4,MANSFIELD,M3 RANCH,2026-04-17,,2026-04-28,11.1,,,,,2026-05-02,4.5,,,,,2026-05-19,17.4,,,,,2026-06-03,14.7,,,,,2026-06-15,12.3,,,,,2026-07-05,20.3,,,,,2026-07-20,14.6,,,
20088.0071,148091,PERRY D4,HASLET,SWEETGRASS,2023-06-27,2023-07-05,2023-07-09,12.4,,4,,2023-07-11,2023-07-10,4.8,,-1,,2023-07-24,2023-07-30,18.9,,6,,2023-08-01,2023-08-03,10.2,,2,,2023-08-22,2023-08-13,12.5,,-9,,2023-09-13,2023-09-12,20.7,,-1,,2023-11-13,2023-10-05,21.9,,-39,
20088.0134,20088.0134,PERRY D4,HASLET,SWEETGRASS,2026-02-27,2026-03-06,2026-03-10,11.0,,4,,2026-03-11,2026-03-11,4.8,,0,,2026-03-27,2026-03-30,18.9,,3,,2026-04-07,2026-04-06,10.2,,-1,,,2026-04-19,12.5,,,,,2026-05-10,20.7,,,,,2026-06-01,21.9,,,
20088.0208,20088.0208,PERRY D4,HASLET,SWEETGRASS,2026-03-19,2026-04-02,2026-04-01,12.8,,-1,,2026-04-08,2026-04-07,4.7,,-1,,2026-04-27,2026-04-27,18.9,,0,,,2026-05-06,8.9,,,,,2026-05-18,12.5,,,,,2026-06-08,20.7,,,,,2026-06-30,21.9,,,
20394.0005,20394.0005,PERRY D4,LAKEWOOD VILLAGE,LAKEWOOD VILLAGE,2026-03-25,2026-04-01,2026-04-04,10.0,,3,,2026-04-06,2026-04-07,6.4,,1,,2026-04-22,2026-04-19,13.4,,-3,,,2026-05-05,12.7,,,,,2026-05-22,16.6,,,,,2026-06-19,28.1,,,,,2026-07-08,18.5,,,
20394.0022,20394.0022,PERRY D4,LAKEWOOD VILLAGE,LAKEWOOD VILLAGE,2026-02-16,2026-02-24,2026-02-26,9.9,2026-05-09,2,74,2026-02-26,2026-03-01,4.7,2026-05-14,3,77,2026-03-18,2026-03-13,15.3,2026-05-31,-5,74,2026-03-31,2026-03-31,12.7,2026-06-13,0,74,,2026-04-17,16.6,2026-06-25,,,,2026-05-17,29.5,2026-07-19,,,,2026-06-05,18.5,2026-09-18,,
20394.0023,20394.0023,PERRY D4,LAKEWOOD VILLAGE,LAKEWOOD VILLAGE,2026-03-03,2026-03-11,2026-03-13,9.8,,2,,2026-03-17,2026-03-17,6.2,,0,,2026-04-21,2026-03-31,13.8,,-21,,2026-04-28,2026-05-04,12.7,,6,,,2026-05-15,16.6,,,,,2026-06-12,28.1,,,,,2026-07-01,18.5,,,
20394.0027,20394.0027,PERRY D4,LAKEWOOD VILLAGE,LAKEWOOD VILLAGE,2026-02-26,2026-03-04,2026-03-08,10.1,,4,,2026-03-05,2026-03-10,6.3,,5,,2026-03-24,2026-03-23,17.7,,-1,,2026-04-07,2026-04-06,12.7,,-1,,2026-04-27,2026-04-24,16.6,,-3,,,2026-05-27,29.5,,,,,2026-06-15,18.5,,,
20394.0029,20394.0029,PERRY D4,LAKEWOOD VILLAGE,LAKEWOOD VILLAGE,2026-02-12,2026-02-24,2026-02-22,10.0,2026-05-09,-2,74,2026-02-27,2026-03-01,4.6,2026-05-14,2,76,2026-03-18,2026-03-17,18.5,2026-05-31,-1,74,2026-03-31,2026-03-31,12.7,2026-06-13,0,74,,2026-04-17,16.6,2026-06-25,,,,2026-05-17,29.5,2026-07-19,,,,2026-06-05,18.5,2026-09-18,,
20394.0057,20394.0057,PERRY D4,LAKEWOOD VILLAGE,LAKEWOOD VILLAGE,2026-04-30,,2026-05-12,12.1,,,,,2026-05-17,5.3,,,,,2026-06-06,19.6,,,,,2026-06-19,12.7,,,,,2026-07-06,16.9,,,,,2026-08-03,28.1,,,,,2026-08-22,18.5,,,
20124.0038,694031,HOUSTON 1,MONT BELVIEU,RICELAND,2026-03-26,2026-04-14,2026-04-12,16.5,,-2,,2026-04-23,2026-04-21,7.1,,-2,,2026-04-30,2026-05-06,13.2,,6,,,2026-05-12,11.9,,,,,2026-05-30,17.9,,,,,2026-06-28,29.4,,,,,2026-07-08,10.3,,,
20132.0936,20132.0936,HOUSTON 1,MANVEL,MERIDIANA,2025-06-28,2025-07-07,2025-07-12,13.8,2025-07-14,5,7,2025-07-16,2025-07-16,8.7,2025-07-15,0,-1,2025-07-26,2025-07-24,8.3,2025-07-26,-2,0,2025-07-31,2025-08-03,8.2,2025-08-02,3,2,2025-08-14,2025-08-19,19.2,2025-08-18,5,4,2026-01-15,2025-09-29,45.7,2025-09-03,-108,-134,2026-01-22,2026-01-28,12.8,2026-04-26,6,94
20132.1157,20132.1157,HOUSTON 1,MANVEL,MERIDIANA,2026-04-14,,2026-04-29,14.6,,,,,2026-05-07,7.7,,,,,2026-05-16,9.2,,,,,2026-05-25,9.3,,,,,2026-06-08,14.1,,,,,2026-06-28,20.0,,,,,2026-07-11,13.1,,,
20132.0938,20132.0938,HOUSTON 1,MANVEL,MERIDIANA,2025-07-08,2025-07-11,2025-07-23,14.8,2025-07-24,12,13,2025-07-18,2025-07-19,7.6,2025-07-16,1,-2,2025-07-24,2025-07-26,8.1,2025-07-29,2,5,2025-08-01,2025-08-03,10.0,2025-08-08,2,7,2025-08-29,2025-08-16,15.4,2025-08-18,-13,-11,2025-12-26,2025-10-07,39.1,2025-09-15,-80,-102,2026-01-23,2026-01-09,14.0,2026-01-23,-14,0
20132.1024,20132.1024,HOUSTON 1,MANVEL,MERIDIANA,2026-03-19,2026-04-06,2026-04-08,19.8,,2,,2026-04-13,2026-04-13,6.6,,0,,2026-04-24,2026-04-22,8.8,,-2,,,2026-05-07,12.6,,,,,2026-05-25,18.3,,,,,2026-06-15,21.3,,,,,2026-06-28,13.2,,,
20132.1025,20132.1025,HOUSTON 1,MANVEL,MERIDIANA,2026-04-22,,2026-05-07,14.8,,,,,2026-05-16,9.5,,,,,2026-05-26,10.3,,,,,2026-06-08,13.0,,,,,2026-06-24,15.8,,,,,2026-07-16,21.9,,,,,2026-07-29,12.5,,,
20132.1071,20132.1071,HOUSTON 1,MANVEL,MERIDIANA,2026-03-30,2026-04-17,2026-04-20,20.6,,3,,2026-04-27,2026-04-27,9.8,,0,,,2026-05-06,8.9,,,,,2026-05-20,13.5,,,,,2026-06-10,20.7,,,,,2026-06-29,18.9,,,,,2026-07-14,14.6,,,
20165.0228,20165.0228,HOUSTON 1,MANVEL,VALENCIA,2026-03-02,2026-03-11,2026-03-13,11.3,,2,,2026-03-18,2026-03-20,9.1,,2,,2026-03-27,2026-03-26,8.0,,-1,,2026-04-09,2026-04-04,8.5,,-5,,2026-04-20,2026-04-23,13.6,,3,,,2026-05-03,13.2,,,,,2026-05-14,11.0,,,
20165.0166,20165.0166,HOUSTON 1,MANVEL,VALENCIA,2025-12-22,2026-01-26,2026-01-11,20.0,2026-01-16,-15,-10,2026-01-28,2026-02-02,7.0,2026-01-28,5,0,2026-02-10,2026-02-06,9.3,2026-04-26,-4,75,2026-02-27,2026-02-20,9.7,2026-05-08,-7,70,2026-03-11,2026-03-18,19.1,2026-05-27,7,77,2026-04-08,2026-03-31,20.2,2026-07-07,-8,90,2026-04-20,2026-04-21,13.1,2026-07-17,1,88
20178.0169,20178.0169,HOUSTON 2,MAGNOLIA,ESCONDIDO,2025-07-23,2025-08-04,2025-08-03,10.5,2025-08-07,-1,3,2025-08-06,2025-08-07,2.9,2025-08-07,1,1,2025-08-19,2025-08-18,12.1,2025-08-16,-1,-3,2025-08-26,2025-08-29,10.2,2025-08-30,3,4,2025-09-15,2025-09-10,15.0,2025-09-17,-5,2,2025-10-15,2025-11-03,49.4,2025-10-02,19,-13,2025-10-31,2025-10-30,14.6,2025-10-31,-1,0
20178.0082,182025,HOUSTON 2,MAGNOLIA,ESCONDIDO,2021-10-15,2021-10-28,2021-10-30,14.6,,2,,2021-11-01,2021-11-02,5.4,,1,,2021-11-15,2021-11-13,12.1,,-2,,2021-11-26,2021-11-25,10.3,,-1,,2021-12-07,2021-12-08,12.5,,1,,2022-01-21,2022-01-05,28.9,,-16,,2022-01-31,2022-02-05,15.1,,5,
20183.0273,20183.0273,HOUSTON 2,MAGNOLIA,AUDUBON,2025-12-30,2026-01-14,2026-01-10,11.5,2026-01-14,-4,0,2026-01-19,2026-01-20,5.5,2026-01-19,1,0,2026-01-30,2026-01-31,12.0,2026-04-26,1,86,2026-02-17,2026-02-09,10.3,2026-05-07,-8,79,2026-02-27,2026-03-03,13.7,2026-05-24,4,86,2026-03-24,2026-04-22,54.0,2026-06-09,29,77,2026-04-16,2026-04-08,14.9,2026-07-04,-8,79
20183.0279,20183.0279,HOUSTON 2,MAGNOLIA,AUDUBON,2026-02-04,2026-02-18,2026-02-21,16.5,2026-05-11,3,82,2026-02-19,2026-02-23,4.9,2026-05-16,4,86,2026-03-05,2026-03-03,12.1,2026-05-27,-2,83,2026-03-13,2026-03-15,10.3,2026-06-07,2,86,2026-03-31,2026-04-05,23.1,2026-06-24,5,85,2026-04-30,2026-04-26,25.7,2026-07-10,-4,71,,2026-05-15,15.1,2026-08-04,,
20183.0280,20183.0280,HOUSTON 2,MAGNOLIA,AUDUBON,2025-12-11,2025-12-22,2025-12-23,11.7,2025-12-26,1,4,2025-12-30,2025-12-25,3.5,2025-12-27,-5,-3,2026-01-07,2026-01-11,12.1,2026-01-10,4,3,2026-01-20,2026-01-17,10.3,2026-01-18,-3,-2,2026-02-02,2026-02-03,14.4,2026-04-26,1,83,2026-03-23,2026-03-29,54.7,2026-05-12,6,50,2026-04-09,2026-04-07,14.9,2026-06-06,-2,58
20183.0289,20183.0289,HOUSTON 2,MAGNOLIA,AUDUBON,2025-12-10,2025-12-18,2025-12-22,11.9,2025-12-25,4,7,2025-12-22,2025-12-24,5.8,2025-12-23,2,1,2026-01-05,2026-01-03,12.1,2026-01-02,-2,-3,2026-01-15,2026-01-15,10.3,2026-01-16,0,1,2026-02-06,2026-02-05,20.8,2026-04-26,-1,79,2026-03-23,2026-03-29,50.7,2026-05-12,6,50,2026-04-08,2026-04-07,14.9,2026-06-06,-1,59
20358.0003,20358.0003,HOUSTON 2,MONTGOMERY,TWO STEP FARM,2025-05-08,2025-05-16,2025-05-22,13.6,2025-05-27,6,11,2025-05-22,2025-05-21,5.2,2025-05-24,-1,2,2025-05-28,2025-06-02,10.6,2025-05-31,5,3,2025-06-04,2025-06-10,12.6,2025-06-07,6,3,2025-06-24,2025-06-21,16.9,2025-06-19,-3,-5,2025-09-03,2025-08-19,55.7,2025-07-10,-15,-55,2025-09-24,2025-09-22,19.1,2025-09-24,-2,0
20358.0004,20358.0004,HOUSTON 2,MONTGOMERY,TWO STEP FARM,2025-05-08,2025-05-23,2025-05-23,15.0,2025-06-03,0,11,2025-05-28,2025-05-29,5.5,2025-05-26,1,-2,2025-06-05,2025-06-13,16.0,2025-06-08,8,3,2025-06-17,2025-06-18,12.7,2025-06-16,1,-1,2025-06-30,2025-07-04,16.9,2025-07-03,4,3,2025-09-03,2025-08-25,55.7,2025-07-16,-9,-49,2025-09-24,2025-09-22,19.1,2025-09-24,-2,0
20364.0055,20364.0055,HOUSTON 2,MONTGOMERY,KRESSTON,2026-04-27,,2026-05-15,17.7,,,,,2026-05-21,6.1,,,,,2026-06-04,14.3,,,,,2026-06-17,12.7,,,,,2026-07-04,16.9,,,,,2026-08-01,28.1,,,,,2026-08-20,18.5,,,
20376.0040,20376.0040,HOUSTON 2,MAGNOLIA,WOODHAVYN,2025-12-23,2026-01-08,2026-01-05,12.9,2026-01-08,-3,0,2026-01-14,2026-01-14,5.7,2026-01-14,0,0,2026-01-24,2026-01-26,12.1,2026-01-24,2,0,2026-02-09,2026-02-03,10.3,2026-04-26,-6,76,2026-02-17,2026-02-25,16.0,2026-05-13,8,85,2026-03-02,2026-03-23,33.9,2026-05-29,21,88,2026-03-16,2026-03-17,15.1,2026-06-23,1,99
20376.0041,20376.0041,HOUSTON 2,MAGNOLIA,WOODHAVYN,2026-02-06,2026-02-17,2026-02-18,11.8,,1,,2026-02-19,2026-02-22,4.6,,3,,2026-02-27,2026-03-03,12.1,,4,,2026-03-09,2026-03-09,10.3,,0,,2026-03-23,2026-03-23,14.4,,0,,2026-04-07,2026-04-24,32.3,,17,,2026-04-16,2026-04-22,15.1,,6,
20377.0046,20377.0046,HOUSTON 2,TODD MISSION,COLTON,2026-01-24,2026-02-04,2026-02-04,11.1,2026-04-26,0,81,2026-02-10,2026-02-09,5.1,2026-04-29,-1,78,2026-02-19,2026-02-23,12.7,2026-05-11,4,81,2026-02-26,2026-02-28,9.0,2026-05-18,2,81,2026-03-11,2026-03-13,15.2,2026-05-31,2,81,2026-03-25,2026-03-29,18.3,2026-06-15,4,82,2026-04-07,2026-04-05,11.2,2026-07-10,-2,94
20398.0098,20398.0098,HOUSTON 2,HOCKLEY,EVERLY,2026-03-18,2026-03-30,2026-03-25,6.6,,-5,,2026-04-07,2026-04-05,5.6,,-2,,2026-04-10,2026-04-18,11.4,,8,,2026-04-22,2026-04-21,10.9,,-1,,,2026-05-06,13.8,,,,,2026-05-28,21.8,,,,,2026-06-10,13.5,,,
20398.0124,20398.0124,HOUSTON 2,HOCKLEY,EVERLY,2025-12-23,2026-01-07,2026-01-06,14.5,2026-01-06,-1,-1,2026-01-12,2026-01-13,6.5,2026-01-10,1,-2,2026-01-22,2026-01-24,12.2,2026-01-22,2,0,2026-01-30,2026-02-03,12.1,2026-04-26,4,86,2026-02-14,2026-02-15,15.7,2026-05-13,1,88,2026-03-12,2026-03-08,21.8,2026-05-29,-4,78,2026-04-10,2026-03-25,13.3,2026-06-23,-16,74
20233.0487,20233.0487,HOUSTON 3,FULSHEAR,JORDAN RANCH,2026-02-19,2026-02-26,2026-03-02,10.7,,4,,2026-03-03,2026-03-03,5.0,,0,,2026-03-11,2026-03-14,11.3,,3,,2026-03-18,2026-03-20,9.1,,2,,2026-04-07,2026-04-05,18.3,,-2,,2026-04-20,2026-04-21,14.2,,1,,,2026-05-02,12.5,,,
20233.0594,20233.0594,HOUSTON 3,FULSHEAR,JORDAN RANCH,2025-12-12,2025-12-29,2025-12-24,11.5,2025-12-29,-5,0,2026-01-05,2026-01-04,5.8,2026-01-03,-1,-2,2026-01-16,2026-01-16,11.2,2026-01-19,0,3,2026-01-26,2026-01-25,9.0,2026-01-26,-1,0,2026-02-05,2026-02-13,18.2,2026-04-26,8,80,2026-03-05,2026-02-23,17.9,2026-05-19,-10,75,2026-03-18,2026-03-17,12.3,2026-05-31,-1,74
20233.0601,20233.0601,HOUSTON 3,FULSHEAR,JORDAN RANCH,2025-12-29,2026-01-16,2026-01-12,13.7,2026-01-15,-4,-1,2026-01-21,2026-01-22,6.0,2026-01-21,1,0,2026-02-05,2026-02-01,11.4,2026-04-26,-4,80,2026-02-16,2026-02-15,9.8,2026-05-06,-1,79,2026-02-26,2026-03-07,18.8,2026-05-22,9,85,2026-03-24,2026-03-16,18.3,2026-06-14,-8,82,2026-03-24,2026-04-05,12.3,2026-06-26,12,94
20233.0551,20233.0551,HOUSTON 3,FULSHEAR,JORDAN RANCH,2026-01-12,2026-01-28,2026-01-28,15.9,2026-01-27,0,-1,2026-02-05,2026-02-02,5.5,2026-04-26,-3,80,2026-02-17,2026-02-16,11.2,2026-05-06,-1,78,2026-02-28,2026-02-27,9.6,2026-05-23,-1,84,2026-03-17,2026-03-19,19.0,2026-06-05,2,80,2026-03-27,2026-03-30,13.2,2026-06-24,3,89,2026-04-08,2026-04-08,12.5,2026-07-09,0,92
20233.0552,20233.0552,HOUSTON 3,FULSHEAR,JORDAN RANCH,2026-04-16,,2026-05-02,16.0,,,,,2026-05-09,7.2,,,,,2026-05-20,11.2,,,,,2026-05-31,10.5,,,,,2026-06-19,19.2,,,,,2026-07-05,15.7,,,,,2026-07-17,12.5,,,
20233.0556,20233.0556,HOUSTON 3,FULSHEAR,JORDAN RANCH,2026-04-02,2026-04-23,2026-04-18,16.2,,-5,,2026-04-28,2026-04-30,7.1,,2,,,2026-05-09,11.3,,,,,2026-05-19,10.3,,,,,2026-06-07,19.0,,,,,2026-06-24,16.6,,,,,2026-07-06,12.5,,,
20233.0558,20233.0558,HOUSTON 3,FULSHEAR,JORDAN RANCH,2026-01-12,2026-02-02,2026-01-29,16.5,2026-04-26,-4,83,2026-02-11,2026-02-09,6.6,2026-05-04,-2,82,2026-02-21,2026-02-22,11.2,2026-05-14,1,82,2026-03-10,2026-03-04,10.6,2026-05-31,-6,82,2026-03-25,2026-03-29,18.6,2026-06-13,4,80,2026-04-13,2026-04-09,15.0,2026-07-02,-4,80,2026-04-29,2026-04-25,12.3,2026-07-17,-4,79
20233.0580,20233.0580,HOUSTON 3,FULSHEAR,JORDAN RANCH,2026-03-17,2026-04-06,2026-04-02,16.0,,-4,,2026-04-09,2026-04-12,6.1,,3,,2026-04-23,2026-04-20,11.4,,-3,,,2026-05-04,10.5,,,,,2026-05-23,19.0,,,,,2026-06-10,17.9,,,,,2026-06-22,12.5,,,
20265.0230,20265.0230,HOUSTON 3,FULSHEAR,CROSS CREEK WEST,2026-02-04,2026-02-13,2026-02-14,9.7,,1,,2026-02-17,2026-02-17,4.3,,0,,2026-02-27,2026-02-28,11.3,,1,,2026-03-10,2026-03-08,8.8,,-2,,2026-03-30,2026-03-28,17.9,,-2,,2026-04-06,2026-04-12,12.7,,6,,2026-04-10,2026-04-18,12.4,,8,
20265.0238,20265.0238,HOUSTON 3,FULSHEAR,CROSS CREEK WEST,2026-03-31,2026-04-10,2026-04-13,12.8,,3,,2026-04-14,2026-04-15,4.7,,1,,2026-04-27,2026-04-25,11.3,,-2,,,2026-05-07,9.7,,,,,2026-05-25,17.6,,,,,2026-06-13,19.4,,,,,2026-06-25,12.4,,,
20265.0257,20265.0257,HOUSTON 3,FULSHEAR,CROSS CREEK WEST,2026-01-05,2026-01-20,2026-01-22,16.6,2026-01-21,2,1,2026-01-22,2026-01-24,4.1,2026-01-24,2,2,2026-02-04,2026-02-02,11.3,2026-04-26,-2,81,2026-02-12,2026-02-14,9.9,2026-05-07,2,84,2026-03-09,2026-03-03,19.0,2026-05-21,-6,73,2026-03-23,2026-03-22,13.4,2026-06-13,-1,82,2026-04-06,2026-04-05,12.7,2026-06-25,-1,80
20265.0259,20265.0259,HOUSTON 3,FULSHEAR,CROSS CREEK WEST,2026-03-06,2026-03-18,2026-03-18,12.2,,0,,2026-03-24,2026-03-23,4.6,,-1,,2026-04-01,2026-04-04,11.3,,3,,2026-04-10,2026-04-11,9.8,,1,,2026-04-23,2026-04-28,18.4,,5,,,2026-05-11,18.3,,,,,2026-05-24,12.7,,,
20265.0289,20265.0289,HOUSTON 3,FULSHEAR,CROSS CREEK WEST,2026-04-24,,2026-05-06,11.8,,,,,2026-05-10,4.5,,,,,2026-05-21,11.3,,,,,2026-05-31,10.0,,,,,2026-06-19,18.7,,,,,2026-07-06,17.2,,,,,2026-07-19,12.7,,,
20267.0542,20267.0542,HOUSTON 3,RICHMOND,CANDELA,2026-04-29,,2026-05-08,9.3,,,,,2026-05-14,6.1,,,,,2026-05-25,10.5,,,,,2026-06-02,7.8,,,,,2026-06-15,13.4,,,,,2026-07-03,17.7,,,,,2026-07-15,12.2,,,
20267.0550,20267.0550,HOUSTON 3,RICHMOND,CANDELA,2026-02-24,2026-03-03,2026-03-04,8.2,,1,,2026-03-07,2026-03-07,4.4,,0,,2026-03-17,2026-03-18,10.5,,1,,2026-03-20,2026-03-25,8.1,,5,,2026-04-07,2026-04-03,14.0,,-4,,2026-04-13,2026-04-23,15.8,,10,,2026-04-22,2026-04-25,12.2,,3,
20267.0565,20267.0565,HOUSTON 3,RICHMOND,CANDELA,2025-12-30,2026-01-16,2026-01-10,10.9,2026-01-14,-6,-2,2026-01-19,2026-01-24,7.9,2026-01-19,5,0,2026-02-02,2026-01-29,10.4,2026-04-26,-4,83,2026-02-16,2026-02-12,9.6,2026-05-05,-4,78,2026-02-26,2026-03-02,13.7,2026-05-16,4,79,2026-03-11,2026-03-15,17.1,2026-07-19,4,130,2026-03-18,2026-03-24,12.7,2026-07-31,6,135
20267.0590,20267.0590,HOUSTON 3,RICHMOND,CANDELA,2026-02-06,2026-02-20,2026-02-20,14.0,,0,,2026-02-26,2026-02-28,7.7,,2,,2026-03-06,2026-03-09,10.6,,3,,2026-03-18,2026-03-17,11.0,,-1,,2026-03-30,2026-04-03,15.8,,4,,2026-04-15,2026-04-18,18.5,,3,,2026-04-26,2026-04-28,12.7,,2,
20359.0067,20359.0067,HOUSTON 3,KATY,GRANGE,2026-04-15,,2026-04-30,15.4,,,,,2026-05-05,4.6,,,,,2026-05-16,10.6,,,,,2026-05-28,11.7,,,,,2026-06-18,20.8,,,,,2026-07-04,16.2,,,,,2026-07-14,10.5,,,
20359.0074,20359.0074,HOUSTON 3,KATY,GRANGE,2026-04-08,,2026-04-24,15.5,,,,,2026-04-29,4.5,,,,,2026-05-11,11.5,,,,,2026-05-23,11.5,,,,,2026-06-13,20.6,,,,,2026-06-29,16.3,,,,,2026-07-09,10.1,,,
20371.0055,20371.0055,HOUSTON 3,RICHMOND,CANDELA SOUTH,2026-01-06,2026-01-16,2026-01-15,9.3,2026-01-17,-1,1,2026-01-22,2026-01-21,4.5,2026-01-22,-1,0,2026-02-04,2026-02-01,10.3,2026-04-26,-3,81,2026-02-12,2026-02-12,7.9,2026-05-03,0,80,2026-02-24,2026-02-25,12.9,2026-05-16,1,81,2026-03-05,2026-03-10,14.1,2026-05-30,5,86,2026-03-17,2026-03-19,13.9,2026-06-13,2,88
20415.0079,20415.0079,HOUSTON 3,KATY,LAKES OF CANE ISLAND,2026-04-15,2026-04-27,2026-04-30,15.5,,3,,2026-04-29,2026-05-01,4.3,,2,,,2026-05-08,9.1,,,,,2026-05-20,11.8,,,,,2026-06-11,21.7,,,,,2026-07-06,24.7,,,,,2026-07-18,12.4,,,
20415.0102,20415.0102,HOUSTON 3,KATY,LAKES OF CANE ISLAND,2026-04-23,,2026-05-08,15.1,,,,,2026-05-12,4.3,,,,,2026-05-23,10.7,,,,,2026-06-04,11.8,,,,,2026-06-30,25.9,,,,,2026-07-25,24.8,,,,,2026-08-08,13.7,,,
20415.0061,20415.0061,HOUSTON 3,KATY,LAKES OF CANE ISLAND,2026-04-15,2026-04-27,2026-05-01,16.0,,4,,2026-04-30,2026-05-02,4.6,,2,,,2026-05-10,10.3,,,,,2026-05-22,11.9,,,,,2026-06-14,23.4,,,,,2026-07-11,27.4,,,,,2026-07-26,14.6,,,
20415.0014,20415.0014,HOUSTON 3,KATY,LAKES OF CANE ISLAND,2026-04-16,,2026-05-04,17.5,,,,,2026-05-09,4.7,,,,,2026-05-20,11.1,,,,,2026-06-01,12.0,,,,,2026-06-26,25.0,,,,,2026-07-23,27.0,,,,,2026-08-07,14.7,,,
20415.0015,20415.0015,HOUSTON 3,KATY,LAKES OF CANE ISLAND,2026-04-23,,2026-05-10,17.0,,,,,2026-05-15,4.7,,,,,2026-05-29,14.0,,,,,2026-06-10,11.6,,,,,2026-07-04,24.3,,,,,2026-07-30,25.8,,,,,2026-08-14,14.5,,,
20205.0230,20205.0230,HOUSTON 4,PORTER,THE HIGHLANDS,2026-02-07,2026-02-16,2026-02-19,12.0,2026-05-08,3,81,2026-02-23,2026-02-20,3.7,2026-05-11,-3,77,2026-02-27,2026-03-05,9.7,2026-05-20,6,82,2026-03-11,2026-03-07,8.4,2026-05-30,-4,80,2026-04-01,2026-03-29,18.0,2026-06-14,-3,74,2026-04-21,2026-04-29,27.6,2026-07-01,8,71,,2026-05-05,13.6,2026-07-14,,
20209.0139,20209.0139,HOUSTON 4,WILLIS,THE WOODLANDS HILLS,2026-03-13,2026-03-26,2026-03-25,11.8,,-1,,2026-03-31,2026-03-31,5.4,,0,,2026-04-09,2026-04-20,20.0,,11,,2026-04-20,2026-04-20,11.1,,0,,,2026-05-06,15.9,,,,,2026-06-06,31.0,,,,,2026-06-24,17.7,,,
20209.0148,20209.0148,HOUSTON 4,WILLIS,THE WOODLANDS HILLS,2026-02-25,2026-03-03,2026-03-08,10.6,,5,,2026-03-06,2026-03-08,5.4,,2,,2026-03-14,2026-03-26,20.0,,12,,2026-03-23,2026-03-25,11.1,,2,,2026-04-08,2026-04-08,15.9,,0,,2026-04-21,2026-05-09,31.0,,18,,2026-04-30,2026-05-09,17.7,,9,
20209.0163,20209.0163,HOUSTON 4,WILLIS,THE WOODLANDS HILLS,2026-02-26,2026-03-06,2026-03-09,10.6,,3,,2026-03-09,2026-03-11,5.4,,2,,2026-03-17,2026-03-29,20.0,,12,,2026-03-24,2026-03-28,11.1,,4,,2026-04-06,2026-04-09,15.9,,3,,2026-04-20,2026-05-07,31.0,,17,,2026-04-30,2026-05-08,17.7,,8,
20209.0167,20209.0167,HOUSTON 4,WILLIS,THE WOODLANDS HILLS,2026-04-02,2026-04-20,2026-04-14,11.8,,-6,,2026-04-24,2026-04-25,5.4,,1,,,2026-05-14,20.0,,,,,2026-05-25,11.1,,,,,2026-06-10,15.9,,,,,2026-07-11,31.0,,,,,2026-07-29,17.7,,,
20209.0174,20209.0174,HOUSTON 4,WILLIS,THE WOODLANDS HILLS,2026-04-06,2026-04-29,2026-04-22,15.9,,-7,,,2026-05-04,5.4,,,,,2026-05-24,20.0,,,,,2026-06-04,11.1,,,,,2026-06-20,15.9,,,,,2026-07-21,31.0,,,,,2026-08-08,17.7,,,
20215.0342,20215.0342,HOUSTON 4,CONROE,ARTAVIA,2026-02-24,2026-03-04,2026-03-05,9.2,,1,,2026-03-09,2026-03-08,3.6,,-1,,2026-03-17,2026-03-19,10.5,,2,,2026-03-23,2026-03-26,8.9,,3,,2026-04-08,2026-04-08,15.5,,0,,2026-04-22,2026-04-19,11.0,,-3,,2026-04-28,2026-05-04,12.0,,6,
20215.0080,253043,HOUSTON 4,CONROE,ARTAVIA,2025-10-30,2025-11-13,2025-11-12,13.3,,-1,,2025-11-14,2025-11-17,3.8,,3,,2025-11-21,2025-11-25,10.6,,4,,2025-12-04,2025-11-30,9.4,,-4,,2025-12-14,2025-12-20,15.7,,6,,2026-01-07,2026-01-01,18.1,,-6,,2026-01-16,2026-01-21,14.0,,5,
20218.0124,20218.0124,HOUSTON 4,CONROE,EVERGREEN,2026-03-10,2026-03-17,2026-03-21,11.0,,4,,2026-03-19,2026-03-21,3.8,,2,,2026-03-28,2026-03-29,10.5,,1,,2026-04-07,2026-04-07,10.0,,0,,2026-04-17,2026-04-23,15.6,,6,,2026-04-24,2026-05-04,17.3,,10,,,2026-05-08,13.7,,,
20218.0137,20218.0137,HOUSTON 4,CONROE,EVERGREEN,2026-04-07,2026-04-16,2026-04-18,11.1,,2,,2026-04-20,2026-04-20,3.7,,0,,2026-04-29,2026-04-30,10.5,,1,,,2026-05-08,9.5,,,,,2026-05-24,15.5,,,,,2026-06-09,16.3,,,,,2026-06-23,14.4,,,
20218.0108,20218.0108,HOUSTON 4,CONROE,EVERGREEN,2026-02-02,2026-02-20,2026-02-15,13.2,2026-05-09,-5,78,2026-02-24,2026-02-24,3.8,2026-05-10,0,75,2026-03-05,2026-03-07,10.6,2026-05-19,2,75,2026-03-13,2026-03-15,10.1,2026-05-29,2,77,2026-03-23,2026-03-29,15.7,2026-06-13,6,82,2026-04-07,2026-04-12,20.2,2026-06-30,5,84,2026-04-13,2026-04-21,14.1,2026-07-13,8,91
20388.0014,20388.0014,HOUSTON 4,MONTGOMERY,BRIARLEY,2026-05-01,,2026-05-12,11.3,,,,,2026-05-17,4.6,,,,,2026-06-06,19.7,,,,,2026-06-19,12.7,,,,,2026-07-06,16.9,,,,,2026-08-03,28.1,,,,,2026-08-22,18.5,,,
20181.1177,20181.1177,HOUSTON 5,CYPRESS,BRIDGELAND,2026-04-24,,2026-05-04,9.6,,,,,2026-05-09,5.1,,,,,2026-05-21,12.1,,,,,2026-05-31,10.4,,,,,2026-06-16,15.6,,,,,2026-07-02,15.8,,,,,2026-07-13,11.3,,,
20181.1181,20181.1181,HOUSTON 5,CYPRESS,BRIDGELAND,2026-04-24,,2026-05-06,12.5,,,,,2026-05-11,5.1,,,,,2026-05-23,12.1,,,,,2026-06-02,10.4,,,,,2026-06-16,14.0,,,,,2026-07-04,17.9,,,,,2026-07-15,11.1,,,
20181.1224,20181.1224,HOUSTON 5,CYPRESS,BRIDGELAND,2026-03-17,2026-04-06,2026-04-02,16.2,,-4,,2026-04-13,2026-04-12,5.7,,-1,,2026-04-27,2026-04-25,11.8,,-2,,,2026-05-06,9.1,,,,,2026-05-27,21.5,,,,,2026-06-23,27.3,,,,,2026-07-11,18.3,,,
20195.0144,20195.0144,HOUSTON 5,HOCKLEY,THE GRAND PRAIRIE,2026-02-18,2026-03-04,2026-03-02,11.6,,-2,,2026-03-11,2026-03-11,7.2,,0,,2026-03-27,2026-03-23,12.1,,-4,,2026-04-07,2026-04-08,11.5,,1,,,2026-04-22,14.7,,,,,2026-05-14,21.8,,,,,2026-05-29,14.5,,,
20237.0044,225044,HOUSTON 5,KATY,KATY COURT,2023-08-23,2023-09-07,2023-09-10,18.2,,3,,2023-09-19,2023-09-12,5.0,,-7,,2023-09-30,2023-10-02,12.7,,2,,2023-10-09,2023-10-11,11.2,,2,,2023-11-01,2023-11-02,24.2,,1,,2024-02-07,2023-12-03,31.7,,-66,,2024-05-06,2024-02-22,15.4,,-74,
20237.0072,20237.0072,HOUSTON 5,KATY,KATY COURT,2025-03-10,2025-03-21,2025-03-27,16.5,2025-03-26,6,5,2025-03-24,2025-03-26,4.9,2025-03-26,2,2,2025-04-03,2025-04-07,13.8,2025-04-03,4,0,2025-04-16,2025-04-15,11.8,2025-04-14,-1,-2,,2025-05-10,24.2,2026-04-26,,,,2025-06-14,35.4,2026-05-09,,,,2025-06-29,14.9,2026-05-19,,
20237.0094,20237.0094,HOUSTON 5,KATY,KATY COURT,2026-02-04,2026-02-17,2026-02-22,17.8,2026-05-12,5,84,2026-02-19,2026-02-22,4.9,2026-05-17,3,87,2026-02-25,2026-03-02,11.0,2026-05-27,5,91,2026-03-06,2026-03-08,11.5,2026-06-07,2,93,2026-04-11,2026-03-28,22.5,2026-07-05,-14,85,,2026-05-11,30.0,2026-07-18,,,,2026-05-25,13.7,2026-07-28,,
20237.0095,20237.0095,HOUSTON 5,KATY,KATY COURT,2026-02-07,2026-02-25,2026-02-25,17.9,2026-05-12,0,76,2026-02-27,2026-03-02,4.6,2026-05-17,3,79,2026-03-06,2026-03-12,13.2,2026-05-27,6,82,2026-03-16,2026-03-18,11.6,2026-06-07,2,83,2026-04-16,2026-04-10,24.6,2026-07-05,-6,80,,2026-05-17,30.6,2026-07-18,,,,2026-06-01,14.7,2026-07-28,,
20237.0096,20237.0096,HOUSTON 5,KATY,KATY COURT,2026-02-11,2026-02-27,2026-03-01,18.0,,2,,2026-03-03,2026-03-04,4.7,,1,,2026-03-11,2026-03-18,15.4,,7,,2026-03-25,2026-03-23,11.7,,-2,,2026-04-06,2026-04-19,25.2,,13,,,2026-05-04,28.3,,,,,2026-05-17,13.4,,,
20238.0087,625105,HOUSTON 5,KATY,ELYSON,2019-11-08,2019-11-22,2019-11-23,14.6,,1,,2019-12-03,2019-11-26,4.5,,-7,,2019-12-12,2019-12-15,12.3,,3,,2019-12-26,2019-12-24,11.6,,-2,,,2020-01-12,16.8,,,,,2020-01-26,14.2,,,,,2020-02-05,9.8,,,
20108.1097,20108.1097,HOUSTON 6,MISSOURI CITY,SIENNA,2026-03-05,2026-03-20,2026-03-21,16.2,,1,,2026-03-25,2026-03-26,5.6,,1,,2026-04-03,2026-04-06,11.6,,3,,2026-04-16,2026-04-14,10.6,,-2,,,2026-05-02,16.0,,,,,2026-05-27,24.7,,,,,2026-06-10,14.3,,,
20108.1100,20108.1100,HOUSTON 6,MISSOURI CITY,SIENNA,2026-02-05,2026-02-19,2026-02-21,16.2,,2,,2026-02-23,2026-02-25,5.9,,2,,2026-03-06,2026-03-06,11.3,,0,,2026-03-13,2026-03-17,11.0,,4,,2026-04-06,2026-04-02,20.2,,-4,,2026-04-23,2026-05-01,24.7,,8,,,2026-05-07,14.3,,,
20108.1116,20108.1116,HOUSTON 6,MISSOURI CITY,SIENNA,2026-03-05,2026-03-23,2026-03-21,16.2,,-2,,2026-03-26,2026-03-28,5.0,,2,,2026-04-03,2026-04-07,11.8,,4,,2026-04-16,2026-04-13,10.1,,-3,,,2026-05-03,16.8,,,,,2026-05-28,24.5,,,,,2026-06-11,14.3,,,
20252.0341,20252.0341,HOUSTON 6,RICHMOND,STONECREEK ESTATES,2025-11-10,2025-12-11,2025-11-21,11.2,2025-11-25,-20,-16,2025-12-18,2025-12-17,6.1,2025-12-16,-1,-2,2026-01-05,2025-12-30,11.6,2025-12-31,-6,-5,2026-01-12,2026-01-15,9.6,2026-01-15,3,3,2026-01-26,2026-01-31,18.7,2026-01-28,5,2,2026-02-16,2026-02-14,19.1,2026-04-26,-2,69,2026-02-20,2026-02-28,11.6,2026-05-09,8,78
20252.0437,20252.0437,HOUSTON 6,RICHMOND,STONECREEK ESTATES,2026-01-22,2026-02-10,2026-02-08,16.7,2026-04-26,-2,75,2026-02-16,2026-02-16,5.6,2026-05-01,0,74,2026-02-25,2026-02-28,11.6,2026-05-14,3,78,2026-03-06,2026-03-07,9.9,2026-05-24,1,79,2026-03-26,2026-03-23,17.4,2026-06-09,-3,75,2026-04-29,2026-04-13,18.3,2026-07-01,-16,63,,2026-05-10,11.4,2026-07-14,,
20252.0501,20252.0501,HOUSTON 6,RICHMOND,STONECREEK ESTATES,2025-12-15,2025-12-30,2025-12-27,12.3,2026-01-05,-3,6,2026-01-02,2026-01-05,5.9,2026-01-03,3,1,2026-01-15,2026-01-14,11.6,2026-01-18,-1,3,2026-01-22,2026-01-26,10.5,2026-01-24,4,2,2026-02-11,2026-02-08,16.6,2026-04-26,-3,74,2026-04-06,2026-04-04,52.2,2026-05-09,-2,33,2026-04-12,2026-04-20,14.3,2026-05-23,8,41
20272.0508,20272.0508,HOUSTON 6,RICHMOND,HARVEST GREEN,2026-03-06,2026-03-17,2026-03-15,8.6,,-2,,2026-03-19,2026-03-21,4.2,,2,,2026-03-31,2026-03-30,10.6,,-1,,2026-03-30,2026-04-08,7.9,,9,,2026-04-15,2026-04-14,15.1,,-1,,,2026-04-28,13.1,,,,,2026-05-11,12.9,,,
20272.0525,20272.0525,HOUSTON 6,RICHMOND,HARVEST GREEN,2026-03-13,2026-03-30,2026-03-29,15.5,,-1,,2026-04-02,2026-04-04,5.1,,2,,2026-04-09,2026-04-13,10.8,,4,,2026-04-22,2026-04-20,11.5,,-2,,,2026-05-08,15.8,,,,,2026-05-22,14.4,,,,,2026-06-05,13.6,,,
20352.0068,20352.0068,HOUSTON 6,ROSENBERG,BROOKEWATER,2026-04-06,2026-04-21,2026-04-18,12.3,,-3,,2026-04-27,2026-04-26,4.7,,-1,,,2026-05-10,12.9,,,,,2026-05-19,8.8,,,,,2026-06-05,16.9,,,,,2026-06-22,16.6,,,,,2026-07-06,14.4,,,
20352.0069,20352.0069,HOUSTON 6,ROSENBERG,BROOKEWATER,2026-04-06,2026-04-16,2026-04-18,12.3,,2,,2026-04-22,2026-04-21,4.7,,-1,,,2026-05-05,12.9,,,,,2026-05-14,8.8,,,,,2026-05-31,16.9,,,,,2026-06-17,16.6,,,,,2026-07-01,14.4,,,
20288.0441,605487,SAN ANTONIO 1,SAN ANTONIO,KALLISON RANCH,2026-04-14,2026-04-22,2026-04-22,7.5,,0,,2026-04-28,2026-04-28,6.0,,0,,,2026-05-11,13.4,,,,,2026-05-21,9.8,,,,,2026-06-04,14.0,,,,,2026-07-02,27.7,,,,,2026-07-14,11.8,,,
20288.0594,605512,SAN ANTONIO 1,SAN ANTONIO,KALLISON RANCH,2025-12-15,2025-12-23,2025-12-24,9.3,,1,,2026-01-05,2025-12-29,6.0,,-7,,2026-01-14,2026-01-18,13.1,,4,,2026-02-04,2026-01-28,14.0,,-7,,2026-02-10,2026-02-16,12.1,,6,,2026-02-27,2026-03-07,25.3,,8,,2026-03-12,2026-03-11,12.4,,-1,
20288.0861,678307,SAN ANTONIO 1,SAN ANTONIO,KALLISON RANCH,2026-03-02,2026-03-16,2026-03-13,10.5,,-3,,2026-03-24,2026-03-22,6.0,,-2,,2026-04-09,2026-04-07,13.7,,-2,,,2026-04-23,13.8,,,,,2026-05-08,15.0,,,,,2026-06-06,28.8,,,,,2026-06-19,12.6,,,
20288.0901,678318,SAN ANTONIO 1,SAN ANTONIO,KALLISON RANCH,2026-01-28,2026-02-10,2026-02-08,11.3,,-2,,2026-02-16,2026-02-16,6.0,,0,,2026-02-25,2026-03-02,13.9,,5,,2026-03-10,2026-03-10,13.0,,0,,2026-03-19,2026-03-24,14.2,,5,,2026-04-13,2026-04-15,27.0,,2,,2026-04-28,2026-04-25,12.0,,-3,
20288.1419,20288.1419,SAN ANTONIO 1,SAN ANTONIO,KALLISON RANCH,2026-03-30,2026-04-14,2026-04-10,10.7,,-4,,2026-04-20,2026-04-20,5.9,,0,,,2026-05-04,13.8,,,,,2026-05-19,15.1,,,,,2026-06-02,14.4,,,,,2026-06-30,27.5,,,,,2026-07-12,12.0,,,
20290.0095,20290.0095,SAN ANTONIO 1,CASTROVILLE,ALSATIAN OAKS,2025-12-04,2025-12-10,2025-12-12,8.0,2025-12-13,2,3,2025-12-16,2025-12-18,8.3,2025-12-16,2,0,2025-12-30,2025-12-31,14.7,2025-12-30,1,0,2025-12-29,2026-01-08,9.5,2026-01-17,10,19,2026-01-21,2026-01-17,19.0,2026-04-26,-4,95,2026-02-09,2026-02-23,33.4,2026-05-23,14,103,2026-02-13,2026-02-19,9.7,2026-05-28,6,104
20301.0228,20301.0228,SAN ANTONIO 2,BOERNE,THE RANCHES AT CREEKSIDE,2026-04-08,2026-04-23,2026-04-17,8.5,,-6,,2026-05-01,2026-04-29,6.4,,-2,,,2026-05-12,11.0,,,,,2026-05-22,9.8,,,,,2026-06-06,15.0,,,,,2026-07-03,26.6,,,,,2026-07-12,9.3,,,
20320.0099,20320.0099,SAN ANTONIO 2,BOERNE,ESPERANZA,2026-01-16,2026-01-28,2026-01-24,8.4,2026-01-28,-4,0,2026-02-06,2026-02-03,6.2,2026-04-26,-3,79,2026-03-10,2026-02-18,12.1,2026-05-10,-20,61,2026-03-27,2026-03-20,9.9,2026-05-24,-7,58,,2026-04-11,15.3,2026-06-25,,,,2026-05-08,26.6,2026-07-15,,,,2026-05-21,12.8,2026-07-25,,
20335.0148,20335.0148,SAN ANTONIO 3,NEW BRAUNFELS,LEGACY AT LAKE DUNLAP,2026-04-21,,2026-04-30,8.7,,,,,2026-05-07,6.9,,,,,2026-05-19,12.3,,,,,2026-05-30,10.7,,,,,2026-06-15,16.3,,,,,2026-07-10,24.5,,,,,2026-07-20,10.2,,,
20344.0231,20344.0231,SAN ANTONIO 3,SEGUIN,MEADOWS OF MILL CREEK,2026-04-20,2026-04-30,2026-04-30,9.5,,0,,,2026-05-06,6.2,,,,,2026-05-17,11.5,,,,,2026-05-28,10.9,,,,,2026-06-11,13.8,,,,,2026-07-09,27.5,,,,,2026-07-22,12.8,,,
20344.0240,20344.0240,SAN ANTONIO 3,SEGUIN,MEADOWS OF MILL CREEK,2026-01-30,2026-02-09,2026-02-11,11.7,2026-05-11,2,91,2026-02-17,2026-02-14,5.0,2026-05-20,-3,92,2026-02-25,2026-02-28,11.5,2026-05-29,3,93,2026-03-06,2026-03-08,10.9,2026-06-08,2,94,2026-03-20,2026-03-21,14.7,2026-06-21,1,93,2026-04-09,2026-04-17,27.5,2026-07-12,8,94,2026-04-20,2026-04-22,12.8,2026-07-31,2,102
20344.0246,20344.0246,SAN ANTONIO 3,SEGUIN,MEADOWS OF MILL CREEK,2026-03-06,2026-03-16,2026-03-17,10.8,,1,,2026-03-23,2026-03-22,6.0,,-1,,2026-04-02,2026-04-03,11.5,,1,,2026-04-15,2026-04-13,10.9,,-2,,2026-04-27,2026-04-29,13.8,,2,,,2026-05-21,23.7,,,,,2026-06-03,12.8,,,
20345.0004,283068,SAN ANTONIO 3,NEW BRAUNFELS,MAYFAIR,2024-03-11,2024-03-13,2024-03-20,8.7,,7,,2024-03-20,2024-03-19,6.4,,-1,,2024-03-20,2024-04-01,11.6,,12,,2024-03-25,2024-04-01,12.3,,7,,2024-04-08,2024-04-12,17.9,,4,,2024-04-17,2024-05-01,23.2,,14,,2024-05-09,2024-04-28,11.2,,-11,
20345.0036,342124,SAN ANTONIO 3,NEW BRAUNFELS,MAYFAIR,2024-03-14,2024-03-14,2024-03-23,8.7,,9,,2024-03-19,2024-03-22,7.6,,3,,2024-03-20,2024-03-31,12.0,,11,,2024-03-27,2024-04-02,13.4,,6,,2024-04-08,2024-04-14,17.9,,6,,2024-04-23,2024-05-02,23.8,,9,,2024-05-13,2024-05-04,10.9,,-9,
20357.0050,20357.0050,SAN ANTONIO 3,SCHERTZ,THE PARKLANDS,2026-02-02,2026-02-06,2026-02-10,8.3,2026-05-05,4,88,2026-02-12,2026-02-13,6.7,2026-05-11,1,88,2026-02-25,2026-02-25,12.7,2026-05-26,0,90,2026-03-04,2026-03-09,12.0,2026-06-07,5,95,2026-03-16,2026-03-19,15.4,2026-06-22,3,98,2026-03-31,2026-04-08,22.9,2026-07-15,8,106,2026-04-11,2026-04-14,14.1,2026-07-27,3,107
20357.0061,20357.0061,SAN ANTONIO 3,SCHERTZ,THE PARKLANDS,2026-02-03,2026-02-12,2026-02-11,8.3,2026-05-05,-1,82,2026-02-18,2026-02-19,6.6,2026-05-11,1,82,2026-03-04,2026-03-03,12.7,2026-05-26,-1,83,2026-03-13,2026-03-16,12.0,2026-06-07,3,86,2026-03-26,2026-03-28,15.4,2026-06-22,2,88,2026-04-08,2026-04-18,22.9,2026-07-15,10,98,2026-04-21,2026-04-22,14.1,2026-07-27,1,97
20357.0066,20357.0066,SAN ANTONIO 3,SCHERTZ,THE PARKLANDS,2026-02-02,2026-02-10,2026-02-10,8.3,2026-05-05,0,84,2026-02-18,2026-02-17,6.7,2026-05-11,-1,82,2026-03-04,2026-03-03,12.7,2026-05-26,-1,83,2026-03-16,2026-03-16,12.0,2026-06-07,0,83,2026-03-30,2026-03-31,15.4,2026-06-22,1,84,2026-04-02,2026-04-22,22.9,2026-07-15,20,104,2026-04-19,2026-04-16,14.1,2026-07-27,-3,99
20363.0006,20363.0006,SAN ANTONIO 3,NEW BRAUNFELS,SOLMS LANDING,2026-03-12,2026-03-17,2026-03-21,8.7,,4,,2026-03-23,2026-03-23,6.3,,0,,2026-04-03,2026-04-04,12.1,,1,,2026-04-23,2026-04-14,10.6,,-9,,,2026-05-09,16.1,,,,,2026-06-04,25.9,,,,,2026-06-15,11.4,,,
20363.0033,20363.0033,SAN ANTONIO 3,NEW BRAUNFELS,SOLMS LANDING,2026-03-24,2026-04-02,2026-04-02,8.7,,0,,2026-04-09,2026-04-08,5.6,,-1,,2026-04-21,2026-04-20,11.4,,-1,,,2026-05-01,9.7,,,,,2026-05-17,16.0,,,,,2026-06-16,29.6,,,,,2026-06-28,12.2,,,
20381.0055,20381.0055,SAN ANTONIO 3,CIBOLO,CIBOLO VALLEY HEIGHTS,2026-02-09,2026-02-17,2026-02-21,12.3,2026-05-08,4,80,2026-02-22,2026-02-22,4.7,2026-05-15,0,82,2026-03-05,2026-03-07,12.9,2026-05-27,2,83,2026-03-13,2026-03-14,8.8,2026-06-09,1,88,2026-03-25,2026-03-30,16.9,2026-06-27,5,94,2026-04-10,2026-04-11,16.6,2026-07-18,1,99,2026-04-21,2026-04-24,14.4,2026-07-30,3,100
20007.0089,20007.0089,AUSTIN 1,LIBERTY HILL,LARIAT,2026-04-22,2026-05-01,2026-04-29,6.7,,-2,,,2026-05-06,5.1,,,,,2026-05-18,11.7,,,,,2026-05-29,11.5,,,,,2026-06-15,16.8,,,,,2026-07-14,28.5,,,,,2026-07-25,10.6,,,
20007.0108,20007.0108,AUSTIN 1,LIBERTY HILL,LARIAT,2024-06-28,2024-06-28,2024-07-06,7.5,2024-07-09,8,11,2024-07-08,2024-07-04,6.2,2024-07-04,-4,-4,2024-07-11,2024-07-20,11.8,2024-07-25,9,14,2024-07-17,2024-07-23,11.9,2024-07-27,6,10,2024-07-28,2024-08-06,19.6,2024-08-03,9,6,2024-08-09,2024-08-27,29.5,2024-08-26,18,17,2026-03-13,2024-08-20,10.6,2024-08-21,-570,-569
20007.0114,20007.0114,AUSTIN 1,LIBERTY HILL,LARIAT,2026-03-20,2026-03-31,2026-03-29,8.9,,-2,,2026-04-06,2026-04-05,5.1,,-1,,2026-04-15,2026-04-18,11.7,,3,,2026-04-27,2026-04-27,11.9,,0,,,2026-05-18,21.0,,,,,2026-06-23,36.0,,,,,2026-07-04,10.6,,,
20008.0058,20008.0058,AUSTIN 1,GEORGETOWN,NOLINA,2026-03-18,2026-03-31,2026-03-27,8.9,,-4,,2026-04-03,2026-04-05,5.4,,2,,2026-04-16,2026-04-18,15.4,,2,,2026-04-27,2026-04-27,11.0,,0,,,2026-05-11,14.0,,,,,2026-06-05,25.3,,,,,2026-06-22,16.6,,,
20009.0152,20009.0152,AUSTIN 1,LEANDER,PALMERA RIDGE,2025-05-16,2025-05-20,2025-05-26,9.7,2025-05-25,6,5,2025-06-03,2025-05-28,7.8,2025-05-26,-6,-8,2025-06-19,2025-06-24,21.4,2025-06-18,5,-1,2025-06-30,2025-07-02,12.7,2025-07-02,2,2,2025-08-06,2025-07-17,16.9,2025-07-17,-20,-20,2025-08-27,2025-09-03,28.1,2025-09-14,7,18,2025-09-12,2025-09-15,18.5,2025-09-12,3,0
20009.0163,20009.0163,AUSTIN 1,LEANDER,PALMERA RIDGE,2026-03-30,2026-04-13,2026-04-10,11.2,,-3,,2026-04-15,2026-04-21,7.8,,6,,2026-04-29,2026-05-07,22.1,,8,,,2026-05-12,12.7,,,,,2026-05-29,16.6,,,,,2026-06-28,29.5,,,,,2026-07-17,18.5,,,
20014.0007,167109,AUSTIN 1,LIBERTY HILL,SANTA RITA RANCH RENTALS,2022-01-29,2022-02-14,2022-02-06,8.4,,-8,,2022-02-23,2022-02-19,4.6,,-4,,2022-03-24,2022-03-09,13.8,,-15,,2022-04-08,2022-04-04,11.3,,-4,,2022-05-05,2022-04-28,19.8,,-7,,2022-07-07,2022-05-31,25.8,,-37,,2022-07-05,2022-07-18,10.6,,13,
20014.0010,167156,AUSTIN 1,LIBERTY HILL,SANTA RITA RANCH RENTALS,2022-01-26,2022-02-11,2022-02-02,7.2,,-9,,2022-02-16,2022-02-16,5.5,,0,,2022-03-23,2022-03-02,13.6,,-21,,2022-04-07,2022-04-03,11.3,,-4,,2022-04-25,2022-04-24,16.8,,-1,,2022-06-17,2022-05-20,25.5,,-28,,2022-06-24,2022-06-28,10.6,,4,
20014.0014,167203,AUSTIN 1,LIBERTY HILL,SANTA RITA RANCH RENTALS,2023-05-01,2023-05-08,2023-05-07,5.8,,-1,,2023-05-08,2023-05-13,5.5,,5,,2023-05-25,2023-05-21,13.5,,-4,,2023-06-13,2023-06-06,11.7,,-7,,2023-07-24,2023-07-01,17.9,,-23,,2023-09-13,2023-08-23,29.5,,-21,,2023-09-29,2023-09-24,10.6,,-5,
20014.0025,167195,AUSTIN 1,LIBERTY HILL,SANTA RITA RANCH RENTALS,2023-03-16,2023-03-31,2023-03-23,7.4,,-8,,2023-04-05,2023-04-06,6.2,,1,,2023-04-18,2023-04-19,13.6,,1,,2023-04-29,2023-04-30,12.0,,1,,2023-05-19,2023-05-19,20.5,,0,,2023-07-19,2023-06-16,27.8,,-33,,2023-08-18,2023-07-30,10.6,,-19,
20014.0026,167205,AUSTIN 1,LIBERTY HILL,SANTA RITA RANCH RENTALS,2023-05-01,2023-05-08,2023-05-07,5.7,,-1,,2023-05-19,2023-05-13,5.5,,-6,,2023-06-07,2023-06-02,13.8,,-5,,2023-07-11,2023-06-18,11.4,,-23,,2023-07-24,2023-07-30,18.9,,6,,2023-10-19,2023-08-23,29.8,,-57,,2023-10-31,2023-10-30,10.6,,-1,
20014.0042,167204,AUSTIN 1,LIBERTY HILL,SANTA RITA RANCH RENTALS,2023-05-01,2023-05-08,2023-05-06,5.5,,-2,,2023-05-18,2023-05-13,5.5,,-5,,2023-06-01,2023-06-01,13.6,,0,,2023-07-10,2023-06-13,11.9,,-27,,2023-07-24,2023-07-29,19.4,,5,,2023-10-13,2023-08-23,29.8,,-51,,2023-10-31,2023-10-24,10.6,,-7,
20014.0057,167198,AUSTIN 1,LIBERTY HILL,SANTA RITA RANCH RENTALS,2023-05-01,2023-05-08,2023-05-07,5.8,,-1,,2023-05-22,2023-05-13,5.5,,-9,,2023-06-02,2023-06-05,13.6,,3,,2023-06-13,2023-06-14,12.2,,1,,2023-07-14,2023-07-05,21.9,,-9,,2023-08-23,2023-08-13,29.5,,-10,,2023-08-31,2023-09-03,10.6,,3,
20014.0064,167107,AUSTIN 1,LIBERTY HILL,SANTA RITA RANCH RENTALS,2022-02-01,2022-02-22,2022-02-07,6.0,,-15,,2022-03-04,2022-02-27,4.6,,-5,,2022-04-07,2022-03-18,13.7,,-20,,2022-04-21,2022-04-18,11.3,,-3,,2022-05-09,2022-05-09,18.3,,0,,2022-07-07,2022-06-04,26.0,,-33,,2022-07-20,2022-07-18,10.6,,-2,
20014.0066,167157,AUSTIN 1,LIBERTY HILL,SANTA RITA RANCH RENTALS,2022-01-29,2022-02-23,2022-02-06,7.8,,-17,,2022-03-04,2022-02-28,5.5,,-4,,2022-04-07,2022-03-18,13.7,,-20,,2022-04-21,2022-04-18,11.3,,-3,,2022-05-05,2022-05-09,18.3,,4,,2022-06-23,2022-05-31,26.0,,-23,,2022-06-28,2022-07-04,10.6,,6,
20014.0081,167153,AUSTIN 1,LIBERTY HILL,SANTA RITA RANCH RENTALS,2022-01-15,2022-01-24,2022-01-22,7.2,,-2,,2022-02-07,2022-01-29,4.6,,-9,,2022-03-18,2022-02-21,13.8,,-25,,2022-04-01,2022-03-29,11.3,,-3,,2022-04-18,2022-04-19,18.2,,1,,2022-06-02,2022-05-13,25.5,,-20,,2022-06-22,2022-06-13,10.6,,-9,
20014.0093,167155,AUSTIN 1,LIBERTY HILL,SANTA RITA RANCH RENTALS,2022-01-26,2022-02-10,2022-02-03,8.1,,-7,,2022-02-15,2022-02-15,5.3,,0,,2022-03-21,2022-03-01,13.7,,-20,,2022-04-05,2022-04-01,11.3,,-4,,2022-04-21,2022-04-25,19.7,,4,,2022-06-07,2022-05-16,25.5,,-22,,2022-06-22,2022-06-18,10.6,,-4,
20014.0102,167108,AUSTIN 1,LIBERTY HILL,SANTA RITA RANCH RENTALS,2022-02-01,2022-02-21,2022-02-07,6.0,,-14,,2022-03-03,2022-02-26,4.6,,-5,,2022-04-05,2022-03-17,13.7,,-19,,2022-04-20,2022-04-16,11.3,,-4,,2022-05-07,2022-05-08,18.3,,1,,2022-07-07,2022-06-02,26.0,,-35,,2022-07-20,2022-07-18,10.6,,-2,
20014.0116,167202,AUSTIN 1,LIBERTY HILL,SANTA RITA RANCH RENTALS,2023-04-27,2023-05-04,2023-05-03,6.5,,-1,,2023-05-15,2023-05-10,5.6,,-5,,2023-05-25,2023-05-29,13.6,,4,,2023-07-06,2023-06-06,12.4,,-30,,2023-07-25,2023-07-24,18.4,,-1,,2023-09-13,2023-08-24,29.8,,-20,,2023-10-27,2023-09-24,10.6,,-33,
20014.0130,167154,AUSTIN 1,LIBERTY HILL,SANTA RITA RANCH RENTALS,2022-01-15,2022-02-05,2022-01-22,7.2,,-14,,2022-02-11,2022-02-11,5.6,,0,,2022-03-21,2022-02-25,13.8,,-24,,2022-04-07,2022-04-01,11.3,,-6,,2022-04-25,2022-04-24,17.2,,-1,,2022-06-13,2022-05-20,25.5,,-24,,2022-06-22,2022-06-24,10.6,,2,
20014.0151,167191,AUSTIN 1,LIBERTY HILL,SANTA RITA RANCH RENTALS,2023-03-13,2023-03-21,2023-03-19,6.1,,-2,,2023-03-27,2023-03-26,5.3,,-1,,2023-04-06,2023-04-10,13.9,,4,,2023-04-14,2023-04-18,12.2,,4,,2023-05-08,2023-05-07,22.6,,-1,,2023-07-12,2023-06-05,27.8,,-37,,2023-07-28,2023-07-23,10.6,,-5,
20014.0152,167201,AUSTIN 1,LIBERTY HILL,SANTA RITA RANCH RENTALS,2023-04-27,2023-05-04,2023-05-04,7.2,,0,,2023-05-16,2023-05-10,5.6,,-6,,2023-05-30,2023-05-30,13.7,,0,,2023-06-06,2023-06-11,12.2,,5,,2023-07-10,2023-07-02,25.6,,-8,,2023-08-25,2023-08-09,29.5,,-16,,2023-08-31,2023-09-05,10.6,,5,
20010.0334,20010.0334,AUSTIN 2,GEORGETOWN,PARKSIDE ON THE RIVER,2026-04-30,,2026-05-09,9.5,,,,,2026-05-16,7.0,,,,,2026-06-03,18.0,,,,,2026-06-14,11.2,,,,,2026-06-30,16.0,,,,,2026-08-01,32.2,,,,,2026-08-19,18.2,,,
20010.0352,20010.0352,AUSTIN 2,GEORGETOWN,PARKSIDE ON THE RIVER,2025-07-31,2025-08-13,2025-08-12,11.5,2025-08-14,-1,1,2025-08-20,2025-08-18,5.4,2025-08-19,-2,-1,2025-09-03,2025-09-07,18.1,2025-09-18,4,15,2025-09-15,2025-09-14,11.2,2025-09-15,-1,0,2025-10-06,2025-09-29,14.4,2025-09-28,-7,-8,2025-11-01,2025-11-03,28.4,2025-11-10,2,9,2025-11-21,2025-11-17,15.7,2025-11-21,-4,0
20010.0376,20010.0376,AUSTIN 2,GEORGETOWN,PARKSIDE ON THE RIVER,2025-08-06,2025-08-14,2025-08-15,9.0,2025-08-20,1,6,2025-08-19,2025-08-21,7.1,2025-08-20,2,1,2025-09-05,2025-09-05,16.8,2025-09-17,0,12,2025-09-17,2025-09-16,11.1,2025-09-17,-1,0,2025-10-03,2025-10-01,13.6,2025-09-30,-2,-3,2025-10-24,2025-11-01,29.2,2025-11-07,8,14,2025-12-05,2025-11-10,16.7,2025-12-05,-25,0
20016.0318,20016.0318,AUSTIN 2,GEORGETOWN,WOLF RANCH,2026-03-17,2026-03-26,2026-03-26,9.2,,0,,2026-03-30,2026-04-01,5.5,,2,,2026-04-13,2026-04-17,18.2,,4,,2026-04-22,2026-04-24,11.0,,2,,,2026-05-06,14.5,,,,,2026-06-05,29.9,,,,,2026-06-22,17.0,,,
20016.0328,20016.0328,AUSTIN 2,GEORGETOWN,WOLF RANCH,2026-04-16,2026-04-28,2026-04-26,9.5,,-2,,,2026-05-04,6.4,,,,,2026-05-22,17.7,,,,,2026-06-02,11.3,,,,,2026-06-16,13.8,,,,,2026-07-16,29.8,,,,,2026-08-04,19.2,,,
20016.0264,20016.0264,AUSTIN 2,GEORGETOWN,WOLF RANCH,2026-02-05,2026-02-13,2026-02-15,10.2,2026-05-05,2,81,2026-02-18,2026-02-20,6.7,2026-05-11,2,82,2026-03-04,2026-03-07,17.5,2026-06-03,3,91,2026-03-17,2026-03-15,11.0,2026-06-13,-2,88,2026-03-25,2026-03-30,12.7,2026-06-29,5,96,2026-04-17,2026-04-23,28.6,2026-07-23,6,97,2026-04-27,2026-05-03,16.4,2026-08-02,6,97
20020.0314,20020.0314,AUSTIN 2,BASTROP,THE COLONY,2026-02-16,2026-02-18,2026-02-22,5.8,2026-05-12,4,83,2026-02-23,2026-02-24,5.7,2026-05-17,1,83,2026-03-05,2026-03-06,10.7,2026-05-29,1,85,2026-03-12,2026-03-15,9.5,2026-06-07,3,87,2026-03-24,2026-03-30,17.5,2026-06-21,6,89,2026-04-13,2026-04-13,20.5,2026-07-12,0,90,2026-04-24,2026-04-27,13.9,2026-07-29,3,96
20020.0336,20020.0336,AUSTIN 2,BASTROP,THE COLONY,2026-04-23,2026-04-29,2026-04-29,6.5,,0,,,2026-05-07,7.5,,,,,2026-05-18,10.7,,,,,2026-05-28,9.5,,,,,2026-06-15,17.5,,,,,2026-07-05,20.5,,,,,2026-07-19,13.9,,,
20370.0016,20370.0016,AUSTIN 2,HUTTO,FLORA,2026-03-16,2026-03-26,2026-03-24,8.5,,-2,,2026-03-30,2026-04-02,7.1,,3,,2026-04-13,2026-04-15,16.2,,2,,2026-04-20,2026-04-26,12.7,,6,,,2026-05-05,14.7,,,,,2026-05-30,25.3,,,,,2026-06-12,12.6,,,
20373.0007,20373.0007,AUSTIN 2,GEORGETOWN,PARKSIDE ON THE RIVER WEST,2026-02-20,2026-03-04,2026-03-01,8.8,,-3,,2026-03-12,2026-03-10,5.8,,-2,,2026-03-24,2026-03-29,17.3,,5,,2026-04-06,2026-04-04,11.3,,-2,,2026-04-20,2026-04-18,12.4,,-2,,,2026-05-19,29.0,,,,,2026-06-10,21.6,,,
20378.0047,20378.0047,AUSTIN 2,GEORGETOWN,WOODSIDE,2026-04-10,2026-04-17,2026-04-16,6.4,,-1,,2026-04-20,2026-04-22,4.9,,2,,,2026-05-05,14.9,,,,,2026-05-16,11.0,,,,,2026-05-30,13.8,,,,,2026-06-24,25.4,,,,,2026-07-10,15.5,,,
20024.0319,20024.0319,AUSTIN 3,AUSTIN,EASTON PARK,2026-03-19,2026-03-26,2026-03-28,8.7,,2,,2026-03-31,2026-04-01,5.8,,1,,2026-04-23,2026-04-25,24.8,,2,,,2026-05-07,14.3,,,,,2026-05-21,13.6,,,,,2026-06-13,22.6,,,,,2026-06-24,11.4,,,
20026.0132,754122,AUSTIN 3,KYLE,6 CREEKS,2025-06-30,2025-07-11,2025-07-10,9.8,,-1,,2025-07-15,2025-07-16,4.9,,1,,2025-08-04,2025-08-05,21.1,,1,,2025-08-19,2025-08-18,14.2,,-1,,2025-09-09,2025-09-03,15.5,,-6,,2025-10-09,2025-10-01,22.1,,-8,,2025-10-15,2025-10-17,8.4,,2,
20026.0179,755105,AUSTIN 3,KYLE,6 CREEKS,2026-01-08,2026-01-20,2026-01-18,10.3,,-2,,2026-01-23,2026-01-25,5.3,,2,,2026-02-11,2026-02-14,21.6,,3,,2026-02-27,2026-02-24,12.8,,-3,,2026-03-10,2026-03-14,15.5,,4,,2026-03-19,2026-04-02,23.5,,14,,2026-04-02,2026-03-28,9.1,,-5,
20337.0093,210085,AUSTIN 3,KYLE,CROSSWINDS,2025-09-05,2025-09-16,2025-09-13,8.4,,-3,,2025-09-21,2025-09-21,5.0,,0,,2025-10-13,2025-10-11,19.9,,-2,,2025-10-24,2025-10-25,11.6,,1,,2025-11-10,2025-11-08,15.5,,-2,,2025-11-26,2025-12-03,22.6,,7,,2025-12-12,2025-12-05,8.9,,-7,
20337.0108,210045,AUSTIN 3,KYLE,CROSSWINDS,2023-04-19,2023-05-02,2023-04-27,8.5,,-5,,2023-05-04,2023-05-08,5.7,,4,,2023-05-31,2023-05-23,18.8,,-8,,2023-06-13,2023-06-13,13.0,,0,,,2023-06-30,16.6,,,,,2023-07-25,25.3,,,,,2023-08-03,8.8,,,
20403.0109,20403.0109,AUSTIN 3,LOCKHART,JUNIPER SPRINGS,2026-04-02,2026-04-10,2026-04-12,9.8,,2,,2026-04-15,2026-04-14,3.9,,-1,,2026-04-28,2026-04-27,12.4,,-1,,,2026-05-11,13.1,,,,,2026-05-27,16.5,,,,,2026-06-17,21.2,,,,,2026-07-01,13.7,,,
20403.0111,20403.0111,AUSTIN 3,LOCKHART,JUNIPER SPRINGS,2026-03-24,2026-03-31,2026-04-03,9.8,,3,,2026-04-06,2026-04-04,3.9,,-2,,2026-04-16,2026-04-18,12.4,,2,,,2026-04-29,13.1,,,,,2026-05-15,16.5,,,,,2026-06-05,21.2,,,,,2026-06-19,13.7,,,
20403.0112,20403.0112,AUSTIN 3,LOCKHART,JUNIPER SPRINGS,2026-03-24,2026-03-31,2026-04-03,9.8,,3,,2026-04-01,2026-04-04,3.9,,3,,2026-04-15,2026-04-13,12.4,,-2,,2026-04-28,2026-04-28,13.1,,0,,,2026-05-14,16.5,,,,,2026-06-04,21.2,,,,,2026-06-18,13.7,,,
20403.0113,20403.0113,AUSTIN 3,LOCKHART,JUNIPER SPRINGS,2026-04-30,,2026-05-10,9.8,,,,,2026-05-14,3.9,,,,,2026-05-26,12.4,,,,,2026-06-08,13.1,,,,,2026-06-24,16.5,,,,,2026-07-15,21.2,,,,,2026-07-29,13.7,,,
20420.0017,20420.0017,AUSTIN 3,HAYS COUNTY,CREEK OF DRIFTWOOD,2026-03-27,2026-04-21,2026-04-12,16.1,,-9,,2026-04-30,2026-04-29,8.0,,-1,,,2026-05-30,30.3,,,,,2026-06-14,14.7,,,,,2026-07-08,24.4,,,,,2026-08-10,32.9,,,,,2026-08-28,18.1,,,
20059.0145,20059.0145,PERRY D1,FATE,AVONDALE,2025-12-15,2025-12-19,2025-12-24,9.2,2025-12-28,5,9,2025-12-23,2025-12-23,4.5,2025-12-23,0,0,2026-01-16,2026-01-12,19.9,2026-01-17,-4,1,2026-02-02,2026-01-28,12.5,2026-04-26,-5,83,2026-02-11,2026-02-19,16.7,2026-05-14,8,92,2026-02-18,2026-03-01,17.5,2026-05-31,11,102,2026-02-26,2026-03-04,14.5,2026-06-11,6,105
20366.0038,20366.0038,PERRY D1,ROCKWALL,TERRACES,2026-04-09,2026-04-23,2026-04-24,15.1,,1,,2026-04-29,2026-04-28,5.1,,-1,,,2026-05-22,23.1,,,,,2026-06-03,11.6,,,,,2026-06-19,16.3,,,,,2026-07-07,18.3,,,,,2026-07-25,18.3,,,
20366.0046,20366.0046,PERRY D1,ROCKWALL,TERRACES,2026-02-24,2026-03-09,2026-03-12,15.7,,3,,2026-03-16,2026-03-14,5.2,,-2,,2026-04-14,2026-04-08,23.1,,-6,,2026-04-27,2026-04-26,11.6,,-1,,,2026-05-13,16.3,,,,,2026-05-31,18.3,,,,,2026-06-18,18.3,,,
20382.0011,20382.0011,PERRY D1,WAXAHACHIE,MYRTLE CREEK,2026-03-30,2026-04-07,2026-04-11,12.0,,4,,2026-04-14,2026-04-12,5.1,,-2,,,2026-04-26,12.2,,,,,2026-05-07,11.4,,,,,2026-05-25,18.3,,,,,2026-06-18,24.3,,,,,2026-07-02,13.9,,,
20413.0068,20413.0068,PERRY D1,FORNEY,MERAKI,2026-04-15,2026-04-28,2026-04-24,9.1,,-4,,2026-04-30,2026-05-03,4.6,,3,,,2026-05-14,14.4,,,,,2026-05-26,12.3,,,,,2026-06-07,11.6,,,,,2026-06-25,17.6,,,,,2026-07-10,14.5,,,
20413.0084,20413.0084,PERRY D1,FORNEY,MERAKI,2026-03-02,2026-03-13,2026-03-11,9.3,,-2,,2026-03-17,2026-03-18,4.6,,1,,2026-03-24,2026-03-31,14.4,,7,,2026-04-06,2026-04-05,12.2,,-1,,2026-04-24,2026-04-16,10.1,,-8,,2026-04-30,2026-05-12,17.6,,12,,,2026-05-15,14.5,,,
20413.0085,20413.0085,PERRY D1,FORNEY,MERAKI,2026-03-02,2026-03-09,2026-03-11,9.2,,2,,2026-03-11,2026-03-14,4.6,,3,,2026-03-19,2026-03-25,14.4,,6,,2026-03-30,2026-03-31,12.3,,1,,2026-04-09,2026-04-08,8.7,,-1,,2026-04-29,2026-04-27,17.6,,-2,,,2026-05-14,14.5,,,
20037.0461,20037.0461,PERRY D2,MCKINNEY,TRINITY FALLS,2026-04-12,2026-04-23,2026-04-24,11.7,,1,,2026-04-27,2026-04-28,4.9,,1,,,2026-05-19,21.8,,,,,2026-05-30,11.1,,,,,2026-06-13,14.3,,,,,2026-07-05,22.1,,,,,2026-07-20,15.4,,,
20037.0481,20037.0481,PERRY D2,MCKINNEY,TRINITY FALLS,2026-03-05,2026-03-19,2026-03-16,11.4,,-3,,2026-03-24,2026-03-23,4.5,,-1,,2026-04-16,2026-04-17,24.3,,1,,2026-04-23,2026-04-27,10.7,,4,,,2026-05-07,14.3,,,,,2026-05-29,22.1,,,,,2026-06-14,16.2,,,
20043.0224,20043.0224,PERRY D2,CELINA,THE PARKS AT WILSON CREEK,2026-04-15,2026-04-29,2026-04-28,13.2,,-1,,,2026-05-04,5.2,,,,,2026-05-17,13.4,,,,,2026-05-28,10.7,,,,,2026-06-10,12.8,,,,,2026-06-30,19.5,,,,,2026-07-17,16.9,,,
20056.0129,20056.0129,PERRY D2,CELINA,CAMBRIDGE CROSSING,2025-06-20,2025-06-25,2025-07-05,14.8,2025-07-01,10,6,2025-06-27,2025-06-29,4.0,2025-06-30,2,3,2025-07-04,2025-07-17,20.1,2025-07-10,13,6,2025-07-10,2025-07-13,9.3,2025-07-16,3,6,2025-07-21,2025-07-23,12.7,2025-07-21,2,0,2025-07-31,2025-08-10,19.5,2025-08-07,10,7,2025-08-07,2025-08-16,16.2,2025-08-07,9,0
20056.0158,20056.0158,PERRY D2,CELINA,CAMBRIDGE CROSSING,2026-02-16,2026-02-26,2026-02-28,12.2,,2,,2026-03-02,2026-03-02,4.5,,0,,2026-03-16,2026-03-17,15.3,,1,,2026-03-30,2026-03-27,11.1,,-3,,2026-04-10,2026-04-12,12.7,,2,,2026-04-27,2026-04-30,19.5,,3,,,2026-05-13,16.0,,,
20056.0163,20056.0163,PERRY D2,CELINA,CAMBRIDGE CROSSING,2025-12-31,2026-01-13,2026-01-16,16.2,2026-01-11,3,-2,2026-01-20,2026-01-17,4.4,2026-01-18,-3,-2,2026-02-11,2026-02-04,14.9,2026-04-26,-7,74,2026-02-23,2026-02-23,11.8,2026-05-08,0,74,2026-03-07,2026-03-08,12.7,2026-05-19,1,73,2026-03-23,2026-03-27,19.5,2026-06-05,4,74,2026-04-14,2026-04-08,15.7,2026-06-23,-6,70
20056.0164,20056.0164,PERRY D2,CELINA,CAMBRIDGE CROSSING,2025-12-11,2025-12-18,2025-12-25,14.0,2025-12-22,7,4,2025-12-22,2025-12-23,5.2,2025-12-23,1,1,2026-01-09,2026-01-07,16.5,2026-01-04,-2,-5,2026-01-20,2026-01-21,11.9,2026-01-21,1,1,2026-02-02,2026-02-02,12.7,2026-04-26,0,83,2026-02-19,2026-02-22,19.5,2026-05-13,3,83,2026-02-26,2026-03-07,16.2,2026-05-31,9,94
20056.0165,20056.0165,PERRY D2,CELINA,CAMBRIDGE CROSSING,2025-12-11,2025-12-19,2025-12-26,15.1,2025-12-22,7,3,2025-12-23,2025-12-25,5.5,2025-12-24,2,1,2026-01-09,2026-01-11,19.1,2026-01-05,2,-4,2026-01-23,2026-01-20,10.7,2026-01-21,-3,-2,2026-02-11,2026-02-05,12.7,2026-04-26,-6,74,2026-02-27,2026-03-02,19.3,2026-05-13,3,75,2026-03-06,2026-03-15,16.2,2026-05-31,9,86
20056.0171,20056.0171,PERRY D2,CELINA,CAMBRIDGE CROSSING,2025-12-18,2025-12-31,2026-01-01,14.1,2025-12-29,1,-2,2026-01-07,2026-01-06,5.7,2026-01-05,-1,-2,2026-01-15,2026-01-23,16.5,2026-01-20,8,5,2026-01-26,2026-01-26,11.1,2026-01-27,0,1,2026-02-11,2026-02-08,12.7,2026-04-26,-3,74,2026-02-27,2026-03-02,19.3,2026-05-13,3,75,2026-03-13,2026-03-15,16.2,2026-05-31,2,79
20066.0518,20066.0518,PERRY D2,FORNEY,DEVONSHIRE,2026-04-16,,2026-04-25,8.6,,,,,2026-04-30,4.5,,,,,2026-05-14,14.4,,,,,2026-05-26,12.3,,,,,2026-06-06,10.9,,,,,2026-06-24,17.6,,,,,2026-07-09,14.5,,,
20066.0527,20066.0527,PERRY D2,FORNEY,DEVONSHIRE,2025-11-14,2025-11-25,2025-11-23,9.4,2025-11-22,-2,-3,2025-12-03,2025-11-30,4.6,2025-11-30,-3,-3,2025-12-09,2025-12-17,14.4,2025-12-17,8,8,2025-12-23,2025-12-21,12.2,2025-12-23,-2,0,2026-01-02,2026-01-02,10.0,2026-01-04,0,2,2026-01-20,2026-01-20,17.6,2026-01-20,0,0,2026-02-12,2026-02-04,14.5,2026-04-26,-8,73
20066.0536,20066.0536,PERRY D2,FORNEY,DEVONSHIRE,2026-01-07,2026-01-15,2026-01-16,9.1,2026-01-15,1,0,2026-01-20,2026-01-19,4.1,2026-01-20,-1,0,2026-02-14,2026-02-03,14.4,2026-04-26,-11,71,2026-02-16,2026-02-26,12.3,2026-05-10,10,83,2026-02-24,2026-02-26,9.5,2026-05-22,2,87,2026-03-11,2026-03-14,17.8,2026-06-09,3,90,2026-03-19,2026-03-26,14.5,2026-06-19,7,92
20066.0610,20066.0610,PERRY D2,FORNEY,DEVONSHIRE,2026-03-29,2026-04-08,2026-04-10,12.3,,2,,2026-04-15,2026-04-13,4.6,,-2,,2026-04-30,2026-04-29,14.4,,-1,,,2026-05-12,12.3,,,,,2026-05-22,10.0,,,,,2026-06-09,17.8,,,,,2026-06-24,14.5,,,
20066.0620,20066.0620,PERRY D2,FORNEY,DEVONSHIRE,2026-02-24,2026-03-09,2026-03-05,9.3,,-4,,2026-03-09,2026-03-14,4.6,,5,,2026-04-06,2026-03-23,14.4,,-14,,2026-04-17,2026-04-18,12.2,,1,,,2026-04-27,10.1,,,,,2026-05-15,17.8,,,,,2026-05-30,14.5,,,
20066.0639,20066.0639,PERRY D2,FORNEY,DEVONSHIRE,2026-02-19,2026-03-05,2026-03-01,9.5,,-4,,2026-03-12,2026-03-10,4.6,,-2,,2026-03-26,2026-03-26,14.4,,0,,2026-04-14,2026-04-07,12.3,,-7,,2026-04-28,2026-04-24,9.9,,-4,,,2026-05-16,17.6,,,,,2026-05-31,14.7,,,
20066.0641,20066.0641,PERRY D2,FORNEY,DEVONSHIRE,2026-02-20,2026-03-05,2026-03-03,10.7,,-2,,2026-03-12,2026-03-10,4.6,,-2,,2026-03-26,2026-03-26,14.4,,0,,2026-04-09,2026-04-07,12.3,,-2,,2026-04-30,2026-04-19,10.1,,-11,,,2026-05-18,17.6,,,,,2026-06-02,14.7,,,
20066.0643,20066.0643,PERRY D2,FORNEY,DEVONSHIRE,2026-04-22,,2026-05-01,9.3,,,,,2026-05-05,4.5,,,,,2026-05-19,14.4,,,,,2026-05-31,12.2,,,,,2026-06-10,9.8,,,,,2026-06-28,17.6,,,,,2026-07-13,14.5,,,
20055.0093,346128,PERRY D3,CELINA,NORTH SKY,2025-11-17,2025-11-27,2025-11-29,11.7,,2,,2025-12-02,2025-12-02,5.2,,0,,2025-12-17,2025-12-18,15.8,,1,,2026-01-02,2025-12-30,12.5,,-3,,2026-01-12,2026-01-15,13.0,,3,,2026-02-03,2026-02-01,19.5,,-2,,2026-02-19,2026-02-20,16.8,,1,
20085.0039,20085.0039,PERRY D3,CELINA,MOSAIC,2026-01-14,2026-01-21,2026-01-27,12.5,2026-01-21,6,0,2026-02-04,2026-01-26,4.9,2026-04-26,-9,81,2026-02-21,2026-02-18,13.7,2026-05-09,-3,77,2026-03-02,2026-03-04,10.5,2026-05-22,2,81,2026-03-31,2026-03-15,12.8,2026-06-11,-16,72,2026-04-30,2026-04-19,19.3,2026-07-10,-11,71,,2026-05-16,15.8,2026-07-31,,
20085.0050,20085.0050,PERRY D3,CELINA,MOSAIC,2026-03-19,2026-03-30,2026-03-31,11.8,,1,,2026-04-01,2026-04-02,3.4,,1,,2026-04-24,2026-04-17,16.4,,-7,,,2026-05-04,9.8,,,,,2026-05-17,12.7,,,,,2026-06-06,19.5,,,,,2026-06-21,15.4,,,
20362.0035,20362.0035,PERRY D3,LAVON,HILLSTEAD,2026-03-26,2026-04-13,2026-04-05,9.8,,-8,,2026-04-16,2026-04-17,3.9,,1,,2026-04-24,2026-04-28,12.4,,4,,,2026-05-07,13.1,,,,,2026-05-23,16.5,,,,,2026-06-13,21.2,,,,,2026-06-27,13.7,,,
20362.0088,20362.0088,PERRY D3,LAVON,HILLSTEAD,2026-04-08,2026-04-21,2026-04-18,9.8,,-3,,2026-04-27,2026-04-25,3.9,,-2,,,2026-05-09,12.4,,,,,2026-05-22,13.1,,,,,2026-06-07,16.5,,,,,2026-06-28,21.2,,,,,2026-07-12,13.7,,,
20383.0012,20383.0012,PERRY D3,CELINA,THE HEIGHTS AT UPTOWN CELINA,2025-08-05,2025-08-19,2025-08-16,11.4,2025-08-15,-3,-4,2025-08-21,2025-08-23,4.4,2025-08-22,2,1,2025-09-05,2025-09-05,14.7,2025-09-03,0,-2,2025-09-15,2025-09-16,10.9,2025-09-18,1,3,2025-10-06,2025-09-28,12.8,2025-10-05,-8,-1,2025-10-22,2025-10-25,19.3,2025-11-04,3,13,2025-10-30,2025-11-07,16.2,2025-10-30,8,0
20383.0087,20383.0087,PERRY D3,CELINA,THE HEIGHTS AT UPTOWN CELINA,2026-02-13,2026-02-23,2026-02-25,12.1,,2,,2026-02-27,2026-02-27,3.7,,0,,2026-03-16,2026-03-13,14.0,,-3,,2026-03-30,2026-03-28,12.4,,-2,,,2026-04-12,12.8,,,,,2026-05-02,19.5,,,,,2026-05-18,15.8,,,
20034.0061,720045,PERRY D4,FORT WORTH,VENTANA,2019-04-11,2019-04-23,2019-04-22,11.4,,-1,,2019-04-26,2019-04-28,5.1,,2,,2019-05-06,2019-05-13,17.3,,7,,2019-05-13,2019-05-19,12.6,,6,,2019-05-31,2019-05-28,14.8,,-3,,2019-06-12,2019-06-12,11.9,,0,,2019-06-13,2019-07-03,20.7,,20,
20035.0192,20035.0192,PERRY D4,FORT WORTH,VENTANA RENTALS,2024-06-17,2024-07-10,2024-06-29,12.5,,-11,,2024-07-18,2024-07-18,7.6,,0,,2024-06-24,2024-08-06,18.8,,43,,2024-09-10,2024-07-08,14.2,,-64,,2025-05-13,2024-09-25,14.8,,-230,,2025-05-27,2025-05-29,15.7,,2,,2025-05-30,2025-06-15,19.3,,16,
20035.0193,20035.0193,PERRY D4,FORT WORTH,VENTANA RENTALS,2024-06-24,2024-06-28,2024-07-07,12.8,,9,,2024-07-18,2024-07-06,8.4,,-12,,2024-07-24,2024-08-05,18.5,,12,,2024-08-30,2024-08-07,14.1,,-23,,2025-05-01,2024-09-14,14.8,,-229,,2025-05-03,2025-05-15,14.0,,12,,2025-05-30,2025-05-22,19.4,,-8,
20035.0194,20035.0194,PERRY D4,FORT WORTH,VENTANA RENTALS,2024-06-24,2024-07-05,2024-07-07,12.8,,2,,2024-07-18,2024-07-13,8.3,,-5,,2024-07-15,2024-08-05,18.5,,21,,2024-08-30,2024-07-29,14.1,,-32,,2025-05-01,2024-09-14,14.8,,-229,,2025-05-15,2025-05-15,14.3,,0,,2025-05-30,2025-06-03,19.4,,4,
20035.0195,20035.0195,PERRY D4,FORT WORTH,VENTANA RENTALS,2024-06-24,2024-07-05,2024-07-07,12.8,,2,,2024-07-11,2024-07-13,8.3,,2,,2024-07-17,2024-07-28,17.1,,11,,2024-08-30,2024-07-30,13.3,,-31,,2025-05-01,2024-09-14,14.8,,-229,,2025-05-09,2025-05-15,14.3,,6,,2025-05-30,2025-05-28,19.3,,-2,
20035.0198,20035.0198,PERRY D4,FORT WORTH,VENTANA RENTALS,2024-07-11,2024-07-11,2024-07-23,11.8,,12,,2024-07-13,2024-07-20,8.5,,7,,2024-07-15,2024-07-30,17.1,,15,,2024-10-28,2024-07-28,13.2,,-92,,2025-05-01,2024-11-12,15.0,,-170,,2025-05-14,2025-05-16,14.9,,2,,2025-05-30,2025-06-02,19.3,,3,
20088.0104,20088.0104,PERRY D4,HASLET,SWEETGRASS,2026-02-12,2026-02-23,2026-02-23,11.2,,0,,2026-03-02,2026-02-28,4.9,,-2,,2026-03-24,2026-03-21,18.9,,-3,,2026-03-31,2026-04-02,8.9,,2,,2026-04-10,2026-04-12,12.5,,2,,,2026-05-01,20.7,,,,,2026-05-23,21.9,,,
20088.0169,20088.0169,PERRY D4,HASLET,SWEETGRASS,2026-02-12,2026-02-23,2026-02-24,12.2,2026-05-04,1,70,2026-02-27,2026-02-28,4.9,2026-05-10,1,72,2026-03-13,2026-03-18,18.9,2026-05-27,5,75,2026-03-24,2026-03-23,10.2,2026-06-09,-1,77,2026-04-06,2026-04-05,12.5,2026-06-21,-1,76,2026-04-21,2026-04-27,20.7,2026-07-15,6,85,,2026-05-13,21.9,2026-08-24,,
20372.0029,20372.0029,PERRY D4,FORT WORTH,TALON HILLS,2025-03-04,2025-03-10,2025-03-13,9.4,2025-03-17,3,7,2025-03-12,2025-03-13,3.3,2025-03-15,1,3,2025-03-21,2025-03-28,15.5,2025-03-29,7,8,2025-03-28,2025-04-04,13.9,2025-04-03,7,6,2025-04-11,2025-04-12,14.8,2025-04-16,1,5,2025-04-16,2025-05-03,22.2,2025-04-26,17,10,2025-04-23,2025-05-06,19.7,2025-04-23,13,0
20394.0063,20394.0063,PERRY D4,LAKEWOOD VILLAGE,LAKEWOOD VILLAGE,2026-04-23,,2026-05-05,11.8,,,,,2026-05-10,5.3,,,,,2026-05-30,19.6,,,,,2026-06-12,12.7,,,,,2026-06-29,16.9,,,,,2026-07-27,28.1,,,,,2026-08-15,18.5,,,
20124.0169,20124.0169,HOUSTON 1,MONT BELVIEU,RICELAND,2026-01-12,2026-01-28,2026-01-28,16.5,2026-01-28,0,0,2026-01-30,2026-02-04,6.8,2026-04-26,5,86,2026-02-10,2026-02-12,13.2,2026-05-07,2,86,2026-02-20,2026-02-22,11.9,2026-05-10,2,79,,2026-03-10,17.9,2026-06-03,,,,2026-04-08,29.4,2026-06-27,,,,2026-04-18,10.3,2026-07-09,,
20124.0170,20124.0170,HOUSTON 1,MONT BELVIEU,RICELAND,2026-02-11,2026-03-02,2026-02-28,16.5,,-2,,2026-03-06,2026-03-09,7.1,,3,,2026-03-16,2026-03-19,13.2,,3,,2026-03-26,2026-03-28,11.9,,2,,2026-04-06,2026-04-13,17.9,,7,,,2026-05-05,29.4,,,,,2026-05-15,10.3,,,
20124.0175,20124.0175,HOUSTON 1,MONT BELVIEU,RICELAND,2026-03-12,2026-03-20,2026-03-28,16.5,,8,,2026-03-30,2026-03-27,7.4,,-3,,2026-04-07,2026-04-12,13.2,,5,,2026-04-13,2026-04-19,11.9,,6,,2026-04-22,2026-05-01,17.9,,9,,,2026-05-21,29.4,,,,,2026-05-31,10.3,,,
20124.0128,20124.0128,HOUSTON 1,MONT BELVIEU,RICELAND,2025-12-22,2026-01-07,2026-01-08,16.5,2026-01-09,1,2,2026-01-09,2026-01-15,7.6,2026-01-16,6,7,2026-01-22,2026-01-22,13.2,2026-01-21,0,-1,2026-02-17,2026-02-03,11.9,2026-04-26,-14,68,2026-02-27,2026-03-07,17.9,2026-05-15,8,77,,2026-03-28,29.4,2026-06-03,,,,2026-04-07,10.3,2026-06-10,,
20124.0141,20124.0141,HOUSTON 1,MONT BELVIEU,RICELAND,2026-01-12,2026-01-30,2026-01-29,16.5,2026-04-26,-1,86,2026-02-05,2026-02-06,7.2,2026-05-05,1,89,2026-02-17,2026-02-18,13.2,2026-05-17,1,89,2026-03-02,2026-03-01,11.9,2026-05-30,-1,89,2026-03-16,2026-03-20,17.9,2026-06-18,4,94,,2026-04-14,29.4,2026-07-07,,,,2026-04-24,10.3,2026-07-14,,
20124.0118,20124.0118,HOUSTON 1,MONT BELVIEU,RICELAND,2026-02-12,2026-03-03,2026-03-01,16.5,,-2,,2026-03-13,2026-03-10,7.1,,-3,,2026-03-20,2026-03-26,13.2,,6,,2026-04-06,2026-04-01,11.9,,-5,,,2026-04-24,17.9,,,,,2026-05-23,29.4,,,,,2026-06-02,10.3,,,
20132.0912,20132.0912,HOUSTON 1,MANVEL,MERIDIANA,2026-01-02,2026-01-23,2026-01-17,14.6,2026-01-18,-6,-5,2026-01-30,2026-01-29,6.1,2026-04-26,-1,86,2026-02-06,2026-02-08,9.1,2026-05-06,2,89,2026-02-17,2026-02-14,7.8,2026-05-13,-3,85,2026-02-27,2026-03-02,13.4,2026-05-31,3,93,2026-03-12,2026-03-18,18.7,2026-06-20,6,100,2026-04-10,2026-03-25,12.8,2026-07-02,-16,83
20132.1181,20132.1181,HOUSTON 1,MANVEL,MERIDIANA,2025-12-31,2026-01-29,2026-01-17,17.4,2026-04-26,-12,87,2026-02-04,2026-02-06,8.0,2026-05-01,2,86,2026-02-12,2026-02-12,8.3,2026-05-12,0,89,2026-02-20,2026-02-22,10.0,2026-05-24,2,93,2026-02-27,2026-03-09,16.5,2026-06-01,10,94,,2026-03-18,18.9,2026-07-12,,,,2026-03-31,13.1,2026-07-22,,
20132.0265,611135,HOUSTON 1,MANVEL,MERIDIANA,2022-03-16,2022-04-04,2022-03-30,14.2,,-5,,2022-04-12,2022-04-09,5.3,,-3,,2022-04-18,2022-04-20,8.2,,2,,2022-04-29,2022-04-28,10.3,,-1,,2022-05-19,2022-05-12,12.6,,-7,,2022-07-05,2022-06-07,18.7,,-28,,2022-07-08,2022-07-18,12.7,,10,
20132.1140,20132.1140,HOUSTON 1,MANVEL,MERIDIANA,2025-12-31,2026-01-13,2026-01-16,15.9,2026-01-16,3,3,2026-01-21,2026-01-22,8.9,2026-01-18,1,-3,2026-01-30,2026-01-29,7.8,2026-04-26,-1,86,2026-02-10,2026-02-08,9.2,2026-05-11,-2,90,2026-02-24,2026-02-23,12.7,2026-05-28,-1,93,2026-03-09,2026-03-13,17.5,2026-06-14,4,97,2026-04-01,2026-03-22,12.9,2026-06-24,-10,84
20165.0265,20165.0265,HOUSTON 1,MANVEL,VALENCIA,2025-12-11,2025-12-29,2025-12-27,16.0,2025-12-31,-2,2,2026-01-05,2026-01-06,8.0,2026-01-06,1,1,2026-01-14,2026-01-13,7.8,2026-01-16,-1,2,2026-01-29,2026-01-23,9.4,2026-04-26,-6,87,,2026-02-12,13.7,2026-05-15,,,,2026-02-25,13.1,2026-06-25,,,,2026-03-08,11.0,2026-07-05,,
20178.0138,20178.0138,HOUSTON 2,MAGNOLIA,ESCONDIDO,2026-02-24,2026-03-05,2026-03-10,13.7,,5,,2026-03-09,2026-03-10,5.4,,1,,2026-03-19,2026-03-21,12.1,,2,,2026-03-30,2026-03-29,10.3,,-1,,,2026-04-11,12.0,,,,,2026-05-10,28.6,,,,,2026-05-25,15.2,,,
20183.0239,20183.0239,HOUSTON 2,MAGNOLIA,AUDUBON,2026-01-02,2026-01-14,2026-01-15,13.0,2026-01-14,1,0,2026-01-16,2026-01-19,4.8,2026-01-16,3,0,2026-01-27,2026-01-28,12.1,2026-01-28,1,1,2026-02-03,2026-02-06,10.2,2026-04-26,3,82,2026-02-16,2026-02-17,14.0,2026-05-09,1,82,2026-03-03,2026-03-16,28.4,2026-05-25,13,83,2026-03-07,2026-03-18,14.9,2026-06-09,11,94
20376.0042,20376.0042,HOUSTON 2,MAGNOLIA,WOODHAVYN,2025-08-12,2025-09-04,2025-08-24,12.4,2025-08-28,-11,-7,2025-09-09,2025-09-09,4.8,2025-09-10,0,1,2025-09-24,2025-09-21,12.1,2025-09-19,-3,-5,2025-09-29,2025-10-04,10.3,2025-10-05,5,6,,2025-10-19,20.2,2026-04-26,,,,2025-11-17,28.8,2026-05-12,,,,2025-12-01,14.4,2026-06-06,,
20397.0003,20397.0003,HOUSTON 2,MAGNOLIA,WILDTREE,2025-10-02,2025-10-07,2025-10-14,11.7,2025-10-14,7,7,2025-10-13,2025-10-11,4.2,2025-10-10,-2,-3,2025-10-17,2025-10-25,12.0,2025-10-22,8,5,2025-10-24,2025-10-27,10.2,2025-10-28,3,4,2025-11-05,2025-11-08,14.8,2025-11-10,3,5,2025-12-05,2025-12-08,33.4,2025-11-21,3,-14,2025-12-18,2025-12-20,15.0,2025-12-18,2,0
20397.0011,20397.0011,HOUSTON 2,MAGNOLIA,WILDTREE,2026-04-27,,2026-05-05,8.4,,,,,2026-05-10,4.7,,,,,2026-05-22,12.0,,,,,2026-06-01,10.2,,,,,2026-06-15,13.7,,,,,2026-07-18,32.5,,,,,2026-08-02,14.7,,,
20397.0029,20397.0029,HOUSTON 2,MAGNOLIA,WILDTREE,2026-04-23,,2026-05-03,10.3,,,,,2026-05-07,4.0,,,,,2026-05-19,12.1,,,,,2026-05-29,10.2,,,,,2026-06-12,14.1,,,,,2026-07-15,32.5,,,,,2026-07-30,14.5,,,
20398.0014,20398.0014,HOUSTON 2,HOCKLEY,EVERLY,2026-04-23,,2026-05-02,9.4,,,,,2026-05-09,6.6,,,,,2026-05-20,11.0,,,,,2026-06-01,11.7,,,,,2026-06-15,13.8,,,,,2026-07-07,21.8,,,,,2026-07-22,15.0,,,
20398.0029,20398.0029,HOUSTON 2,HOCKLEY,EVERLY,2026-04-16,2026-04-28,2026-04-24,8.2,,-4,,,2026-05-05,6.5,,,,,2026-05-16,10.9,,,,,2026-05-28,11.7,,,,,2026-06-11,13.5,,,,,2026-07-03,21.8,,,,,2026-07-19,15.6,,,
20398.0032,20398.0032,HOUSTON 2,HOCKLEY,EVERLY,2026-04-16,2026-04-29,2026-04-25,9.1,,-4,,2026-04-30,2026-05-06,7.3,,6,,,2026-05-11,11.0,,,,,2026-05-23,11.8,,,,,2026-06-06,14.0,,,,,2026-06-28,21.8,,,,,2026-07-13,14.9,,,
20398.0033,20398.0033,HOUSTON 2,HOCKLEY,EVERLY,2026-03-04,2026-03-12,2026-03-13,8.7,,1,,2026-03-18,2026-03-18,5.7,,0,,2026-03-27,2026-03-29,11.0,,2,,2026-04-10,2026-04-08,11.5,,-2,,,2026-04-24,13.8,,,,,2026-05-16,21.8,,,,,2026-05-31,14.9,,,
20398.0035,20398.0035,HOUSTON 2,HOCKLEY,EVERLY,2026-03-20,2026-04-10,2026-03-28,8.4,,-13,,2026-04-15,2026-04-16,6.2,,1,,2026-04-28,2026-04-26,11.5,,-2,,,2026-05-10,12.0,,,,,2026-05-24,13.9,,,,,2026-06-15,21.8,,,,,2026-06-29,13.8,,,
20398.0116,20398.0116,HOUSTON 2,HOCKLEY,EVERLY,2025-06-13,2025-06-19,2025-06-24,11.2,2025-06-26,5,7,2025-06-23,2025-06-25,6.5,2025-06-21,2,-2,2025-06-28,2025-07-04,11.2,2025-07-04,6,6,2025-07-07,2025-07-10,11.5,2025-07-09,3,2,2025-07-10,2025-07-21,14.0,2025-07-24,11,14,2025-08-19,2025-08-01,21.8,2025-07-26,-18,-24,2025-08-26,2025-09-04,15.6,2025-08-26,9,0
20398.0062,20398.0062,HOUSTON 2,HOCKLEY,EVERLY,2025-09-03,2025-09-15,2025-09-13,9.6,2025-09-14,-2,-1,2025-09-16,2025-09-20,5.4,2025-09-23,4,7,2025-09-24,2025-09-28,11.7,2025-09-26,4,2,2025-10-02,2025-10-06,11.7,2025-10-05,4,3,2025-10-14,2025-10-17,15.1,2025-11-02,3,19,2025-10-31,2025-11-05,21.8,2025-10-16,5,-15,2025-11-14,2025-11-14,14.1,2025-11-14,0,0
20398.0106,20398.0106,HOUSTON 2,HOCKLEY,EVERLY,2026-04-02,,2026-04-15,13.0,,,,,2026-04-22,6.7,,,,,2026-05-04,12.0,,,,,2026-05-16,11.8,,,,,2026-06-01,15.8,,,,,2026-06-23,21.8,,,,,2026-07-08,14.5,,,
20398.0112,20398.0112,HOUSTON 2,HOCKLEY,EVERLY,2025-06-27,2025-07-10,2025-07-08,10.8,2025-07-08,-2,-2,2025-07-16,2025-07-16,6.4,2025-07-18,0,2,2025-07-18,2025-07-28,12.0,2025-07-26,10,8,2025-07-30,2025-07-30,11.6,2025-07-29,0,-1,2025-08-11,2025-08-14,15.1,2025-08-30,3,19,2025-10-30,2025-09-02,21.8,2025-08-13,-58,-78,2025-11-11,2025-11-13,14.0,2025-11-11,2,0
20398.0115,20398.0115,HOUSTON 2,HOCKLEY,EVERLY,2025-06-16,2025-06-19,2025-06-25,8.6,2025-06-27,6,8,2025-06-23,2025-06-25,6.1,2025-06-27,2,4,2025-07-03,2025-07-04,11.2,2025-07-03,1,0,2025-07-10,2025-07-14,11.4,2025-07-14,4,4,2025-07-10,2025-07-24,14.3,2025-08-10,14,31,2025-08-06,2025-08-01,21.8,2025-07-12,-5,-25,2025-08-28,2025-08-20,14.1,2025-08-28,-8,0
20398.0126,20398.0126,HOUSTON 2,HOCKLEY,EVERLY,2026-04-14,2026-04-27,2026-04-27,12.7,,0,,2026-04-30,2026-05-03,6.0,,3,,,2026-05-12,12.0,,,,,2026-05-24,11.6,,,,,2026-06-08,15.4,,,,,2026-06-30,21.8,,,,,2026-07-15,15.2,,,
20427.0088,20427.0088,HOUSTON 2,MAGNOLIA,ADERRA AT AUDUBON RENTALS,2026-04-28,,2026-05-07,9.5,,,,,2026-05-12,5.3,,,,,2026-05-24,12.0,,,,,2026-06-03,10.2,,,,,2026-06-18,14.7,,,,,2026-07-18,30.4,,,,,2026-08-02,14.7,,,
20265.0237,20265.0237,HOUSTON 3,FULSHEAR,CROSS CREEK WEST,2026-03-13,2026-03-25,2026-03-25,12.1,,0,,2026-03-27,2026-03-29,4.4,,2,,2026-04-07,2026-04-07,11.3,,0,,2026-04-20,2026-04-17,9.8,,-3,,2026-05-01,2026-05-09,18.9,,8,,,2026-05-20,18.5,,,,,2026-06-02,12.7,,,
20267.0047,772042,HOUSTON 3,RICHMOND,CANDELA,2021-01-15,2021-01-22,2021-01-25,10.1,,3,,2021-01-29,2021-01-29,6.6,,0,,2021-02-19,2021-02-08,10.2,,-11,,2021-02-24,2021-02-27,7.9,,3,,2021-03-01,2021-03-13,16.5,,12,,2021-03-27,2021-03-16,14.9,,-11,,2021-03-31,2021-04-08,12.0,,8,
20267.0173,773040,HOUSTON 3,RICHMOND,CANDELA,2021-01-29,2021-02-03,2021-02-08,10.5,,5,,2021-02-05,2021-02-09,6.5,,4,,2021-02-07,2021-02-16,10.5,,9,,2021-03-02,2021-02-16,8.7,,-14,,2021-03-05,2021-03-15,13.0,,10,,2021-03-27,2021-03-24,19.5,,-3,,2021-03-31,2021-04-08,12.3,,8,
20267.0293,774124,HOUSTON 3,RICHMOND,CANDELA,2021-01-18,2021-02-19,2021-02-04,17.1,,-15,,2021-02-23,2021-02-27,7.9,,4,,2021-02-25,2021-03-05,10.5,,8,,2021-03-01,2021-03-08,11.0,,7,,2021-03-05,2021-03-20,18.8,,15,,2021-04-01,2021-03-24,18.5,,-8,,2021-04-01,2021-04-13,12.3,,12,
20209.0162,20209.0162,HOUSTON 4,WILLIS,THE WOODLANDS HILLS,2026-03-24,2026-04-02,2026-04-04,11.4,,2,,2026-04-06,2026-04-07,5.4,,1,,2026-04-16,2026-04-26,20.0,,10,,2026-04-27,2026-04-27,11.1,,0,,,2026-05-13,15.9,,,,,2026-06-13,31.0,,,,,2026-07-01,17.7,,,
20209.0170,20209.0170,HOUSTON 4,WILLIS,THE WOODLANDS HILLS,2026-04-08,2026-04-21,2026-04-19,11.4,,-2,,2026-04-27,2026-04-26,5.4,,-1,,,2026-05-17,20.0,,,,,2026-05-28,11.1,,,,,2026-06-13,15.9,,,,,2026-07-14,31.0,,,,,2026-08-01,17.7,,,
20209.0218,20209.0218,HOUSTON 4,WILLIS,THE WOODLANDS HILLS,2026-04-13,,2026-04-28,14.8,,,,,2026-05-03,5.4,,,,,2026-05-23,20.0,,,,,2026-06-03,11.1,,,,,2026-06-19,15.9,,,,,2026-07-20,31.0,,,,,2026-08-07,17.7,,,
20209.0221,20209.0221,HOUSTON 4,WILLIS,THE WOODLANDS HILLS,2026-03-13,2026-03-30,2026-03-29,15.9,,-1,,2026-04-06,2026-04-04,5.4,,-2,,2026-04-23,2026-04-26,20.0,,3,,,2026-05-04,11.1,,,,,2026-05-20,15.9,,,,,2026-06-20,31.0,,,,,2026-07-08,17.7,,,
20215.0368,20215.0368,HOUSTON 4,CONROE,ARTAVIA,2026-01-29,2026-02-10,2026-02-09,11.4,2026-05-08,-1,87,2026-02-11,2026-02-14,3.6,2026-05-11,3,89,2026-02-21,2026-02-21,10.5,2026-05-20,0,88,2026-03-04,2026-03-02,8.8,2026-05-30,-2,87,2026-03-17,2026-03-20,15.5,2026-06-28,3,103,2026-03-30,2026-04-02,16.5,2026-07-12,3,104,2026-04-02,2026-04-13,14.1,2026-07-20,11,109
20215.0376,20215.0376,HOUSTON 4,CONROE,ARTAVIA,2026-03-31,2026-04-10,2026-04-11,11.1,,1,,2026-04-13,2026-04-14,3.7,,1,,2026-04-24,2026-04-23,10.5,,-1,,,2026-05-03,8.7,,,,,2026-05-19,15.5,,,,,2026-06-03,15.3,,,,,2026-06-17,13.6,,,
20218.0005,233119,HOUSTON 4,CONROE,EVERGREEN,2023-01-09,2023-01-12,2023-01-21,11.6,,9,,2023-01-23,2023-01-17,5.2,,-6,,2023-02-02,2023-02-02,10.5,,0,,2023-02-06,2023-02-12,9.8,,6,,2023-02-20,2023-02-22,15.6,,2,,2023-03-18,2023-03-07,15.2,,-11,,2023-04-03,2023-03-31,13.5,,-3,
20218.0032,242058,HOUSTON 4,CONROE,EVERGREEN,2023-01-12,2023-01-16,2023-01-28,15.5,,12,,2023-01-30,2023-01-21,4.8,,-9,,2023-02-08,2023-02-10,10.6,,2,,2023-02-09,2023-02-18,10.1,,9,,2023-03-01,2023-02-25,15.6,,-4,,2023-03-26,2023-03-19,17.6,,-7,,2023-04-14,2023-04-09,13.8,,-5,
20388.0037,20388.0037,HOUSTON 4,MONTGOMERY,BRIARLEY,2025-08-28,2025-09-10,2025-09-14,16.9,2025-09-11,4,1,2025-09-15,2025-09-16,6.3,2025-09-15,1,0,2025-09-23,2025-10-02,16.9,2025-09-25,9,2,2025-10-08,2025-10-06,12.7,2025-10-07,-2,-1,2025-10-21,2025-10-25,16.9,2025-10-23,4,2,2025-11-10,2025-11-20,29.5,2025-11-10,10,0,2025-11-24,2025-11-29,18.5,2025-11-24,5,0
20388.0053,20388.0053,HOUSTON 4,MONTGOMERY,BRIARLEY,2026-02-23,2026-03-10,2026-03-08,13.3,,-2,,2026-03-16,2026-03-15,5.0,,-1,,2026-03-21,2026-04-01,16.0,,11,,2026-04-02,2026-04-03,12.7,,1,,2026-04-18,2026-04-19,16.6,,1,,,2026-05-18,29.5,,,,,2026-06-06,18.5,,,
20181.0864,619222,HOUSTON 5,CYPRESS,BRIDGELAND,2021-12-22,2022-01-05,2022-01-02,10.8,,-3,,2022-01-14,2022-01-11,6.0,,-3,,2022-01-28,2022-01-26,11.8,,-2,,2022-02-12,2022-02-06,8.7,,-6,,2022-03-03,2022-02-27,15.0,,-4,,2022-03-18,2022-03-19,16.3,,1,,2022-04-14,2022-03-31,12.8,,-14,
20181.0487,582172,HOUSTON 5,CYPRESS,BRIDGELAND,2022-01-06,2022-01-28,2022-01-21,15.4,,-7,,2022-02-02,2022-02-04,6.8,,2,,2022-02-28,2022-02-14,12.0,,-14,,2022-03-08,2022-03-09,9.4,,1,,2022-03-15,2022-03-29,20.7,,14,,2022-04-21,2022-04-14,29.6,,-7,,2022-05-09,2022-05-08,17.5,,-1,
20195.0123,20195.0123,HOUSTON 5,HOCKLEY,THE GRAND PRAIRIE,2026-02-11,2026-02-20,2026-02-19,8.3,,-1,,2026-02-23,2026-02-25,5.1,,2,,2026-03-07,2026-03-07,11.7,,0,,2026-03-17,2026-03-18,11.0,,1,,2026-03-27,2026-03-31,13.7,,4,,2026-04-16,2026-04-18,21.8,,2,,,2026-04-29,13.2,,,
20195.0140,20195.0140,HOUSTON 5,HOCKLEY,THE GRAND PRAIRIE,2025-11-06,2025-11-19,2025-11-21,14.9,2025-11-20,2,1,2025-11-26,2025-11-27,8.5,2025-11-25,1,-1,2026-01-06,2025-12-08,12.5,2025-12-21,-29,-16,2026-01-20,2026-01-18,11.5,2026-01-19,-2,-1,2026-02-03,2026-02-04,14.7,2026-04-26,1,82,2026-03-23,2026-02-25,21.8,2026-05-17,-26,55,2026-04-01,2026-04-06,14.4,2026-06-03,5,63
20195.0147,20195.0147,HOUSTON 5,HOCKLEY,THE GRAND PRAIRIE,2026-03-12,2026-04-06,2026-03-22,10.4,,-15,,2026-04-06,2026-04-12,6.4,,6,,2026-04-16,2026-04-18,12.3,,2,,2026-04-27,2026-04-28,11.6,,1,,,2026-05-12,14.9,,,,,2026-06-03,21.8,,,,,2026-06-16,13.3,,,
20238.0763,20238.0763,HOUSTON 5,KATY,ELYSON,2026-02-05,2026-02-16,2026-02-18,12.7,,2,,2026-02-16,2026-02-20,4.2,,4,,2026-02-27,2026-02-25,8.9,,-2,,2026-03-11,2026-03-10,11.4,,-1,,2026-03-23,2026-03-29,17.7,,6,,2026-04-02,2026-04-07,15.4,,5,,2026-04-10,2026-04-12,9.5,,2,
20238.0764,20238.0764,HOUSTON 5,KATY,ELYSON,2025-12-01,2025-12-08,2025-12-14,12.6,2025-12-12,6,4,2025-12-10,2025-12-12,4.2,2025-12-11,2,1,2025-12-19,2025-12-22,11.6,2025-12-26,3,7,2025-12-30,2025-12-31,12.0,2025-12-30,1,0,2026-01-08,2026-01-16,17.5,2026-01-13,8,5,2026-01-21,2026-01-23,14.7,2026-01-25,2,4,2026-01-28,2026-01-30,9.3,2026-01-28,2,0
20238.0811,20238.0811,HOUSTON 5,KATY,ELYSON,2026-01-08,2026-01-22,2026-01-26,17.8,2026-01-21,4,-1,2026-01-27,2026-01-27,4.9,2026-01-28,0,1,2026-02-06,2026-02-06,10.1,2026-04-26,0,79,2026-02-18,2026-02-18,11.7,2026-05-10,0,81,2026-03-09,2026-03-09,19.2,2026-05-27,0,79,2026-03-20,2026-03-25,16.4,2026-06-10,5,82,2026-04-11,2026-03-30,10.3,2026-06-20,-12,70
20252.0415,20252.0415,HOUSTON 6,RICHMOND,STONECREEK ESTATES,2025-12-09,2025-12-23,2025-12-19,10.1,2025-12-24,-4,1,2025-12-30,2025-12-29,5.7,2025-12-28,-1,-2,2026-01-13,2026-01-11,11.7,2026-01-12,-2,-1,2026-01-20,2026-01-22,8.5,2026-01-23,2,3,2026-02-04,2026-02-04,14.7,2026-04-26,0,81,2026-02-26,2026-02-22,17.6,2026-05-18,-4,81,2026-03-05,2026-03-10,11.7,2026-05-31,5,87
20252.0475,20252.0475,HOUSTON 6,RICHMOND,STONECREEK ESTATES,2025-12-16,2025-12-26,2025-12-27,11.0,2025-12-31,1,5,2025-12-29,2025-12-31,5.2,2025-12-31,2,2,2026-01-13,2026-01-10,11.6,2026-01-11,-3,-2,2026-01-23,2026-01-20,7.5,2026-01-23,-3,0,2026-02-09,2026-02-06,13.7,2026-04-26,-3,76,2026-03-17,2026-04-01,50.6,2026-05-18,15,62,2026-03-28,2026-03-31,13.9,2026-05-31,3,64
20272.0286,705161,HOUSTON 6,RICHMOND,HARVEST GREEN,2023-01-19,2023-01-26,2023-01-30,11.0,,4,,2023-02-02,2023-02-01,6.2,,-1,,2023-02-15,2023-02-12,10.3,,-3,,2023-02-20,2023-02-22,7.5,,2,,2023-03-10,2023-03-06,13.6,,-4,,2023-03-22,2023-03-25,14.6,,3,,2023-03-30,2023-04-04,13.4,,5,
20387.0003,20387.0003,HOUSTON 6,RICHMOND,AUSTIN POINT,2026-04-08,2026-04-16,2026-04-21,12.9,,5,,2026-04-22,2026-04-21,4.8,,-1,,2026-04-29,2026-05-03,10.5,,4,,,2026-05-09,10.2,,,,,2026-05-26,16.9,,,,,2026-06-14,18.7,,,,,2026-07-02,18.0,,,
20387.0010,20387.0010,HOUSTON 6,RICHMOND,AUSTIN POINT,2026-01-05,2026-01-14,2026-01-22,17.1,2026-01-17,8,3,2026-01-19,2026-01-20,5.6,2026-01-18,1,-1,2026-01-29,2026-01-29,10.4,2026-01-30,0,1,2026-02-13,2026-02-09,10.5,2026-04-26,-4,72,2026-02-20,2026-02-27,14.2,2026-05-12,7,81,2026-03-13,2026-03-11,18.7,2026-06-01,-2,80,2026-03-27,2026-04-01,18.5,2026-06-13,5,78
20387.0034,20387.0034,HOUSTON 6,RICHMOND,AUSTIN POINT,2026-03-03,2026-03-13,2026-03-14,11.5,,1,,2026-03-16,2026-03-18,4.7,,2,,2026-03-25,2026-03-26,10.3,,1,,2026-04-06,2026-04-05,10.8,,-1,,2026-04-16,2026-04-21,15.1,,5,,,2026-05-05,19.2,,,,,2026-05-23,18.0,,,
20387.0035,20387.0035,HOUSTON 6,RICHMOND,AUSTIN POINT,2026-04-08,2026-04-16,2026-04-22,13.6,,6,,2026-04-22,2026-04-21,5.1,,-1,,2026-04-29,2026-05-02,10.4,,3,,,2026-05-09,10.4,,,,,2026-05-26,17.2,,,,,2026-06-14,19.0,,,,,2026-07-02,17.8,,,
20286.0088,20286.0088,SAN ANTONIO 1,SAN ANTONIO,VIDA,2025-12-23,2026-01-12,2026-01-02,10.0,2026-01-08,-10,-4,2026-01-15,2026-01-18,5.8,2026-01-17,3,2,2026-02-10,2026-01-30,15.1,2026-04-26,-11,75,2026-02-18,2026-02-19,8.7,2026-05-12,1,83,2026-03-04,2026-03-08,17.8,2026-05-30,4,87,2026-03-27,2026-04-01,27.9,2026-06-20,5,85,2026-04-16,2026-04-08,12.2,2026-07-22,-8,97
20286.0089,20286.0089,SAN ANTONIO 1,SAN ANTONIO,VIDA,2026-01-09,2026-02-02,2026-01-18,8.9,2026-01-25,-15,-8,2026-01-27,2026-02-08,5.8,2026-01-30,12,3,2026-02-17,2026-02-10,14.3,2026-04-26,-7,68,2026-02-27,2026-02-25,8.2,2026-05-12,-2,74,2026-03-11,2026-03-17,18.0,2026-05-30,6,80,2026-03-30,2026-04-08,28.4,2026-06-20,9,82,2026-04-16,2026-04-13,14.1,2026-07-22,-3,97
20286.0109,20286.0109,SAN ANTONIO 1,SAN ANTONIO,VIDA,2026-02-23,2026-03-06,2026-03-02,7.2,2026-05-12,-4,67,2026-03-10,2026-03-12,6.0,2026-05-17,2,68,2026-03-30,2026-03-24,14.4,2026-05-31,-6,62,2026-04-13,2026-04-09,10.4,2026-06-16,-4,64,,2026-05-01,17.5,2026-07-04,,,,2026-06-01,30.8,2026-07-25,,,,2026-06-13,12.2,2026-08-26,,
20288.0296,605502,SAN ANTONIO 1,SAN ANTONIO,KALLISON RANCH,2026-02-10,2026-02-25,2026-02-18,8.2,,-7,,2026-03-02,2026-03-03,5.8,,1,,2026-03-10,2026-03-15,13.3,,5,,2026-04-01,2026-03-22,11.7,,-10,,2026-04-27,2026-04-13,12.0,,-14,,,2026-05-18,21.0,,,,,2026-05-30,12.4,,,
20289.0327,734070,SAN ANTONIO 1,SAN ANTONIO,LADERA,2026-01-09,2026-01-20,2026-01-17,8.1,,-3,,2026-01-30,2026-01-26,6.1,,-4,,2026-03-09,2026-02-14,14.7,,-23,,2026-03-23,2026-03-16,7.1,,-7,,2026-04-02,2026-04-06,14.4,,4,,2026-04-28,2026-04-28,26.0,,0,,,2026-05-12,14.0,,,
20289.0362,734077,SAN ANTONIO 1,SAN ANTONIO,LADERA,2026-01-27,2026-02-04,2026-02-04,8.1,,0,,2026-02-05,2026-02-10,6.2,,5,,2026-03-06,2026-02-20,15.1,,-14,,2026-03-23,2026-03-18,12.4,,-5,,2026-03-31,2026-04-07,14.7,,7,,2026-04-22,2026-04-26,26.2,,4,,2026-04-29,2026-05-06,13.8,,7,
20289.0399,734080,SAN ANTONIO 1,SAN ANTONIO,LADERA,2025-04-09,2025-04-14,2025-04-14,4.7,,0,,2025-04-16,2025-04-20,5.7,,4,,2025-04-25,2025-05-03,17.1,,8,,2025-05-06,2025-05-06,10.6,,0,,2025-05-16,2025-05-20,13.5,,4,,2025-06-11,2025-06-07,22.0,,-4,,2025-07-10,2025-06-28,16.9,,-12,
20289.0138,684140,SAN ANTONIO 1,SAN ANTONIO,LADERA,2025-12-11,2025-12-19,2025-12-22,10.6,,3,,2025-12-30,2025-12-25,6.3,,-5,,2026-01-22,2026-01-16,17.1,,-6,,2026-02-06,2026-02-03,12.1,,-3,,2026-02-18,2026-02-19,13.5,,1,,2026-03-16,2026-03-15,25.3,,-1,,2026-04-03,2026-04-01,16.1,,-2,
20289.0277,684158,SAN ANTONIO 1,SAN ANTONIO,LADERA,2026-04-13,2026-04-30,2026-04-21,8.1,,-9,,,2026-05-06,6.2,,,,,2026-05-21,14.9,,,,,2026-06-03,13.4,,,,,2026-06-18,15.2,,,,,2026-07-15,26.8,,,,,2026-07-30,14.8,,,
20290.0067,20290.0067,SAN ANTONIO 1,CASTROVILLE,ALSATIAN OAKS,2025-09-18,2025-10-02,2025-09-30,12.0,2025-09-30,-2,-2,2025-10-13,2025-10-10,8.3,2025-10-10,-3,-3,2025-10-21,2025-10-28,14.7,2025-10-26,7,5,2025-11-07,2025-11-03,13.0,2025-11-08,-4,1,2025-11-18,2025-11-26,19.0,2025-11-24,8,6,2025-12-05,2025-12-21,33.4,2025-12-16,16,11,2025-12-29,2025-12-15,9.7,2025-12-29,-14,0
20294.0039,20294.0039,SAN ANTONIO 1,CASTROVILLE,MEGAN'S LANDING,2025-11-21,2025-12-09,2025-12-06,14.5,2025-12-11,-3,2,2025-12-18,2025-12-17,8.3,2025-12-19,-1,1,2026-01-12,2026-01-02,14.7,2026-01-06,-10,-6,2026-01-23,2026-01-25,13.0,2026-01-26,2,3,2026-02-12,2026-02-11,19.0,2026-04-26,-1,73,2026-03-13,2026-03-17,33.4,2026-05-27,4,75,2026-03-20,2026-03-23,9.7,2026-06-10,3,82
20369.0079,20369.0079,SAN ANTONIO 1,SAN ANTONIO,HABY HILL,2025-04-03,2025-04-08,2025-04-13,10.2,2025-04-14,5,6,2025-04-16,2025-04-14,6.3,2025-04-19,-2,3,2025-04-24,2025-04-30,14.1,2025-05-03,6,9,2025-05-02,2025-05-08,14.3,2025-05-12,6,10,2025-05-27,2025-05-21,19.1,2025-05-17,-6,-10,2025-07-07,2025-06-26,29.8,2025-06-24,-11,-13,2025-07-14,2025-07-19,11.8,2025-07-14,5,0
20399.0007,20399.0007,SAN ANTONIO 1,SAN ANTONIO,BRIGGS RANCH,2025-11-07,2025-11-13,2025-11-16,9.4,2025-11-20,3,7,2025-11-21,2025-11-19,6.3,2025-11-20,-2,-1,2025-12-08,2025-12-06,15.0,2025-12-04,-2,-4,2025-12-26,2025-12-19,10.7,2025-12-26,-7,0,2026-01-12,2026-01-11,15.8,2026-01-12,-1,0,2026-02-10,2026-02-08,26.6,2026-04-26,-2,75,2026-03-02,2026-02-24,13.6,2026-05-11,-6,70
20291.0074,292135,SAN ANTONIO 2,SAN ANTONIO,ARCADIA RIDGE,2026-01-05,2026-01-05,2026-01-11,5.8,,6,,2026-01-12,2026-01-11,5.6,,-1,,2026-01-15,2026-01-27,14.5,,12,,2026-01-31,2026-01-27,11.6,,-4,,2026-02-12,2026-02-12,11.6,,0,,2026-03-04,2026-03-07,23.4,,3,,2026-03-10,2026-03-15,11.3,,5,
20291.0111,292128,SAN ANTONIO 2,SAN ANTONIO,ARCADIA RIDGE,2026-04-16,,2026-04-23,6.5,,,,,2026-04-29,5.6,,,,,2026-05-13,13.8,,,,,2026-05-21,7.5,,,,,2026-06-07,16.7,,,,,2026-07-03,26.1,,,,,2026-07-16,12.7,,,
20301.0088,606127,SAN ANTONIO 2,BOERNE,THE RANCHES AT CREEKSIDE,2025-09-10,2025-09-26,2025-09-18,7.8,,-8,,2025-10-02,2025-10-03,6.5,,1,,2025-10-14,2025-10-15,13.2,,1,,2025-10-23,2025-10-24,9.8,,1,,2025-11-03,2025-11-07,14.7,,4,,2025-12-04,2025-11-30,26.6,,-4,,2025-12-10,2025-12-18,13.8,,8,
20301.0093,606092,SAN ANTONIO 2,BOERNE,THE RANCHES AT CREEKSIDE,2025-09-24,2025-10-03,2025-10-02,7.9,,-1,,2025-10-14,2025-10-10,6.6,,-4,,2025-10-24,2025-10-27,12.5,,3,,2025-11-13,2025-11-03,9.7,,-10,,2025-11-25,2025-11-28,15.0,,3,,2025-12-22,2025-12-22,26.6,,0,,2025-12-29,2026-01-04,12.7,,6,
20301.0226,20301.0226,SAN ANTONIO 2,BOERNE,THE RANCHES AT CREEKSIDE,2026-04-30,,2026-05-09,8.7,,,,,2026-05-15,6.5,,,,,2026-05-28,13.1,,,,,2026-06-07,9.8,,,,,2026-06-22,14.6,,,,,2026-07-19,26.6,,,,,2026-08-01,12.8,,,
20314.0156,20314.0156,SAN ANTONIO 2,SAN ANTONIO,KINDER RANCH,2025-10-20,2025-10-29,2025-10-31,10.5,2025-11-01,2,3,2025-11-03,2025-11-04,6.4,2025-11-04,1,1,2025-11-14,2025-11-21,17.7,2025-11-20,7,6,2025-11-24,2025-11-27,13.2,2025-11-26,3,2,2025-12-03,2025-12-07,13.4,2025-12-11,4,8,2025-12-31,2026-01-01,29.0,2026-01-11,1,11,2026-01-28,2026-01-17,17.2,2026-04-26,-11,88
20315.0124,20315.0124,SAN ANTONIO 2,BULVERDE,JOHNSON RANCH,2025-02-17,2025-02-25,2025-02-22,5.4,2025-03-01,-3,4,2025-03-03,2025-03-03,5.6,2025-03-04,0,1,2025-03-14,2025-03-17,14.0,2025-03-18,3,4,2025-03-26,2025-03-25,10.9,2025-03-21,-1,-5,,2025-04-10,15.0,2026-04-26,,,,2025-05-09,29.5,2026-05-29,,,,2025-05-19,9.8,2026-06-13,,
20315.0139,20315.0139,SAN ANTONIO 2,BULVERDE,JOHNSON RANCH,2025-11-20,2025-12-02,2025-11-29,8.6,2025-11-30,-3,-2,2025-12-10,2025-12-08,6.3,2025-12-09,-2,-1,2025-12-20,2025-12-24,14.0,2025-12-27,4,7,2025-12-30,2025-12-31,10.9,2025-12-31,1,1,2026-01-12,2026-01-14,15.0,2026-01-11,2,-1,2026-02-23,2026-02-10,29.5,2026-04-26,-13,62,2026-02-28,2026-03-05,9.8,2026-05-04,5,65
20315.0140,20315.0140,SAN ANTONIO 2,BULVERDE,JOHNSON RANCH,2025-11-20,2025-12-01,2025-11-28,8.2,2025-11-30,-3,-1,2025-12-08,2025-12-07,6.3,2025-12-08,-1,0,2025-12-18,2025-12-22,14.0,2025-12-25,4,7,2025-12-30,2025-12-29,10.9,2025-12-29,-1,-1,2026-01-12,2026-01-14,15.0,2026-01-11,2,-1,2026-02-16,2026-02-10,29.5,2026-04-26,-6,69,2026-02-20,2026-02-26,9.8,2026-05-04,6,73
20315.0144,20315.0144,SAN ANTONIO 2,BULVERDE,JOHNSON RANCH,2025-10-22,2025-11-03,2025-10-30,8.0,2025-11-01,-4,-2,2025-11-10,2025-11-09,6.3,2025-11-10,-1,0,2025-11-19,2025-11-24,14.0,2025-11-27,5,8,2025-12-01,2025-11-30,10.9,2025-11-30,-1,-1,2025-12-12,2025-12-16,15.0,2025-12-13,4,1,2026-01-12,2026-01-10,29.5,2026-01-08,-2,-4,2026-01-19,2026-01-22,9.8,2026-04-26,3,97
20320.0139,20320.0139,SAN ANTONIO 2,BOERNE,ESPERANZA,2025-12-22,2026-01-05,2025-12-29,7.4,2026-01-02,-7,-3,2026-01-12,2026-01-11,6.1,2026-01-12,-1,0,2026-01-21,2026-01-25,13.3,2026-01-21,4,0,2026-02-09,2026-01-31,9.7,2026-04-26,-9,76,2026-03-02,2026-02-24,14.9,2026-05-17,-6,76,2026-03-13,2026-03-29,26.6,2026-06-16,16,95,2026-04-07,2026-03-23,9.7,2026-06-30,-15,84
20320.0162,20320.0162,SAN ANTONIO 2,BOERNE,ESPERANZA,2025-07-09,2025-07-17,2025-07-18,8.5,2025-07-20,1,3,2025-07-25,2025-07-23,6.0,2025-07-24,-2,-1,2025-08-08,2025-08-06,12.2,2025-08-03,-2,-5,2025-08-18,2025-08-18,10.1,2025-08-19,0,1,2025-09-04,2025-09-02,15.2,2025-09-08,-2,4,2025-09-22,2025-10-01,26.6,2025-10-04,9,12,2025-10-07,2025-10-02,9.8,2025-10-07,-5,0
20320.0163,20320.0163,SAN ANTONIO 2,BOERNE,ESPERANZA,2025-08-20,2025-08-27,2025-08-29,9.0,2025-08-31,2,4,2025-09-03,2025-09-02,6.3,2025-09-03,-1,0,2025-10-02,2025-09-15,12.3,2025-09-12,-17,-20,2025-10-09,2025-10-12,10.0,2025-10-13,3,4,,2025-10-24,15.3,2025-10-30,,,2025-11-13,2025-11-20,26.6,2025-11-29,7,16,2025-11-26,2025-11-24,11.1,2025-11-26,-2,0
20320.0104,20320.0104,SAN ANTONIO 2,BOERNE,ESPERANZA,2026-03-02,2026-03-12,2026-03-09,6.8,,-3,,2026-03-20,2026-03-18,6.3,,-2,,2026-04-02,2026-04-04,15.2,,2,,2026-04-22,2026-04-12,9.8,,-10,,,2026-05-07,14.8,,,,,2026-06-03,26.6,,,,,2026-06-15,12.2,,,
20320.0084,20320.0084,SAN ANTONIO 2,BOERNE,ESPERANZA,2026-03-26,2026-04-06,2026-04-03,8.1,,-3,,2026-04-10,2026-04-12,6.3,,2,,,2026-04-25,14.9,,,,,2026-05-05,9.9,,,,,2026-05-20,15.0,,,,,2026-06-16,26.6,,,,,2026-06-28,12.3,,,
20365.0017,20365.0017,SAN ANTONIO 2,BOERNE,GEORGE'S RANCH,2025-11-26,2025-12-09,2025-12-05,9.4,2025-12-12,-4,3,2025-12-15,2025-12-15,6.3,2025-12-16,0,1,2026-01-26,2025-12-30,15.4,2026-01-20,-27,-6,2026-02-10,2026-02-05,9.7,2026-04-26,-5,75,2026-02-26,2026-02-25,14.9,2026-05-13,-1,76,2026-03-20,2026-03-25,26.9,2026-06-12,5,84,2026-03-25,2026-04-03,13.6,2026-06-28,9,95
20316.0142,20316.0142,SAN ANTONIO 3,SCHERTZ,HOMESTEAD,2025-12-03,2025-12-09,2025-12-11,8.3,2025-12-09,2,0,2025-12-16,2025-12-16,6.7,2025-12-16,0,0,2026-01-14,2025-12-29,12.7,2026-01-11,-16,-3,2026-01-26,2026-01-26,12.0,2026-01-27,0,1,2026-02-23,2026-02-10,15.4,2026-04-26,-13,62,2026-02-25,2026-03-18,22.9,2026-05-20,21,84,2026-03-11,2026-03-11,14.1,2026-05-21,0,71
20344.0170,20344.0170,SAN ANTONIO 3,SEGUIN,MEADOWS OF MILL CREEK,2026-03-10,2026-03-24,2026-03-19,8.7,,-5,,2026-04-06,2026-03-29,5.3,,-8,,2026-04-20,2026-04-17,11.2,,-3,,,2026-05-01,10.9,,,,,2026-05-14,13.4,,,,,2026-06-02,19.1,,,,,2026-06-15,12.8,,,
20363.0015,20363.0015,SAN ANTONIO 3,NEW BRAUNFELS,SOLMS LANDING,2026-01-08,2026-01-16,2026-01-17,8.7,2026-01-16,1,0,2026-01-20,2026-01-22,5.6,2026-01-20,2,0,2026-02-03,2026-02-01,11.7,2026-04-26,-2,82,2026-02-16,2026-02-13,10.3,2026-05-08,-3,81,2026-03-02,2026-03-04,15.8,2026-05-25,2,84,2026-03-30,2026-03-29,26.7,2026-06-17,-1,79,,2026-04-11,12.3,2026-06-29,,
20363.0038,20363.0038,SAN ANTONIO 3,NEW BRAUNFELS,SOLMS LANDING,2025-11-25,2025-12-08,2025-12-04,8.7,2025-12-03,-4,-5,2025-12-11,2025-12-14,6.2,2025-12-12,3,1,2025-12-22,2025-12-23,12.1,2025-12-22,1,0,2026-01-05,2026-01-03,11.6,2026-01-03,-2,-2,2026-01-21,2026-01-22,16.7,2026-01-22,1,1,2026-02-16,2026-02-16,26.4,2026-04-26,0,69,2026-03-19,2026-02-28,11.9,2026-05-08,-19,50
20381.0032,20381.0032,SAN ANTONIO 3,CIBOLO,CIBOLO VALLEY HEIGHTS,2025-12-23,2026-01-05,2026-01-04,12.3,2026-01-04,-1,-1,2026-01-09,2026-01-10,4.7,2026-01-12,1,3,2026-01-23,2026-01-22,12.9,2026-01-21,-1,-2,2026-02-05,2026-02-01,8.8,2026-04-26,-4,80,2026-02-22,2026-02-22,16.9,2026-05-14,0,81,2026-03-13,2026-03-11,16.6,2026-06-04,-2,83,2026-03-23,2026-03-27,14.4,2026-06-16,4,85
20390.0014,20390.0014,SAN ANTONIO 3,NEW BRAUNFELS,THE PRESERVE AT ELM CREEK,2025-07-08,2025-07-08,2025-07-17,8.8,2025-07-18,9,10,2025-07-24,2025-07-15,6.6,2025-07-18,-9,-6,2025-08-01,2025-08-04,11.0,2025-08-06,3,5,2025-08-22,2025-08-15,14.0,2025-08-14,-7,-8,2025-09-09,2025-09-07,16.0,2025-09-06,-2,-3,2025-10-14,2025-10-09,29.9,2025-10-02,-5,-12,2025-11-26,2025-10-26,11.7,2025-11-26,-31,0
20406.0021,20406.0021,SAN ANTONIO 3,SCHERTZ,WINDBORNE,2026-04-13,,2026-04-21,8.3,,,,,2026-04-28,6.7,,,,,2026-05-11,12.7,,,,,2026-05-23,12.0,,,,,2026-06-07,15.4,,,,,2026-06-30,22.9,,,,,2026-07-14,14.1,,,
20393.0037,20393.0037,BRITTON D3,PROSPER,STAR VIEW,2026-04-29,,2026-05-13,13.9,,,,,2026-05-18,4.9,,,,,2026-06-05,17.6,,,,,2026-06-16,10.6,,,,,2026-07-01,14.7,,,,,2026-08-02,32.3,,,,,2026-08-19,16.5,,,
20393.0053,20393.0053,BRITTON D3,PROSPER,STAR VIEW,2026-03-18,2026-04-14,2026-03-31,13.4,,-14,,2026-04-16,2026-04-18,4.5,,2,,,2026-05-06,19.9,,,,,2026-05-16,10.0,,,,,2026-05-31,15.1,,,,,2026-06-27,27.2,,,,,2026-07-16,18.7,,,
20033.0301,20033.0301,BRITTON D4,FORT WORTH,WALSH,2026-04-28,,2026-05-11,13.2,,,,,2026-05-18,6.6,,,,,2026-06-03,15.9,,,,,2026-06-17,14.4,,,,,2026-07-02,14.8,,,,,2026-07-19,17.4,,,,,2026-08-06,18.4,,,
20007.0172,20007.0172,AUSTIN 1,LIBERTY HILL,LARIAT,2026-02-24,2026-03-03,2026-03-02,5.9,,-1,,2026-03-09,2026-03-07,4.3,,-2,,2026-03-18,2026-03-21,11.7,,3,,2026-03-30,2026-03-30,11.6,,0,,2026-04-08,2026-04-20,20.6,,12,,2026-04-23,2026-05-06,27.6,,13,,2026-04-30,2026-05-04,10.6,,4,
20007.0185,20007.0185,AUSTIN 1,LIBERTY HILL,LARIAT,2026-03-09,2026-03-16,2026-03-15,6.4,,-1,,2026-03-19,2026-03-21,4.8,,2,,2026-03-28,2026-03-31,11.8,,3,,2026-04-06,2026-04-09,11.6,,3,,2026-04-20,2026-04-28,21.9,,8,,,2026-05-18,27.6,,,,,2026-05-29,10.6,,,
20007.0192,20007.0192,AUSTIN 1,LIBERTY HILL,LARIAT,2026-03-09,2026-03-12,2026-03-15,6.5,,3,,2026-03-16,2026-03-18,5.8,,2,,2026-03-26,2026-03-28,11.7,,2,,2026-03-31,2026-04-07,11.6,,7,,2026-04-20,2026-04-21,21.1,,1,,,2026-05-17,27.3,,,,,2026-05-28,10.6,,,
20007.0196,20007.0196,AUSTIN 1,LIBERTY HILL,LARIAT,2026-03-23,2026-03-31,2026-03-30,6.9,,-1,,2026-04-06,2026-04-05,4.8,,-1,,2026-04-17,2026-04-18,11.7,,1,,2026-04-29,2026-04-29,11.8,,0,,,2026-05-18,18.9,,,,,2026-06-17,29.7,,,,,2026-06-28,10.6,,,
20007.0117,20007.0117,AUSTIN 1,LIBERTY HILL,LARIAT,2026-03-20,2026-03-31,2026-03-29,9.5,,-2,,2026-04-02,2026-04-05,5.2,,3,,2026-04-14,2026-04-14,11.8,,0,,2026-04-27,2026-04-26,11.9,,-1,,,2026-05-16,19.0,,,,,2026-06-15,29.8,,,,,2026-06-26,10.6,,,
20007.0152,20007.0152,AUSTIN 1,LIBERTY HILL,LARIAT,2025-08-28,2025-09-09,2025-09-07,9.7,2025-09-06,-2,-3,2025-09-12,2025-09-15,5.9,2025-09-17,3,5,2025-09-24,2025-09-24,11.8,2025-09-22,0,-2,2025-10-13,2025-10-06,11.9,2025-10-15,-7,2,2025-10-27,2025-10-30,17.2,2025-10-31,3,4,2026-02-09,2025-12-03,37.2,2026-04-26,-68,76,2026-02-13,2026-02-20,10.6,2026-05-07,7,83
20007.0215,20007.0215,AUSTIN 1,LIBERTY HILL,LARIAT,2026-03-04,2026-03-12,2026-03-13,8.8,,1,,2026-03-16,2026-03-18,6.2,,2,,2026-03-25,2026-03-28,11.7,,3,,2026-04-06,2026-04-06,11.8,,0,,2026-04-17,2026-04-25,18.5,,8,,,2026-05-16,29.2,,,,,2026-05-27,10.6,,,
20007.0231,20007.0231,AUSTIN 1,LIBERTY HILL,LARIAT,2026-03-27,2026-04-07,2026-04-06,9.8,,-1,,2026-04-20,2026-04-12,5.4,,-8,,2026-05-01,2026-05-02,11.8,,1,,,2026-05-13,11.6,,,,,2026-05-29,16.0,,,,,2026-06-29,31.4,,,,,2026-07-10,10.6,,,
20008.0054,20008.0054,AUSTIN 1,GEORGETOWN,NOLINA,2026-04-10,2026-04-20,2026-04-19,9.1,,-1,,2026-04-28,2026-04-27,6.8,,-1,,,2026-05-13,15.4,,,,,2026-05-24,11.1,,,,,2026-06-07,14.3,,,,,2026-07-02,25.3,,,,,2026-07-21,18.6,,,
20008.0056,20008.0056,AUSTIN 1,GEORGETOWN,NOLINA,2026-02-04,2026-02-16,2026-02-14,9.5,2026-05-07,-2,80,2026-02-19,2026-02-22,6.5,2026-05-13,3,83,2026-03-04,2026-03-06,15.4,2026-05-29,2,86,2026-03-14,2026-03-15,11.0,2026-06-04,1,82,2026-03-27,2026-03-29,15.4,2026-06-29,2,94,2026-04-30,2026-04-21,24.8,2026-08-07,-9,99,,2026-05-16,16.0,2026-08-18,,
20013.0606,20013.0606,AUSTIN 1,LIBERTY HILL,SANTA RITA RANCH,2026-01-09,2026-01-16,2026-01-17,7.8,2026-01-15,1,-1,2026-01-22,2026-01-22,5.7,2026-01-22,0,0,2026-02-03,2026-02-03,12.4,2026-04-26,0,82,2026-02-11,2026-02-14,11.4,2026-05-03,3,81,2026-03-02,2026-03-02,18.9,2026-05-20,0,79,2026-03-27,2026-03-30,27.6,2026-06-19,3,84,2026-04-02,2026-04-06,10.4,2026-07-07,4,96
20014.0040,167236,AUSTIN 1,LIBERTY HILL,SANTA RITA RANCH RENTALS,2023-11-17,2023-11-27,2023-11-24,7.5,,-3,,2023-12-05,2023-12-02,4.7,,-3,,2023-12-12,2023-12-19,14.2,,7,,2023-12-27,2023-12-24,12.1,,-3,,2024-01-25,2024-01-16,19.9,,-9,,2024-02-06,2024-02-22,27.6,,16,,2024-02-28,2024-02-17,10.6,,-11,
20379.0014,20379.0014,AUSTIN 1,LIBERTY HILL,EL DORADO,2025-03-17,2025-03-27,2025-03-24,6.6,2025-03-24,-3,-3,2025-04-01,2025-04-03,6.6,2025-04-03,2,2,2025-04-10,2025-04-13,11.7,2025-04-12,3,2,2025-04-21,2025-04-22,11.9,2025-04-19,1,-2,2025-05-01,2025-05-09,18.4,2025-05-06,8,5,2025-09-24,2025-06-07,36.7,2025-06-09,-109,-107,2025-09-26,2025-10-04,10.3,2025-09-26,8,0
20379.0016,20379.0016,AUSTIN 1,LIBERTY HILL,EL DORADO,2025-12-24,2025-12-31,2026-01-03,9.7,2025-12-31,3,0,2026-01-07,2026-01-07,6.8,2026-01-07,0,0,2026-01-15,2026-01-19,11.7,2026-01-18,4,3,2026-01-28,2026-01-27,12.0,2026-01-24,-1,-4,2026-02-09,2026-02-15,18.4,2026-04-26,6,76,2026-02-25,2026-03-19,37.5,2026-06-04,22,99,2026-03-09,2026-03-07,10.3,2026-06-15,-2,98
20379.0017,20379.0017,AUSTIN 1,LIBERTY HILL,EL DORADO,2025-03-17,2025-03-27,2025-03-25,7.7,2025-03-24,-2,-3,2025-04-03,2025-04-03,6.7,2025-04-03,0,0,2025-04-11,2025-04-15,11.8,2025-04-14,4,3,2025-04-21,2025-04-23,12.0,2025-04-20,2,-1,,2025-05-11,19.8,2026-04-26,,,,2025-06-20,40.5,2026-06-04,,,,2025-06-30,10.4,2026-06-15,,
20379.0036,20379.0036,AUSTIN 1,LIBERTY HILL,EL DORADO,2026-03-19,2026-04-06,2026-03-29,9.9,,-8,,2026-04-15,2026-04-12,6.3,,-3,,2026-04-21,2026-04-27,11.9,,6,,,2026-05-03,11.7,,,,,2026-05-20,16.7,,,,,2026-07-01,41.8,,,,,2026-07-11,10.4,,,
20379.0062,20379.0062,AUSTIN 1,LIBERTY HILL,EL DORADO,2025-11-11,2025-11-20,2025-11-19,8.3,2025-11-28,-1,8,2025-12-01,2025-11-27,6.7,2025-11-24,-4,-7,2025-12-09,2025-12-13,11.9,2025-12-16,4,7,2025-12-30,2025-12-21,11.8,2025-12-30,-9,0,2026-01-06,2026-01-16,17.0,2026-01-10,10,4,,2026-02-08,32.9,2026-04-26,,,2026-01-30,2026-02-18,10.3,2026-05-07,19,97
20010.0336,20010.0336,AUSTIN 2,GEORGETOWN,PARKSIDE ON THE RIVER,2026-02-19,2026-03-02,2026-03-01,9.9,,-1,,2026-03-09,2026-03-09,6.7,,0,,2026-03-20,2026-03-26,16.8,,6,,2026-03-30,2026-03-31,11.0,,1,,2026-04-15,2026-04-15,16.0,,0,,,2026-05-14,29.4,,,,,2026-06-01,17.9,,,
20010.0337,20010.0337,AUSTIN 2,GEORGETOWN,PARKSIDE ON THE RIVER,2025-11-06,2025-11-17,2025-11-15,9.0,2025-11-17,-2,0,2025-11-24,2025-11-24,6.7,2025-11-28,0,4,2025-12-06,2025-12-12,17.7,2025-12-09,6,3,2025-12-15,2025-12-17,11.1,2025-12-14,2,-1,2025-12-29,2026-01-01,16.6,2025-12-28,3,-1,2026-01-29,2026-01-29,31.4,2026-04-26,0,87,2026-02-09,2026-02-13,14.8,2026-05-10,4,90
20010.0377,20010.0377,AUSTIN 2,GEORGETOWN,PARKSIDE ON THE RIVER,2025-12-15,2025-12-29,2025-12-27,12.1,2025-12-29,-2,0,2026-01-05,2026-01-03,5.3,2026-01-04,-2,-1,2026-01-30,2026-01-23,18.0,2026-04-26,-7,86,2026-02-11,2026-02-10,11.3,2026-05-08,-1,86,2026-02-27,2026-02-26,14.9,2026-05-21,-1,83,2026-04-01,2026-03-29,30.2,2026-06-25,-3,85,2026-04-17,2026-04-20,18.7,2026-07-11,3,85
20016.0270,20016.0270,AUSTIN 2,GEORGETOWN,WOLF RANCH,2026-01-29,2026-02-09,2026-02-10,11.7,2026-05-05,1,85,2026-02-12,2026-02-16,6.6,2026-05-11,4,88,2026-02-25,2026-03-02,18.2,2026-06-03,5,98,2026-03-06,2026-03-08,11.0,2026-06-13,2,99,2026-03-19,2026-03-21,15.4,2026-06-29,2,102,2026-04-14,2026-04-19,30.7,2026-07-23,5,100,2026-04-18,2026-04-28,13.9,2026-08-02,10,106
20016.0272,20016.0272,AUSTIN 2,GEORGETOWN,WOLF RANCH,2026-01-15,2026-01-27,2026-01-30,14.7,2026-01-24,3,-3,2026-02-03,2026-02-02,6.4,2026-04-26,-1,82,2026-02-12,2026-02-21,18.2,2026-05-19,9,96,2026-02-23,2026-02-23,11.0,2026-05-29,0,95,2026-03-09,2026-03-08,13.3,2026-06-14,-1,97,2026-03-26,2026-04-09,30.5,2026-07-08,14,104,2026-04-06,2026-04-10,15.3,2026-07-18,4,103
20020.0315,20020.0315,AUSTIN 2,BASTROP,THE COLONY,2026-04-27,,2026-05-03,6.4,,,,,2026-05-10,6.6,,,,,2026-05-21,10.7,,,,,2026-05-31,9.5,,,,,2026-06-18,17.5,,,,,2026-07-08,20.5,,,,,2026-07-22,13.9,,,
20020.0316,20020.0316,AUSTIN 2,BASTROP,THE COLONY,2026-05-01,,2026-05-07,5.7,,,,,2026-05-14,6.6,,,,,2026-05-25,10.7,,,,,2026-06-04,9.5,,,,,2026-06-22,17.5,,,,,2026-07-12,20.5,,,,,2026-07-26,13.9,,,
20370.0049,20370.0049,AUSTIN 2,HUTTO,FLORA,2026-04-15,2026-04-30,2026-04-23,8.5,,-7,,,2026-05-07,6.8,,,,,2026-05-23,16.2,,,,,2026-06-05,12.7,,,,,2026-06-20,14.7,,,,,2026-07-15,25.3,,,,,2026-07-28,12.6,,,
20373.0003,20373.0003,AUSTIN 2,GEORGETOWN,PARKSIDE ON THE RIVER WEST,2026-01-09,2026-01-22,2026-01-22,12.7,2026-01-27,0,5,2026-01-29,2026-01-28,5.6,2026-04-26,-1,87,2026-02-06,2026-02-16,17.7,2026-05-19,10,102,2026-02-20,2026-02-17,11.0,2026-06-01,-3,101,2026-03-02,2026-03-06,14.5,2026-06-17,4,107,2026-03-31,2026-03-30,27.9,2026-07-24,-1,115,2026-04-17,2026-04-18,18.3,2026-08-27,1,132
20373.0017,20373.0017,AUSTIN 2,GEORGETOWN,PARKSIDE ON THE RIVER WEST,2026-04-17,,2026-04-25,8.2,,,,,2026-05-01,5.9,,,,,2026-05-18,17.0,,,,,2026-05-29,11.1,,,,,2026-06-12,13.7,,,,,2026-07-13,30.6,,,,,2026-07-31,17.6,,,
20373.0086,20373.0086,AUSTIN 2,GEORGETOWN,PARKSIDE ON THE RIVER WEST,2026-04-01,2026-04-16,2026-04-12,11.3,,-4,,2026-04-23,2026-04-22,5.5,,-1,,,2026-05-11,18.3,,,,,2026-05-22,11.3,,,,,2026-06-06,14.8,,,,,2026-07-08,32.5,,,,,2026-07-28,20.3,,,
20024.0344,20024.0344,AUSTIN 3,AUSTIN,EASTON PARK,2026-03-31,2026-04-13,2026-04-09,9.0,,-4,,2026-04-16,2026-04-19,5.9,,3,,,2026-05-11,24.8,,,,,2026-05-25,14.3,,,,,2026-06-07,13.3,,,,,2026-06-28,21.0,,,,,2026-07-09,11.4,,,
20024.0346,20024.0346,AUSTIN 3,AUSTIN,EASTON PARK,2026-03-10,2026-03-17,2026-03-18,8.4,,1,,2026-03-20,2026-03-23,6.1,,3,,2026-04-08,2026-04-14,24.8,,6,,2026-04-16,2026-04-22,14.3,,6,,2026-04-23,2026-04-30,14.2,,7,,,2026-05-11,18.1,,,,,2026-05-22,11.4,,,
20024.0373,20024.0373,AUSTIN 3,AUSTIN,EASTON PARK,2026-03-31,2026-04-16,2026-04-09,9.0,,-7,,2026-04-17,2026-04-22,5.9,,5,,,2026-05-12,24.8,,,,,2026-05-26,14.4,,,,,2026-06-08,12.9,,,,,2026-06-29,21.0,,,,,2026-07-10,11.4,,,
20026.0250,755112,AUSTIN 3,KYLE,6 CREEKS,2025-11-21,2025-12-09,2025-12-01,9.5,,-8,,2025-12-15,2025-12-15,6.0,,0,,2026-01-07,2026-01-07,23.0,,0,,2026-01-20,2026-01-21,14.2,,1,,2026-02-03,2026-02-04,15.5,,1,,2026-02-18,2026-02-27,24.1,,9,,2026-02-25,2026-02-27,8.6,,2,
20337.0027,206054,AUSTIN 3,KYLE,CROSSWINDS,2026-03-20,2026-03-26,2026-03-27,7.1,,1,,2026-03-30,2026-04-01,5.9,,2,,2026-04-10,2026-04-18,18.7,,8,,2026-04-17,2026-04-21,11.2,,4,,,2026-05-02,15.3,,,,,2026-05-25,22.7,,,,,2026-06-02,7.5,,,
20360.0024,20360.0024,AUSTIN 3,AUSTIN,PARTEN,2025-05-16,2025-05-23,2025-05-27,10.9,2025-05-28,4,5,2025-06-03,2025-05-29,6.0,2025-05-27,-5,-7,2025-06-18,2025-06-28,24.8,2025-06-29,10,11,2025-07-03,2025-07-02,14.3,2025-07-06,-1,3,,2025-07-20,16.8,2026-04-26,,,,2025-08-16,27.0,2026-06-07,,,,2025-08-28,12.3,2026-06-14,,
20403.0023,20403.0023,AUSTIN 3,LOCKHART,JUNIPER SPRINGS,2026-04-02,2026-04-09,2026-04-12,9.8,,3,,2026-04-13,2026-04-13,3.9,,0,,2026-04-22,2026-04-25,12.4,,3,,,2026-05-05,13.1,,,,,2026-05-21,16.5,,,,,2026-06-11,21.2,,,,,2026-06-25,13.7,,,
20403.0025,20403.0025,AUSTIN 3,LOCKHART,JUNIPER SPRINGS,2026-03-25,2026-03-31,2026-04-04,9.8,,4,,2026-04-07,2026-04-04,3.9,,-3,,2026-04-16,2026-04-19,12.4,,3,,2026-04-29,2026-04-29,13.1,,0,,,2026-05-15,16.5,,,,,2026-06-05,21.2,,,,,2026-06-19,13.7,,,
20403.0015,20403.0015,AUSTIN 3,LOCKHART,JUNIPER SPRINGS,2025-09-25,2025-10-01,2025-10-05,9.8,2025-10-02,4,1,2025-10-07,2025-10-05,3.9,2025-10-06,-2,-1,2025-10-23,2025-10-19,12.4,2025-10-24,-4,1,2025-11-04,2025-11-05,13.1,2025-11-01,1,-3,2025-11-19,2025-11-20,16.5,2025-11-18,1,-1,2025-12-16,2025-12-10,21.2,2026-02-08,-6,54,2025-12-31,2025-12-30,13.7,2025-12-31,-1,0
20403.0016,20403.0016,AUSTIN 3,LOCKHART,JUNIPER SPRINGS,2025-09-23,2025-09-26,2025-10-03,9.8,2025-09-30,7,4,2025-10-02,2025-09-30,3.9,2025-10-01,-2,-1,2025-10-22,2025-10-14,12.4,2025-10-19,-8,-3,2025-11-03,2025-11-04,13.1,2025-10-31,1,-3,,2025-11-19,16.5,2025-11-17,,,2025-12-26,2025-12-10,21.2,2026-02-06,-16,42,2025-12-31,2026-01-09,13.7,2025-12-31,9,0
20403.0092,20403.0092,AUSTIN 3,LOCKHART,JUNIPER SPRINGS,2026-03-06,2026-03-12,2026-03-16,9.8,,4,,2026-03-17,2026-03-16,3.9,,-1,,2026-03-30,2026-03-29,12.4,,-1,,2026-04-09,2026-04-12,13.1,,3,,2026-04-20,2026-04-25,16.5,,5,,,2026-05-11,21.2,,,,,2026-05-25,13.7,,,
20403.0116,20403.0116,AUSTIN 3,LOCKHART,JUNIPER SPRINGS,2026-03-05,2026-03-12,2026-03-15,9.8,,3,,2026-03-17,2026-03-16,3.9,,-1,,2026-04-01,2026-03-29,12.4,,-3,,2026-04-13,2026-04-14,13.1,,1,,2026-04-24,2026-04-29,16.5,,5,,,2026-05-15,21.2,,,,,2026-05-29,13.7,,,
20040.0012,344044,PERRY D1,ROCKWALL,SOMERSET PARK,2025-06-23,2025-07-08,2025-07-11,17.9,,3,,2025-07-11,2025-07-13,5.1,,2,,2025-08-05,2025-08-03,23.1,,-2,,2025-08-19,2025-08-17,11.6,,-2,,2025-09-03,2025-09-04,16.3,,1,,2025-09-25,2025-09-21,18.3,,-4,,2025-10-10,2025-10-13,18.3,,3,
20041.0077,20041.0077,PERRY D1,MCLENDON-CHISHOLM,SONOMA VERDE,2026-02-16,2026-02-25,2026-02-28,12.3,2026-05-08,3,72,2026-02-26,2026-03-02,4.7,2026-05-14,4,77,2026-03-17,2026-03-11,12.9,2026-06-01,-6,76,2026-04-01,2026-03-26,8.8,2026-06-13,-6,73,2026-04-14,2026-04-18,16.9,2026-07-01,4,78,,2026-05-01,16.6,2026-07-24,,,,2026-05-15,14.4,2026-08-14,,
20059.0063,268144,PERRY D1,FATE,AVONDALE,2026-02-11,2026-02-16,2026-02-22,11.3,,6,,2026-02-23,2026-02-21,5.4,,-2,,2026-03-10,2026-03-15,19.9,,5,,2026-03-23,2026-03-22,12.5,,-1,,2026-04-07,2026-04-09,16.7,,2,,2026-04-28,2026-04-25,17.5,,-3,,,2026-05-12,14.5,,,
20366.0030,20366.0030,PERRY D1,ROCKWALL,TERRACES,2026-02-19,2026-03-16,2026-03-07,15.9,2026-05-08,-9,53,2026-03-27,2026-03-21,5.2,2026-05-21,-6,55,,2026-04-19,23.1,2026-06-03,,,,2026-05-01,11.6,2026-06-17,,,,2026-05-17,16.3,2026-07-06,,,,2026-06-04,18.3,2026-07-21,,,,2026-06-22,18.3,2026-08-03,,
20366.0128,20366.0128,PERRY D1,ROCKWALL,TERRACES,2026-04-13,2026-04-24,2026-04-28,14.9,,4,,2026-04-30,2026-04-29,5.1,,-1,,,2026-05-23,23.1,,,,,2026-06-04,11.6,,,,,2026-06-20,16.3,,,,,2026-07-08,18.3,,,,,2026-07-26,18.3,,,
20366.0053,20366.0053,PERRY D1,ROCKWALL,TERRACES,2025-04-02,2025-04-18,2025-04-20,17.7,2025-04-17,2,-1,2025-04-22,2025-04-23,5.1,2025-04-20,1,-2,2025-05-15,2025-05-15,23.1,2025-05-03,0,-12,2025-06-09,2025-05-27,11.6,2025-05-21,-13,-19,2025-07-01,2025-06-25,16.3,2025-06-27,-6,-4,2025-08-01,2025-07-19,18.3,2025-07-18,-13,-14,2025-08-21,2025-08-19,18.3,2025-08-21,-2,0
20366.0058,20366.0058,PERRY D1,ROCKWALL,TERRACES,2026-01-14,2026-01-29,2026-01-31,16.6,2026-04-26,2,87,2026-02-09,2026-02-03,5.2,2026-04-28,-6,78,2026-03-10,2026-03-04,23.1,2026-05-09,-6,60,2026-03-19,2026-03-22,11.6,2026-05-15,3,57,2026-03-24,2026-04-04,16.3,2026-06-02,11,70,2026-04-13,2026-04-11,18.3,2026-06-19,-2,67,2026-04-29,2026-05-01,18.3,2026-07-06,2,68
20366.0069,20366.0069,PERRY D1,ROCKWALL,TERRACES,2026-03-13,2026-03-27,2026-04-01,18.6,,5,,2026-04-01,2026-04-01,5.2,,0,,2026-04-09,2026-04-24,23.1,,15,,,2026-04-21,11.6,,,,,2026-05-07,16.3,,,,,2026-05-25,18.3,,,,,2026-06-12,18.3,,,
20366.0082,20366.0082,PERRY D1,ROCKWALL,TERRACES,2026-02-25,2026-03-13,2026-03-13,15.9,,0,,2026-03-20,2026-03-18,5.2,,-2,,2026-04-07,2026-04-12,23.1,,5,,2026-04-22,2026-04-19,11.6,,-3,,,2026-05-08,16.3,,,,,2026-05-26,18.3,,,,,2026-06-13,18.3,,,
20366.0083,20366.0083,PERRY D1,ROCKWALL,TERRACES,2026-04-01,2026-04-16,2026-04-19,17.7,,3,,2026-04-23,2026-04-21,5.1,,-2,,,2026-05-16,23.1,,,,,2026-05-28,11.6,,,,,2026-06-13,16.3,,,,,2026-07-01,18.3,,,,,2026-07-19,18.3,,,
20366.0114,20366.0114,PERRY D1,ROCKWALL,TERRACES,2026-04-22,,2026-05-08,15.9,,,,,2026-05-13,5.1,,,,,2026-06-05,23.1,,,,,2026-06-17,11.6,,,,,2026-07-03,16.3,,,,,2026-07-21,18.3,,,,,2026-08-08,18.3,,,
20366.0117,20366.0117,PERRY D1,ROCKWALL,TERRACES,2026-04-10,2026-04-28,2026-04-26,15.8,,-2,,,2026-05-03,5.1,,,,,2026-05-26,23.1,,,,,2026-06-07,11.6,,,,,2026-06-23,16.3,,,,,2026-07-11,18.3,,,,,2026-07-29,18.3,,,
20382.0013,20382.0013,PERRY D1,WAXAHACHIE,MYRTLE CREEK,2026-04-28,,2026-05-10,11.7,,,,,2026-05-15,5.1,,,,,2026-05-27,12.2,,,,,2026-06-07,11.4,,,,,2026-06-25,18.3,,,,,2026-07-19,24.3,,,,,2026-08-06,17.9,,,
20382.0043,20382.0043,PERRY D1,WAXAHACHIE,MYRTLE CREEK,2025-07-09,2025-07-22,2025-07-21,12.0,2025-07-22,-1,0,2025-07-25,2025-07-27,5.1,2025-07-28,2,3,2025-08-07,2025-08-06,12.2,2025-08-10,-1,3,2025-08-18,2025-08-18,11.4,2025-08-19,0,1,2025-09-02,2025-09-05,18.3,2025-09-05,3,3,2025-10-01,2025-09-26,24.3,2025-09-19,-5,-12,2025-10-20,2025-10-19,18.2,2025-10-20,-1,0
20414.0024,20414.0024,PERRY D1,HEATH,BRISTOL VALLEY,2026-04-17,,2026-05-03,16.3,,,,,2026-05-11,7.5,,,,,2026-05-28,17.1,,,,,2026-06-11,13.8,,,,,2026-07-03,22.4,,,,,2026-08-07,34.6,,,,,2026-08-26,19.3,,,
20037.0456,20037.0456,PERRY D2,MCKINNEY,TRINITY FALLS,2026-03-23,2026-04-06,2026-04-03,11.4,,-3,,2026-04-10,2026-04-13,7.3,,3,,,2026-05-04,24.0,,,,,2026-05-15,11.1,,,,,2026-05-29,14.3,,,,,2026-06-20,22.1,,,,,2026-07-05,15.4,,,
20037.0479,20037.0479,PERRY D2,MCKINNEY,TRINITY FALLS,2026-04-12,2026-04-30,2026-04-23,11.4,,-7,,2026-04-30,2026-05-06,6.4,,6,,,2026-05-26,25.6,,,,,2026-06-06,10.7,,,,,2026-06-20,14.3,,,,,2026-07-12,22.1,,,,,2026-07-27,15.4,,,
20418.0036,20418.0036,PERRY D3,CELINA,RAMBLE,2026-04-09,2026-04-17,2026-04-20,10.7,,3,,2026-04-24,2026-04-21,4.5,,-3,,,2026-05-08,13.9,,,,,2026-05-18,10.1,,,,,2026-05-31,12.7,,,,,2026-06-20,19.5,,,,,2026-07-05,15.4,,,
20418.0037,20418.0037,PERRY D3,CELINA,RAMBLE,2026-03-27,2026-04-09,2026-04-08,11.9,,-1,,2026-04-13,2026-04-13,3.7,,0,,2026-04-25,2026-04-28,14.5,,3,,,2026-05-04,9.3,,,,,2026-05-17,12.7,,,,,2026-06-06,19.5,,,,,2026-06-21,15.4,,,
20418.0038,20418.0038,PERRY D3,CELINA,RAMBLE,2026-04-01,2026-04-13,2026-04-11,10.4,,-2,,2026-04-17,2026-04-16,3.3,,-1,,,2026-05-03,16.2,,,,,2026-05-12,9.3,,,,,2026-05-25,12.7,,,,,2026-06-14,19.5,,,,,2026-06-29,15.4,,,
20418.0041,20418.0041,PERRY D3,CELINA,RAMBLE,2026-04-08,2026-04-20,2026-04-19,11.5,,-1,,2026-04-24,2026-04-23,3.3,,-1,,,2026-05-11,16.7,,,,,2026-05-21,9.7,,,,,2026-06-03,13.0,,,,,2026-06-23,19.5,,,,,2026-07-08,15.3,,,
20418.0007,20418.0007,PERRY D3,CELINA,RAMBLE,2026-04-20,2026-04-30,2026-05-01,11.0,,1,,,2026-05-05,4.6,,,,,2026-05-21,15.8,,,,,2026-05-30,8.7,,,,,2026-06-12,13.0,,,,,2026-07-02,19.5,,,,,2026-07-17,15.4,,,
20088.0151,20088.0151,PERRY D4,HASLET,SWEETGRASS,2026-01-08,2026-01-16,2026-01-20,12.1,2026-01-16,4,0,2026-01-22,2026-01-21,5.0,2026-01-22,-1,0,2026-02-04,2026-02-10,18.9,2026-04-26,6,81,2026-02-13,2026-02-13,8.9,2026-05-09,0,85,2026-03-02,2026-02-25,12.5,2026-05-21,-5,80,2026-03-12,2026-03-23,20.7,2026-06-14,11,94,2026-03-31,2026-04-03,21.9,2026-07-24,3,115
20088.0152,20088.0152,PERRY D4,HASLET,SWEETGRASS,2026-02-13,2026-02-23,2026-02-25,12.2,,2,,2026-02-28,2026-02-28,4.9,,0,,2026-03-13,2026-03-19,18.9,,6,,2026-03-21,2026-03-23,10.2,,2,,2026-04-03,2026-04-02,12.5,,-1,,2026-04-21,2026-04-24,20.7,,3,,,2026-05-13,21.9,,,
20088.0192,20088.0192,PERRY D4,HASLET,SWEETGRASS,2026-02-10,2026-02-19,2026-02-22,12.2,2026-05-04,3,74,2026-02-24,2026-02-24,4.9,2026-05-10,0,75,2026-03-11,2026-03-15,18.9,2026-05-27,4,77,2026-03-23,2026-03-21,10.2,2026-06-09,-2,78,2026-04-06,2026-04-04,12.5,2026-06-21,-2,76,2026-04-14,2026-04-27,20.7,2026-07-15,13,92,,2026-05-06,21.9,2026-08-24,,
20088.0198,20088.0198,PERRY D4,HASLET,SWEETGRASS,2026-04-13,2026-04-29,2026-04-25,12.1,,-4,,,2026-05-04,4.7,,,,,2026-05-23,18.9,,,,,2026-06-01,8.9,,,,,2026-06-13,12.5,,,,,2026-07-04,20.7,,,,,2026-07-26,21.9,,,
20372.0024,20372.0024,PERRY D4,FORT WORTH,TALON HILLS,2026-02-10,2026-02-24,2026-02-22,11.8,2026-05-09,-2,74,2026-02-24,2026-03-02,6.3,2026-05-14,6,79,2026-03-06,2026-03-13,16.7,2026-05-31,7,86,2026-03-26,2026-03-21,14.9,2026-06-13,-5,79,2026-04-01,2026-04-10,14.8,2026-07-02,9,92,2026-04-21,2026-04-19,18.0,2026-07-17,-2,87,,2026-05-10,19.0,2026-08-10,,
20372.0041,20372.0041,PERRY D4,FORT WORTH,TALON HILLS,2026-02-16,2026-02-26,2026-02-27,10.6,2026-05-09,1,72,2026-03-05,2026-03-04,6.1,2026-05-14,-1,70,2026-03-11,2026-03-21,15.6,2026-05-31,10,81,2026-03-30,2026-03-25,13.8,2026-06-13,-5,75,2026-04-14,2026-04-14,14.8,2026-07-02,0,79,,2026-04-27,13.2,2026-07-17,,,,2026-05-17,19.6,2026-08-10,,
20394.0018,20394.0018,PERRY D4,LAKEWOOD VILLAGE,LAKEWOOD VILLAGE,2026-01-21,2026-02-02,2026-01-31,10.0,2026-04-26,-2,83,2026-02-09,2026-02-07,4.6,2026-05-01,-2,81,2026-02-23,2026-02-23,14.0,2026-05-18,0,84,2026-03-09,2026-03-08,12.7,2026-05-31,-1,83,2026-03-23,2026-03-26,16.6,2026-06-12,3,81,2026-04-07,2026-04-20,28.1,2026-07-06,13,90,,2026-04-26,18.5,2026-09-05,,
20407.0008,20407.0008,PERRY D4,DENTON,LANDMARK,2026-03-13,2026-03-24,2026-03-22,8.7,,-2,,2026-03-31,2026-03-30,5.7,,-1,,2026-04-16,2026-04-11,10.9,,-5,,2026-04-28,2026-04-30,14.5,,2,,,2026-05-13,14.8,,,,,2026-06-04,21.7,,,,,2026-06-24,19.7,,,
20132.0922,20132.0922,HOUSTON 1,MANVEL,MERIDIANA,2026-04-02,2026-04-13,2026-04-15,12.9,,2,,2026-04-17,2026-04-21,7.7,,4,,2026-05-01,2026-04-26,9.1,,-5,,,2026-05-09,8.2,,,,,2026-05-25,15.7,,,,,2026-06-11,16.9,,,,,2026-06-25,13.8,,,
20132.0926,20132.0926,HOUSTON 1,MANVEL,MERIDIANA,2026-04-02,2026-04-20,2026-04-15,12.6,,-5,,2026-04-29,2026-04-27,7.1,,-2,,,2026-05-08,8.8,,,,,2026-05-16,7.6,,,,,2026-06-02,17.2,,,,,2026-06-22,20.2,,,,,2026-07-04,12.0,,,
20132.0927,20132.0927,HOUSTON 1,MANVEL,MERIDIANA,2026-04-27,,2026-05-08,10.7,,,,,2026-05-16,8.2,,,,,2026-05-27,10.6,,,,,2026-06-04,7.7,,,,,2026-06-18,14.2,,,,,2026-07-08,19.9,,,,,2026-07-19,11.1,,,
20132.0928,20132.0928,HOUSTON 1,MANVEL,MERIDIANA,2026-04-29,,2026-05-11,12.1,,,,,2026-05-19,8.4,,,,,2026-05-29,10.1,,,,,2026-06-06,7.8,,,,,2026-06-20,14.3,,,,,2026-07-10,19.8,,,,,2026-07-21,11.2,,,
20132.1158,20132.1158,HOUSTON 1,MANVEL,MERIDIANA,2026-03-25,2026-04-07,2026-04-10,16.1,,3,,2026-04-10,2026-04-13,6.4,,3,,2026-04-17,2026-04-18,8.1,,1,,2026-04-27,2026-04-26,9.1,,-1,,,2026-05-10,13.4,,,,,2026-05-31,20.9,,,,,2026-06-12,11.6,,,
20132.1163,20132.1163,HOUSTON 1,MANVEL,MERIDIANA,2025-10-17,2025-11-06,2025-11-05,18.6,2025-11-04,-1,-2,2025-11-14,2025-11-12,5.9,2025-11-11,-2,-3,2025-11-26,2025-11-23,9.2,2025-11-25,-3,-1,2025-12-10,2025-12-06,10.1,2025-12-08,-4,-2,2025-12-19,2025-12-22,11.9,2025-12-18,3,-1,,2026-01-08,19.6,2026-04-26,,,,2026-01-21,12.6,2026-05-06,,
20132.1168,20132.1168,HOUSTON 1,MANVEL,MERIDIANA,2025-10-02,2025-10-21,2025-10-21,18.7,2025-10-20,0,-1,2025-10-29,2025-10-29,7.7,2025-10-26,0,-3,2025-11-07,2025-11-06,8.2,2025-11-09,-1,2,2025-11-13,2025-11-18,10.7,2025-11-19,5,6,2025-11-26,2025-12-02,19.5,2025-11-21,6,-5,,2025-12-14,18.1,2026-04-26,,,,2025-12-27,13.3,2026-05-06,,
20132.1178,20132.1178,HOUSTON 1,MANVEL,MERIDIANA,2025-11-03,2025-11-17,2025-11-19,15.6,2025-11-21,2,4,2025-11-24,2025-11-26,9.4,2025-11-22,2,-2,2025-12-04,2025-12-03,8.8,2025-12-05,-1,1,2025-12-15,2025-12-15,10.5,2025-12-16,0,1,2025-12-23,2025-12-28,13.4,2025-12-23,5,0,,2026-01-09,17.1,2026-04-26,,,,2026-01-22,12.6,2026-05-06,,
20132.1119,20132.1119,HOUSTON 1,MANVEL,MERIDIANA,2026-04-13,,2026-04-27,14.0,,,,,2026-05-04,6.9,,,,,2026-05-11,7.4,,,,,2026-05-20,9.2,,,,,2026-06-05,15.7,,,,,2026-06-22,17.5,,,,,2026-07-05,12.8,,,
20132.1036,20132.1036,HOUSTON 1,MANVEL,MERIDIANA,2026-04-22,,2026-05-10,18.2,,,,,2026-05-18,8.2,,,,,2026-05-28,9.9,,,,,2026-06-10,13.4,,,,,2026-06-25,15.4,,,,,2026-07-16,20.8,,,,,2026-07-29,12.9,,,
20132.0976,20132.0976,HOUSTON 1,MANVEL,MERIDIANA,2026-04-24,,2026-05-06,11.8,,,,,2026-05-15,8.5,,,,,2026-05-25,9.8,,,,,2026-06-02,8.0,,,,,2026-06-16,13.9,,,,,2026-07-06,20.1,,,,,2026-07-17,11.2,,,
20132.0980,20132.0980,HOUSTON 1,MANVEL,MERIDIANA,2026-04-06,2026-04-17,2026-04-19,12.7,,2,,2026-04-24,2026-04-25,7.7,,1,,2026-05-01,2026-05-03,9.0,,2,,,2026-05-09,7.8,,,,,2026-05-25,16.4,,,,,2026-06-13,18.5,,,,,2026-06-25,12.2,,,
20132.0986,20132.0986,HOUSTON 1,MANVEL,MERIDIANA,2026-02-03,2026-02-16,2026-02-15,11.9,2026-05-05,-1,78,2026-02-24,2026-02-23,7.0,2026-05-11,-1,76,2026-03-03,2026-03-04,8.4,2026-05-18,1,76,2026-03-17,2026-03-10,7.2,2026-05-30,-7,74,2026-03-23,2026-03-31,14.0,2026-06-18,8,87,2026-04-02,2026-04-12,20.1,2026-07-29,10,118,2026-04-13,2026-04-14,12.2,2026-08-08,1,117
20132.1003,20132.1003,HOUSTON 1,MANVEL,MERIDIANA,2026-03-03,2026-03-16,2026-03-14,10.8,,-2,,2026-03-25,2026-03-24,7.5,,-1,,2026-03-31,2026-04-04,9.7,,4,,2026-04-07,2026-04-09,8.5,,2,,,2026-04-24,16.9,,,,,2026-05-12,18.0,,,,,2026-05-24,11.7,,,
20132.0356,612121,HOUSTON 1,MANVEL,MERIDIANA,2025-12-22,2026-01-21,2026-01-12,21.1,,-9,,2026-01-29,2026-01-29,8.2,,0,,2026-02-10,2026-02-08,10.5,,-2,,2026-02-25,2026-02-21,10.6,,-4,,2026-03-12,2026-03-16,19.3,,4,,2026-04-01,2026-04-04,22.9,,3,,2026-04-24,2026-04-15,14.5,,-9,
20132.0407,612109,HOUSTON 1,MANVEL,MERIDIANA,2026-04-08,,2026-04-27,19.1,,,,,2026-05-06,8.6,,,,,2026-05-16,9.9,,,,,2026-05-28,12.2,,,,,2026-06-15,17.7,,,,,2026-07-04,19.4,,,,,2026-07-17,12.8,,,
20165.0164,20165.0164,HOUSTON 1,MANVEL,VALENCIA,2024-05-10,2024-05-17,2024-05-22,12.0,2024-05-29,5,12,2024-05-28,2024-05-26,9.0,2024-05-28,-2,0,2024-06-03,2024-06-05,8.0,2024-06-08,2,5,2024-06-12,2024-06-11,8.2,2024-06-15,-1,3,2024-06-25,2024-06-26,13.9,2024-07-07,1,12,2024-07-08,2024-07-11,16.4,2024-07-11,3,3,2024-07-15,2024-07-18,10.5,2024-07-15,3,0
20165.0281,20165.0281,HOUSTON 1,MANVEL,VALENCIA,2026-04-21,2026-05-01,2026-05-04,13.3,,3,,,2026-05-08,6.9,,,,,2026-05-17,9.1,,,,,2026-05-26,9.4,,,,,2026-06-08,13.2,,,,,2026-06-22,14.2,,,,,2026-07-03,11.0,,,
20165.0192,20165.0192,HOUSTON 1,MANVEL,VALENCIA,2026-01-30,2026-02-17,2026-02-18,18.8,2026-05-21,1,93,2026-02-26,2026-02-26,9.0,2026-05-23,0,86,2026-03-11,2026-03-08,10.1,2026-06-03,-3,84,2026-03-23,2026-03-23,11.7,2026-06-15,0,84,2026-04-06,2026-04-13,20.5,2026-07-04,7,89,2026-04-20,2026-04-24,17.7,2026-08-14,4,116,2026-04-28,2026-05-03,12.6,2026-08-24,5,118
20165.0208,20165.0208,HOUSTON 1,MANVEL,VALENCIA,2026-01-08,2026-01-23,2026-01-25,16.6,2026-02-02,2,10,2026-02-05,2026-01-31,8.2,2026-04-26,-5,80,2026-02-13,2026-02-14,8.9,2026-05-07,1,83,2026-03-05,2026-02-25,12.2,2026-05-19,-8,75,2026-03-11,2026-03-21,15.7,2026-06-07,10,88,2026-03-31,2026-03-29,18.4,2026-07-18,-2,109,2026-04-07,2026-04-12,12.5,2026-07-28,5,112
20178.0008,115316,HOUSTON 2,MAGNOLIA,ESCONDIDO,2022-08-26,2022-08-30,2022-09-09,14.3,,10,,2022-09-12,2022-09-03,4.0,,-9,,2022-09-27,2022-09-24,12.0,,-3,,2022-09-28,2022-10-07,10.2,,9,,2022-10-27,2022-10-13,14.7,,-14,,2022-11-22,2022-11-20,24.1,,-2,,2022-12-12,2022-12-06,14.4,,-6,
20178.0128,20178.0128,HOUSTON 2,MAGNOLIA,ESCONDIDO,2025-12-12,2025-12-30,2025-12-26,13.7,2025-12-30,-4,0,2026-01-05,2026-01-04,4.6,2026-01-01,-1,-4,2026-01-15,2026-01-17,12.1,2026-01-15,2,0,2026-01-23,2026-01-25,10.3,2026-01-26,2,3,,2026-02-09,17.4,2026-04-26,,,,2026-03-07,26.2,2026-05-12,,,,2026-03-22,15.1,2026-06-01,,
20178.0215,20178.0215,HOUSTON 2,MAGNOLIA,ESCONDIDO,2026-03-24,2026-04-06,2026-04-06,13.4,,0,,2026-04-08,2026-04-09,3.1,,1,,2026-04-22,2026-04-20,12.1,,-2,,,2026-05-02,10.3,,,,,2026-05-18,16.0,,,,,2026-06-13,26.1,,,,,2026-06-28,14.7,,,
20183.0225,20183.0225,HOUSTON 2,MAGNOLIA,AUDUBON,2026-03-03,2026-03-11,2026-03-13,10.3,,2,,2026-03-17,2026-03-16,4.7,,-1,,2026-03-25,2026-03-29,12.0,,4,,2026-04-06,2026-04-04,10.2,,-2,,2026-04-14,2026-04-18,12.1,,4,,,2026-05-13,29.2,,,,,2026-05-28,15.0,,,
20183.0237,20183.0237,HOUSTON 2,MAGNOLIA,AUDUBON,2026-03-12,2026-03-23,2026-03-23,11.3,,0,,2026-03-25,2026-03-26,3.0,,1,,2026-04-03,2026-04-06,12.1,,3,,2026-04-10,2026-04-13,10.2,,3,,,2026-04-28,18.4,,,,,2026-05-20,22.0,,,,,2026-06-04,15.0,,,
20183.0298,20183.0298,HOUSTON 2,MAGNOLIA,AUDUBON,2026-03-18,,2026-04-04,16.7,,,,,2026-04-09,4.8,,,,,2026-04-21,12.1,,,,,2026-05-01,10.3,,,,,2026-05-19,17.6,,,,,2026-06-14,25.7,,,,,2026-06-29,14.7,,,
20183.0300,20183.0300,HOUSTON 2,MAGNOLIA,AUDUBON,2026-02-09,2026-03-03,2026-02-24,15.5,2026-05-18,-7,76,2026-03-06,2026-03-08,4.7,2026-05-23,2,78,2026-03-14,2026-03-18,12.1,2026-06-08,4,86,2026-04-01,2026-03-24,10.3,2026-06-19,-8,79,,2026-04-21,19.8,2026-07-06,,,,2026-05-16,25.4,2026-07-22,,,,2026-05-31,15.1,2026-08-16,,
20358.0010,20358.0010,HOUSTON 2,MONTGOMERY,TWO STEP FARM,2026-03-16,2026-03-25,2026-03-30,13.8,,5,,2026-03-30,2026-03-31,5.8,,1,,2026-04-13,2026-04-10,11.4,,-3,,2026-04-22,2026-04-26,12.6,,4,,,2026-05-09,16.6,,,,,2026-06-06,28.1,,,,,2026-06-25,18.5,,,
20358.0012,20358.0012,HOUSTON 2,MONTGOMERY,TWO STEP FARM,2026-04-14,,2026-04-30,15.9,,,,,2026-05-06,6.1,,,,,2026-05-19,12.9,,,,,2026-06-01,12.7,,,,,2026-06-18,16.9,,,,,2026-07-16,28.1,,,,,2026-08-04,18.5,,,
20364.0026,20364.0026,HOUSTON 2,MONTGOMERY,KRESSTON,2026-01-29,2026-02-06,2026-02-11,12.9,2026-05-18,5,101,2026-02-11,2026-02-11,5.5,2026-05-20,0,98,2026-02-24,2026-02-21,10.4,2026-06-01,-3,97,2026-03-05,2026-03-09,12.6,2026-06-12,4,99,2026-03-19,2026-03-22,16.6,2026-06-29,3,102,2026-04-06,2026-04-16,28.1,2026-07-15,10,100,2026-04-13,2026-04-25,18.5,2026-08-09,12,118
20364.0027,20364.0027,HOUSTON 2,MONTGOMERY,KRESSTON,2025-12-23,2026-01-08,2026-01-07,14.9,2026-01-14,-1,6,2026-01-12,2026-01-13,5.2,2026-01-10,1,-2,2026-01-23,2026-01-25,12.6,2026-01-24,2,1,2026-02-03,2026-02-05,12.7,2026-04-26,2,82,2026-02-13,2026-02-20,16.6,2026-05-13,7,89,2026-02-27,2026-03-13,28.1,2026-05-29,14,91,2026-03-12,2026-03-18,18.5,2026-06-23,6,103
20377.0017,20377.0017,HOUSTON 2,TODD MISSION,COLTON,2026-03-18,2026-04-10,2026-03-31,12.8,,-10,,2026-04-17,2026-04-15,5.0,,-2,,2026-04-28,2026-05-01,14.2,,3,,,2026-05-06,8.0,,,,,2026-05-22,15.6,,,,,2026-06-10,18.9,,,,,2026-06-21,10.9,,,
20377.0042,20377.0042,HOUSTON 2,TODD MISSION,COLTON,2026-03-26,2026-04-28,2026-04-08,12.6,,-20,,,2026-05-02,4.1,,,,,2026-05-16,14.2,,,,,2026-05-25,9.4,,,,,2026-06-09,14.9,,,,,2026-07-01,21.6,,,,,2026-07-14,12.6,,,
20397.0004,20397.0004,HOUSTON 2,MAGNOLIA,WILDTREE,2026-01-08,2026-01-20,2026-01-20,11.6,2026-01-20,0,0,2026-01-20,2026-01-24,4.3,2026-01-23,4,3,2026-01-29,2026-02-01,12.1,2026-01-29,3,0,2026-02-11,2026-02-08,10.2,2026-04-26,-3,74,2026-02-23,2026-02-22,10.5,2026-05-13,-1,79,2026-04-27,2026-03-27,32.3,2026-05-29,-31,32,,2026-05-12,14.6,2026-06-23,,
20397.0020,20397.0020,HOUSTON 2,MAGNOLIA,WILDTREE,2026-03-17,2026-03-31,2026-03-26,9.4,,-5,,,2026-04-05,5.1,,,,,2026-04-17,12.0,,,,,2026-04-27,10.2,,,,,2026-05-11,14.2,,,,,2026-06-12,32.3,,,,,2026-06-27,14.7,,,
20397.0021,20397.0021,HOUSTON 2,MAGNOLIA,WILDTREE,2026-03-31,2026-04-16,2026-04-10,9.8,,-6,,2026-04-23,2026-04-21,5.0,,-2,,2026-05-01,2026-05-05,12.0,,4,,,2026-05-11,10.2,,,,,2026-05-26,15.3,,,,,2026-06-26,31.1,,,,,2026-07-11,14.7,,,
20398.0025,20398.0025,HOUSTON 2,HOCKLEY,EVERLY,2025-08-20,2025-08-27,2025-08-30,9.9,2025-09-02,3,6,2025-09-03,2025-09-03,6.7,2025-08-29,0,-5,2025-09-11,2025-09-14,11.0,2025-09-14,3,3,2025-09-22,2025-09-22,11.3,2025-09-22,0,0,2025-09-30,2025-10-06,13.8,2025-10-09,6,9,2025-11-24,2025-10-22,21.8,2025-10-16,-33,-39,2026-01-06,2025-12-10,15.5,2026-01-06,-27,0
20398.0064,20398.0064,HOUSTON 2,HOCKLEY,EVERLY,2025-12-31,2026-01-08,2026-01-09,9.5,2026-01-11,1,3,2026-01-16,2026-01-14,5.6,2026-01-16,-2,0,2026-01-26,2026-01-27,11.4,2026-01-26,1,0,2026-02-02,2026-02-06,11.4,2026-04-26,4,83,2026-02-16,2026-02-16,14.3,2026-05-27,0,100,2026-03-03,2026-03-10,21.8,2026-05-29,7,87,2026-03-09,2026-03-16,13.3,2026-06-23,7,106
20233.0464,20233.0464,HOUSTON 3,FULSHEAR,JORDAN RANCH,2026-04-14,2026-04-27,2026-04-24,10.3,,-3,,2026-04-28,2026-05-01,3.7,,3,,,2026-05-09,11.3,,,,,2026-05-18,9.0,,,,,2026-06-05,18.1,,,,,2026-06-24,18.6,,,,,2026-07-06,12.3,,,
20233.0525,20233.0525,HOUSTON 3,FULSHEAR,JORDAN RANCH,2026-04-20,,2026-04-30,9.7,,,,,2026-05-05,5.1,,,,,2026-05-16,11.3,,,,,2026-05-25,9.2,,,,,2026-06-12,17.8,,,,,2026-06-30,17.7,,,,,2026-07-12,12.5,,,
20265.0246,20265.0246,HOUSTON 3,FULSHEAR,CROSS CREEK WEST,2026-04-07,2026-04-14,2026-04-17,10.5,,3,,2026-04-19,2026-04-18,3.6,,-1,,,2026-04-30,11.3,,,,,2026-05-09,9.1,,,,,2026-05-27,18.2,,,,,2026-06-14,17.7,,,,,2026-06-26,12.4,,,
20265.0225,20265.0225,HOUSTON 3,FULSHEAR,CROSS CREEK WEST,2025-07-15,2025-07-31,2025-07-29,14.3,2025-07-31,-2,0,2025-08-04,2025-08-05,5.1,2025-08-04,1,0,2025-08-09,2025-08-15,11.3,2025-08-18,6,9,2025-08-15,2025-08-19,10.1,2025-08-20,4,5,2025-09-05,2025-09-03,18.8,2025-08-29,-2,-7,2025-09-11,2025-09-18,12.7,2025-09-28,7,17,2025-09-26,2025-09-24,12.7,2025-09-26,-2,0
20267.0532,20267.0532,HOUSTON 3,RICHMOND,CANDELA,2025-10-14,2025-11-05,2025-10-25,10.7,2025-10-28,-11,-8,2025-11-10,2025-11-10,4.5,2025-11-10,0,0,2025-11-15,2025-11-20,10.5,2025-11-23,5,8,2025-11-21,2025-11-23,7.5,2025-11-23,2,2,2025-12-03,2025-12-08,16.9,2025-12-07,5,4,2026-02-16,2026-01-20,47.9,2026-04-26,-27,69,2026-02-23,2026-03-01,13.2,2026-05-08,6,74
20267.0533,20267.0533,HOUSTON 3,RICHMOND,CANDELA,2025-12-30,2026-01-09,2026-01-08,9.2,2026-01-13,-1,4,2026-01-12,2026-01-15,5.6,2026-01-14,3,2,2026-01-23,2026-01-22,10.4,2026-01-25,-1,2,2026-01-28,2026-01-31,8.3,2026-01-31,3,3,2026-02-11,2026-02-11,13.6,2026-04-26,0,74,2026-03-09,2026-03-01,17.8,2026-05-19,-8,71,2026-03-13,2026-03-21,11.8,2026-05-31,8,79
20267.0552,20267.0552,HOUSTON 3,RICHMOND,CANDELA,2026-03-31,,2026-04-10,9.8,,,,,2026-04-16,5.9,,,,,2026-04-26,10.3,,,,,2026-05-04,7.7,,,,,2026-05-18,13.7,,,,,2026-06-05,17.8,,,,,2026-06-17,12.3,,,
20359.0071,20359.0071,HOUSTON 3,KATY,GRANGE,2026-04-30,,2026-05-18,17.7,,,,,2026-05-23,4.7,,,,,2026-06-07,15.0,,,,,2026-06-18,11.1,,,,,2026-07-08,20.2,,,,,2026-07-24,15.8,,,,,2026-08-04,10.7,,,
20359.0085,20359.0085,HOUSTON 3,KATY,GRANGE,2026-01-08,2026-01-27,2026-01-25,17.4,2026-01-27,-2,0,2026-01-30,2026-02-01,4.7,2026-04-26,2,86,2026-02-11,2026-02-13,14.0,2026-05-11,2,89,2026-02-23,2026-02-22,11.2,2026-05-22,-1,88,2026-03-10,2026-03-14,19.1,2026-06-01,4,83,2026-03-23,2026-03-30,20.3,2026-06-23,7,92,2026-04-02,2026-04-02,10.3,2026-07-05,0,94
20371.0021,20371.0021,HOUSTON 3,RICHMOND,CANDELA SOUTH,2026-04-15,,2026-04-24,9.3,,,,,2026-04-29,5.0,,,,,2026-05-10,10.5,,,,,2026-05-18,8.0,,,,,2026-06-01,13.9,,,,,2026-06-16,14.8,,,,,2026-06-28,12.1,,,
20205.0235,20205.0235,HOUSTON 4,PORTER,THE HIGHLANDS,2026-04-02,2026-04-15,2026-04-12,10.0,,-3,,2026-04-17,2026-04-19,3.9,,2,,2026-04-28,2026-04-27,9.7,,-1,,,2026-05-06,7.7,,,,,2026-05-24,18.0,,,,,2026-06-21,27.6,,,,,2026-07-05,13.6,,,
20205.0225,20205.0225,HOUSTON 4,PORTER,THE HIGHLANDS,2026-03-20,2026-03-30,2026-04-01,12.2,,2,,2026-04-01,2026-04-03,3.9,,2,,2026-04-10,2026-04-11,9.7,,1,,2026-04-23,2026-04-18,8.4,,-5,,,2026-05-11,18.0,,,,,2026-06-08,27.6,,,,,2026-06-22,13.6,,,
20205.0228,20205.0228,HOUSTON 4,PORTER,THE HIGHLANDS,2026-02-06,2026-03-02,2026-02-19,12.6,,-11,,2026-03-04,2026-03-06,3.7,,2,,2026-03-12,2026-03-14,9.7,,2,,2026-03-23,2026-03-20,8.2,,-3,,2026-04-13,2026-04-10,18.0,,-3,,,2026-05-11,27.6,,,,,2026-05-25,13.6,,,
20205.0204,20205.0204,HOUSTON 4,PORTER,THE HIGHLANDS,2026-03-17,2026-04-02,2026-03-29,12.2,,-4,,2026-04-07,2026-04-06,4.0,,-1,,2026-04-14,2026-04-17,9.7,,3,,2026-04-17,2026-04-22,8.2,,5,,,2026-05-05,18.0,,,,,2026-06-02,27.6,,,,,2026-06-16,13.6,,,
20209.0052,300100,HOUSTON 4,WILLIS,THE WOODLANDS HILLS,2024-04-24,2024-05-08,2024-05-05,10.6,,-3,,2024-05-13,2024-05-13,5.4,,0,,2024-05-25,2024-06-02,20.0,,8,,2024-06-05,2024-06-05,11.1,,0,,2024-06-21,2024-06-21,15.9,,0,,2024-08-05,2024-07-22,31.0,,-14,,2024-08-14,2024-08-23,17.7,,9,
20209.0142,20209.0142,HOUSTON 4,WILLIS,THE WOODLANDS HILLS,2026-03-05,2026-03-19,2026-03-17,12.2,,-2,,2026-03-23,2026-03-24,5.4,,1,,2026-04-06,2026-04-12,20.0,,6,,2026-04-16,2026-04-17,11.1,,1,,,2026-05-02,15.9,,,,,2026-06-02,31.0,,,,,2026-06-20,17.7,,,
20209.0158,20209.0158,HOUSTON 4,WILLIS,THE WOODLANDS HILLS,2026-02-18,2026-02-25,2026-03-01,10.6,,4,,2026-03-02,2026-03-02,5.4,,0,,2026-03-11,2026-03-22,20.0,,11,,2026-03-18,2026-03-22,11.1,,4,,2026-04-01,2026-04-03,15.9,,2,,2026-04-08,2026-05-02,31.0,,24,,2026-04-16,2026-04-26,17.7,,10,
20209.0160,20209.0160,HOUSTON 4,WILLIS,THE WOODLANDS HILLS,2026-04-20,2026-04-27,2026-05-01,10.6,,4,,,2026-05-02,5.4,,,,,2026-05-22,20.0,,,,,2026-06-02,11.1,,,,,2026-06-18,15.9,,,,,2026-07-19,31.0,,,,,2026-08-06,17.7,,,
20209.0164,20209.0164,HOUSTON 4,WILLIS,THE WOODLANDS HILLS,2026-02-25,2026-03-05,2026-03-08,10.6,,3,,2026-03-10,2026-03-10,5.4,,0,,2026-03-19,2026-03-30,20.0,,11,,2026-03-25,2026-03-30,11.1,,5,,2026-04-09,2026-04-10,15.9,,1,,2026-04-20,2026-05-10,31.0,,20,,2026-04-27,2026-05-08,17.7,,11,
20209.0037,158204,HOUSTON 4,WILLIS,THE WOODLANDS HILLS,2024-04-03,2024-04-17,2024-04-18,15.4,,1,,2024-04-23,2024-04-22,5.4,,-1,,2024-05-15,2024-05-13,20.0,,-2,,2024-05-29,2024-05-26,11.1,,-3,,2024-06-24,2024-06-14,15.9,,-10,,2024-07-30,2024-07-25,31.0,,-5,,2024-08-14,2024-08-17,17.7,,3,
20209.0127,763051,HOUSTON 4,WILLIS,THE WOODLANDS HILLS,2024-07-13,2024-07-29,2024-07-27,14.4,,-2,,2024-08-02,2024-08-03,5.4,,1,,2024-08-14,2024-08-22,20.0,,8,,2024-08-22,2024-08-25,11.1,,3,,,2024-09-07,15.9,,,,2024-10-08,2024-10-08,31.0,,0,,2024-11-04,2024-10-26,17.7,,-9,
20388.0059,20388.0059,HOUSTON 4,MONTGOMERY,BRIARLEY,2026-03-05,2026-03-19,2026-03-22,16.8,,3,,2026-03-23,2026-03-25,6.4,,2,,2026-04-02,2026-04-05,13.1,,3,,2026-04-13,2026-04-15,12.7,,2,,,2026-04-30,16.6,,,,,2026-05-28,28.1,,,,,2026-06-16,18.5,,,
20181.0746,619292,HOUSTON 5,CYPRESS,BRIDGELAND,2024-04-23,2024-05-08,2024-05-04,11.0,,-4,,2024-05-13,2024-05-13,5.4,,0,,2024-05-31,2024-05-25,12.1,,-6,,2024-06-10,2024-06-08,8.4,,-2,,,2024-06-25,15.4,,,,,2024-07-15,20.4,,,,,2024-07-26,11.1,,,
20181.1022,20181.1022,HOUSTON 5,CYPRESS,BRIDGELAND,2026-03-04,2026-03-18,2026-03-17,12.7,,-1,,2026-03-19,2026-03-24,5.9,,5,,2026-03-28,2026-03-31,12.1,,3,,2026-04-08,2026-04-09,11.6,,1,,,2026-04-23,14.7,,,,,2026-05-18,25.4,,,,,2026-06-04,16.9,,,
20181.1209,20181.1209,HOUSTON 5,CYPRESS,BRIDGELAND,2025-12-30,2026-01-12,2026-01-16,17.4,2026-01-18,4,6,2026-01-15,2026-01-18,5.8,2026-01-17,3,2,2026-01-22,2026-01-27,12.1,2026-01-24,5,2,2026-02-03,2026-02-02,10.7,2026-04-26,-1,82,2026-02-12,2026-02-23,19.6,2026-05-10,11,87,2026-03-19,2026-03-10,26.4,2026-06-05,-9,78,2026-03-24,2026-04-04,16.1,2026-06-18,11,86
20238.0786,20238.0786,HOUSTON 5,KATY,ELYSON,2026-04-06,,2026-04-23,16.9,,,,,2026-04-28,4.8,,,,,2026-05-10,11.7,,,,,2026-05-22,11.8,,,,,2026-06-11,19.5,,,,,2026-06-28,16.8,,,,,2026-07-09,10.6,,,
20108.0937,20108.0937,HOUSTON 6,MISSOURI CITY,SIENNA,2026-01-21,2026-02-18,2026-02-06,16.2,2026-04-26,-12,67,2026-02-23,2026-02-24,6.4,2026-04-30,1,66,2026-03-10,2026-03-07,11.7,2026-05-13,-3,64,2026-03-16,2026-03-21,11.3,2026-05-24,5,69,2026-04-07,2026-04-06,21.1,2026-06-14,-1,68,,2026-05-02,24.5,2026-07-03,,,,2026-05-16,14.3,2026-07-15,,
20108.0952,20108.0952,HOUSTON 6,MISSOURI CITY,SIENNA,2026-01-07,2026-02-03,2026-01-23,16.2,2026-04-26,-11,82,2026-02-09,2026-02-08,5.2,2026-04-30,-1,80,2026-02-24,2026-02-21,11.7,2026-05-13,-3,78,2026-02-27,2026-03-07,10.6,2026-05-24,8,86,2026-03-23,2026-03-19,20.5,2026-06-14,-4,83,2026-04-20,2026-04-17,24.5,2026-07-03,-3,74,,2026-05-04,14.3,2026-07-15,,
20108.0974,20108.0974,HOUSTON 6,MISSOURI CITY,SIENNA,2026-03-26,2026-04-27,2026-04-11,16.2,,-16,,,2026-05-02,5.2,,,,,2026-05-14,11.7,,,,,2026-05-23,9.3,,,,,2026-06-16,23.6,,,,,2026-07-11,24.5,,,,,2026-07-26,14.7,,,
20252.0072,290096,HOUSTON 6,RICHMOND,STONECREEK ESTATES,2026-04-21,,2026-05-02,10.7,,,,,2026-05-09,7.5,,,,,2026-05-21,11.5,,,,,2026-05-31,9.9,,,,,2026-06-15,14.6,,,,,2026-07-02,17.1,,,,,2026-07-14,12.3,,,
20252.0514,20252.0514,HOUSTON 6,RICHMOND,STONECREEK ESTATES,2026-02-19,2026-03-05,2026-03-07,15.9,,2,,2026-03-06,2026-03-13,8.3,,7,,2026-03-20,2026-03-19,12.7,,-1,,2026-04-06,2026-03-31,11.1,,-6,,2026-04-20,2026-04-22,15.6,,2,,,2026-05-10,19.5,,,,,2026-05-22,12.4,,,
20272.0509,20272.0509,HOUSTON 6,RICHMOND,HARVEST GREEN,2026-02-11,2026-02-24,2026-02-24,12.6,,0,,2026-02-27,2026-03-01,5.4,,2,,2026-03-07,2026-03-10,10.6,,3,,2026-03-16,2026-03-16,9.2,,0,,2026-04-08,2026-03-31,14.8,,-8,,2026-04-27,2026-04-22,13.5,,-5,,,2026-05-10,12.7,,,
20272.0510,20272.0510,HOUSTON 6,RICHMOND,HARVEST GREEN,2026-02-20,2026-02-26,2026-03-02,9.6,,4,,2026-03-02,2026-03-04,5.5,,2,,2026-03-12,2026-03-12,10.3,,0,,2026-03-20,2026-03-20,8.3,,0,,2026-04-08,2026-04-02,12.9,,-6,,2026-04-17,2026-04-21,13.3,,4,,,2026-04-30,13.2,,,
20272.0536,20272.0536,HOUSTON 6,RICHMOND,HARVEST GREEN,2026-03-09,2026-04-06,2026-03-24,15.0,,-13,,2026-04-08,2026-04-12,5.5,,4,,2026-04-17,2026-04-19,10.8,,2,,,2026-04-27,10.1,,,,,2026-05-15,17.8,,,,,2026-05-30,15.2,,,,,2026-06-12,12.8,,,
20288.1392,20288.1392,SAN ANTONIO 1,SAN ANTONIO,KALLISON RANCH,2026-04-02,2026-04-07,2026-04-10,8.2,,3,,2026-04-14,2026-04-13,5.7,,-1,,2026-04-27,2026-04-27,13.3,,0,,,2026-05-06,9.3,,,,,2026-05-21,14.6,,,,,2026-06-17,26.8,,,,,2026-06-29,11.9,,,
20288.1485,20288.1485,SAN ANTONIO 1,SAN ANTONIO,KALLISON RANCH,2026-03-06,2026-03-16,2026-03-15,8.6,,-1,,2026-03-18,2026-03-22,5.8,,4,,2026-04-01,2026-04-01,13.6,,0,,2026-04-16,2026-04-12,10.8,,-4,,,2026-04-29,13.2,,,,,2026-05-27,28.1,,,,,2026-06-07,11.4,,,
20288.1486,20288.1486,SAN ANTONIO 1,SAN ANTONIO,KALLISON RANCH,2026-04-28,,2026-05-07,8.6,,,,,2026-05-13,6.0,,,,,2026-05-27,13.7,,,,,2026-06-10,14.2,,,,,2026-06-23,13.2,,,,,2026-07-21,28.1,,,,,2026-08-01,11.3,,,
20288.0146,605513,SAN ANTONIO 1,SAN ANTONIO,KALLISON RANCH,2026-03-11,2026-03-17,2026-03-19,8.1,,2,,2026-03-23,2026-03-23,6.0,,0,,2026-04-02,2026-04-06,13.7,,4,,2026-04-16,2026-04-14,12.0,,-2,,,2026-05-01,14.8,,,,,2026-05-25,23.9,,,,,2026-06-06,11.7,,,
20288.0359,605537,SAN ANTONIO 1,SAN ANTONIO,KALLISON RANCH,2026-03-11,2026-03-17,2026-03-19,8.1,,2,,2026-03-24,2026-03-23,6.0,,-1,,2026-04-01,2026-04-07,13.7,,6,,2026-04-21,2026-04-13,12.4,,-8,,,2026-05-03,11.9,,,,,2026-05-28,25.3,,,,,2026-06-09,11.9,,,
20288.0890,678310,SAN ANTONIO 1,SAN ANTONIO,KALLISON RANCH,2026-03-12,2026-03-30,2026-03-21,9.3,,-9,,2026-04-07,2026-04-05,5.9,,-2,,2026-04-17,2026-04-21,13.8,,4,,,2026-05-01,14.2,,,,,2026-05-16,15.5,,,,,2026-06-10,25.4,,,,,2026-06-23,12.7,,,
20288.0894,678320,SAN ANTONIO 1,SAN ANTONIO,KALLISON RANCH,2026-01-09,2026-01-22,2026-01-19,9.9,,-3,,2026-01-26,2026-01-28,5.9,,2,,2026-02-06,2026-02-09,13.9,,3,,2026-02-23,2026-02-20,13.5,,-3,,2026-03-09,2026-03-08,13.3,,-1,,,2026-04-05,26.6,,,,2026-04-14,2026-04-17,12.0,,3,
20288.1441,20288.1441,SAN ANTONIO 1,SAN ANTONIO,KALLISON RANCH,2026-04-29,,2026-05-08,9.5,,,,,2026-05-14,6.0,,,,,2026-05-28,13.7,,,,,2026-06-12,15.2,,,,,2026-06-25,13.4,,,,,2026-07-23,28.3,,,,,2026-08-03,11.5,,,
20288.1444,20288.1444,SAN ANTONIO 1,SAN ANTONIO,KALLISON RANCH,2026-03-05,2026-03-25,2026-03-14,8.7,,-11,,2026-03-31,2026-03-31,5.9,,0,,2026-04-15,2026-04-14,13.7,,-1,,,2026-04-28,12.6,,,,,2026-05-13,15.0,,,,,2026-06-10,28.0,,,,,2026-06-22,11.7,,,
20290.0044,20290.0044,SAN ANTONIO 1,CASTROVILLE,ALSATIAN OAKS,2026-04-14,,2026-04-26,12.2,,,,,2026-05-04,8.3,,,,,2026-05-19,14.7,,,,,2026-06-01,13.0,,,,,2026-06-20,19.0,,,,,2026-07-23,33.4,,,,,2026-08-02,9.7,,,
20294.0043,20294.0043,SAN ANTONIO 1,CASTROVILLE,MEGAN'S LANDING,2026-03-23,2026-04-16,2026-04-07,14.5,,-9,,2026-04-27,2026-04-24,8.3,,-3,,,2026-05-12,14.7,,,,,2026-05-25,13.0,,,,,2026-06-13,19.0,,,,,2026-07-16,33.4,,,,,2026-07-26,9.7,,,
20294.0051,20294.0051,SAN ANTONIO 1,CASTROVILLE,MEGAN'S LANDING,2025-12-03,2025-12-23,2025-12-17,13.7,2025-12-23,-6,0,2026-01-02,2025-12-31,8.3,2026-01-02,-2,0,2026-01-20,2026-01-17,14.7,2026-01-21,-3,1,2026-02-09,2026-02-02,13.0,2026-04-26,-7,76,2026-02-23,2026-02-28,19.0,2026-05-14,5,80,2026-03-23,2026-03-28,33.4,2026-06-14,5,83,2026-04-10,2026-04-02,9.7,2026-06-28,-8,79
20369.0020,20369.0020,SAN ANTONIO 1,SAN ANTONIO,HABY HILL,2025-11-18,2025-11-25,2025-11-26,8.5,2025-11-26,1,1,2025-12-03,2025-12-01,6.2,2025-12-03,-2,0,2025-12-17,2025-12-17,13.7,2025-12-17,0,0,2025-12-29,2025-12-28,11.1,2026-01-07,-1,9,2026-01-16,2026-01-13,15.2,2026-01-14,-3,-2,2026-03-09,2026-02-14,29.3,2026-04-26,-23,48,2026-03-16,2026-03-20,10.6,2026-05-07,4,52
20369.0090,20369.0090,SAN ANTONIO 1,SAN ANTONIO,HABY HILL,2026-01-09,2026-01-20,2026-01-19,10.4,2026-01-20,-1,0,2026-02-02,2026-01-26,6.4,2026-04-26,-7,83,2026-02-16,2026-02-16,13.5,2026-05-13,0,86,2026-02-26,2026-02-27,10.7,2026-05-31,1,94,2026-03-09,2026-03-14,15.8,2026-06-15,5,98,2026-04-13,2026-04-11,32.7,2026-07-13,-2,91,2026-04-16,2026-04-24,11.0,2026-07-28,8,103
20369.0101,20369.0101,SAN ANTONIO 1,SAN ANTONIO,HABY HILL,2026-02-26,2026-03-11,2026-03-08,9.7,,-3,,2026-03-16,2026-03-17,6.4,,1,,2026-04-06,2026-03-31,14.9,,-6,,2026-04-15,2026-04-18,12.4,,3,,2026-04-27,2026-05-02,16.6,,5,,,2026-05-31,34.1,,,,,2026-06-11,10.7,,,
20301.0084,606095,SAN ANTONIO 2,BOERNE,THE RANCHES AT CREEKSIDE,2026-02-20,2026-03-09,2026-02-28,7.9,,-9,,2026-03-18,2026-03-15,6.2,,-3,,2026-04-02,2026-03-29,11.3,,-4,,2026-04-15,2026-04-11,9.3,,-4,,2026-05-01,2026-04-30,15.2,,-1,,,2026-05-28,26.6,,,,,2026-06-12,14.9,,,
20320.0095,20320.0095,SAN ANTONIO 2,BOERNE,ESPERANZA,2024-09-09,2024-09-11,2024-09-18,9.1,2024-09-18,7,7,2024-09-17,2024-09-17,5.9,2024-10-02,0,15,2024-09-21,2024-10-02,14.6,2024-10-01,11,10,2024-09-25,2024-10-01,10.2,2024-10-05,6,10,2024-10-16,2024-10-10,15.0,2024-10-27,-6,11,2024-11-06,2024-11-12,26.6,2024-11-05,6,-1,2024-12-05,2024-11-20,13.8,2024-12-05,-15,0
20389.0017,20389.0017,SAN ANTONIO 2,SAN ANTONIO,HIDDEN CANYON,2026-04-09,2026-04-20,2026-04-17,8.4,,-3,,2026-04-30,2026-04-26,6.0,,-4,,,2026-05-16,16.3,,,,,2026-05-27,11.0,,,,,2026-06-10,14.1,,,,,2026-07-06,26.4,,,,,2026-07-19,12.9,,,
20316.0116,20316.0116,SAN ANTONIO 3,SCHERTZ,HOMESTEAD,2026-01-15,2026-01-20,2026-01-23,8.3,2026-01-21,3,1,2026-01-26,2026-01-27,6.6,2026-01-27,1,1,2026-02-03,2026-02-08,12.7,2026-04-26,5,82,2026-02-13,2026-02-15,12.0,2026-05-09,2,85,2026-03-09,2026-02-28,15.4,2026-05-20,-9,72,2026-03-26,2026-04-01,22.9,2026-06-13,6,79,2026-04-02,2026-04-09,14.1,2026-06-14,7,73
20316.0117,20316.0117,SAN ANTONIO 3,SCHERTZ,HOMESTEAD,2026-02-26,2026-03-05,2026-03-06,8.3,,1,,2026-03-11,2026-03-12,6.6,,1,,2026-03-27,2026-03-24,12.7,,-3,,2026-04-10,2026-04-08,12.0,,-2,,2026-04-24,2026-04-25,15.4,,1,,,2026-05-17,22.9,,,,,2026-05-31,14.1,,,
20316.0136,20316.0136,SAN ANTONIO 3,SCHERTZ,HOMESTEAD,2026-01-02,2026-01-09,2026-01-10,8.3,2026-01-08,1,-1,2026-01-20,2026-01-16,6.6,2026-01-16,-4,-4,2026-02-03,2026-02-02,12.7,2026-04-26,-1,82,2026-02-13,2026-02-15,12.0,2026-05-09,2,85,2026-02-27,2026-02-28,15.4,2026-05-20,1,82,2026-03-18,2026-03-22,22.9,2026-06-13,4,87,2026-03-27,2026-04-01,14.1,2026-06-14,5,79
20325.0240,20325.0240,SAN ANTONIO 3,NEW BRAUNFELS,VERAMENDI,2026-03-20,2026-04-02,2026-03-29,8.7,,-4,,2026-04-09,2026-04-09,7.0,,0,,2026-04-20,2026-04-20,11.4,,0,,2026-04-29,2026-05-01,11.0,,2,,,2026-05-17,17.9,,,,,2026-06-12,26.0,,,,,2026-06-22,10.2,,,
20325.0260,20325.0260,SAN ANTONIO 3,NEW BRAUNFELS,VERAMENDI,2026-04-08,2026-04-27,2026-04-17,8.7,,-10,,,2026-05-02,5.4,,,,,2026-05-14,11.8,,,,,2026-05-26,11.9,,,,,2026-06-12,16.9,,,,,2026-07-07,25.2,,,,,2026-07-17,9.7,,,
20335.0099,20335.0099,SAN ANTONIO 3,NEW BRAUNFELS,LEGACY AT LAKE DUNLAP,2026-03-23,2026-03-30,2026-04-01,8.7,,2,,2026-04-01,2026-04-06,6.8,,5,,2026-04-17,2026-04-13,12.5,,-4,,2026-04-29,2026-04-27,9.7,,-2,,,2026-05-15,16.3,,,,,2026-06-08,23.9,,,,,2026-06-18,9.5,,,
20335.0112,20335.0112,SAN ANTONIO 3,NEW BRAUNFELS,LEGACY AT LAKE DUNLAP,2026-03-27,2026-04-06,2026-04-05,8.7,,-1,,2026-04-07,2026-04-11,5.0,,4,,2026-04-28,2026-04-19,12.2,,-9,,,2026-05-07,9.4,,,,,2026-05-25,18.0,,,,,2026-06-15,20.9,,,,,2026-06-26,10.6,,,
20335.0117,20335.0117,SAN ANTONIO 3,NEW BRAUNFELS,LEGACY AT LAKE DUNLAP,2026-04-02,2026-04-21,2026-04-11,8.7,,-10,,,2026-04-26,5.2,,,,,2026-05-08,12.2,,,,,2026-05-18,9.8,,,,,2026-06-04,16.6,,,,,2026-06-24,20.3,,,,,2026-07-05,10.8,,,
20335.0121,20335.0121,SAN ANTONIO 3,NEW BRAUNFELS,LEGACY AT LAKE DUNLAP,2026-03-30,2026-04-06,2026-04-08,8.7,,2,,2026-04-14,2026-04-11,5.0,,-3,,,2026-04-26,12.2,,,,,2026-05-06,9.9,,,,,2026-05-22,16.0,,,,,2026-06-16,25.1,,,,,2026-06-26,10.4,,,
20335.0123,20335.0123,SAN ANTONIO 3,NEW BRAUNFELS,LEGACY AT LAKE DUNLAP,2026-04-01,2026-04-07,2026-04-10,8.7,,3,,2026-04-14,2026-04-14,6.6,,0,,,2026-04-26,12.2,,,,,2026-05-06,9.8,,,,,2026-05-22,16.3,,,,,2026-06-15,24.4,,,,,2026-06-25,9.8,,,
20335.0124,20335.0124,SAN ANTONIO 3,NEW BRAUNFELS,LEGACY AT LAKE DUNLAP,2026-04-20,2026-04-24,2026-04-29,8.7,,5,,,2026-04-30,5.5,,,,,2026-05-12,12.2,,,,,2026-05-21,9.1,,,,,2026-06-08,18.0,,,,,2026-07-01,23.3,,,,,2026-07-11,10.2,,,
20335.0144,20335.0144,SAN ANTONIO 3,NEW BRAUNFELS,LEGACY AT LAKE DUNLAP,2026-04-15,2026-04-28,2026-04-24,8.8,,-4,,,2026-05-05,6.8,,,,,2026-05-17,12.3,,,,,2026-05-29,12.0,,,,,2026-06-15,16.9,,,,,2026-07-10,24.7,,,,,2026-07-20,9.9,,,
20344.0038,288011,SAN ANTONIO 3,SEGUIN,MEADOWS OF MILL CREEK,2025-12-19,2026-01-19,2025-12-28,9.4,,-22,,2026-01-28,2026-01-23,4.0,,-5,,2026-02-13,2026-02-08,11.2,,-5,,2026-02-20,2026-02-24,10.9,,4,,2026-03-03,2026-03-05,13.4,,2,,2026-03-23,2026-03-24,21.5,,1,,2026-04-01,2026-04-05,12.8,,4,
20344.0174,20344.0174,SAN ANTONIO 3,SEGUIN,MEADOWS OF MILL CREEK,2026-03-02,2026-03-09,2026-03-09,7.1,,0,,2026-03-13,2026-03-15,6.5,,2,,2026-03-26,2026-03-24,11.2,,-2,,2026-04-09,2026-04-06,10.9,,-3,,2026-04-15,2026-04-23,14.2,,8,,2026-04-30,2026-05-05,19.6,,5,,,2026-05-13,12.8,,,
20344.0230,20344.0230,SAN ANTONIO 3,SEGUIN,MEADOWS OF MILL CREEK,2026-04-02,2026-04-15,2026-04-14,12.1,,-1,,2026-04-24,2026-04-19,4.2,,-5,,2026-05-01,2026-05-05,11.5,,4,,,2026-05-12,10.9,,,,,2026-05-27,15.2,,,,,2026-06-19,22.9,,,,,2026-07-02,12.8,,,
20344.0245,20344.0245,SAN ANTONIO 3,SEGUIN,MEADOWS OF MILL CREEK,2026-03-26,2026-04-09,2026-04-07,12.1,,-2,,2026-04-14,2026-04-14,4.5,,0,,2026-04-23,2026-04-25,11.5,,2,,,2026-05-04,10.9,,,,,2026-05-18,13.8,,,,,2026-06-09,21.6,,,,,2026-06-22,12.8,,,
20344.0251,20344.0251,SAN ANTONIO 3,SEGUIN,MEADOWS OF MILL CREEK,2026-04-30,,2026-05-11,11.4,,,,,2026-05-16,5.0,,,,,2026-05-27,11.5,,,,,2026-06-07,10.9,,,,,2026-06-22,14.7,,,,,2026-07-17,25.2,,,,,2026-07-30,12.8,,,
20344.0254,20344.0254,SAN ANTONIO 3,SEGUIN,MEADOWS OF MILL CREEK,2026-02-19,2026-02-26,2026-03-03,11.7,,5,,2026-03-05,2026-03-04,5.8,,-1,,2026-03-17,2026-03-16,11.5,,-1,,2026-03-24,2026-03-28,10.9,,4,,2026-04-15,2026-04-09,16.2,,-6,,,2026-05-12,26.6,,,,,2026-05-25,12.8,,,
20344.0255,20344.0255,SAN ANTONIO 3,SEGUIN,MEADOWS OF MILL CREEK,2026-02-24,2026-03-02,2026-03-08,12.3,,6,,2026-03-05,2026-03-08,6.4,,3,,2026-03-25,2026-03-16,11.5,,-9,,2026-03-02,2026-04-05,10.9,,34,,2026-04-15,2026-03-17,14.7,,-29,,,2026-05-09,24.3,,,,,2026-05-22,12.8,,,
20345.0073,20345.0073,SAN ANTONIO 3,NEW BRAUNFELS,MAYFAIR,2026-03-20,2026-03-30,2026-03-29,8.7,2026-05-03,-1,34,2026-04-01,2026-04-06,6.9,2026-05-07,5,36,2026-04-14,2026-04-13,12.0,2026-05-22,-1,38,2026-04-24,2026-04-24,10.2,2026-06-03,0,40,,2026-05-11,16.7,2026-06-18,,,,2026-06-04,23.8,2026-07-11,,,,2026-06-16,11.6,2026-07-23,,
20381.0048,20381.0048,SAN ANTONIO 3,CIBOLO,CIBOLO VALLEY HEIGHTS,2026-02-13,2026-02-24,2026-02-25,12.3,,1,,2026-02-27,2026-03-01,4.7,,2,,2026-03-11,2026-03-12,12.9,,1,,2026-03-20,2026-03-20,8.8,,0,,2026-03-30,2026-04-06,16.9,,7,,2026-04-28,2026-04-16,16.6,,-12,,,2026-05-12,14.4,,,
20390.0009,20390.0009,SAN ANTONIO 3,NEW BRAUNFELS,THE PRESERVE AT ELM CREEK,2026-04-13,2026-04-30,2026-04-22,8.8,,-8,,,2026-05-05,5.4,,,,,2026-05-17,12.0,,,,,2026-05-30,13.1,,,,,2026-06-16,16.9,,,,,2026-07-15,29.1,,,,,2026-07-27,12.1,,,
20390.0013,20390.0013,SAN ANTONIO 3,NEW BRAUNFELS,THE PRESERVE AT ELM CREEK,2026-04-06,2026-04-15,2026-04-15,8.8,,0,,,2026-04-21,6.4,,,,,2026-05-03,11.7,,,,,2026-05-16,13.0,,,,,2026-06-01,16.3,,,,,2026-06-29,28.3,,,,,2026-07-11,12.2,,,
